instance,drone_capacity,drone_limit_time,theta,run,best_fitness,best_sol,best_multi_visit_fitness,best_multi_visit_sol
test_data/data_demand_random_50_batch_all1_equal_cluster/C201_0.5.dat,4,120,2,5,565.6468827,"[[[[0, [2, 4, 1, 3]], [11, [11, 9, 6, 5]], [2, []], [1, []], [3, []], [18, [18, 19, 22, 24]], [19, []], [4, []], [34, [34, 38, 30, 29]], [48, [48, 47, 49, 28]], [47, []], [49, []], [38, []], [30, []], [29, []], [28, []], [35, [35, 36, 37, 45, 41, 43, 20, 21]], [36, []], [37, []], [45, [42, 44, 46, 50]], [46, []], [50, []], [22, []], [21, []], [41, []], [42, []], [44, []], [43, []], [20, []], [24, []], [9, []], [6, []], [5, []]], [[0, []], [10, [10, 14, 12]], [12, []], [14, []], [15, [15, 16, 17, 13]], [13, [27, 33, 32, 31]], [27, []], [33, []], [16, []], [17, []], [32, []], [31, []], [39, [39, 23, 26, 25]], [40, [40, 7, 8]], [26, []], [25, []], [23, []], [7, []], [8, []]]], [[[10, [10, 14, 12]]], [[11, [11, 9, 6, 5]]], [[18, [18, 19, 22, 24]]], [[15, [15, 16, 17, 13]]], [[13, [27, 33, 32, 31]]], [[34, [34, 38, 30, 29]]], [[48, [48, 47, 49, 28]]], [[35, [35, 36, 37, 45]]], [[35, [41, 43, 20, 21]]], [[45, [42, 44, 46, 50]]], [[39, [39, 23, 26, 25]]], [[40, [40, 7, 8]]]]]",644.6619038,"[[[[0, [3, 4, 1]], [11, [11]], [3, []], [4, []], [2, [20, 2, 9]], [1, []], [19, [19, 18, 22, 21]], [18, []], [20, []], [43, [43, 36, 37, 41]], [22, []], [21, []], [42, [42, 44, 45, 46]], [41, []], [36, []], [37, []], [44, []], [45, []], [46, []], [50, [50, 6, 7, 8]], [9, []], [6, []], [23, [23, 5]], [7, []], [8, []], [24, [24, 26]], [26, []], [40, [40]], [5, []]], [[0, []], [10, [10, 12, 15, 13]], [12, []], [13, []], [15, [16, 17, 14, 25]], [16, []], [17, []], [32, [32, 31, 28, 35]], [31, []], [14, []], [28, []], [35, []], [30, [30, 33, 34, 38]], [33, []], [34, []], [48, [48, 47, 49, 29]], [47, []], [49, []], [38, []], [29, []], [27, [27]], [25, []], [39, [39]]]], [[[11, [11]]], [[10, [10, 12, 15, 13]]], [[15, [16, 17, 14, 25]]], [[2, [20, 2, 9]]], [[19, [19, 18, 22, 21]]], [[32, [32, 31, 28, 35]]], [[43, [43, 36, 37, 41]]], [[42, [42, 44, 45, 46]]], [[30, [30, 33, 34, 38]]], [[48, [48, 47, 49, 29]]], [[50, [50, 6, 7, 8]]], [[27, [27]]], [[39, [39]], [23, [23, 5]]], [[24, [24, 26]]], [[40, [40]]]]]"
test_data/data_demand_random_50_batch_all1_equal_cluster/C201_0.5.dat,8,60,2,1,494.6124969,"[[[[0, [1, 2, 4]], [12, [12, 13]], [13, []], [14, [14, 17, 15, 16, 19]], [31, [31, 32, 27, 29, 30, 28, 34, 33]], [32, []], [17, []], [16, []], [15, []], [27, [49, 47, 48, 35, 36, 37, 38]], [29, []], [30, []], [38, []], [49, []], [47, []], [48, []], [34, []], [33, []], [28, []], [35, []], [36, []], [37, []], [19, []], [4, []], [2, []], [1, []]], [[0, [3]], [11, [11, 10, 5, 9, 6, 8, 7]], [10, []], [5, []], [9, []], [6, [40, 39, 25, 24, 26, 20, 21, 22]], [26, []], [40, []], [39, []], [25, []], [8, []], [7, []], [23, [41, 23, 42, 50, 45, 18, 46, 44, 43]], [24, []], [41, []], [42, []], [50, []], [46, []], [45, []], [44, []], [43, []], [22, []], [21, []], [20, []], [18, []], [3, []]]], [[[11, [11, 10, 5, 9, 6, 8, 7]]], [[12, [12, 13]]], [[14, [14, 17, 15, 16, 19]]], [[31, [31, 32, 27, 29, 30, 28, 34, 33]]], [[6, [40, 39, 25, 24, 26, 20, 21, 22]]], [[23, [46, 44, 43]]], [[27, [49, 47, 48, 35, 36, 37, 38]]], [[23, [41, 23, 42, 50, 45, 18]]]]]",567.6619038,"[[[[0, [4, 1, 2]], [4, []], [11, [11, 9, 6, 7, 8, 5]], [1, []], [2, []], [24, [24, 23, 21, 22, 26, 25]], [23, []], [9, [46, 50, 45, 37, 44, 42, 39, 40]], [21, []], [22, []], [46, []], [50, []], [45, []], [37, []], [44, []], [42, []], [6, []], [7, []], [26, []], [40, []], [39, []], [25, []], [8, []], [5, []]], [[0, [3]], [10, [10]], [14, [14, 17, 16, 15, 12, 13]], [17, []], [31, [31, 32, 27, 33, 34, 20, 19]], [32, []], [16, []], [15, []], [12, []], [13, []], [27, [48, 47, 49, 28, 35, 36, 18, 38, 30, 29, 43, 41]], [33, []], [34, []], [48, []], [47, []], [49, []], [38, []], [30, []], [29, []], [28, []], [35, []], [36, []], [43, []], [41, []], [20, []], [19, []], [18, []], [3, []]]], [[[11, [11, 9, 6, 7, 8, 5]], [10, [10]]], [[14, [14, 17, 16, 15, 12, 13]]], [[24, [24, 23, 21, 22, 26, 25]]], [[31, [31, 32, 27, 33, 34, 20, 19]]], [[9, [46, 50, 45, 37, 44, 42, 39, 40]]], [[27, [38, 30, 29, 43, 41]]], [[27, [48, 47, 49, 28, 35, 36, 18]]]]]"
test_data/data_demand_random_50_batch_all1_equal_cluster/C201_0.5.dat,8,60,2,2,520.6124969,"[[[[0, [4, 2]], [11, [11, 12]], [10, [10, 17, 15, 16, 13, 14]], [12, []], [14, []], [31, [31, 32, 30, 29, 28, 34, 33, 37]], [32, []], [17, []], [16, []], [15, []], [13, []], [27, [27, 38, 49, 48, 47, 36, 35, 19]], [30, []], [38, []], [49, []], [34, []], [33, []], [48, []], [47, []], [29, []], [28, []], [35, []], [36, []], [37, []], [19, []], [4, []], [2, []]], [[0, [3]], [5, [5, 1, 8, 6, 9, 7]], [7, []], [8, []], [9, []], [6, []], [24, [24, 26, 23, 18, 20, 21, 22, 25]], [25, [40, 39, 41, 42]], [40, []], [39, []], [26, []], [23, [50, 46, 45, 44, 43]], [1, []], [18, []], [20, []], [21, []], [22, []], [41, []], [42, []], [50, []], [46, []], [45, []], [44, []], [43, []], [3, []]]], [[[11, [11, 12]]], [[5, [5, 1, 8, 6, 9, 7]]], [[10, [10, 17, 15, 16, 13, 14]]], [[24, [24, 26, 23, 18, 20, 21, 22, 25]]], [[31, [31, 32, 30, 29, 28, 34, 33, 37]]], [[25, [40, 39, 41, 42]]], [[23, [50, 46, 45, 44, 43]]], [[27, [27, 38, 49, 48, 47, 36, 35, 19]]]]]",,None
test_data/data_demand_random_50_batch_all1_equal_cluster/C201_0.5.dat,8,60,2,3,504,"[[[[0, [1]], [1, []], [10, [10, 11, 9, 6, 8, 5, 7]], [11, []], [9, []], [6, []], [8, []], [5, [20, 24, 23, 25, 26, 39, 21, 22]], [20, [50, 46, 45, 44, 43, 40, 41, 42]], [21, []], [22, []], [50, []], [46, []], [45, []], [44, []], [43, []], [42, []], [41, []], [24, []], [23, []], [7, []], [25, []], [26, []], [40, []], [39, []]], [[0, [4, 3, 2]], [2, []], [12, [12, 14, 16, 15, 13, 17]], [14, []], [31, [31, 32, 27, 33, 19]], [32, []], [17, []], [16, []], [15, []], [13, []], [27, [48, 47, 49, 28, 34, 38, 30, 29]], [33, []], [34, []], [48, []], [47, []], [49, []], [38, []], [30, []], [29, []], [28, [35, 36, 37, 18]], [35, []], [36, []], [37, []], [19, []], [18, []], [4, []], [3, []]]], [[[10, [10, 11, 9, 6, 8, 5, 7]]], [[12, [12, 14, 16, 15, 13, 17]]], [[5, [20, 24, 23, 25, 26, 39, 21, 22]]], [[31, [31, 32, 27, 33, 19]]], [[20, [50, 46, 45, 44, 43, 40, 41, 42]]], [[27, [48, 47, 49, 28, 34, 38, 30, 29]]], [[28, [35, 36, 37, 18]]]]]",528.6619038,"[[[[0, [3]], [10, [10]], [14, [14, 16, 17, 13, 15]], [15, []], [16, []], [17, []], [31, [31, 32, 27, 33, 34, 38, 30, 29]], [32, []], [13, []], [27, [48, 47, 49, 28, 35, 36, 37]], [33, []], [34, []], [48, []], [47, []], [49, []], [38, []], [30, []], [29, []], [28, [45, 44, 43]], [35, []], [36, []], [37, []], [45, []], [44, []], [43, []], [3, []]], [[0, [2, 1]], [12, [12, 6, 7, 8, 5, 9, 4]], [11, [11, 22, 21, 20, 18, 19]], [1, []], [5, []], [9, []], [6, []], [23, [40, 39, 41, 42, 46, 50, 23, 26]], [7, []], [8, []], [40, []], [39, []], [26, []], [25, [25, 24]], [24, []], [41, []], [42, []], [46, []], [50, []], [22, []], [21, []], [20, []], [18, []], [19, []], [4, []], [2, []]]], [[[12, [12, 6, 7, 8, 5, 9, 4]], [10, [10]]], [[14, [14, 16, 17, 13, 15]]], [[11, [11, 22, 21, 20, 18, 19]]], [[31, [31, 32, 27, 33, 34, 38, 30, 29]]], [[23, [40, 39, 41, 42, 46, 50, 23, 26]]], [[25, [25, 24]]], [[27, [48, 47, 49, 28, 35, 36, 37]]], [[28, [45, 44, 43]]]]]"
test_data/data_demand_random_50_batch_all1_equal_cluster/C201_0.5.dat,8,90,2,4,504.0688837,"[[[[0, []], [15, [15, 16, 17, 14, 12, 10, 6, 13]], [16, []], [17, []], [32, [32, 31, 24, 25, 26, 11, 7, 9]], [31, []], [14, []], [13, []], [12, []], [10, []], [11, []], [24, []], [9, []], [6, []], [25, []], [40, [40, 39, 23, 8, 5]], [39, []], [26, []], [23, []], [7, []], [8, []], [5, []]], [[0, [3, 2, 4, 1]], [3, []], [2, []], [4, []], [19, [19]], [27, [27, 28, 29, 34, 33, 30]], [28, []], [29, []], [34, []], [33, []], [48, [48, 47, 49, 36, 37, 44, 43, 45, 38, 35]], [47, []], [49, []], [30, []], [38, []], [35, []], [36, []], [37, []], [43, []], [44, []], [45, []], [46, [46, 50, 42, 41, 21, 22, 20, 18]], [50, []], [42, []], [41, []], [21, []], [22, []], [20, []], [18, []], [1, []]]], [[[15, [15, 16, 17, 14, 12, 10, 6, 13]]], [[19, [19]]], [[32, [32, 31, 24, 25, 26, 11, 7, 9]]], [[27, [27, 28, 29, 34, 33, 30]]], [[48, [38, 35]]], [[48, [48, 47, 49, 36, 37, 44, 43, 45]]], [[40, [40, 39, 23, 8, 5]]], [[46, [46, 50, 42, 41, 21, 22, 20, 18]]]]]",529.6619038,"[[[[0, []], [5, [5]], [11, [11, 13, 6, 9]], [27, [27, 17, 26, 25, 14, 15, 16]], [13, []], [14, []], [15, []], [16, []], [17, []], [32, [32, 31, 39, 40, 23, 24, 7, 8]], [31, []], [39, []], [40, []], [26, []], [25, []], [23, []], [24, []], [7, []], [8, []], [6, []], [9, []]], [[0, [4, 3, 1, 2]], [3, []], [1, []], [2, []], [10, [10, 12, 21, 19]], [12, []], [28, [28, 29, 30, 34, 33, 38, 35, 36]], [29, []], [30, []], [34, []], [33, []], [48, [48, 47, 49, 37, 43, 44, 45, 46]], [47, []], [49, []], [38, []], [35, []], [36, []], [37, []], [43, []], [44, []], [45, []], [46, []], [50, [50, 22, 20, 18, 42, 41]], [22, []], [21, []], [42, []], [41, []], [20, []], [18, []], [19, []], [4, []]]], [[[5, [5]]], [[10, [10, 12, 21, 19]], [11, [11, 13, 6, 9]]], [[27, [27, 17, 26, 25, 14, 15, 16]]], [[28, [28, 29, 30, 34, 33, 38, 35, 36]]], [[32, [32, 31, 39, 40, 23, 24, 7, 8]]], [[48, [48, 47, 49, 37, 43, 44, 45, 46]]], [[50, [50, 22, 20, 18, 42, 41]]]]]"
test_data/data_demand_random_50_batch_all1_equal_random/C201_0.5.dat,4,120,2,5,585.2210894,"[[[[0, [1, 2, 10, 8, 4]], [5, [5, 11, 9, 12]], [31, [31, 18, 16, 17]], [11, []], [45, [45, 29, 34, 33]], [18, []], [9, []], [29, []], [34, []], [17, []], [49, [49, 36, 41]], [1, []], [36, []], [41, []], [12, []], [10, []], [2, []], [8, []], [16, []], [40, [40, 50]], [50, []], [33, []], [4, []]], [[0, [3]], [13, [13, 6, 15, 7]], [7, []], [19, [19, 28, 24, 26]], [6, []], [15, []], [3, []], [47, [47, 30, 25, 21]], [25, []], [46, [46, 27, 38, 35]], [39, [39, 32, 42, 37]], [27, [14, 22, 23, 20]], [30, []], [38, []], [14, []], [32, []], [22, []], [42, []], [35, []], [28, []], [24, []], [37, []], [48, [48, 44, 43]], [23, []], [21, []], [44, []], [26, []], [43, []], [20, []]]], [[[5, [5, 11, 9, 12]]], [[13, [13, 6, 15, 7]]], [[19, [19, 28, 24, 26]]], [[31, [31, 18, 16, 17]]], [[45, [45, 29, 34, 33]]], [[47, [47, 30, 25, 21]]], [[46, [46, 27, 38, 35]]], [[39, [39, 32, 42, 37]]], [[27, [14, 22, 23, 20]]], [[48, [48, 44, 43]]], [[49, [49, 36, 41]]], [[40, [40, 50]]]]]",683.7308492,"[[[[0, [1, 4, 2]], [14, [14, 8, 16, 11]], [11, []], [29, [29, 33, 23, 10]], [10, []], [2, []], [8, []], [16, []], [4, []], [33, []], [50, [50, 40, 48, 45, 31, 37]], [40, []], [23, []], [48, []], [37, []], [1, []], [36, [36, 18, 9, 22]], [22, []], [45, []], [18, []], [9, []], [31, []]], [[0, []], [13, [13, 15, 6, 7]], [7, []], [19, [19, 27, 12, 17]], [6, []], [15, []], [27, []], [39, [39, 42, 35, 44, 43, 3, 41, 5]], [3, []], [47, [47, 25, 32, 28]], [25, []], [46, [46, 49]], [32, []], [42, []], [34, [34, 38, 30, 24]], [41, []], [49, []], [12, []], [17, []], [35, []], [28, []], [43, []], [26, [26, 21, 20]], [44, []], [21, []], [24, []], [5, []], [20, []], [38, []], [30, []]]], [[[13, [13, 15, 6, 7]]], [[14, [14, 8, 16, 11]]], [[29, [29, 33, 23, 10]]], [[19, [19, 27, 12, 17]]], [[39, [39, 42, 35, 41]]], [[39, [44, 43, 3, 5]]], [[47, [47, 25, 32, 28]]], [[46, [46, 49]], [50, [45, 31]]], [[50, [50, 40, 48, 37]]], [[34, [34, 38, 30, 24]]], [[26, [26, 21, 20]]], [[36, [36, 18, 9, 22]]]]]"
test_data/data_demand_random_50_batch_all1_equal_random/C201_0.5.dat,8,60,2,1,554.0831892,"[[[[0, [4, 3]], [15, [15, 6, 7, 13]], [7, []], [6, [25, 27, 28, 19, 21, 23, 26, 20]], [13, []], [19, []], [25, []], [27, []], [20, []], [43, [43, 44, 33, 40, 37, 24]], [26, []], [28, []], [24, [50, 48, 47, 39, 46]], [44, []], [4, []], [33, []], [50, []], [40, []], [21, []], [37, []], [23, []], [48, []], [3, []], [47, []], [39, []], [46, []]], [[0, [1, 2]], [5, [5, 8, 10, 12, 16]], [16, []], [8, []], [2, []], [35, [35, 32, 49, 38, 30, 31, 29, 17]], [42, [42, 34, 41, 36, 45, 9, 11, 14]], [34, []], [17, []], [10, []], [12, []], [41, []], [49, []], [36, []], [1, []], [22, [22, 18]], [32, []], [9, []], [18, []], [45, []], [29, []], [11, []], [31, []], [14, []], [38, []], [30, []]]], [[[15, [15, 6, 7, 13]]], [[5, [5, 8, 10, 12, 16]]], [[6, [25, 27, 28, 19, 21, 23, 26, 20]]], [[35, [35, 32, 49, 38, 30, 31, 29, 17]]], [[42, [42, 34, 41, 36, 45, 9, 11, 14]]], [[22, [22, 18]]], [[43, [43, 44, 33, 40, 37, 24]]], [[24, [50, 48, 47, 39, 46]]]]]",,None
test_data/data_demand_random_50_batch_all1_equal_random/C201_0.5.dat,8,60,2,2,526.9072481,"[[[[0, [4, 3]], [3, []], [15, [15, 25, 19, 13, 7, 6, 5]], [25, []], [19, []], [13, []], [7, []], [6, []], [47, [47, 43, 27, 20, 24, 21, 23, 26]], [46, [46, 39, 48, 33, 40, 38, 37]], [39, []], [27, [50, 44]], [48, []], [37, []], [21, []], [23, []], [40, []], [50, []], [33, []], [4, []], [44, []], [24, []], [26, []], [5, []], [43, []], [20, []], [38, []]], [[0, [1]], [14, [14, 12, 8, 16, 11, 9, 10, 2, 29, 18, 22, 17, 30]], [11, []], [29, []], [18, []], [9, []], [45, [41, 36, 45, 42, 32, 49, 34, 35, 31, 28]], [31, []], [32, []], [22, []], [42, []], [17, []], [10, []], [12, []], [41, []], [49, []], [1, []], [36, []], [34, []], [35, []], [2, []], [8, []], [16, []], [28, []], [30, []]]], [[[14, [2, 29, 18, 22, 17, 30]]], [[14, [14, 12, 8, 16, 11, 9, 10]]], [[15, [15, 25, 19, 13, 7, 6, 5]]], [[45, [31, 28]]], [[45, [41, 36, 45, 42, 32, 49, 34, 35]]], [[47, [47, 43, 27, 20, 24, 21, 23, 26]]], [[46, [46, 39, 48, 33, 40, 38, 37]]], [[27, [50, 44]]]]]",,None
test_data/data_demand_random_50_batch_all1_equal_random/C201_0.5.dat,8,60,2,3,531.7099203,"[[[[0, [4]], [3, [3, 15, 13, 6, 5, 16, 7]], [15, []], [6, [19, 25, 27, 24, 21, 23, 26, 20]], [13, []], [19, []], [7, []], [47, [47, 46, 39, 37, 40, 33, 28]], [25, []], [46, []], [39, []], [27, []], [24, [48, 50, 43, 44]], [21, []], [37, []], [48, []], [23, []], [40, []], [50, []], [33, []], [44, []], [4, []], [16, []], [28, []], [26, []], [43, []], [5, []], [20, []]], [[0, [2, 1]], [14, [14, 9, 18, 11, 22, 12, 17]], [31, [31, 29, 32, 10, 8]], [9, []], [18, []], [45, [45, 42, 35, 34, 38, 41, 36]], [29, []], [11, []], [22, []], [32, []], [42, [49, 30]], [34, []], [17, []], [41, []], [49, []], [36, []], [1, []], [12, []], [10, []], [8, []], [2, []], [35, []], [38, []], [30, []]]], [[[14, [14, 9, 18, 11, 22, 12, 17]]], [[3, [3, 15, 13, 6, 5, 16, 7]]], [[6, [19, 25, 27, 24, 21, 23, 26, 20]]], [[31, [31, 29, 32, 10, 8]]], [[47, [47, 46, 39, 37, 40, 33, 28]]], [[45, [45, 42, 35, 34, 38, 41, 36]]], [[42, [49, 30]]], [[24, [48, 50, 43, 44]]]]]",,None
test_data/data_demand_random_50_batch_all1_equal_random/C201_0.5.dat,8,90,2,4,540.3112887,"[[[[0, [1, 2, 4, 3]], [3, [12, 10, 8, 5]], [5, []], [1, []], [49, [49, 36, 41, 34, 16, 23, 21, 24]], [36, []], [41, []], [12, []], [10, []], [17, [17, 26, 28, 30]], [34, []], [35, [35, 33, 40, 37, 50, 48, 44]], [2, []], [8, []], [16, []], [4, []], [33, []], [50, []], [40, []], [23, []], [48, []], [37, []], [21, []], [44, []], [24, []], [26, []], [28, []], [30, []]], [[0, []], [13, [13, 14, 15, 9, 11, 7, 6]], [7, []], [19, [19, 27, 25, 18, 29, 22, 20]], [6, []], [15, []], [27, []], [39, [39, 46, 47, 32, 31, 42, 38]], [25, []], [47, []], [46, []], [14, []], [32, []], [31, []], [9, []], [18, []], [45, [45, 43]], [29, []], [11, []], [22, []], [42, []], [38, []], [20, []], [43, []]]], [[[13, [13, 14, 15, 9, 11, 7, 6]]], [[3, [12, 10, 8, 5]]], [[19, [19, 27, 25, 18, 29, 22, 20]]], [[49, [49, 36, 41, 34, 16, 23, 21, 24]]], [[39, [39, 46, 47, 32, 31, 42, 38]]], [[17, [17, 26, 28, 30]]], [[35, [35, 33, 40, 37, 50, 48, 44]]], [[45, [45, 43]]]]]",,None
test_data/data_demand_random_50_batch_all1_equal_cluster/C201_1.5.dat,4,60,2,1,767.0831892,"[[[[0, [2, 6]], [15, [15, 12, 13, 14]], [12, []], [13, []], [14, []], [9, [9, 22, 23]], [2, [29, 30, 31, 28, 26, 27, 25]], [29, []], [30, []], [31, []], [28, []], [26, []], [27, []], [6, []], [22, [50, 42, 41, 40, 37, 38, 39, 48, 47, 46, 49]], [23, []], [50, []], [49, []], [42, []], [41, []], [40, []], [37, []], [38, []], [39, []], [48, []], [47, []], [46, []], [25, []]], [[0, [4, 5, 3, 1]], [8, [8, 7, 10, 11]], [7, []], [4, []], [5, []], [21, [21, 20, 19, 17]], [20, []], [19, []], [17, []], [34, [34, 32, 33, 18, 16, 24]], [32, []], [33, []], [18, [35, 36]], [35, []], [24, []], [36, []], [3, []], [1, []], [10, []], [11, []], [16, [44, 43, 45]], [44, []], [43, []], [45, []]]], [[[8, [8, 7, 10, 11]]], [[15, [15, 12, 13, 14]]], [[9, [9, 22, 23]]], [[21, [21, 20, 19, 17]]], [[2, [29, 30, 31, 28]]], [[2, [26, 27, 25]]], [[34, [34, 32, 33, 18]]], [[34, [16, 24]]], [[18, [35, 36]]], [[22, [40, 37, 38, 39]]], [[22, [50, 42, 41, 49]]], [[22, [48, 47, 46]]], [[16, [44, 43, 45]]]]]",811.5982083,"[[[[0, [2, 6, 3, 5, 7, 8]], [6, []], [2, []], [12, [12, 9, 19, 20]], [9, []], [25, [25, 26, 27, 28, 31, 29, 22]], [26, []], [27, []], [28, []], [31, []], [29, []], [3, []], [5, []], [7, []], [19, []], [20, []], [8, [38, 37]], [38, []], [37, []], [22, [45, 43, 44]], [43, []], [44, []], [45, []]], [[0, [4, 1]], [4, []], [10, [10, 15, 16, 13]], [15, []], [16, []], [13, []], [14, [14, 11, 17, 18]], [11, []], [1, []], [17, []], [32, [32, 33, 34, 35]], [33, []], [34, []], [35, []], [18, []], [21, [21, 23, 50, 49, 24, 39, 46, 47, 48, 30, 36, 42, 41, 40]], [23, []], [36, []], [50, []], [49, []], [42, []], [41, []], [40, []], [24, []], [39, []], [46, []], [47, []], [48, []], [30, []]]], [[[10, [10, 15, 16, 13]]], [[12, [12, 9, 19, 20]]], [[14, [14, 11, 17, 18]]], [[25, [25, 26, 27, 28]]], [[25, [31, 29, 22]]], [[32, [32, 33, 34, 35]]], [[21, [21, 23, 24, 30]]], [[21, [36, 42, 41, 40]]], [[21, [50, 49, 39, 46]]], [[21, [47, 48]], [8, [38, 37]]], [[22, [45, 43, 44]]]]]"
test_data/data_demand_random_50_batch_all1_equal_cluster/C201_1.5.dat,4,90,2,5,746.3112887,"[[[[0, [5, 3]], [5, []], [3, []], [10, [10, 15, 9, 14]], [15, []], [9, []], [14, []], [16, [16, 12, 11, 19]], [12, []], [11, []], [19, []], [20, [20, 22, 31, 28]], [22, []], [37, [37, 38, 39]], [38, []], [39, []], [48, [48, 47, 46, 13]], [47, []], [46, []], [31, []], [28, []], [13, []], [43, [43, 44, 45]], [44, []], [45, []]], [[0, [6, 7, 1, 2]], [8, [8, 4]], [4, []], [6, []], [7, []], [1, []], [2, []], [30, [30, 29, 27, 26]], [29, []], [27, []], [26, []], [25, [25, 24, 23, 21]], [41, [41, 40, 42, 36]], [40, []], [24, []], [23, []], [42, []], [36, []], [49, [49, 50, 35, 18]], [50, []], [21, []], [18, []], [35, []], [34, [34, 33, 32, 17]], [33, []], [32, []], [17, []]]], [[[8, [8, 4]]], [[10, [10, 15, 9, 14]]], [[16, [16, 12, 11, 19]]], [[20, [20, 22, 31, 28]]], [[30, [30, 29, 27, 26]]], [[25, [25, 24, 23, 21]]], [[41, [41, 40, 42, 36]]], [[37, [37, 38, 39]]], [[48, [48, 47, 46, 13]]], [[49, [49, 50, 35, 18]]], [[34, [34, 33, 32, 17]]], [[43, [43, 44, 45]]]]]",799.6457954,"[[[[0, [6, 4, 3, 2, 1, 7]], [7, []], [6, []], [4, []], [3, []], [2, []], [15, [15, 16, 11, 13]], [16, []], [11, []], [13, []], [14, [14, 21, 20, 23]], [25, [25, 24, 31]], [1, []], [21, []], [20, []], [23, []], [24, []], [42, [42, 41, 40, 37]], [41, []], [40, []], [37, []], [38, [38, 39, 48, 47]], [39, []], [48, []], [47, []], [46, [46, 43, 44, 45]], [31, []], [43, []], [44, []], [45, []]], [[0, [5, 8]], [8, []], [9, [9, 10, 12, 19]], [10, []], [12, []], [28, [28, 27, 26, 30]], [27, []], [26, []], [30, []], [29, [29]], [5, [36, 22, 18]], [36, []], [19, []], [22, []], [49, [49, 50, 35, 33]], [50, []], [35, []], [33, []], [32, [32, 34, 17]], [34, []], [18, []], [17, []]]], [[[9, [9, 10, 12, 19]]], [[15, [15, 16, 11, 13]]], [[14, [14, 21, 20, 23]]], [[28, [28, 27, 26, 30]]], [[29, [29]], [25, [25, 24, 31]]], [[5, [36, 22, 18]]], [[42, [42, 41, 40, 37]]], [[38, [38, 39, 48, 47]]], [[49, [49, 50, 35, 33]]], [[46, [46, 43, 44, 45]]], [[32, [32, 34, 17]]]]]"
test_data/data_demand_random_50_batch_all1_equal_cluster/C201_1.5.dat,4,120,2,3,749.3573373,"[[[[0, [7, 2, 8, 3]], [8, []], [11, [11, 12, 16, 10]], [12, []], [16, []], [25, [25, 14, 24, 22, 13, 30, 29, 23]], [10, []], [14, []], [13, []], [7, []], [2, []], [22, []], [23, []], [42, [42, 36, 41, 40]], [36, []], [41, []], [50, [50, 49, 37, 38]], [49, []], [24, []], [40, []], [37, []], [38, []], [39, [39, 46, 47, 48]], [46, []], [47, []], [48, []], [30, []], [29, []], [3, []]], [[0, [6, 1, 5, 4]], [5, []], [4, []], [6, []], [1, [15, 9]], [19, [19, 20, 21, 17]], [20, []], [21, []], [17, []], [18, [18, 28, 31, 27]], [32, [32, 33, 35, 34]], [33, []], [34, []], [35, []], [45, [45, 44, 43, 26]], [44, []], [43, []], [15, []], [28, []], [31, []], [27, []], [26, []], [9, []]]], [[[1, [15, 9]]], [[11, [11, 12, 16, 10]]], [[19, [19, 20, 21, 17]]], [[25, [25, 24, 30, 29]]], [[25, [14, 22, 13, 23]]], [[18, [18, 28, 31, 27]]], [[32, [32, 33, 35, 34]]], [[42, [42, 36, 41, 40]]], [[45, [45, 44, 43, 26]]], [[50, [50, 49, 37, 38]]], [[39, [39, 46, 47, 48]]]]]",779.7987748,"[[[[0, [2, 1, 4]], [9, [9, 14, 16]], [1, []], [2, []], [18, [18]], [4, [25, 27, 29]], [25, []], [27, []], [29, []], [30, [30, 26, 28, 31]], [26, []], [28, []], [14, []], [16, []], [45, [45, 44, 43, 46]], [44, []], [43, []], [31, []], [46, []], [47, [47, 48, 39]], [48, []], [39, []]], [[0, [7, 3, 5, 6]], [7, []], [12, [12, 10, 11, 15]], [10, []], [11, []], [15, []], [13, [13]], [3, [22, 23, 17, 19, 20, 21, 24]], [5, []], [6, []], [22, []], [20, []], [21, []], [24, []], [23, []], [17, [8]], [33, [33, 32, 34, 35, 36, 42, 41, 38]], [32, []], [34, []], [35, []], [50, [50, 49, 37, 40]], [36, []], [49, []], [42, []], [41, []], [40, []], [38, []], [37, []], [19, []], [8, []]]], [[[12, [12, 10, 11, 15]]], [[9, [9, 14, 16]]], [[13, [13]]], [[3, [22, 23, 17, 19]]], [[3, [20, 21, 24]], [18, [18]]], [[17, [8]]], [[4, [25, 27, 29]]], [[30, [30, 26, 28, 31]]], [[33, [33, 32, 34, 35]]], [[33, [36, 42, 41, 38]]], [[50, [50, 49, 37, 40]]], [[45, [45, 44, 43, 46]]], [[47, [47, 48, 39]]]]]"
test_data/data_demand_random_50_batch_all1_equal_cluster/C201_1.5.dat,8,90,2,3,744.3573373,"[[[[0, [8]], [9, [9, 12]], [12, []], [20, [20, 16]], [21, [21, 22, 17, 18, 19]], [22, []], [17, []], [18, []], [32, [32, 33, 34, 35, 36]], [33, []], [34, []], [35, []], [36, []], [19, []], [8, []], [16, []], [43, [43, 44, 45]], [44, []], [45, []]], [[0, [7, 2, 4, 5, 1, 3, 6]], [7, []], [2, []], [4, []], [15, [15, 11, 13, 10, 14]], [11, []], [13, []], [10, []], [14, []], [6, []], [1, []], [3, []], [25, [25, 28, 31, 26, 27, 30, 29]], [28, []], [31, []], [26, []], [27, []], [30, []], [29, []], [38, [38, 37, 42, 41, 40, 39, 24, 23]], [37, []], [24, []], [23, []], [50, [50, 49, 46, 47, 48]], [49, []], [42, []], [41, []], [40, []], [39, []], [46, []], [47, []], [48, []], [5, []]]], [[[9, [9, 12]]], [[15, [15, 11, 13, 10, 14]]], [[20, [20, 16]]], [[21, [21, 22, 17, 18, 19]]], [[25, [25, 28, 31, 26, 27, 30, 29]]], [[32, [32, 33, 34, 35, 36]]], [[38, [38, 37, 42, 41, 40, 39, 24, 23]]], [[43, [43, 44, 45]]], [[50, [50, 49, 46, 47, 48]]]]]",,None
test_data/data_demand_random_50_batch_all1_equal_random/C201_1.5.dat,4,60,2,1,747.0831892,"[[[[0, [2, 3, 4]], [9, [9]], [13, [13, 10, 8, 11]], [3, []], [4, []], [2, []], [19, [19, 23, 14, 27, 24]], [10, []], [22, [22, 25, 29]], [14, []], [27, []], [25, []], [23, []], [29, []], [45, [45]], [43, [43, 48, 46, 44]], [8, []], [24, []], [48, []], [46, [37]], [37, []], [44, []], [11, []]], [[0, [5, 1]], [5, []], [15, [15, 6, 18, 7, 17, 16, 12]], [18, []], [7, []], [17, []], [26, [26, 32, 31, 21]], [1, []], [31, []], [32, []], [38, [38, 28, 34, 33]], [36, [36, 20, 40]], [6, [30, 42, 41, 39]], [20, []], [30, [49, 47, 50, 35]], [28, []], [40, []], [39, []], [49, []], [21, []], [47, []], [42, []], [34, []], [41, []], [16, []], [12, []], [50, []], [35, []], [33, []]]], [[[9, [9]]], [[13, [13, 10, 8, 11]]], [[15, [6, 18, 16, 12]]], [[15, [15, 7, 17]]], [[19, [19, 14, 27, 24]]], [[19, [23]]], [[22, [22, 25, 29]]], [[26, [26, 32, 31, 21]]], [[38, [38, 28, 34, 33]]], [[36, [36, 20, 40]]], [[6, [30, 42, 41, 39]]], [[30, [49, 47, 50, 35]]], [[45, [45]]], [[43, [43, 48, 46, 44]]], [[46, [37]]]]]",,None
test_data/data_demand_random_50_batch_all1_equal_random/C201_1.5.dat,4,90,2,5,721.2982213,"[[[[0, [4, 3, 2, 5]], [5, []], [11, [11, 10]], [10, [22, 14]], [22, []], [19, [19, 25, 27, 8]], [2, []], [4, []], [3, []], [27, []], [14, []], [25, []], [34, [34, 41, 16, 12]], [41, []], [16, []], [12, []], [50, [50, 43, 48, 24]], [43, []], [8, []], [48, []], [24, []], [46, [46, 37, 44, 13]], [37, []], [44, []], [13, []]], [[0, [1]], [9, [9, 6, 7]], [6, []], [7, []], [18, [18, 17, 15]], [17, []], [15, []], [1, []], [31, [31, 29, 33, 23]], [32, [32, 26, 20, 28]], [26, []], [36, [36, 39, 40, 30]], [20, []], [45, [45, 35, 42, 21]], [29, []], [35, []], [33, []], [23, []], [42, [47, 49, 38]], [47, []], [21, []], [49, []], [39, []], [40, []], [28, []], [30, []], [38, []]]], [[[11, [11, 10]]], [[9, [9, 6, 7]]], [[18, [18, 17, 15]]], [[10, [22, 14]]], [[19, [19, 25, 27, 8]]], [[31, [31, 29, 33, 23]]], [[32, [32, 26, 20, 28]]], [[34, [34, 41, 16, 12]]], [[36, [36, 39, 40, 30]]], [[45, [45, 35, 42, 21]]], [[42, [47, 49, 38]]], [[50, [50, 43, 48, 24]]], [[46, [46, 37, 44, 13]]]]]",871.3606798,"[[[[0, [5, 1]], [7, [7]], [5, [17, 6, 15]], [28, [28, 18, 21, 26, 23]], [17, []], [18, []], [23, []], [35, [35, 33, 29, 34]], [33, []], [29, []], [41, [41, 42, 39, 30]], [34, []], [42, []], [47, [47, 49, 32, 38]], [30, []], [21, []], [49, []], [39, []], [40, [40, 36, 31]], [6, []], [15, []], [36, []], [26, []], [1, []], [31, []], [32, []], [38, []]], [[0, [3, 4, 2, 12]], [9, [9, 13, 16, 11]], [22, [22, 10, 20, 19]], [10, []], [13, [14]], [11, []], [12, []], [16, []], [4, []], [2, []], [25, [25, 27, 37, 8]], [3, []], [27, []], [14, []], [43, [43, 45, 44, 50]], [45, []], [20, []], [44, []], [50, []], [19, []], [37, []], [46, [46, 24]], [8, []], [24, []], [48, [48]]]], [[[9, [9, 13, 16, 11]]], [[7, [7]]], [[5, [17, 6, 15]]], [[22, [22, 10, 20, 19]]], [[28, [18, 21, 26, 23]]], [[28, [28]], [13, [14]]], [[35, [35, 33, 29, 34]]], [[25, [25, 27, 37, 8]]], [[41, [41, 42, 39, 30]]], [[43, [43, 45, 44, 50]]], [[46, [46, 24]]], [[47, [47, 49, 32, 38]]], [[40, [40, 36, 31]]], [[48, [48]]]]]"
test_data/data_demand_random_50_batch_all1_equal_random/C201_1.5.dat,4,120,2,3,730.132746,"[[[[0, [2, 4, 3]], [9, [9, 7]], [12, [12, 11, 8]], [2, []], [4, []], [3, []], [23, [23, 24, 18, 17]], [18, []], [17, []], [7, []], [36, [36, 29, 33, 22]], [45, [45, 43, 46, 19]], [11, []], [22, []], [43, []], [8, []], [24, []], [48, [48, 44, 37]], [46, []], [37, []], [44, []], [19, []], [29, []], [33, []]], [[0, [5, 1]], [13, [13, 6, 10]], [10, []], [6, []], [20, [20, 21, 16, 15]], [26, [26, 28, 14, 27]], [5, []], [1, [31, 32, 34]], [31, []], [32, []], [38, [38, 42, 41]], [15, [40, 39, 30]], [30, []], [28, []], [40, []], [39, []], [49, [49, 47, 50]], [21, []], [47, []], [42, []], [34, []], [16, [25, 35]], [41, []], [14, []], [27, []], [25, []], [50, []], [35, []]]], [[[13, [13, 6, 10]]], [[9, [9, 7]]], [[12, [12, 11, 8]]], [[20, [20, 21, 16, 15]]], [[23, [23, 24, 18, 17]]], [[26, [26, 28, 14, 27]]], [[1, [31, 32, 34]]], [[36, [36, 29, 33, 22]]], [[38, [38, 42, 41]]], [[15, [40, 39, 30]]], [[45, [45, 43, 46, 19]]], [[48, [48, 44, 37]]], [[49, [49, 47, 50]]], [[16, [25, 35]]]]]",773.0688837,"[[[[0, [1, 5]], [6, [15, 7, 17, 6, 18, 16, 14]], [15, []], [5, []], [1, []], [31, [31, 32, 26, 30]], [32, []], [26, []], [38, [38, 21, 27, 25]], [36, [36, 42, 28, 11]], [30, []], [28, []], [18, []], [7, []], [17, []], [49, [49, 39, 47, 40]], [39, []], [40, []], [21, []], [47, []], [42, []], [34, [34, 41]], [16, []], [41, []], [14, []], [27, []], [25, []], [50, [50]], [11, []]], [[0, [2, 4, 3]], [8, [8, 9]], [3, []], [4, []], [12, [12]], [23, [23, 10, 13, 20]], [33, [33, 19, 22, 29]], [9, []], [22, []], [10, []], [13, []], [19, []], [43, [43, 46, 37, 44, 35, 45]], [48, [48, 24]], [24, []], [46, []], [37, []], [44, []], [2, []], [35, []], [29, []], [45, []], [20, []]]], [[[8, [8, 9]]], [[6, [6, 18, 16]], [12, [12]]], [[6, [15, 7, 17, 14]]], [[31, [31, 32, 26, 30]]], [[23, [23, 10, 13, 20]]], [[33, [33, 19, 22, 29]]], [[38, [38, 21, 27, 25]]], [[36, [36, 42, 28, 11]]], [[43, [37, 44, 35, 45]]], [[43, [43, 46]]], [[48, [48, 24]]], [[49, [49, 39, 47, 40]]], [[34, [34, 41]]], [[50, [50]]]]]"
test_data/data_demand_random_50_batch_all1_equal_random/C201_1.5.dat,8,90,2,3,706.0483494,"[[[[0, [4, 2, 3]], [4, []], [3, []], [12, [12, 13, 10]], [2, []], [22, [22, 8]], [13, []], [10, [11, 24, 19, 27, 14, 16, 25, 21]], [24, []], [8, []], [19, [30, 28, 20]], [25, []], [27, []], [14, []], [41, [41, 42, 34, 33, 36, 39, 40]], [16, []], [34, []], [42, []], [47, [47, 45, 49]], [21, []], [49, []], [39, []], [40, []], [28, []], [30, []], [36, []], [20, []], [45, []], [33, []], [11, []]], [[0, [1, 5]], [6, [6, 9]], [7, [7, 18, 17, 15]], [18, []], [17, []], [15, []], [26, [26, 23]], [5, []], [1, []], [31, [31, 32]], [32, []], [38, [38, 37, 35, 29]], [48, [48, 46, 50, 44, 43]], [46, []], [43, []], [37, []], [44, []], [50, []], [35, []], [23, []], [29, []], [9, []]]], [[[6, [6, 9]]], [[7, [7, 18, 17, 15]]], [[12, [12, 13, 10]]], [[22, [22, 8]]], [[10, [11, 24, 19, 27, 14, 16, 25, 21]]], [[26, [26, 23]]], [[31, [31, 32]]], [[19, [30, 28, 20]]], [[38, [38, 37, 35, 29]]], [[41, [41, 42, 34, 33, 36, 39, 40]]], [[47, [47, 45, 49]]], [[48, [48, 46, 50, 44, 43]]]]]",821.176015,"[[[[0, [5, 1]], [9, [9]], [6, [6]], [5, []], [18, [18, 17, 7, 26, 14]], [7, []], [17, []], [35, [35, 41, 27, 34, 21, 28, 30, 32, 38, 31, 36]], [41, []], [14, []], [27, []], [34, []], [42, [42, 47, 49, 39, 45, 40]], [47, []], [21, []], [49, []], [39, []], [40, []], [28, []], [30, []], [38, []], [32, []], [31, []], [1, []], [26, []], [36, []], [45, []]], [[0, [3, 4, 2]], [4, []], [2, []], [11, [16, 12, 11, 8, 10, 13]], [15, [15, 20, 23, 22, 19]], [20, []], [23, []], [29, [29, 33, 37, 24, 25]], [33, []], [8, []], [22, []], [19, []], [43, [43, 44, 46, 48, 50]], [44, []], [46, []], [24, []], [48, []], [37, []], [10, []], [13, []], [50, []], [25, []], [3, []], [16, []], [12, []]]], [[[9, [9]]], [[6, [6]]], [[11, [16, 12, 11, 8, 10, 13]]], [[18, [18, 17, 7, 26, 14]]], [[15, [15, 20, 23, 22, 19]]], [[35, [35, 41, 27, 34, 21, 28, 30, 32]]], [[35, [38, 31, 36]], [29, [29, 33, 37, 24, 25]]], [[42, [42, 47, 49, 39, 45, 40]]], [[43, [43, 44, 46, 48, 50]]]]]"
test_data/data_demand_random_50_batch_all1_equal_cluster/C201_1.dat,4,60,2,1,635.8312328,"[[[[0, [6, 3, 4]], [4, []], [6, []], [12, [12, 10, 9, 13]], [10, []], [9, [28, 16, 14, 11, 25, 26, 27, 31]], [25, []], [26, []], [27, []], [28, []], [13, []], [11, []], [16, [47, 46, 45, 15]], [47, []], [46, []], [45, []], [14, []], [15, [50, 29, 30, 48, 49]], [31, []], [48, []], [49, []], [50, []], [30, []], [29, []], [3, []]], [[0, [5, 8, 7, 2, 1]], [5, []], [2, []], [1, []], [7, []], [8, []], [20, [20, 21, 22, 19]], [21, []], [22, []], [19, []], [17, [17, 18, 23, 24, 34, 32, 33, 35]], [32, []], [33, []], [34, [44, 36, 43, 42, 41, 40, 37, 38]], [35, []], [18, [39]], [23, []], [44, []], [36, []], [43, []], [42, []], [41, []], [24, []], [40, []], [37, []], [38, []], [39, []]]], [[[12, [12, 10, 9, 13]]], [[20, [20, 21, 22, 19]]], [[17, [17, 18, 23, 24]]], [[9, [25, 26, 27, 31]]], [[9, [28, 16, 14, 11]]], [[17, [34, 32, 33, 35]]], [[34, [44, 36, 43, 42]]], [[34, [41, 40, 37, 38]]], [[18, [39]]], [[16, [47, 46, 45, 15]]], [[15, [29, 30]]], [[15, [50, 48, 49]]]]]",,None
test_data/data_demand_random_50_batch_all1_equal_cluster/C201_1.dat,4,60,2,2,639.3238076,"[[[[0, [4, 5, 7, 1, 6]], [7, []], [6, []], [4, []], [5, []], [1, []], [13, [13, 20, 18, 17]], [20, []], [18, [35, 34, 33, 32]], [35, []], [34, []], [33, []], [32, []], [17, [47, 46, 45, 25]], [47, []], [46, []], [45, []], [25, []]], [[0, [2, 8, 3]], [2, []], [16, [16, 14, 15, 10]], [14, []], [15, []], [11, [11, 12]], [12, []], [10, []], [9, [9, 21, 23, 28, 26, 19, 27, 29]], [8, [24, 22, 30, 31]], [19, []], [21, [40, 41, 42, 43, 36, 44, 37, 38]], [23, []], [24, []], [40, []], [41, []], [42, []], [43, []], [36, []], [44, []], [22, [39, 50, 49, 48]], [37, []], [38, []], [39, []], [30, []], [50, []], [49, []], [48, []], [31, []], [28, []], [26, []], [27, []], [29, []], [3, []]]], [[[13, [13, 20, 18, 17]]], [[16, [16, 14, 15, 10]]], [[11, [11, 12]]], [[9, [9, 21, 23, 19]]], [[9, [28, 26, 27, 29]]], [[8, [24, 22, 30, 31]]], [[18, [35, 34, 33, 32]]], [[21, [36, 44, 37, 38]]], [[21, [40, 41, 42, 43]]], [[17, [47, 46, 45, 25]]], [[22, [39, 50, 49, 48]]]]]",,None
test_data/data_demand_random_50_batch_all1_equal_cluster/C201_1.dat,4,60,2,3,634.5244165,"[[[[0, [2, 4, 3, 1, 6, 8, 7]], [1, []], [4, []], [3, []], [6, []], [2, []], [7, []], [8, []], [20, [20, 22, 17, 19]], [22, []], [17, []], [18, [18, 35, 34, 33, 32, 21, 23, 24]], [35, []], [34, [43, 42, 41, 40, 38, 39, 36, 44]], [33, []], [32, []], [19, []], [21, [37]], [23, []], [36, []], [44, []], [43, []], [42, []], [41, []], [24, []], [40, []], [37, []], [38, []], [39, []]], [[0, [5]], [14, [14, 12, 16, 13, 11, 15, 9, 10]], [9, []], [10, [26, 28, 25, 27]], [25, []], [27, []], [26, []], [28, []], [13, []], [11, []], [12, []], [16, [47, 46, 45, 31]], [47, []], [46, []], [45, []], [15, [48, 49, 50, 30, 29]], [31, []], [48, []], [49, []], [50, []], [30, []], [29, []], [5, []]]], [[[14, [14, 11, 9, 10]]], [[14, [12, 16, 13, 15]]], [[20, [20, 22, 17, 19]]], [[18, [18, 21, 23, 24]]], [[10, [26, 28, 25, 27]]], [[18, [35, 34, 33, 32]]], [[34, [43, 42, 38, 36]]], [[34, [41, 40, 39, 44]]], [[21, [37]]], [[16, [47, 46, 45, 31]]], [[15, [29]]], [[15, [48, 49, 50, 30]]]]]",,None
test_data/data_demand_random_50_batch_all1_equal_cluster/C201_1.dat,4,60,2,4,670.6155281,"[[[[0, [1, 4, 3, 7]], [7, []], [12, [12, 14, 11, 10]], [14, []], [11, []], [16, [16, 24, 23, 13]], [10, []], [13, []], [25, [25, 26]], [9, [30, 9, 38, 37, 41, 42, 43, 36, 44, 40, 48, 49, 50, 39]], [26, []], [48, []], [49, []], [50, []], [30, []], [39, []], [38, []], [37, []], [40, []], [41, []], [42, []], [43, []], [36, []], [44, []], [24, []], [23, []], [4, []], [3, []], [1, []]], [[0, [6, 2, 8, 5]], [2, []], [5, []], [6, []], [8, []], [19, [19, 21, 17, 20]], [20, []], [21, []], [22, [22, 18, 15]], [17, []], [32, [32, 33, 34, 35]], [33, []], [34, []], [35, []], [18, [47, 46, 45, 27]], [47, []], [46, []], [45, []], [15, [29, 28, 31]], [28, []], [31, []], [27, []], [29, []]]], [[[12, [12, 14, 11, 10]]], [[19, [19, 21, 17, 20]]], [[16, [16, 24, 23, 13]]], [[22, [22, 18, 15]]], [[25, [25, 26]]], [[32, [32, 33, 34, 35]]], [[9, [30, 9]]], [[9, [41, 42, 43, 40]]], [[9, [38, 37, 36, 44]]], [[9, [48, 49, 50, 39]]], [[18, [47, 46, 45, 27]]], [[15, [29, 28, 31]]]]]",,None
test_data/data_demand_random_50_batch_all1_equal_cluster/C201_1.dat,4,90,2,1,627.2901738,"[[[[0, [1]], [10, [10, 11, 12]], [11, []], [12, []], [9, [9, 14, 13, 22]], [14, []], [13, []], [1, []], [22, []], [23, [23, 24, 29, 30]], [24, []], [36, [36, 44, 43, 42]], [44, []], [43, []], [42, []], [41, [41, 40, 37, 38]], [40, []], [37, []], [38, []], [39, [39, 50, 49, 48, 26, 27]], [50, []], [49, []], [48, []], [29, []], [30, []], [31, [31, 28, 25]], [28, []], [26, []], [27, []], [25, []]], [[0, [2, 8, 7, 6, 5, 4, 3]], [2, []], [4, []], [19, [19, 20, 21, 18, 17, 15, 16]], [20, []], [21, []], [34, [34, 32, 33, 35]], [32, []], [33, []], [35, []], [18, []], [17, []], [8, []], [7, []], [6, []], [5, []], [3, []], [15, []], [16, []], [45, [45, 46, 47]], [46, []], [47, []]]], [[[10, [10, 11, 12]]], [[19, [19, 20, 21, 16]]], [[9, [9, 14, 13, 22]]], [[19, [18, 17, 15]]], [[23, [23, 24, 29, 30]]], [[34, [34, 32, 33, 35]]], [[36, [36, 44, 43, 42]]], [[41, [41, 40, 37, 38]]], [[39, [26, 27]]], [[39, [39, 50, 49, 48]]], [[31, [31, 28, 25]]], [[45, [45, 46, 47]]]]]",,None
test_data/data_demand_random_50_batch_all1_equal_cluster/C201_1.dat,4,90,2,3,618.0483494,"[[[[0, [5, 6, 3, 4, 1, 2]], [4, []], [6, []], [5, []], [3, []], [1, []], [2, []], [14, [14, 12, 11, 10]], [12, []], [11, []], [10, []], [15, [29, 30, 27, 15]], [26, [26, 31, 28, 25]], [29, []], [30, []], [25, []], [27, []], [28, []], [31, []], [48, [48, 49, 50, 39]], [49, []], [50, []], [39, []], [38, [38, 40, 41, 42]], [37, [37, 43, 44, 36]], [40, []], [41, []], [42, []], [43, []], [44, []], [36, []]], [[0, []], [9, [9, 16, 13, 8, 7]], [8, []], [19, [19, 20, 21, 23]], [20, []], [21, []], [23, []], [24, [24, 22, 18, 17]], [22, []], [7, [33, 35, 32, 34]], [13, []], [16, []], [45, [45, 46, 47]], [46, []], [47, []], [32, []], [33, []], [34, []], [35, []], [18, []], [17, []]]], [[[9, [7]]], [[14, [14, 12, 11, 10]]], [[9, [9, 16, 13, 8]]], [[19, [19, 20, 21, 23]]], [[24, [24, 22, 18, 17]]], [[15, [29, 30, 27, 15]]], [[26, [26, 31, 28, 25]]], [[7, [33, 35, 32, 34]]], [[48, [48, 49, 50, 39]]], [[45, [45, 46, 47]]], [[38, [38, 40, 41, 42]]], [[37, [37, 43, 44, 36]]]]]",,None
test_data/data_demand_random_50_batch_all1_equal_cluster/C201_1.dat,4,90,2,5,603.1718335,"[[[[0, [6, 5, 3]], [3, []], [12, [12, 10, 13, 11]], [10, []], [13, []], [11, []], [25, [25, 28, 26, 27]], [6, []], [22, [22, 23, 29, 24]], [24, []], [23, []], [44, [44, 36, 43, 40]], [36, []], [43, []], [42, [42, 41, 30]], [41, []], [40, []], [37, [37, 38, 39]], [38, []], [39, []], [30, []], [50, [50, 49, 48, 31]], [49, []], [48, []], [31, []], [28, []], [26, []], [27, []], [29, []], [5, []]], [[0, [8, 7, 4, 2, 1]], [7, []], [4, []], [2, []], [8, []], [20, [20, 21, 19, 14]], [21, [17, 18, 16, 15]], [19, []], [17, []], [18, []], [34, [34, 35, 33, 32]], [35, []], [33, []], [32, []], [47, [47, 46, 45, 9]], [46, []], [45, []], [16, []], [14, []], [15, []], [9, []], [1, []]]], [[[12, [12, 10, 13, 11]]], [[20, [20, 21, 19, 14]]], [[21, [17, 18, 16, 15]]], [[25, [25, 28, 26, 27]]], [[34, [34, 35, 33, 32]]], [[22, [22, 23, 29, 24]]], [[44, [44, 36, 43, 40]]], [[42, [42, 41, 30]]], [[37, [37, 38, 39]]], [[47, [47, 46, 45, 9]]], [[50, [50, 49, 48, 31]]]]]",,None
test_data/data_demand_random_50_batch_all1_equal_cluster/C201_1.dat,4,120,2,2,615.4756776,"[[[[0, [6, 5, 4, 8, 2]], [5, []], [6, []], [4, []], [21, [21, 19, 20, 18, 9, 10, 13, 11]], [19, []], [20, []], [17, [17, 12, 14]], [32, [32, 33, 34, 35]], [33, []], [34, []], [35, []], [18, []], [8, []], [2, []], [9, []], [10, []], [13, []], [11, []], [12, []], [14, []], [45, [45, 46, 47]], [46, []], [47, []]], [[0, [7, 3, 1]], [15, [15, 16]], [16, []], [7, []], [22, [22, 23, 24, 27]], [23, []], [24, []], [36, [36, 44, 43, 42]], [44, []], [43, []], [42, []], [41, [41, 40, 37, 38]], [40, []], [37, []], [38, []], [39, [39, 50, 49, 48, 29, 30, 28, 31]], [29, []], [30, []], [50, []], [49, []], [48, []], [27, []], [28, []], [31, []], [26, [26, 25]], [25, []], [3, []], [1, []]]], [[[15, [15, 16]]], [[21, [19, 18, 9, 10]]], [[21, [21, 20, 13, 11]]], [[22, [22, 23, 24, 27]]], [[17, [17, 12, 14]]], [[32, [32, 33, 34, 35]]], [[36, [36, 44, 43, 42]]], [[41, [41, 40, 37, 38]]], [[39, [29, 30, 28, 31]]], [[39, [39, 50, 49, 48]]], [[26, [26, 25]]], [[45, [45, 46, 47]]]]]",720.6124969,"[[[[0, [7, 5, 6, 4, 3, 2, 8, 1]], [8, []], [2, []], [3, []], [4, []], [6, []], [5, []], [7, []], [21, [21, 19, 20, 18]], [20, []], [18, []], [19, [38, 29, 30, 25]], [22, [22]], [37, [37, 50, 40, 41]], [38, []], [29, []], [30, []], [50, []], [25, []], [40, []], [41, []], [42, [42, 43, 44, 36]], [43, []], [44, []], [36, []], [1, []]], [[0, []], [15, [15, 11, 12, 10]], [11, []], [12, []], [10, []], [9, [9, 23, 17, 13]], [17, []], [32, [32, 33, 34, 35, 24, 27, 26]], [33, []], [34, []], [35, []], [23, [39, 31, 28]], [24, []], [39, []], [27, []], [26, []], [48, [48, 49, 14, 16]], [49, []], [31, []], [28, []], [13, []], [14, []], [16, []], [45, [45, 46, 47]], [46, []], [47, []]]], [[[21, [21, 19, 20, 18]]], [[15, [15, 11, 12, 10]]], [[9, [9, 23, 17, 13]]], [[32, [24, 27, 26]]], [[32, [32, 33, 34, 35]]], [[19, [38, 29, 30, 25]]], [[23, [39, 31, 28]], [22, [22]]], [[37, [37, 50, 40, 41]]], [[48, [48, 49, 14, 16]]], [[42, [42, 43, 44, 36]]], [[45, [45, 46, 47]]]]]"
test_data/data_demand_random_50_batch_all1_equal_cluster/C201_1.dat,4,120,2,5,621.3553391,"[[[[0, [2, 1, 5]], [1, []], [2, []], [10, [10, 12, 11, 14]], [12, []], [11, []], [14, []], [13, [13, 15, 24, 23]], [15, []], [26, [26, 27, 29, 30]], [27, []], [29, []], [30, []], [40, [40, 43, 44, 42]], [24, []], [23, []], [42, []], [43, []], [44, []], [36, [36, 41, 37]], [41, [38, 50, 49, 48]], [37, []], [38, []], [39, [39, 31, 28, 25]], [50, []], [49, []], [48, []], [31, []], [28, []], [25, []], [5, []]], [[0, [7, 8, 4, 3]], [4, [6]], [6, []], [7, []], [8, []], [21, [21, 20, 19, 17]], [20, [18, 22, 16, 9]], [19, []], [17, []], [32, [32, 33, 34, 35]], [33, []], [34, []], [35, []], [18, []], [22, []], [3, []], [45, [45, 47, 46]], [47, []], [46, []], [16, []], [9, []]]], [[[4, [6]]], [[10, [10, 12, 11, 14]]], [[13, [13, 15, 24, 23]]], [[21, [21, 20, 19, 17]]], [[20, [18, 22, 16, 9]]], [[26, [26, 27, 29, 30]]], [[32, [32, 33, 34, 35]]], [[40, [40, 43, 44, 42]]], [[36, [36, 41, 37]]], [[41, [38, 50, 49, 48]]], [[39, [39, 31, 28, 25]]], [[45, [45, 47, 46]]]]]",663.6864061,"[[[[0, [4, 3, 1]], [3, []], [1, []], [10, [10, 14, 13]], [14, []], [13, []], [4, []], [23, [23, 24, 31]], [24, []], [36, [36, 44, 43, 30]], [44, []], [43, []], [42, [42, 41, 40, 28]], [41, []], [40, []], [37, [38, 39, 37]], [38, []], [39, [45, 46, 47]], [30, []], [31, []], [28, []], [45, []], [46, []], [47, []]], [[0, [7, 8, 5, 2]], [5, []], [2, []], [22, [22, 19, 6, 15]], [21, [21, 20, 18, 16]], [20, [26]], [19, [17, 27, 25, 11]], [32, [32, 33, 35, 34]], [33, []], [34, []], [35, []], [18, []], [17, []], [8, []], [7, []], [6, []], [26, []], [27, []], [48, [48, 49, 50]], [49, []], [50, []], [29, [29, 12, 9]], [25, []], [15, []], [11, []], [16, []], [12, []], [9, []]]], [[[22, [22, 19, 6, 15]]], [[10, [10, 14, 13]]], [[21, [21, 20, 18, 16]]], [[20, [26]], [23, [23, 24, 31]]], [[19, [17, 27, 25, 11]]], [[32, [32, 33, 35, 34]]], [[36, [36, 44, 43, 30]]], [[42, [42, 41, 40, 28]]], [[37, [38, 39, 37]]], [[39, [45, 46, 47]]], [[48, [48, 49, 50]]], [[29, [29, 12, 9]]]]]"
test_data/data_demand_random_50_batch_all1_equal_cluster/C201_1.dat,8,60,2,2,622.7099203,"[[[[0, [2, 1, 3]], [1, []], [9, [9]], [2, []], [20, [20, 17, 18, 24]], [17, []], [32, [32, 33, 34, 25, 36, 35, 27, 26]], [33, []], [34, []], [18, [41, 37, 38, 39, 42, 44, 43, 40]], [35, []], [36, []], [44, []], [43, []], [42, []], [41, []], [24, []], [40, []], [37, []], [38, []], [39, []], [27, []], [26, []], [25, []], [3, []]], [[0, [4, 8, 6, 5, 7]], [6, []], [4, []], [8, []], [19, [19, 23, 10, 11, 14, 13, 12, 21]], [21, []], [23, []], [22, [22]], [7, []], [13, []], [10, []], [11, []], [14, []], [12, []], [16, [46, 47, 45, 28, 31, 29, 30, 48, 49, 50, 16, 15]], [46, []], [47, []], [45, []], [15, []], [28, []], [31, []], [48, []], [49, []], [50, []], [30, []], [29, []], [5, []]]], [[[9, [9]]], [[19, [19, 23, 10, 11, 14, 13, 12, 21]]], [[20, [20, 17, 18, 24]]], [[22, [22]]], [[32, [32, 33, 34, 25, 36, 35, 27, 26]]], [[18, [41, 37, 38, 39, 42, 44, 43, 40]]], [[16, [46, 47, 45, 28, 31, 29, 30, 16]]], [[16, [48, 49, 50, 15]]]]]",,None
test_data/data_demand_random_50_batch_all1_equal_cluster/C201_1.dat,8,60,2,3,608.2982213,"[[[[0, [7, 6]], [7, []], [6, []], [13, [13, 11, 10, 9, 12, 15, 14, 16]], [16, []], [11, []], [10, []], [9, []], [12, [26, 27, 29, 30, 31, 28, 25]], [26, []], [27, []], [25, [50, 49, 48, 45, 46, 47]], [29, []], [30, []], [50, []], [49, []], [48, []], [31, []], [28, []], [15, []], [14, []], [45, []], [46, []], [47, []]], [[0, [3, 4, 5, 8, 2, 1]], [3, []], [4, []], [5, []], [8, []], [19, [19, 20, 21, 23, 22, 17, 18, 24]], [20, []], [21, []], [23, []], [22, []], [17, []], [18, [33, 32, 34, 35, 36]], [33, []], [32, [44, 43, 42, 41, 40, 37, 38, 39]], [34, []], [35, []], [36, []], [44, []], [43, []], [42, []], [41, []], [40, []], [24, []], [37, []], [38, []], [39, []], [2, []], [1, []]]], [[[13, [13, 11, 10, 9, 12, 15, 14, 16]]], [[19, [19, 20, 21, 23, 22, 17, 18, 24]]], [[12, [26, 27, 29, 30, 31, 28, 25]]], [[18, [33, 32, 34, 35, 36]]], [[32, [44, 43, 42, 41, 40, 37, 38, 39]]], [[25, [50, 49, 48, 45, 46, 47]]]]]",663.6815417,"[[[[0, [4, 5, 7, 1, 2, 8]], [5, []], [4, []], [1, []], [2, []], [7, []], [21, [21, 20, 17, 18]], [8, [30, 29, 9]], [20, []], [17, []], [34, [34, 33, 32, 35, 36]], [33, []], [32, [44, 43, 42]], [35, []], [18, [41, 40, 37, 38, 39, 50]], [36, []], [44, []], [43, []], [42, []], [41, []], [40, []], [37, []], [38, []], [39, []], [50, []], [30, []], [29, []], [9, []]], [[0, [6, 3]], [12, [12, 14, 13, 10, 15, 11]], [15, []], [11, []], [14, []], [13, []], [10, []], [19, [25, 26, 27, 31, 28, 16, 19, 22, 24, 23]], [22, []], [24, []], [23, []], [6, []], [25, [49, 48, 46, 47, 45]], [26, []], [27, []], [49, []], [48, []], [31, []], [28, []], [16, []], [46, []], [47, []], [45, []], [3, []]]], [[[12, [12, 14, 13, 10, 15, 11]]], [[21, [21, 20, 17, 18]]], [[19, [19, 22, 24, 23]], [8, [30, 29, 9]]], [[19, [25, 26, 27, 31, 28, 16]]], [[34, [34, 33, 32, 35, 36]]], [[32, [44, 43, 42]]], [[18, [41, 40, 37, 38, 39, 50]]], [[25, [49, 48, 46, 47, 45]]]]]"
test_data/data_demand_random_50_batch_all1_equal_cluster/C201_1.dat,8,60,2,5,618.6124969,"[[[[0, [1, 4, 2, 7, 8]], [4, []], [2, []], [9, [9, 14]], [8, []], [19, [19, 17, 18, 24, 23, 22]], [17, []], [18, []], [32, [32, 34, 33, 35]], [34, []], [33, []], [35, []], [24, []], [23, []], [22, [45, 46, 47]], [7, []], [1, []], [14, []], [45, []], [46, []], [47, []]], [[0, [3, 6, 5]], [3, []], [15, [15, 13, 16, 12, 10, 11]], [10, []], [11, []], [12, []], [16, []], [13, []], [6, []], [5, [29, 30, 31, 28, 21, 20]], [29, []], [30, []], [31, []], [28, []], [25, [48, 49, 50, 40, 41, 42, 37, 39, 38, 43, 44, 25, 26, 27, 36]], [26, []], [27, []], [48, []], [49, []], [50, []], [39, []], [38, []], [37, []], [40, []], [41, []], [42, []], [43, []], [44, []], [36, []], [21, []], [20, []]]], [[[9, [9, 14]]], [[15, [15, 13, 16, 12, 10, 11]]], [[19, [19, 17, 18, 24, 23, 22]]], [[32, [32, 34, 33, 35]]], [[5, [29, 30, 31, 28, 21, 20]]], [[25, [38, 43, 44, 25, 26, 27, 36]]], [[25, [48, 49, 50, 40, 41, 42, 37, 39]]], [[22, [45, 46, 47]]]]]",,None
test_data/data_demand_random_50_batch_all1_equal_cluster/C201_1.dat,8,90,2,2,598.0788655,"[[[[0, [4, 6, 7, 5, 2]], [7, []], [6, []], [2, []], [5, []], [4, []], [19, [19, 22, 24, 26, 27, 31, 28]], [21, [21, 23, 30, 29]], [22, []], [23, []], [24, []], [36, [36, 44, 42, 41, 40, 37, 38, 43]], [44, []], [43, []], [42, []], [41, []], [40, []], [37, []], [38, []], [39, [39, 48, 49, 50, 25]], [48, []], [49, []], [50, []], [30, []], [29, []], [27, []], [31, []], [28, []], [26, []], [25, []]], [[0, [3, 8, 1]], [1, []], [3, []], [9, [9, 12, 11, 13, 15, 14, 10]], [12, []], [11, []], [10, []], [13, []], [15, [17, 18]], [14, []], [8, []], [17, []], [32, [32, 33, 34, 35, 20, 16]], [33, []], [34, []], [35, []], [18, []], [20, []], [16, []], [45, [45, 46, 47]], [46, []], [47, []]]], [[[9, [9, 12, 11, 13, 15, 14, 10]]], [[15, [17, 18]]], [[19, [19, 22, 24, 26, 27, 31, 28]]], [[21, [21, 23, 30, 29]]], [[32, [32, 33, 34, 35, 20, 16]]], [[36, [36, 44, 42, 41, 40, 37, 38, 43]]], [[45, [45, 46, 47]]], [[39, [39, 48, 49, 50, 25]]]]]",654.7703296,"[[[[0, [3, 2]], [2, []], [15, [15, 11, 12]], [11, []], [12, []], [8, [20, 19, 17, 18, 8]], [20, []], [19, []], [17, []], [18, []], [32, [32, 33, 34, 35, 21]], [33, []], [34, []], [35, []], [21, []], [36, [36, 42, 41, 40, 37, 38, 43, 44]], [43, []], [44, []], [42, []], [41, []], [40, []], [37, []], [38, []], [39, [39, 48, 49, 50]], [48, []], [49, []], [50, []], [3, []]], [[0, [1, 7, 6, 4, 5]], [9, [9]], [1, []], [7, []], [13, [13, 22, 24, 23, 14, 10, 16]], [22, []], [24, []], [23, []], [6, []], [4, []], [5, []], [25, [25, 26, 27, 29, 30, 31, 28]], [26, []], [27, []], [29, []], [30, []], [31, []], [28, []], [14, []], [10, []], [16, []], [45, [45, 46, 47]], [46, []], [47, []]]], [[[15, [15, 11, 12]], [9, [9]]], [[8, [20, 19, 17, 18, 8]]], [[13, [13, 22, 24, 23, 14, 10, 16]]], [[25, [25, 26, 27, 29, 30, 31, 28]]], [[32, [32, 33, 34, 35, 21]]], [[36, [36, 42, 41, 40, 37, 38, 43, 44]]], [[45, [45, 46, 47]]], [[39, [39, 48, 49, 50]]]]]"
test_data/data_demand_random_50_batch_all1_equal_cluster/C201_1.dat,8,90,2,4,588.2982213,"[[[[0, []], [11, [11, 12, 16, 14, 9, 15]], [12, []], [16, []], [14, []], [15, []], [25, [25, 28, 27, 26, 24, 23]], [24, []], [23, []], [36, [36]], [44, [44, 43, 42, 41, 40, 37, 38]], [43, []], [42, []], [41, []], [40, []], [37, []], [38, []], [39, [39, 29, 30, 31, 50, 49, 48]], [29, []], [30, []], [50, []], [49, []], [48, []], [31, []], [28, []], [27, []], [26, []], [9, []]], [[0, [7, 4, 5, 1, 3, 2, 6]], [1, []], [4, []], [5, []], [3, []], [2, []], [7, []], [6, []], [22, [22, 20, 21, 19, 17, 18, 13, 10]], [20, []], [21, []], [8, [35, 34, 33, 32, 8]], [19, []], [17, []], [18, []], [35, []], [34, []], [33, []], [32, []], [47, [47, 46, 45]], [46, []], [45, []], [13, []], [10, []]]], [[[11, [11, 12, 16, 14, 9, 15]]], [[22, [22, 20, 21, 19, 17, 18, 13, 10]]], [[25, [25, 28, 27, 26, 24, 23]]], [[8, [35, 34, 33, 32, 8]]], [[36, [36]]], [[44, [44, 43, 42, 41, 40, 37, 38]]], [[39, [39, 29, 30, 31, 50, 49, 48]]], [[47, [47, 46, 45]]]]]",590.0788655,"[[[[0, [4, 2, 5, 6, 1, 7, 8]], [5, []], [6, []], [4, []], [2, []], [1, []], [7, []], [8, []], [20, [20, 18, 22, 23, 24]], [18, []], [22, [29, 30, 27]], [24, []], [23, []], [36, [36, 44, 43, 42, 41, 40, 37, 38]], [44, []], [43, []], [42, []], [41, []], [40, []], [37, []], [38, []], [39, [39, 50, 49, 48, 31, 28, 26, 25]], [29, []], [30, []], [50, []], [49, []], [48, []], [31, []], [28, []], [27, []], [26, []], [25, []]], [[0, [3]], [3, []], [15, [15]], [21, [21, 14, 16]], [19, [19, 17, 9, 12, 11, 10, 13]], [35, [35, 34, 33, 32]], [34, []], [33, []], [32, []], [17, []], [9, []], [12, []], [11, []], [10, []], [13, []], [14, []], [16, []], [45, [45, 46, 47]], [46, []], [47, []]]], [[[15, [15]]], [[20, [20, 18, 22, 23, 24]], [21, [21, 14, 16]]], [[19, [19, 17, 9, 12, 11, 10, 13]]], [[22, [29, 30, 27]]], [[35, [35, 34, 33, 32]]], [[36, [36, 44, 43, 42, 41, 40, 37, 38]]], [[45, [45, 46, 47]]], [[39, [39, 50, 49, 48, 31, 28, 26, 25]]]]]"
test_data/data_demand_random_50_batch_all1_equal_cluster/C201_1.dat,8,120,2,1,590.0788655,"[[[[0, [7, 8]], [9, [9, 13, 10, 11, 16]], [13, []], [7, [21, 20, 17, 18, 19]], [21, []], [20, []], [17, []], [32, [32, 33, 34, 35]], [33, []], [34, []], [35, []], [18, []], [19, []], [8, []], [10, []], [11, []], [16, []], [45, [45, 46, 47]], [46, []], [47, []]], [[0, [1, 2, 4, 6, 5, 3]], [1, []], [14, [14, 15, 12]], [15, []], [12, []], [2, [22, 24, 23, 29, 30, 31, 28, 27]], [4, []], [6, []], [22, []], [24, []], [23, []], [36, [36, 44, 43, 42, 41, 40, 37, 38]], [44, []], [43, []], [42, []], [41, []], [40, []], [37, []], [38, []], [39, [39, 50, 49, 48, 26, 25]], [29, []], [30, []], [50, []], [49, []], [48, []], [31, []], [28, []], [27, []], [26, []], [25, []], [5, []], [3, []]]], [[[9, [9, 13, 10, 11, 16]]], [[14, [14, 15, 12]]], [[7, [21, 20, 17, 18, 19]]], [[2, [22, 24, 23, 29, 30, 31, 28, 27]]], [[36, [36, 44, 43, 42, 41, 40, 37, 38]]], [[32, [32, 33, 34, 35]]], [[39, [39, 50, 49, 48, 26, 25]]], [[45, [45, 46, 47]]]]]",651,"[[[[0, [3, 8, 2, 5, 4, 7]], [5, []], [4, []], [3, []], [2, []], [8, []], [22, [22, 24, 13, 20, 23, 18, 19, 17]], [20, []], [19, []], [17, []], [18, []], [32, [32, 33, 34, 35, 21]], [33, []], [34, []], [35, []], [23, [41, 40, 45, 46, 47]], [24, []], [41, []], [40, []], [21, []], [7, []], [13, []], [45, []], [46, []], [47, []]], [[0, [1, 6]], [1, []], [15, [15, 14, 16, 12, 11, 10, 9]], [14, []], [16, []], [12, []], [11, []], [10, []], [9, []], [25, [25, 26, 27, 28, 31, 30, 29]], [26, []], [27, []], [28, []], [31, []], [30, [36]], [29, []], [6, []], [42, [42, 44, 37, 38, 39, 48, 49, 50]], [36, []], [44, []], [43, [43]], [37, []], [38, []], [39, []], [48, []], [49, []], [50, []]]], [[[22, [22, 24, 13, 20, 23, 18, 19, 17]]], [[15, [15, 14, 16, 12, 11, 10, 9]]], [[25, [25, 26, 27, 28, 31, 30, 29]]], [[32, [32, 33, 34, 35, 21]]], [[30, [36]]], [[42, [42, 44, 37, 38, 39, 48, 49, 50]]], [[43, [43]], [23, [41, 40, 45, 46, 47]]]]]"
test_data/data_demand_random_50_batch_all1_equal_cluster/C201_1.dat,8,120,2,2,590.0788655,"[[[[0, [8]], [14, [14, 10, 12, 11, 16, 9]], [10, []], [8, [19, 20, 18, 17]], [19, []], [20, []], [18, []], [33, [33, 32, 34, 35]], [32, []], [34, []], [35, []], [17, []], [12, []], [11, []], [16, []], [45, [45, 47, 46]], [47, []], [46, []], [9, []]], [[0, [2, 6, 5, 1, 4, 7, 3]], [1, []], [2, []], [4, []], [6, []], [5, []], [15, [15, 13]], [13, []], [7, [26, 27, 29, 25, 21, 22, 24, 23]], [21, []], [22, []], [24, []], [23, []], [36, [36, 44, 43, 42, 41, 40, 37, 38]], [44, []], [43, []], [42, []], [41, []], [40, []], [37, []], [38, []], [39, [39, 30, 31, 28, 50, 49, 48]], [30, []], [50, []], [49, []], [48, []], [31, []], [28, []], [26, []], [27, []], [29, []], [25, []], [3, []]]], [[[14, [14, 10, 12, 11, 16, 9]]], [[15, [15, 13]]], [[8, [19, 20, 18, 17]]], [[7, [26, 27, 29, 25, 21, 22, 24, 23]]], [[33, [33, 32, 34, 35]]], [[36, [36, 44, 43, 42, 41, 40, 37, 38]]], [[39, [39, 30, 31, 28, 50, 49, 48]]], [[45, [45, 47, 46]]]]]",590.0788655,"[[[[0, [6, 1]], [16, [16]], [13, [13, 22, 24, 23]], [1, []], [6, []], [22, []], [24, []], [23, []], [36, [36, 44, 43, 42, 41, 40, 37, 38, 31, 28, 26, 25]], [44, []], [43, []], [42, []], [41, []], [40, []], [37, []], [38, []], [39, [39, 29, 30, 50, 49, 48, 27]], [29, []], [30, []], [50, []], [49, []], [48, []], [31, []], [28, []], [27, []], [26, []], [25, []]], [[0, [2, 3, 7, 8, 4, 5]], [8, []], [2, []], [4, []], [5, []], [3, []], [7, []], [21, [21, 20, 19, 17, 18, 14, 15, 10]], [20, []], [19, []], [17, []], [18, []], [35, [35, 34, 33, 32]], [34, []], [33, []], [32, []], [47, [47, 46, 45, 12, 11, 9]], [46, []], [45, []], [14, []], [15, []], [10, []], [12, []], [11, []], [9, []]]], [[[16, [16]]], [[13, [13, 22, 24, 23]]], [[21, [21, 20, 19, 17, 18, 14, 15, 10]]], [[36, [31, 28, 26, 25]], [35, [35, 34, 33, 32]]], [[36, [36, 44, 43, 42, 41, 40, 37, 38]]], [[39, [39, 29, 30, 50, 49, 48, 27]]], [[47, [47, 46, 45, 12, 11, 9]]]]]"
test_data/data_demand_random_50_batch_all1_equal_cluster/C201_1.dat,8,120,2,3,590.0788655,"[[[[0, [1, 6, 2, 7]], [1, []], [6, []], [2, []], [7, []], [19, [19, 21, 20, 17, 16, 13, 12, 14]], [21, []], [20, []], [17, []], [35, [35, 33, 32, 34, 9, 10, 15, 11]], [33, []], [32, []], [34, []], [47, [47, 46, 45]], [46, []], [45, []], [16, []], [14, []], [15, []], [13, []], [11, []], [12, []], [10, []], [9, []]], [[0, [8, 3, 5, 4]], [8, []], [3, []], [5, []], [4, []], [18, [18, 22, 24, 23, 28, 31, 26, 27]], [22, []], [24, []], [23, []], [36, [36, 44, 43, 42, 41, 40, 37, 38]], [44, []], [43, []], [42, []], [41, []], [40, []], [37, []], [38, []], [39, [39, 50, 49, 48, 29, 25, 30]], [30, []], [50, []], [49, []], [48, []], [31, []], [28, []], [26, []], [27, []], [29, []], [25, []]]], [[[19, [19, 21, 20, 17, 16, 13, 12, 14]]], [[18, [18, 22, 24, 23, 28, 31, 26, 27]]], [[35, [35, 33, 32, 34, 9, 10, 15, 11]]], [[36, [36, 44, 43, 42, 41, 40, 37, 38]]], [[39, [39, 50, 49, 48, 29, 25, 30]]], [[47, [47, 46, 45]]]]]",598.0788655,"[[[[0, [1, 8, 7]], [8, []], [7, []], [1, []], [9, [9, 18, 16, 12, 15, 13, 10, 14]], [19, [19, 20, 11]], [20, []], [18, []], [35, [35, 34, 33, 32]], [34, []], [33, []], [32, []], [47, [47, 46, 45]], [46, []], [45, []], [14, []], [16, []], [12, []], [15, []], [13, []], [10, []], [11, []]], [[0, [5, 3, 4, 6, 2]], [2, []], [3, []], [5, []], [6, []], [4, []], [21, [21, 22, 17, 24, 23]], [22, []], [17, []], [24, []], [23, []], [36, [36, 44, 43, 42, 41, 40, 37, 38, 27, 26, 28]], [44, []], [43, []], [42, []], [41, []], [40, []], [37, []], [38, []], [39, [39, 50, 49, 48, 31, 30, 29, 25]], [50, []], [49, []], [48, []], [27, []], [26, []], [28, []], [31, []], [30, []], [29, []], [25, []]]], [[[9, [9, 18, 16, 12, 15, 13, 10, 14]]], [[21, [21, 22, 17, 24, 23]]], [[19, [19, 20, 11]]], [[36, [27, 26, 28]], [35, [35, 34, 33, 32]]], [[36, [36, 44, 43, 42, 41, 40, 37, 38]]], [[39, [39, 50, 49, 48, 31, 30, 29, 25]]], [[47, [47, 46, 45]]]]]"
test_data/data_demand_random_50_batch_all1_equal_cluster/C201_1.dat,8,120,2,5,590.0788655,"[[[[0, [8]], [8, []], [19, [19, 21, 20, 18, 14, 17, 12, 10]], [21, []], [20, []], [17, []], [32, [32, 33, 34, 35, 13, 16, 9, 11]], [33, []], [34, []], [35, []], [18, []], [9, []], [12, []], [14, []], [13, []], [10, []], [11, []], [16, []], [45, [45, 46, 47]], [46, []], [47, []]], [[0, [6, 1, 4, 7, 2, 5, 3]], [1, []], [7, []], [15, [15]], [6, [24]], [4, [29, 30, 31, 28, 26, 27, 25]], [2, []], [22, [22, 23]], [23, []], [24, []], [36, [36, 44, 43, 42, 41, 40, 37, 38]], [44, []], [43, []], [42, []], [41, []], [40, []], [37, []], [38, []], [39, [39, 50, 49, 48]], [29, []], [30, []], [50, []], [49, []], [48, []], [31, []], [28, []], [26, []], [27, []], [25, []], [5, []], [3, []]]], [[[15, [15]]], [[19, [19, 21, 20, 18, 14, 17, 12, 10]]], [[6, [24]]], [[4, [29, 30, 31, 28, 26, 27, 25]]], [[22, [22, 23]]], [[32, [32, 33, 34, 35, 13, 16, 9, 11]]], [[36, [36, 44, 43, 42, 41, 40, 37, 38]]], [[39, [39, 50, 49, 48]]], [[45, [45, 46, 47]]]]]",653.7099203,"[[[[0, [7, 3, 5, 1]], [5, [8]], [1, []], [7, []], [8, []], [20, [20, 19, 17, 18, 21, 27, 28, 26]], [19, []], [17, []], [18, []], [32, [32, 33, 34, 35, 31]], [33, []], [34, [37, 38, 39]], [35, []], [21, []], [37, []], [38, []], [39, []], [27, []], [26, []], [28, []], [31, []], [48, [48, 49, 50, 30, 29, 25]], [49, []], [50, []], [30, []], [29, []], [25, []], [3, []]], [[0, [6, 2, 4]], [16, [16, 12, 9, 13, 11, 10, 24, 23]], [12, []], [9, []], [13, []], [11, []], [10, []], [2, []], [4, []], [6, []], [36, [36, 40, 22, 15, 14]], [44, [44, 42, 43, 45, 46, 47, 41]], [43, []], [42, []], [41, []], [40, []], [24, []], [23, []], [22, []], [15, []], [14, []], [45, []], [46, []], [47, []]]], [[[16, [16, 12, 9, 13, 11, 10, 24, 23]]], [[5, [8]]], [[20, [20, 19, 17, 18, 21, 27, 28, 26]]], [[32, [32, 33, 34, 35, 31]]], [[34, [37, 38, 39]], [36, [36, 40, 22, 15, 14]]], [[44, [44, 42, 43, 45, 46, 47, 41]]], [[48, [48, 49, 50, 30, 29, 25]]]]]"
test_data/data_demand_random_50_batch_all1_equal_random/C201_1.dat,4,60,2,1,663.3238076,"[[[[0, [10, 12, 11, 9, 8]], [12, []], [11, []], [10, [25, 18, 15, 20]], [25, []], [18, []], [40, [40, 21, 19, 30]], [34, [34, 23, 26, 31]], [30, []], [20, []], [42, [42, 44, 50, 33]], [15, []], [21, []], [9, []], [44, []], [50, []], [19, []], [8, []], [23, []], [26, []], [33, []], [45, [45, 48, 22, 29]], [31, []], [48, []], [22, []], [29, []]], [[0, [3, 4]], [2, [2, 6, 5, 7, 16, 13, 14, 1]], [3, []], [6, []], [5, []], [28, [28, 27, 17, 24]], [1, []], [46, [46, 39, 43, 32]], [32, [49, 47, 35, 37]], [27, []], [49, []], [7, []], [16, []], [13, []], [39, []], [47, []], [14, []], [43, []], [17, []], [35, []], [4, []], [37, []], [24, []], [41, [41, 38, 36]], [38, []], [36, []]]], [[[2, [6, 7, 16, 13]]], [[2, [2, 5, 14, 1]]], [[10, [25, 18, 15, 20]]], [[28, [28, 27, 17, 24]]], [[40, [40, 21, 19, 30]]], [[46, [46, 39, 43, 32]]], [[34, [34, 23, 26, 31]]], [[32, [49, 47, 35, 37]]], [[41, [41, 38, 36]]], [[42, [42, 44, 50, 33]]], [[45, [45, 48, 22, 29]]]]]",778.4645996,"[[[[0, []], [2, [6, 5, 7, 16, 13, 15, 14, 9, 3, 2, 1]], [6, []], [5, []], [3, []], [7, []], [16, []], [13, []], [15, [27, 49, 32, 47, 39, 46, 34, 21]], [27, []], [49, []], [32, []], [14, []], [47, []], [39, []], [21, []], [9, []], [46, [44, 42, 20]], [44, []], [42, []], [34, []], [1, []], [20, []]], [[0, [11, 12, 8, 4]], [11, []], [12, []], [18, [18, 10, 19, 23]], [10, [25, 28, 26, 22]], [25, []], [31, [31, 30, 29, 40]], [29, []], [28, [50, 48, 36, 33, 45, 37, 17]], [50, []], [19, []], [8, []], [23, []], [26, []], [33, []], [40, []], [48, []], [22, []], [45, []], [30, []], [36, []], [41, [41, 38, 43, 24, 35]], [38, []], [37, []], [43, []], [17, []], [35, []], [4, []], [24, []]]], [[[2, [3, 2, 1]]], [[2, [13, 15, 14, 9]]], [[2, [6, 5, 7, 16]]], [[18, [18, 10, 19, 23]]], [[10, [25, 28, 26, 22]]], [[15, [27, 32, 34, 21]]], [[31, [31, 30, 29, 40]]], [[15, [49, 47, 39, 46]]], [[28, [33, 45, 17]]], [[28, [50, 48, 36, 37]]], [[41, [41, 43, 24, 35]]], [[41, [38]], [46, [44, 42, 20]]]]]"
test_data/data_demand_random_50_batch_all1_equal_random/C201_1.dat,4,60,2,2,642.6370155,"[[[[0, [4]], [10, [10, 11, 7, 14, 13, 16, 12]], [11, []], [12, []], [20, [20, 24, 17]], [36, [36, 37, 35, 43]], [24, []], [37, []], [35, []], [4, []], [17, [47, 39, 49, 27]], [43, []], [14, []], [47, []], [39, []], [13, []], [16, []], [7, []], [49, []], [27, []], [32, [32, 38, 41]], [38, []], [41, []]], [[0, [2, 1, 3]], [2, []], [1, [9, 5, 6, 8]], [9, []], [3, []], [5, []], [6, []], [28, [28, 25, 26, 23, 15, 30, 22, 18]], [29, [29, 33, 34, 40]], [22, []], [40, []], [18, []], [48, [48, 45, 44, 21, 42, 46]], [25, []], [31, [31, 19, 50]], [45, []], [33, []], [26, []], [23, []], [8, []], [19, []], [50, []], [44, []], [21, []], [15, []], [42, []], [34, []], [46, []], [30, []]]], [[[10, [7, 14, 13, 16]]], [[1, [9, 5, 6, 8]]], [[10, [10, 11, 12]]], [[28, [26, 23, 15, 22]]], [[28, [28, 25, 30, 18]]], [[29, [29, 33, 34, 40]]], [[20, [20, 24, 17]]], [[36, [36, 37, 35, 43]]], [[48, [48, 45, 42, 46]]], [[48, [44, 21]]], [[17, [47, 39, 49, 27]]], [[31, [31, 19, 50]]], [[32, [32, 38, 41]]]]]",,None
test_data/data_demand_random_50_batch_all1_equal_random/C201_1.dat,4,60,2,3,635.7630546,"[[[[0, [3, 2]], [2, []], [1, [1, 6, 5, 10, 12, 8, 9]], [3, []], [6, []], [5, []], [29, [29, 25, 31, 22]], [10, []], [12, []], [25, []], [31, []], [22, []], [45, [45, 48, 40, 28]], [48, []], [40, []], [28, [33, 26, 23, 19, 50, 44, 21, 30]], [33, []], [26, []], [23, []], [8, []], [19, []], [50, []], [44, []], [9, []], [21, []], [42, [42, 34, 46]], [34, []], [46, []], [30, []]], [[0, [11, 14, 13, 7, 4]], [11, []], [18, [18, 20, 15, 16]], [20, [35, 37]], [36, [36, 41, 38]], [41, [32, 43, 17, 24]], [38, []], [32, []], [15, [47, 39, 49, 27]], [14, []], [47, []], [39, []], [13, []], [16, []], [7, []], [49, []], [27, []], [43, []], [17, []], [35, []], [4, []], [37, []], [24, []]]], [[[1, [6, 10, 12, 8]]], [[1, [1, 5, 9]]], [[18, [18, 20, 15, 16]]], [[29, [29, 25, 31, 22]]], [[20, [35, 37]]], [[36, [36, 41, 38]]], [[41, [32, 43, 17, 24]]], [[45, [45, 48, 40, 28]]], [[15, [47, 39, 49, 27]]], [[28, [33, 26, 23, 19]]], [[28, [50, 44, 21, 30]]], [[42, [42, 34, 46]]]]]",,None
test_data/data_demand_random_50_batch_all1_equal_random/C201_1.dat,4,60,2,4,646.132746,"[[[[0, [3, 5, 6]], [3, []], [5, []], [6, []], [22, [22, 24, 28, 26, 19, 23, 20]], [20, []], [36, [36, 15, 21, 33, 25, 31, 9, 8]], [24, [44, 41, 29]], [41, []], [15, [40, 50, 48, 45]], [21, []], [9, []], [44, []], [50, []], [19, []], [8, []], [23, []], [26, []], [33, []], [28, []], [40, []], [48, []], [25, []], [31, []], [45, []], [29, []]], [[0, [4, 2, 1]], [1, []], [2, []], [18, [18, 11, 13, 12, 17, 10]], [10, []], [12, []], [11, []], [4, [35, 43, 37, 46]], [35, []], [17, []], [43, []], [37, []], [38, [32, 14, 27, 38, 7, 47, 30]], [32, [39, 16, 49, 42, 34]], [14, []], [47, []], [39, []], [13, []], [16, []], [7, []], [49, []], [27, []], [42, []], [34, []], [46, []], [30, []]]], [[[18, [12, 17, 10]]], [[18, [18, 11, 13]]], [[22, [22, 24, 28, 20]]], [[22, [26, 19, 23]]], [[36, [15, 21, 33, 25]]], [[36, [36, 31, 9, 8]]], [[4, [35, 43, 37, 46]]], [[24, [44, 41, 29]]], [[15, [40, 50, 48, 45]]], [[38, [32, 14, 27, 7]]], [[38, [38, 47, 30]]], [[32, [39, 16]]], [[32, [49, 42, 34]]]]]",,None
test_data/data_demand_random_50_batch_all1_equal_random/C201_1.dat,4,90,2,1,608.7308492,"[[[[0, [1, 3, 2]], [2, []], [1, [4, 9]], [3, []], [9, []], [21, [21, 15, 7]], [15, []], [4, []], [35, [35, 16, 17, 14]], [17, []], [43, [43, 32, 13]], [14, []], [47, [47, 39, 27, 24]], [39, []], [13, []], [16, []], [7, []], [49, [49, 37, 41, 36]], [27, []], [32, []], [38, [38, 20, 30]], [37, []], [24, []], [41, []], [36, []], [20, []], [30, []]], [[0, []], [11, [11, 12, 8, 5, 6]], [12, []], [22, [22, 25, 23, 26]], [29, [29, 19, 10, 18]], [18, []], [10, [31, 28, 34]], [25, []], [31, []], [45, [45, 33, 42, 40]], [48, [48, 50, 44, 46]], [40, []], [28, []], [26, []], [33, []], [6, []], [5, []], [23, []], [8, []], [19, []], [50, []], [44, []], [42, []], [34, []], [46, []]]], [[[1, [4, 9]]], [[11, [6]]], [[11, [11, 12, 8, 5]]], [[21, [21, 15, 7]]], [[22, [22, 25, 23, 26]]], [[29, [29, 19, 10, 18]]], [[10, [31, 28, 34]]], [[35, [35, 16, 17, 14]]], [[43, [43, 32, 13]]], [[45, [45, 33, 42, 40]]], [[48, [48, 50, 44, 46]]], [[47, [47, 39, 27, 24]]], [[49, [49, 37, 41, 36]]], [[38, [38, 20, 30]]]]]",,None
test_data/data_demand_random_50_batch_all1_equal_random/C201_1.dat,4,90,2,3,627.3573373,"[[[[0, [1]], [1, [4]], [12, [12, 11, 10, 18]], [11, []], [10, []], [31, [31, 25, 22, 29]], [25, []], [40, [40, 17, 20, 24]], [18, []], [29, []], [48, [48, 45, 35, 38]], [22, []], [45, []], [20, []], [24, []], [4, []], [35, []], [17, []], [43, [43, 37, 41, 36]], [37, []], [38, []], [41, []], [36, []]], [[0, [2, 3]], [2, []], [3, []], [6, [6, 5, 9, 7]], [5, []], [9, []], [7, [15, 13, 16, 14]], [16, []], [13, []], [32, [32, 27, 23, 26]], [15, []], [27, []], [14, []], [47, [47, 39, 49, 44]], [39, []], [49, []], [21, [21, 28, 19, 8]], [44, []], [50, [50, 33, 42, 34]], [19, []], [8, []], [23, []], [26, []], [33, []], [28, []], [42, []], [34, []], [46, [46, 30]], [30, []]]], [[[1, [4]]], [[6, [6, 5, 9, 7]]], [[12, [12, 11, 10, 18]]], [[7, [15, 13, 16, 14]]], [[31, [31, 25, 22, 29]]], [[32, [32, 27, 23, 26]]], [[40, [40, 17, 20, 24]]], [[48, [48, 45, 35, 38]]], [[47, [47, 39, 49, 44]]], [[21, [21, 28, 19, 8]]], [[50, [50, 33, 42, 34]]], [[43, [43, 37, 41, 36]]], [[46, [46, 30]]]]]",732.3455637,"[[[[0, []], [10, [10, 11, 12, 17]], [11, []], [12, []], [25, [25, 22, 18, 20]], [22, []], [40, [40, 36, 38, 37, 29, 31, 35, 4]], [29, []], [45, [45, 43, 32, 30]], [31, []], [18, []], [48, [48]], [36, []], [38, []], [37, []], [17, []], [35, []], [4, []], [43, []], [32, []], [30, []], [20, []]], [[0, []], [1, [1, 2, 3, 7]], [2, [5, 8, 6, 9]], [6, []], [5, []], [3, []], [8, []], [19, [19, 21, 26, 23]], [23, []], [9, []], [21, []], [44, [44, 50, 33, 42]], [50, []], [26, []], [33, []], [28, [28, 47, 27]], [34, [34, 16, 13, 14]], [42, []], [49, [49, 39, 15, 24, 41, 46]], [7, []], [16, []], [13, []], [39, []], [14, []], [47, []], [27, []], [15, []], [24, []], [41, []], [46, []]]], [[[1, [1, 2, 3, 7]]], [[2, [5, 8, 6, 9]]], [[10, [10, 11, 12, 17]]], [[19, [19, 21, 26, 23]]], [[25, [25, 22, 18, 20]]], [[40, [40, 38, 29, 4]]], [[40, [36, 37, 31, 35]]], [[45, [45, 43, 32, 30]]], [[44, [44, 50, 33, 42]]], [[48, [48]], [28, [28, 47, 27]]], [[34, [34, 16, 13, 14]]], [[49, [15, 24]]], [[49, [49, 39, 41, 46]]]]]"
test_data/data_demand_random_50_batch_all1_equal_random/C201_1.dat,4,90,2,5,642.6468827,"[[[[0, [4]], [11, [11, 12, 7]], [12, []], [36, [36, 16, 13, 14]], [38, [38, 17, 35, 32, 27, 24, 37]], [37, []], [43, [43, 39, 34, 41]], [17, []], [35, []], [4, []], [24, []], [41, []], [32, []], [27, []], [49, [49, 47, 46, 42]], [7, []], [16, []], [13, []], [39, []], [47, []], [14, []], [42, []], [34, []], [46, []]], [[0, [3, 2, 1]], [1, []], [2, []], [3, []], [6, [6, 8, 9, 5]], [8, []], [5, []], [23, [23, 18, 10, 22]], [19, [19, 21, 20, 15]], [9, []], [21, []], [15, []], [20, []], [44, [44, 33, 28, 31]], [50, [50, 26, 29, 30]], [26, []], [33, []], [28, [40, 45, 48, 25]], [45, []], [40, []], [31, []], [25, []], [10, []], [18, []], [48, []], [22, []], [29, []], [30, []]]], [[[11, [11, 12, 7]]], [[6, [6, 8, 9, 5]]], [[23, [23, 18, 10, 22]]], [[19, [19, 21, 20, 15]]], [[36, [36, 16, 13, 14]]], [[38, [17, 27, 24]]], [[38, [38, 35, 32, 37]]], [[43, [43, 39, 34, 41]]], [[44, [44, 33, 28, 31]]], [[50, [50, 26, 29, 30]]], [[28, [40, 45, 48, 25]]], [[49, [49, 47, 46, 42]]]]]",746.6155281,"[[[[0, [4]], [11, [11, 10, 12]], [12, []], [10, []], [36, [36, 25, 35, 22]], [38, [38, 17, 24]], [32, [32, 37]], [37, []], [17, []], [35, []], [4, []], [43, [43, 41, 46]], [24, []], [41, []], [46, []], [34, [34, 45, 40]], [40, []], [25, []], [45, []], [22, []]], [[0, [3]], [1, [1, 9, 6, 8, 2]], [6, [13, 14]], [3, []], [5, [5, 7, 16, 15]], [8, []], [26, [26, 23, 27, 19]], [23, []], [19, []], [2, []], [42, [42, 33, 44, 28]], [28, []], [33, []], [50, [50, 49, 21, 29]], [44, []], [9, []], [21, []], [7, []], [49, []], [16, []], [13, []], [39, [39, 47, 20, 31]], [14, []], [47, []], [27, []], [15, []], [20, []], [30, [30, 18]], [29, []], [18, []], [48, [48]], [31, []]]], [[[1, [2]]], [[1, [1, 9, 6, 8]]], [[11, [11, 10, 12]]], [[6, [13, 14]]], [[5, [5, 7, 16, 15]]], [[26, [26, 23, 27, 19]]], [[36, [36, 25, 35, 22]]], [[42, [42, 33, 44, 28]]], [[38, [38, 17, 24]]], [[32, [32, 37]]], [[50, [50, 49, 21, 29]]], [[43, [43, 41, 46]]], [[39, [39, 47, 20, 31]]], [[30, [30, 18]]], [[48, [48]], [34, [34, 45, 40]]]]]"
test_data/data_demand_random_50_batch_all1_equal_random/C201_1.dat,4,120,2,2,667.2690143,"[[[[0, [4]], [11, [11, 10, 12]], [10, []], [12, []], [25, [25, 17, 18, 24]], [18, []], [36, [36, 22, 31, 29, 38, 30]], [30, []], [29, []], [22, []], [48, [48, 40, 45, 41]], [40, []], [31, []], [45, []], [41, []], [38, []], [37, [37, 43, 35]], [43, []], [17, []], [35, []], [4, []], [24, []]], [[0, [3, 1]], [1, []], [2, [2, 9, 8, 5, 20, 7, 16, 6, 14, 13, 15]], [8, []], [19, [19, 23, 27, 28]], [23, []], [5, []], [6, []], [28, []], [33, [33, 21, 32, 26]], [26, []], [3, []], [50, [50, 44, 39, 49]], [44, []], [9, []], [21, []], [7, []], [16, []], [14, []], [47, [47, 42, 34, 46]], [39, []], [13, []], [49, []], [27, []], [32, []], [15, []], [42, []], [34, []], [46, []], [20, []]]], [[[2, [2, 9, 8, 5]]], [[11, [11, 10, 12]]], [[2, [14, 13, 15]]], [[2, [20, 7, 16, 6]]], [[25, [25, 17, 18, 24]]], [[19, [19, 23, 27, 28]]], [[36, [29, 38, 30]]], [[36, [36, 22, 31]]], [[33, [33, 21, 32, 26]]], [[50, [50, 44, 39, 49]]], [[48, [48, 40, 45, 41]]], [[47, [47, 42, 34, 46]]], [[37, [37, 43, 35]]]]]",,None
test_data/data_demand_random_50_batch_all1_equal_random/C201_1.dat,4,120,2,5,630.4108518,"[[[[0, []], [11, [11, 12, 6, 10]], [12, [16, 13, 15]], [22, [22, 8, 7, 9]], [18, [18, 25, 19, 26]], [10, []], [25, []], [31, [31, 33, 23]], [6, []], [33, []], [26, []], [23, []], [8, []], [19, []], [50, [50, 44, 21, 14]], [44, []], [9, []], [21, []], [7, []], [16, []], [13, []], [39, [39, 47, 27, 34]], [14, []], [47, []], [27, []], [49, [49, 42, 46, 30]], [15, []], [42, []], [34, []], [46, []], [30, []]], [[0, [2, 4, 3]], [1, [1, 5]], [2, []], [5, []], [3, []], [28, [28, 20, 24, 32]], [29, [29, 41, 38, 40]], [45, [45, 36, 37, 35]], [40, []], [48, [48, 43, 17]], [20, []], [36, []], [41, []], [38, []], [32, []], [37, []], [35, []], [4, []], [17, []], [43, []], [24, []]]], [[[11, [11, 12, 6, 10]]], [[1, [1, 5]]], [[12, [16, 13, 15]]], [[22, [22, 8, 7, 9]]], [[18, [18, 25, 19, 26]]], [[28, [28, 20, 24, 32]]], [[31, [31, 33, 23]]], [[29, [29, 41, 38, 40]]], [[45, [45, 36, 37, 35]]], [[48, [48, 43, 17]]], [[50, [50, 44, 21, 14]]], [[39, [39, 47, 27, 34]]], [[49, [49, 42, 46, 30]]]]]",702.3132079,"[[[[0, []], [11, [11, 15, 12, 17]], [12, []], [25, [25, 18, 14, 4]], [18, []], [36, [36, 38, 35, 41]], [41, []], [15, []], [7, [7, 13, 16]], [16, []], [47, [47]], [13, []], [39, [39, 43, 37, 24]], [14, []], [38, []], [35, []], [4, []], [17, []], [43, []], [37, []], [24, []]], [[0, []], [1, [1, 3]], [2, [2, 5, 6, 8]], [3, []], [5, []], [6, []], [8, []], [23, [23, 19, 10, 20]], [19, []], [28, [28, 22, 27, 21]], [40, [40, 31, 29, 33]], [31, []], [10, []], [48, [48, 30, 45, 32, 9]], [22, []], [45, []], [29, [49, 26, 34]], [30, []], [20, []], [32, []], [27, []], [49, []], [21, []], [9, []], [33, []], [26, []], [50, [50, 44, 42, 46]], [44, []], [42, []], [34, []], [46, []]]], [[[1, [1, 3]]], [[2, [2, 5, 6, 8]]], [[11, [11, 15, 12, 17]]], [[23, [23, 19, 10, 20]]], [[25, [25, 18, 14, 4]]], [[28, [28, 22, 27, 21]]], [[40, [40, 31, 29, 33]]], [[36, [36, 38, 35, 41]]], [[48, [45]], [7, [7, 13, 16]]], [[48, [48, 30, 32, 9]]], [[29, [49, 26, 34]]], [[47, [47]]], [[39, [39, 43, 37, 24]]], [[50, [50, 44, 42, 46]]]]]"
test_data/data_demand_random_50_batch_all1_equal_random/C201_1.dat,8,60,2,2,604.3132079,"[[[[0, [9, 11, 8]], [11, []], [29, [29, 23, 19, 21, 28, 33, 26, 10, 25, 12, 18, 31, 22]], [25, []], [12, []], [10, []], [18, []], [31, []], [48, [48, 45, 40, 50, 44, 42, 46]], [22, []], [45, []], [40, []], [28, []], [33, []], [26, []], [23, []], [8, []], [19, []], [50, []], [44, []], [9, []], [21, []], [42, []], [46, []]], [[0, [1, 2, 3, 6, 5]], [6, []], [5, []], [3, []], [2, []], [1, []], [20, [20, 13, 36, 16, 7, 17, 14, 15]], [36, []], [41, [41, 24, 37, 32, 27, 35, 34, 30, 4, 43, 38, 47, 39, 49]], [24, []], [4, []], [35, []], [17, []], [43, []], [37, []], [38, []], [32, []], [14, []], [47, []], [39, []], [13, []], [16, []], [7, []], [49, []], [27, []], [15, []], [34, []], [30, []]]], [[[29, [28, 33, 26, 10, 12, 18, 22]]], [[29, [29, 23, 19, 21, 25, 31]]], [[20, [20, 13, 36, 16, 7, 17, 14, 15]]], [[41, [4, 43, 38, 47, 39, 49]]], [[41, [41, 24, 37, 32, 27, 35, 34, 30]]], [[48, [48, 45, 40, 50, 44, 42, 46]]]]]",655.0880075,"[[[[0, [12, 4, 2, 1]], [12, []], [10, [10, 20, 13, 16, 17, 14]], [30, [30]], [20, [36, 24, 35, 37, 32, 27, 34]], [36, []], [24, []], [4, []], [35, []], [17, [43, 39, 47, 7, 38, 41, 49]], [43, []], [37, []], [38, []], [41, []], [32, []], [27, []], [39, []], [47, []], [14, []], [13, []], [16, []], [7, []], [49, []], [42, [42]], [2, []], [1, []], [34, []]], [[0, [5, 6, 3]], [3, []], [5, []], [6, []], [22, [22, 23, 8, 9, 11, 18, 15]], [29, [29, 25, 31, 28, 26, 19, 21]], [11, []], [25, []], [31, []], [45, [45, 40, 33, 48, 50, 44, 46]], [18, []], [48, []], [40, []], [28, []], [33, []], [26, []], [23, []], [8, []], [19, []], [50, []], [44, []], [9, []], [21, []], [15, []], [46, []]]], [[[10, [10, 20, 13, 16, 17, 14]]], [[22, [22, 23, 8, 9, 11, 18, 15]]], [[29, [29, 25, 31, 28, 26, 19, 21]], [30, [30]]], [[20, [36, 24, 35, 37, 32, 27, 34]]], [[45, [45, 40, 33, 48, 50, 44, 46]]], [[17, [43, 39, 47, 7, 38, 41, 49]]], [[42, [42]]]]]"
test_data/data_demand_random_50_batch_all1_equal_random/C201_1.dat,8,60,2,3,608.7630546,"[[[[0, [1, 2, 4, 3]], [2, [5, 6]], [3, []], [5, []], [6, []], [1, [17, 14, 13, 16, 7, 15]], [36, [36, 24, 35, 37, 32, 27, 34]], [41, [41]], [24, []], [4, []], [35, []], [17, [43, 38, 47, 39, 49, 46]], [43, []], [37, []], [38, []], [32, []], [14, []], [47, []], [39, []], [13, []], [16, []], [7, []], [49, []], [27, []], [15, []], [34, []], [46, []]], [[0, [11, 12, 10]], [11, []], [12, []], [18, [18, 8]], [29, [29, 25, 31, 28]], [10, [26, 19, 21, 20, 40, 23, 9]], [25, []], [31, []], [48, [48, 45, 22, 33, 50, 44, 42, 30]], [22, []], [45, []], [40, []], [28, []], [33, []], [26, []], [23, []], [8, []], [19, []], [50, []], [44, []], [9, []], [21, []], [42, []], [20, []], [30, []]]], [[[2, [5, 6]]], [[1, [17, 14, 13, 16, 7, 15]]], [[18, [18, 8]]], [[36, [36, 24, 35, 37, 32, 27, 34]]], [[29, [29, 25, 31, 28]]], [[10, [26, 19, 21, 20, 40, 23, 9]]], [[41, [41]]], [[48, [48, 45, 22, 33, 50, 44, 42, 30]]], [[17, [43, 38, 47, 39, 49, 46]]]]]",,None
test_data/data_demand_random_50_batch_all1_equal_random/C201_1.dat,8,60,2,5,625,"[[[[0, [4, 2]], [2, []], [18, [18, 14, 13, 17, 20]], [24, [24, 37, 16, 27, 15, 7, 35]], [4, []], [35, []], [17, [43]], [43, []], [37, []], [38, [38, 41, 32, 49, 47, 39, 36]], [41, []], [32, []], [49, []], [7, []], [16, []], [47, []], [14, []], [39, []], [13, []], [27, []], [15, []], [36, []], [20, []]], [[0, [1, 3]], [1, [5, 6]], [3, []], [5, []], [6, []], [22, [22, 11, 12, 10, 23, 8, 9]], [29, [29, 19, 25, 31, 26, 28, 21, 30]], [11, []], [12, []], [25, []], [10, []], [48, [48, 45, 40, 44, 33, 50, 42, 34]], [31, []], [45, []], [40, []], [28, []], [33, []], [26, []], [23, []], [8, []], [19, []], [50, []], [44, []], [9, []], [21, []], [42, []], [34, []], [46, [46]], [30, []]]], [[[1, [5, 6]]], [[18, [18, 14, 13, 17, 20]]], [[22, [22, 11, 12, 10, 23, 8, 9]]], [[29, [29, 19, 25, 31, 26, 28, 21, 30]]], [[24, [24, 37, 16, 27, 15, 7]]], [[24, [35]]], [[17, [43]]], [[48, [48, 45, 40, 44, 33, 50, 42, 34]]], [[38, [38, 41, 32, 49, 47, 39, 36]]], [[46, [46]]]]]",713.7522968,"[[[[0, [1, 2]], [1, []], [18, [18, 10, 11, 12]], [12, []], [11, []], [10, [25, 29, 30]], [25, []], [29, [34, 37, 35, 24, 22, 21, 15, 17]], [48, [48, 45, 46, 42, 41, 38, 43]], [22, []], [45, []], [46, []], [30, [4]], [2, []], [34, []], [42, []], [21, []], [15, []], [41, []], [38, []], [37, []], [17, []], [35, []], [4, []], [43, []], [24, []]], [[0, []], [20, [20, 26, 5, 6, 8, 9, 7, 16, 3]], [3, []], [26, []], [28, [28, 31, 33, 23, 19, 13, 14]], [31, []], [40, [40, 44, 49, 39, 47, 27, 32, 36, 50]], [5, []], [6, []], [33, []], [23, []], [8, []], [19, []], [50, []], [44, []], [9, []], [49, []], [7, []], [16, []], [13, []], [39, []], [47, []], [14, []], [27, []], [32, []], [36, []]]], [[[18, [18, 10, 11, 12]]], [[20, [3]]], [[20, [20, 26, 5, 6, 8, 9, 7, 16]]], [[28, [28, 31, 33, 23, 19, 13, 14]]], [[10, [25, 29, 30]]], [[29, [34, 37, 35, 24, 22, 21, 15, 17]]], [[40, [40, 44, 49, 39, 47, 27, 32, 36]]], [[40, [50]], [48, [48, 45, 46, 42, 41, 38, 43]]], [[30, [4]]]]]"
test_data/data_demand_random_50_batch_all1_equal_random/C201_1.dat,8,90,2,2,597.3112887,"[[[[0, [1]], [1, []], [5, [5, 10, 12, 11, 8, 6]], [6, []], [29, [29, 28, 18, 31, 26, 30, 22, 25, 23, 19]], [10, []], [12, []], [11, []], [25, []], [31, []], [45, [45, 48, 40, 33, 44, 34, 46]], [22, []], [18, []], [48, []], [40, []], [28, []], [33, []], [26, []], [23, []], [8, []], [19, []], [50, [50, 42]], [44, []], [42, []], [34, []], [46, []], [30, []]], [[0, [4, 2, 3]], [2, []], [3, []], [15, [15, 21, 9, 20, 16, 7, 17, 14]], [21, []], [9, []], [20, []], [36, [36, 41, 38, 32, 37, 24, 35, 27]], [41, []], [38, []], [32, []], [14, []], [39, [39, 49, 43, 47, 13]], [47, []], [13, []], [16, []], [7, []], [49, []], [27, []], [43, []], [35, []], [4, []], [17, []], [37, []], [24, []]]], [[[5, [5, 10, 12, 11, 8, 6]]], [[15, [15, 21, 9, 20, 16, 7, 17, 14]]], [[29, [18, 22, 25, 23, 19]]], [[29, [29, 28, 31, 26, 30]]], [[36, [36, 41, 38, 32, 37, 24, 35, 27]]], [[45, [45, 48, 40, 33, 44, 34, 46]]], [[39, [39, 49, 43, 47, 13]]], [[50, [50, 42]]]]]",643.0483494,"[[[[0, [1]], [1, []], [6, [6]], [22, [22, 10, 23, 19, 8, 11, 12, 18]], [10, []], [11, []], [12, []], [25, [25, 31, 29, 28, 33, 26, 30, 34]], [31, []], [18, []], [29, []], [48, [48, 45, 40, 50, 44, 42, 46, 20]], [45, []], [40, []], [28, []], [33, []], [26, []], [23, []], [8, []], [19, []], [50, []], [44, []], [42, []], [34, []], [46, []], [30, []], [20, []], [38, [38]]], [[0, [3, 2]], [2, []], [3, []], [5, [5, 9, 7, 4]], [9, [16, 14, 21, 15]], [21, []], [41, [41, 39, 27, 35, 36, 32, 37, 24]], [15, []], [27, []], [14, []], [47, [47, 13, 49, 17, 43]], [39, []], [13, []], [16, []], [7, []], [49, []], [32, []], [37, []], [4, []], [35, []], [17, []], [43, []], [24, []], [36, []]]], [[[6, [6]], [5, [5, 9, 7, 4]]], [[22, [22, 10, 23, 19, 8, 11, 12, 18]]], [[9, [16, 14, 21, 15]]], [[25, [25, 31, 29, 28, 33, 26, 30, 34]]], [[41, [41, 39, 27, 35, 36, 32, 37, 24]]], [[48, [48, 45, 40, 50, 44, 42, 46, 20]]], [[47, [47, 13, 49, 17, 43]]], [[38, [38]]]]]"
test_data/data_demand_random_50_batch_all1_equal_random/C201_1.dat,8,90,2,4,587.328408,"[[[[0, []], [11, [11, 12, 6, 5, 8, 10]], [10, []], [12, []], [25, [25, 26, 23, 19, 20, 22, 18]], [28, [28, 33, 34, 30, 29]], [26, []], [33, []], [6, []], [5, []], [23, []], [8, []], [19, []], [50, [50, 44, 42, 46, 45, 48, 40, 31]], [44, []], [42, []], [34, []], [46, []], [20, []], [30, []], [45, []], [40, []], [31, []], [18, []], [48, []], [22, []], [29, []]], [[0, [3]], [1, [1, 2, 9, 4, 7]], [2, []], [3, []], [9, []], [21, [21, 15, 17]], [15, []], [4, []], [35, [35, 24, 14, 13, 16, 27]], [17, []], [43, [43, 37, 41, 38, 32, 39, 36]], [37, []], [24, []], [41, []], [38, []], [32, []], [14, []], [47, [47, 49]], [39, []], [13, []], [16, []], [7, []], [49, []], [27, []], [36, []]]], [[[11, [11, 12, 6, 5, 8, 10]]], [[1, [1, 2, 9, 4, 7]]], [[21, [21, 15, 17]]], [[25, [25, 26, 23, 19, 20, 22, 18]]], [[35, [35, 24, 14, 13, 16, 27]]], [[28, [28, 33, 34, 30, 29]]], [[43, [43, 37, 41, 38, 32, 39, 36]]], [[50, [50, 44, 42, 46, 45, 48, 40, 31]]], [[47, [47, 49]]]]]",677.3132079,"[[[[0, []], [11, [11, 9, 7, 14, 10, 16, 12, 18]], [18, []], [22, [22, 21, 13, 15]], [29, [29, 25, 31, 27, 30]], [10, []], [12, []], [25, []], [31, []], [48, [48, 45, 33, 44, 50, 47]], [45, [39, 42, 49]], [33, []], [50, []], [44, []], [9, []], [21, []], [49, []], [7, []], [16, []], [13, []], [39, []], [14, []], [47, []], [27, []], [15, []], [42, []], [30, []]], [[0, [3, 4, 1]], [1, []], [2, [2, 5, 6, 8]], [3, []], [5, []], [6, []], [8, []], [19, [19, 23, 26, 24, 17, 20]], [23, []], [26, []], [28, [28, 32]], [40, [40, 37, 35, 38, 41, 36]], [32, []], [24, []], [37, []], [17, []], [4, []], [35, []], [43, [43, 34, 46]], [38, []], [41, []], [36, []], [46, []], [34, []], [20, []]]], [[[2, [2, 5, 6, 8]]], [[19, [19, 23, 26, 24, 17, 20]]], [[11, [11, 9, 7, 14, 10, 16, 12, 18]]], [[22, [22, 21, 13, 15]]], [[29, [29, 25, 31, 27, 30]], [28, [28, 32]]], [[40, [40, 37, 35, 38, 41, 36]]], [[48, [48, 45, 33, 44, 50, 47]]], [[45, [39, 42, 49]]], [[43, [43, 34, 46]]]]]"
test_data/data_demand_random_50_batch_all1_equal_random/C201_1.dat,8,120,2,1,617.3573373,"[[[[0, [2]], [10, [10, 12, 11, 18]], [12, []], [11, []], [25, [25, 29, 30, 26, 22, 20, 31]], [18, []], [29, [33, 28, 34, 40, 36]], [22, []], [40, []], [48, [48, 45, 46, 44, 50, 42]], [31, []], [45, []], [30, []], [46, []], [42, []], [44, []], [50, []], [26, []], [33, []], [28, []], [2, []], [34, []], [20, []], [36, []]], [[0, [3, 1, 4]], [1, []], [5, [5, 6, 8, 9, 15, 14, 13]], [6, []], [23, [23, 19, 21, 27, 16, 7, 17]], [8, []], [19, []], [3, []], [9, []], [21, []], [15, []], [27, []], [14, []], [47, [47, 39, 49, 32, 41, 38, 37, 35]], [39, []], [13, []], [16, []], [7, []], [49, []], [32, []], [41, []], [38, []], [37, []], [43, [43, 24]], [17, []], [35, []], [4, []], [24, []]]], [[[10, [10, 12, 11, 18]]], [[5, [5, 6, 8, 9, 15, 14, 13]]], [[23, [23, 19, 21, 27, 16, 7, 17]]], [[25, [25, 29, 30, 26, 22, 20, 31]]], [[29, [33, 28, 34, 40, 36]]], [[48, [48, 45, 46, 44, 50, 42]]], [[47, [47, 39, 49, 32, 41, 38, 37, 35]]], [[43, [43, 24]]]]]",633.3573373,"[[[[0, [2]], [11, [11, 10, 12]], [10, []], [12, []], [25, [25, 22, 31, 20, 26, 29]], [40, [40]], [22, [28, 45, 30, 18]], [45, []], [31, []], [18, []], [48, [48, 46, 34, 42, 44, 33]], [29, []], [30, []], [20, []], [46, []], [2, []], [34, []], [42, []], [44, []], [50, [50]], [26, []], [33, []], [28, []]], [[0, [1]], [1, []], [9, [9, 4, 3]], [6, [6, 5, 8, 23, 19, 21, 15, 14, 13, 16, 7]], [5, []], [23, []], [8, []], [19, []], [3, []], [21, []], [15, []], [14, []], [47, [47, 39, 27, 32, 37, 35, 24, 36]], [39, []], [13, []], [16, []], [7, []], [49, [49, 38, 43, 41, 17]], [27, []], [32, []], [38, []], [37, []], [43, []], [17, []], [35, []], [4, []], [24, []], [41, []], [36, []]]], [[[9, [9, 4, 3]]], [[11, [11, 10, 12]], [6, [15, 14, 13, 16, 7]]], [[6, [6, 5, 8, 23, 19, 21]]], [[25, [25, 22, 31, 20, 26, 29]]], [[40, [40]]], [[22, [28, 45, 30, 18]]], [[47, [47, 39, 27, 32, 37, 35, 24, 36]]], [[48, [48, 46, 34, 42, 44, 33]]], [[49, [49, 38, 43, 41, 17]]], [[50, [50]]]]]"
test_data/data_demand_random_50_batch_all1_equal_random/C201_1.dat,8,120,2,2,602.6619038,"[[[[0, [1, 2]], [1, []], [2, []], [15, [15, 9, 7, 16, 13, 17, 4, 14]], [9, []], [36, [36, 21, 32, 27, 24]], [21, []], [7, []], [16, []], [13, []], [14, []], [47, [47, 39, 49, 35, 43, 38, 41, 37]], [39, []], [49, []], [27, []], [32, []], [38, []], [41, []], [4, []], [35, []], [17, []], [43, []], [37, []], [24, []]], [[0, [3]], [11, [11, 10, 12]], [10, []], [12, [19, 8, 5, 6, 18]], [25, [25, 22, 20, 23, 26]], [22, []], [20, [30, 40, 28, 31, 33, 29]], [30, []], [46, [46, 34, 44, 45, 42]], [34, []], [42, []], [44, []], [3, []], [50, [50, 48]], [19, []], [8, []], [23, []], [5, []], [6, []], [26, []], [33, []], [28, []], [40, []], [45, []], [31, []], [48, []], [18, []], [29, []]]], [[[15, [15, 9, 7, 16, 13, 17, 4, 14]]], [[11, [11, 10, 12]]], [[12, [19, 8, 5, 6, 18]]], [[25, [25, 22, 20, 23, 26]]], [[36, [36, 21, 32, 27, 24]]], [[20, [30, 40, 28, 31, 33, 29]]], [[46, [46, 34, 44, 45, 42]]], [[47, [47, 39, 49, 35, 43, 38, 41, 37]]], [[50, [50, 48]]]]]",626.3016516,"[[[[0, [1]], [1, []], [16, [16, 7, 14, 17, 13, 9, 15, 4]], [7, []], [9, []], [21, [21]], [15, []], [36, [36, 32, 27, 24, 20, 30, 35, 41, 38]], [41, []], [38, []], [32, []], [27, []], [49, [49, 39, 47, 43, 37]], [13, []], [39, []], [47, []], [14, []], [43, []], [35, []], [4, []], [17, []], [37, []], [24, []], [20, []], [30, []]], [[0, [3]], [11, [11, 8, 5, 6, 10, 12, 2]], [10, []], [25, [25, 19, 23, 18, 26, 22]], [12, []], [18, []], [29, [29]], [46, [46, 34, 42, 28, 31, 40, 33]], [34, []], [42, []], [2, []], [28, []], [33, []], [26, []], [3, []], [50, [50, 44, 48, 45]], [44, []], [19, []], [8, []], [23, []], [5, []], [6, []], [48, []], [40, []], [31, []], [45, []], [22, []]]], [[[16, [16, 7, 14, 17, 13, 9, 15, 4]]], [[11, [11, 8, 5, 6, 10, 12, 2]]], [[25, [25, 19, 23, 18, 26, 22]]], [[21, [21]]], [[29, [29]], [36, [32, 27, 24, 20, 30]]], [[36, [36, 35, 41, 38]]], [[46, [46, 34, 42, 28, 31, 40, 33]]], [[49, [49, 39, 47, 43, 37]]], [[50, [50, 44, 48, 45]]]]]"
test_data/data_demand_random_50_batch_all1_equal_random/C201_1.dat,8,120,2,3,624.3132079,"[[[[0, [4, 1, 3, 2]], [2, []], [3, []], [5, [5, 6]], [6, []], [34, [34, 30, 20, 17, 24]], [1, []], [40, [40, 31, 42, 36, 41, 35, 43, 37]], [31, []], [48, [48, 45, 46]], [45, []], [30, []], [46, []], [42, []], [20, []], [36, []], [41, []], [4, []], [35, []], [17, []], [43, []], [37, []], [24, []]], [[0, []], [11, [11, 15, 7, 16, 13, 14]], [12, [12, 10, 18, 22, 19, 21]], [25, [25, 23, 8, 9]], [10, []], [18, []], [22, []], [29, [29, 33, 28, 26, 27, 32]], [28, []], [33, []], [26, []], [23, []], [8, []], [19, []], [50, [50, 44, 49, 39, 47, 38]], [44, []], [9, []], [21, []], [15, []], [27, []], [49, []], [7, []], [16, []], [13, []], [39, []], [47, []], [14, []], [32, []], [38, []]]], [[[5, [5, 6]]], [[11, [11, 15, 7, 16, 13, 14]]], [[12, [12, 10, 18, 22, 19, 21]]], [[25, [25, 23, 8, 9]]], [[34, [34, 30, 20, 17, 24]]], [[29, [29, 33, 28, 26, 27, 32]]], [[40, [40, 31, 42, 36, 41, 35, 43, 37]]], [[48, [48, 45, 46]]], [[50, [50, 44, 49, 39, 47, 38]]]]]",652.3132079,"[[[[0, [3]], [3, []], [8, [8, 5, 6, 9, 15, 7, 16, 13]], [5, []], [6, []], [28, [28, 26, 23, 19, 21, 27, 14, 20]], [40, [40]], [33, [33, 44, 39, 32, 30]], [26, []], [23, []], [19, []], [50, [50, 49, 47]], [44, []], [9, []], [21, []], [15, []], [27, []], [49, []], [7, []], [16, []], [13, []], [39, []], [47, []], [14, []], [32, []], [20, []], [30, []]], [[0, [1, 2]], [1, []], [2, []], [18, [18, 10, 11, 12, 17, 4]], [10, []], [11, []], [12, []], [25, [25, 31]], [31, []], [29, [29, 22, 36, 37, 35, 24, 34]], [22, []], [45, [45]], [48, [48, 41, 38, 43, 42, 46]], [36, []], [41, []], [38, []], [37, []], [43, []], [17, []], [35, []], [4, []], [24, []], [42, []], [34, []], [46, []]]], [[[8, [8, 5, 6, 9, 15, 7, 16, 13]]], [[18, [18, 10, 11, 12, 17, 4]]], [[28, [28, 26, 23, 19, 21, 27, 14, 20]]], [[25, [25, 31]]], [[40, [40]]], [[29, [29, 22, 36, 37, 35, 24, 34]]], [[45, [45]], [33, [33, 44, 39, 32, 30]]], [[48, [48, 41, 38, 43, 42, 46]]], [[50, [50, 49, 47]]]]]"
test_data/data_demand_random_50_batch_all1_equal_random/C201_1.dat,8,120,2,5,604.0688837,"[[[[0, [2]], [5, [5, 6, 11, 10]], [6, []], [18, [18, 12, 8]], [11, []], [25, [25, 29, 22, 31, 28, 26, 23, 19]], [12, []], [10, []], [29, []], [48, [48, 45, 40, 33, 44, 34, 46, 42]], [22, []], [45, []], [31, []], [40, []], [28, []], [33, []], [26, []], [23, []], [8, []], [19, []], [50, [50, 30]], [44, []], [42, []], [2, []], [34, []], [46, []], [30, []]], [[0, [3, 1, 4]], [1, []], [3, []], [9, [9, 15, 17, 7, 16, 13, 14]], [21, [21, 24, 27]], [15, []], [24, []], [4, []], [35, [35, 43, 37, 39, 38, 41, 36]], [17, []], [43, []], [37, []], [27, []], [49, [49, 47, 32, 20]], [7, []], [16, []], [13, []], [39, []], [47, []], [14, []], [32, []], [38, []], [41, []], [36, []], [20, []]]], [[[5, [5, 6, 11, 10]]], [[9, [9, 15, 17, 7, 16, 13, 14]]], [[18, [18, 12, 8]]], [[21, [21, 24, 27]]], [[25, [25, 29, 22, 31, 28, 26, 23, 19]]], [[35, [35, 43, 37, 39, 38, 41, 36]]], [[48, [48, 45, 40, 33, 44, 34, 46, 42]]], [[49, [49, 47, 32, 20]]], [[50, [50, 30]]]]]",637.3573373,"[[[[0, [4]], [10, [10, 12]], [12, []], [18, [22, 14, 13, 16, 7, 18]], [22, []], [36, [36]], [41, [41, 27, 21, 15, 32, 17, 24]], [27, []], [14, []], [47, [47, 39, 38, 37, 43, 35]], [39, []], [13, []], [16, []], [49, [49]], [7, []], [21, []], [15, []], [32, []], [38, []], [37, []], [43, []], [17, []], [35, []], [4, []], [24, []]], [[0, [3, 2, 1]], [1, []], [2, []], [3, []], [5, [5, 6, 11, 8, 9]], [6, []], [29, [29, 26, 23, 19, 20, 31]], [25, [25, 28, 33, 34, 30]], [11, []], [48, [48, 40, 45, 50, 44, 42, 46]], [31, []], [40, []], [45, []], [28, []], [33, []], [26, []], [23, []], [8, []], [19, []], [50, []], [44, []], [9, []], [42, []], [34, []], [46, []], [20, []], [30, []]]], [[[10, [10, 12]]], [[5, [5, 6, 11, 8, 9]]], [[18, [22, 14, 13, 16, 7, 18]]], [[29, [29, 26, 23, 19, 20, 31]]], [[25, [25, 28, 33, 34, 30]]], [[36, [36]]], [[41, [41, 27, 21, 15, 32, 17, 24]]], [[47, [47, 39, 38, 37, 43, 35]]], [[49, [49]], [48, [48, 40, 45, 50, 44, 42, 46]]]]]"
test_data/data_demand_random_50_batch_all1_equal_cluster/C201_2.5.dat,4,60,2,1,982.0913307,"[[[[0, [5, 1, 3, 2]], [2, []], [12, [12, 7, 8, 11]], [5, []], [1, []], [3, []], [7, []], [8, []], [11, []], [24, [24, 10, 14]], [23, [23, 26, 25, 27]], [10, []], [26, []], [25, []], [27, []], [14, [44, 41, 38, 36, 40]], [44, []], [41, []], [38, []], [36, [39, 49, 50, 37, 45, 46]], [40, []], [45, []], [46, []], [49, []], [50, []], [39, []], [37, []]], [[0, [6]], [4, [4, 9]], [6, []], [9, []], [13, [13, 16]], [16, [19, 22, 21, 15, 20, 18]], [20, []], [19, []], [22, []], [21, []], [28, [28, 30, 31, 32]], [15, [33, 17, 35]], [30, []], [31, []], [32, []], [33, []], [18, []], [17, [43, 42, 29, 34]], [43, []], [42, []], [29, [48, 47]], [34, []], [35, []], [48, []], [47, []]]], [[[4, [4, 9]]], [[12, [12, 7, 8, 11]]], [[13, [13, 16]]], [[16, [19, 22, 21, 15]]], [[16, [20, 18]]], [[24, [24, 10, 14]]], [[23, [23, 26, 25, 27]]], [[28, [28, 30, 31, 32]]], [[15, [33, 17, 35]]], [[14, [44, 41, 38, 36]]], [[14, [40]]], [[17, [43, 42, 29, 34]]], [[36, [45, 46]]], [[36, [39, 49, 50, 37]]], [[29, [48, 47]]]]]",1079.77033,"[[[[0, [5, 1, 3, 2]], [2, []], [12, [12, 8, 11, 7]], [5, []], [1, []], [3, []], [10, [10, 26, 23, 24, 27]], [26, []], [8, []], [11, []], [23, []], [24, [25, 29, 28, 35]], [27, []], [25, []], [7, [42, 36, 34, 41]], [42, []], [29, []], [28, [47, 48, 43]], [47, []], [48, []], [35, []], [34, []], [43, []], [41, []], [36, []]], [[0, []], [4, [4, 9, 6]], [6, []], [9, []], [13, [13, 16, 14, 18]], [16, [19, 22, 21, 20, 17, 15]], [20, []], [19, []], [22, []], [21, []], [18, []], [17, [31, 30, 33, 32]], [33, []], [32, []], [30, []], [31, []], [15, []], [14, [45, 40, 49, 46, 50, 39, 37, 44, 38]], [44, []], [38, []], [37, []], [45, []], [49, []], [46, []], [50, []], [39, []], [40, []]]], [[[12, [12, 8, 11, 7]]], [[4, [4, 9, 6]]], [[10, [10]]], [[13, [13, 16, 14, 18]]], [[16, [19, 22, 21, 15]]], [[16, [20, 17]]], [[10, [26, 23, 24, 27]]], [[24, [25, 29, 28, 35]]], [[17, [31, 30, 33, 32]]], [[14, [45, 40, 46, 39]]], [[7, [42, 36, 34, 41]]], [[14, [37, 44, 38]]], [[28, [47, 43]]], [[28, [48]], [14, [49, 50]]]]]"
test_data/data_demand_random_50_batch_all1_equal_cluster/C201_2.5.dat,4,60,2,2,974.2982213,"[[[[0, [6, 4]], [9, [9, 10, 11, 12]], [10, [2, 8]], [2, []], [6, []], [11, []], [12, []], [4, []], [8, []], [24, [24, 25, 27, 26]], [25, []], [27, []], [26, []], [23, [23, 28, 14]], [14, []], [28, [40, 38, 41, 39, 37, 32, 45, 36]], [32, []], [40, []], [38, []], [36, [46, 49, 50]], [41, []], [45, []], [46, []], [49, []], [50, []], [39, []], [37, []]], [[0, [3, 5, 1]], [3, []], [15, [15, 16, 13, 17]], [16, []], [13, []], [17, []], [18, [18, 20, 22, 21, 7]], [20, []], [22, [19]], [21, []], [19, []], [7, [33, 34, 29, 31, 35]], [33, []], [34, []], [31, []], [5, [44, 43, 42, 30]], [44, []], [43, []], [42, []], [29, [48, 47]], [30, []], [35, []], [48, []], [47, []], [1, []]]], [[[9, [9, 10, 11, 12]]], [[10, [2, 8]]], [[15, [15, 16, 13, 17]]], [[18, [18, 20, 22, 21]]], [[18, [7]]], [[22, [19]]], [[24, [24, 25, 27, 26]]], [[7, [33, 34, 29, 35]]], [[7, [31]]], [[23, [23, 28, 14]]], [[28, [40, 38, 41, 45]]], [[28, [39, 37, 32, 36]]], [[5, [44, 43, 42, 30]]], [[36, [46, 49, 50]]], [[29, [48, 47]]]]]",,None
test_data/data_demand_random_50_batch_all1_equal_cluster/C201_2.5.dat,4,60,2,4,960.3238076,"[[[[0, [5, 6, 1, 4, 3, 2]], [2, []], [5, []], [6, []], [17, [17, 11, 8, 10]], [11, []], [8, [27, 26, 24, 9]], [27, []], [26, []], [10, [25, 23, 12, 14]], [24, []], [25, []], [9, []], [23, []], [12, [38, 40, 28, 35]], [38, []], [40, []], [1, []], [14, []], [28, [47, 48, 34]], [47, []], [48, []], [35, []], [34, []], [4, []], [3, []]], [[0, []], [15, [15, 16, 7, 13]], [16, []], [7, []], [18, [18, 20, 19, 21]], [20, []], [19, []], [21, []], [22, [22]], [13, [30, 31, 33, 32]], [30, []], [31, []], [33, []], [32, []], [29, [29, 42, 43, 44, 41, 37, 39, 50, 49, 46, 36, 45]], [42, []], [43, []], [44, []], [41, []], [37, []], [39, []], [50, []], [49, []], [46, []], [45, []], [36, []]]], [[[15, [15, 16, 7, 13]]], [[17, [17, 11, 8, 10]]], [[18, [18, 20, 19, 21]]], [[22, [22]]], [[8, [27, 26, 24, 9]]], [[10, [25, 23, 12, 14]]], [[13, [30, 31, 33, 32]]], [[29, [29, 41, 37, 36]]], [[12, [38, 40, 28, 35]]], [[29, [39, 50, 49, 46]]], [[29, [42, 43, 44, 45]]], [[28, [47, 48, 34]]]]]",1008.323808,"[[[[0, []], [13, [13]], [22, [22, 18, 19, 21]], [19, []], [20, [20, 4, 17, 11]], [21, []], [18, []], [17, []], [11, []], [29, [29, 32, 40, 38, 36, 37, 31, 33]], [31, []], [32, []], [33, []], [40, []], [38, []], [36, [39, 50, 49, 46, 45, 41, 44]], [37, []], [39, []], [50, []], [49, []], [46, []], [45, []], [41, []], [44, []], [4, []]], [[0, [2, 3, 1, 6]], [7, [7, 8, 9, 12, 5]], [8, []], [9, []], [12, []], [10, [10]], [1, [14, 16, 15]], [14, []], [2, []], [16, []], [15, []], [5, []], [3, []], [23, [23, 27, 25, 26]], [27, []], [25, []], [26, []], [24, [24, 30, 34, 28]], [6, []], [30, []], [34, []], [28, [47, 48, 35, 42, 43]], [47, []], [48, []], [35, []], [42, []], [43, []]]], [[[7, [5]]], [[7, [7, 8, 9, 12]]], [[10, [10]]], [[13, [13]], [1, [14, 16, 15]]], [[22, [22, 18, 19, 21]]], [[20, [20, 4, 17, 11]]], [[23, [23, 27, 25, 26]]], [[24, [24, 30, 34, 28]]], [[29, [29, 32, 31, 33]]], [[29, [40, 38, 36, 37]]], [[28, [42, 43]]], [[36, [39, 46, 45, 41]]], [[28, [47, 48, 35]]], [[36, [50, 49, 44]]]]]"
test_data/data_demand_random_50_batch_all1_equal_cluster/C201_2.5.dat,4,90,2,1,931.0788655,"[[[[0, [2]], [12, [12, 11]], [11, []], [14, [14, 15]], [2, []], [15, []], [22, [22]], [24, [24, 26, 27]], [26, []], [27, [25, 23]], [25, []], [23, []], [36, [36, 38, 39, 37]], [38, []], [39, []], [37, []], [43, [43, 44, 45, 46]], [44, []], [45, []], [46, []], [50, [50, 49, 41, 40]], [49, []], [41, []], [40, []]], [[0, [5, 3, 4, 1, 6]], [4, []], [1, []], [6, []], [5, []], [10, [10, 8, 7]], [8, []], [7, []], [9, [9, 13, 17, 16]], [3, []], [13, []], [17, []], [16, []], [21, [21, 20, 19, 18]], [20, []], [19, []], [18, []], [28, [28, 31, 30, 32]], [30, []], [32, []], [31, []], [35, [35, 34, 33, 29]], [34, []], [42, [42]], [33, []], [47, [47, 48]], [48, []], [29, []]]], [[[10, [10, 8, 7]]], [[12, [12, 11]]], [[14, [14, 15]]], [[9, [9, 13, 17, 16]]], [[21, [21, 20, 19, 18]]], [[22, [22]]], [[24, [24, 26, 27]]], [[28, [28, 31, 30, 32]]], [[27, [25, 23]]], [[35, [35, 34, 33, 29]]], [[36, [36, 38, 39, 37]]], [[42, [42]]], [[43, [43, 44, 45, 46]]], [[50, [50, 49, 41, 40]]], [[47, [47, 48]]]]]",948.2937654,"[[[[0, []], [13, [13]], [21, [21, 20, 19, 16, 15, 24]], [20, []], [22, [22, 18]], [19, []], [18, []], [16, []], [15, []], [24, [34, 28, 33]], [39, [39, 37, 36, 31]], [37, []], [36, []], [31, []], [42, [42]], [33, []], [34, []], [48, [48, 47]], [47, []], [28, []]], [[0, [2, 4, 6, 1, 3, 5]], [2, []], [4, []], [6, []], [1, []], [7, [7, 9, 8, 12]], [17, [17, 11, 10, 14]], [14, []], [3, []], [5, []], [11, []], [10, []], [9, []], [8, []], [27, [27, 26, 25, 23]], [26, []], [25, []], [23, [29, 32]], [12, []], [29, []], [30, [30, 35, 38, 41]], [35, []], [32, []], [43, [43, 44, 45, 46]], [44, []], [45, []], [46, []], [49, [49, 50, 40]], [38, []], [50, []], [41, []], [40, []]]], [[[7, [7, 9, 8, 12]]], [[17, [11, 10, 14]], [13, [13]]], [[17, [17]]], [[21, [21, 20, 19, 24]]], [[21, [16, 15]]], [[22, [22, 18]]], [[27, [27, 26, 25, 23]]], [[23, [29, 32]]], [[24, [34, 28, 33]]], [[30, [30, 35, 38, 41]]], [[39, [39, 37, 36, 31]]], [[42, [42]]], [[43, [43, 44, 45, 46]]], [[49, [49, 50, 40]]], [[48, [48, 47]]]]]"
test_data/data_demand_random_50_batch_all1_equal_cluster/C201_2.5.dat,4,90,2,2,931.0788655,"[[[[0, [5, 1, 3, 6, 2, 4]], [3, []], [6, []], [5, []], [2, []], [4, []], [12, [12]], [1, []], [27, [27, 26, 25, 24]], [26, []], [25, []], [24, []], [23, [23, 29, 28, 30]], [29, []], [28, []], [30, []], [34, [34, 31, 32, 40]], [31, []], [32, []], [43, [43, 41, 45, 46]], [40, []], [41, []], [45, []], [46, []], [50, [50, 49]], [49, []]], [[0, [7]], [7, [8, 9, 11, 10, 14, 16, 15]], [8, []], [10, []], [9, []], [11, []], [14, []], [16, []], [15, []], [13, [13, 21, 18, 17]], [19, [19, 20, 22]], [20, []], [22, []], [21, []], [18, []], [17, []], [36, [36, 37, 39, 38]], [37, []], [39, []], [38, []], [44, [44, 42, 33, 35]], [42, []], [33, []], [35, []], [48, [48, 47]], [47, []]]], [[[12, [12]]], [[7, [8, 9, 11]]], [[7, [10, 14, 16, 15]]], [[13, [13, 21, 18, 17]]], [[19, [19, 20, 22]]], [[27, [27, 26, 25, 24]]], [[23, [23, 29, 28, 30]]], [[34, [34, 31, 32, 40]]], [[36, [36, 37, 39, 38]]], [[44, [44, 42, 33, 35]]], [[43, [43, 41, 45, 46]]], [[50, [50, 49]]], [[48, [48, 47]]]]]",,None
test_data/data_demand_random_50_batch_all1_equal_cluster/C201_2.5.dat,4,90,2,5,931.0788655,"[[[[0, [5, 1, 2]], [2, []], [5, []], [1, []], [9, [9]], [14, [14, 16, 17, 13]], [16, []], [17, []], [13, []], [27, [27, 25, 26, 24]], [25, []], [26, []], [24, []], [23, [23, 10, 15]], [10, []], [36, [36, 39, 37, 38]], [39, []], [37, []], [38, []], [42, [42, 28, 35, 29]], [28, []], [35, []], [47, [47, 48]], [48, []], [29, []], [15, []]], [[0, [3, 4, 6]], [4, []], [6, []], [8, [8, 11, 12]], [11, []], [12, []], [3, []], [7, [7]], [18, [18, 20, 19, 21]], [20, []], [19, []], [21, []], [22, [22]], [33, [33, 30, 32, 31]], [30, []], [32, []], [31, []], [34, [34, 41, 40]], [43, [43, 44, 45, 46]], [44, []], [41, []], [45, []], [46, []], [50, [50, 49]], [49, []], [40, []]]], [[[8, [8, 11, 12]]], [[7, [7]]], [[9, [9]]], [[14, [14, 16, 17, 13]]], [[18, [18, 20, 19, 21]]], [[22, [22]]], [[27, [27, 25, 26, 24]]], [[23, [23, 10, 15]]], [[33, [33, 30, 32, 31]]], [[34, [34, 41, 40]]], [[36, [36, 39, 37, 38]]], [[42, [42, 28, 35, 29]]], [[43, [43, 44, 45, 46]]], [[47, [47, 48]]], [[50, [50, 49]]]]]",,None
test_data/data_demand_random_50_batch_all1_equal_cluster/C201_2.5.dat,4,120,2,3,931.0788655,"[[[[0, []], [14, [14, 17, 15, 8, 1]], [17, []], [15, []], [22, [22, 21, 20, 19]], [21, []], [20, []], [19, []], [18, [18, 27, 26, 25]], [27, []], [26, []], [25, []], [24, [24, 7]], [8, []], [7, []], [36, [36, 39, 37, 38]], [39, []], [37, []], [38, []], [46, [46, 45, 44, 41]], [45, []], [44, []], [41, []], [50, [50, 49, 40]], [49, []], [40, []], [1, []]], [[0, [5, 4, 3]], [6, [6, 10, 9, 2]], [4, []], [16, [16, 12, 11]], [2, []], [5, []], [10, []], [23, [23]], [9, []], [12, []], [11, []], [29, [29, 13]], [13, []], [28, [28, 31, 32, 33]], [31, []], [43, [43, 42, 34, 35]], [42, []], [32, []], [33, []], [34, []], [35, []], [47, [47, 48, 30]], [48, []], [30, []], [3, []]]], [[[14, [1]]], [[6, [6, 10, 9, 2]]], [[14, [14, 17, 15, 8]]], [[16, [16, 12, 11]]], [[22, [22, 21, 20, 19]]], [[18, [18, 27, 26, 25]]], [[23, [23]]], [[24, [24, 7]]], [[29, [29, 13]]], [[28, [28, 31, 32, 33]]], [[36, [36, 39, 37, 38]]], [[46, [46, 45, 44, 41]]], [[43, [43, 42, 34, 35]]], [[50, [50, 49, 40]]], [[47, [47, 48, 30]]]]]",939.0788655,"[[[[0, [5, 3]], [14, [14]], [22, [22, 21, 20]], [21, []], [20, []], [17, [17, 18, 19]], [18, []], [19, []], [30, [30, 31, 29]], [31, []], [29, []], [40, [40, 41]], [5, [44, 46, 45]], [44, []], [41, []], [50, [50, 49]], [49, []], [46, []], [45, []], [3, []]], [[0, [1, 6, 4, 2]], [2, []], [1, []], [7, [7]], [13, [13, 9, 16, 15]], [6, [11, 8, 10, 12]], [4, []], [9, []], [11, []], [8, []], [27, [27, 26, 25, 24]], [26, []], [10, []], [25, []], [24, []], [12, []], [23, [23, 32, 33, 35]], [37, [37, 38, 36, 39]], [38, []], [36, []], [39, []], [43, [43, 42, 34, 28]], [42, []], [32, []], [33, []], [35, []], [34, []], [48, [48, 47]], [47, []], [28, []], [16, []], [15, []]]], [[[7, [7]]], [[14, [14]], [13, [13, 9]]], [[13, [16, 15]]], [[6, [11, 8, 10, 12]]], [[22, [22, 21, 20]]], [[17, [17, 18, 19]]], [[27, [27, 26, 25, 24]]], [[23, [23, 32, 33, 35]]], [[30, [30, 31, 29]]], [[37, [37, 38, 36, 39]]], [[40, [40, 41]]], [[5, [44, 46, 45]]], [[43, [43, 42, 34, 28]]], [[50, [50, 49]]], [[48, [48, 47]]]]]"
test_data/data_demand_random_50_batch_all1_equal_cluster/C201_2.5.dat,4,120,2,4,931.0788655,"[[[[0, [3, 6, 1]], [6, []], [1, []], [3, []], [14, [14, 11, 7]], [11, []], [7, []], [27, [27, 26, 25, 24]], [26, []], [24, []], [25, []], [23, [23, 30, 32, 33, 35]], [30, []], [44, [44, 43, 42, 34]], [43, []], [42, []], [32, []], [33, []], [34, []], [35, []], [48, [48, 47]], [47, []]], [[0, [2, 5, 4]], [2, []], [5, []], [4, []], [8, [8, 10, 12, 9]], [10, []], [12, []], [9, []], [13, [13, 15, 16, 17]], [15, []], [16, []], [17, []], [18, [18, 19, 20, 21]], [19, []], [20, []], [21, []], [22, [22]], [28, [28, 31]], [31, []], [29, [29, 36, 39, 38]], [36, [41, 37, 45, 46]], [41, []], [45, []], [46, []], [37, []], [39, []], [50, [50, 49, 40]], [49, []], [38, []], [40, []]]], [[[14, [14, 11, 7]]], [[8, [8, 10, 12, 9]]], [[13, [13, 15, 16, 17]]], [[18, [18, 19, 20, 21]]], [[22, [22]]], [[27, [27, 26, 25, 24]]], [[23, [23, 30, 32]]], [[23, [33, 35]]], [[28, [28, 31]]], [[29, [29, 36, 39, 38]]], [[36, [41, 37, 45, 46]]], [[44, [44, 43, 42, 34]]], [[50, [50, 49, 40]]], [[48, [48, 47]]]]]",939.0788655,"[[[[0, [5, 4, 3]], [3, []], [4, []], [5, []], [6, [6]], [12, [12, 9]], [9, []], [17, [17, 11, 13]], [21, [21, 19]], [20, [20, 22]], [22, []], [18, [18, 23]], [19, []], [13, []], [11, [33]], [23, []], [37, [37, 39, 36]], [39, []], [36, []], [44, [44, 43, 34, 35]], [43, []], [33, []], [34, []], [35, []], [48, [48, 47, 28]], [47, []], [28, []]], [[0, [1, 2, 10, 8]], [15, [15, 16, 14]], [16, []], [14, []], [10, []], [2, []], [8, []], [24, [24]], [25, [25, 27, 26, 7]], [27, []], [26, []], [7, []], [1, []], [29, [29, 30, 31, 32]], [32, []], [30, []], [31, []], [42, [42, 38, 46, 45]], [38, []], [50, [50, 49, 41, 40]], [49, []], [46, []], [45, []], [41, []], [40, []]]], [[[6, [6]]], [[15, [15, 16, 14]]], [[12, [12, 9]]], [[17, [17, 11, 13]]], [[21, [21, 19]]], [[20, [20, 22]]], [[18, [18, 23]], [24, [24]]], [[25, [25, 27, 26, 7]]], [[11, [33]]], [[29, [29, 30, 31, 32]]], [[37, [37, 39, 36]]], [[44, [44, 43, 34, 35]]], [[42, [42, 38, 46, 45]]], [[50, [50, 49, 41, 40]]], [[48, [48, 47, 28]]]]]"
test_data/data_demand_random_50_batch_all1_equal_cluster/C201_2.5.dat,4,120,2,5,939.0788655,"[[[[0, [2, 5, 6]], [2, []], [5, []], [18, [18, 17, 10, 12]], [17, []], [12, []], [24, [24, 25, 27]], [25, []], [27, [26, 23, 35, 28]], [26, []], [10, []], [23, []], [6, []], [44, [44, 43, 42]], [43, []], [42, []], [35, []], [48, [48, 47]], [47, []], [28, []]], [[0, [1, 3, 4]], [9, [9, 8, 7, 11]], [8, []], [14, [14, 13, 15, 16]], [13, []], [15, []], [16, []], [19, [19, 20, 21, 22]], [20, []], [21, []], [22, []], [7, []], [11, []], [1, []], [3, []], [4, []], [29, [29, 34, 33, 30]], [34, []], [33, []], [31, [31, 36, 38, 32]], [30, []], [32, []], [36, []], [38, []], [37, [37, 39, 41, 46]], [39, []], [41, []], [50, [50, 49, 45, 40]], [49, []], [46, []], [45, []], [40, []]]], [[[9, [9, 8, 7, 11]]], [[14, [14, 13, 15, 16]]], [[18, [18, 17, 10, 12]]], [[19, [19, 20, 21, 22]]], [[24, [24, 25, 27]]], [[29, [29, 34, 33, 30]]], [[27, [26, 23, 35, 28]]], [[31, [31, 36, 38, 32]]], [[37, [37, 39, 41, 46]]], [[44, [44, 43, 42]]], [[50, [50, 49, 45, 40]]], [[48, [48, 47]]]]]",970.335453,"[[[[0, []], [16, [16, 22, 21, 12]], [20, [20]], [22, [27, 26, 25]], [21, []], [27, []], [26, []], [25, []], [24, [24, 23]], [12, []], [23, []], [36, [36, 37, 38]], [37, [44]], [38, []], [44, []], [41, [41, 39, 46, 45]], [39, []], [50, [50, 49, 40]], [49, []], [46, []], [45, []], [40, []]], [[0, [3, 2, 1, 4, 6, 5]], [9, [9, 8, 10, 7]], [8, []], [10, []], [7, []], [11, [11, 13, 17, 15]], [3, [14]], [14, []], [15, []], [18, [18, 19]], [19, []], [13, []], [17, []], [2, []], [1, []], [4, []], [29, [29, 30, 34, 33]], [30, []], [34, []], [33, []], [31, [31, 32, 35, 28]], [32, []], [6, []], [5, []], [43, [43, 42]], [42, []], [35, []], [48, [48, 47]], [47, []], [28, []]]], [[[16, [16, 22, 21, 12]]], [[9, [9, 8, 10, 7]]], [[11, [11, 13, 17, 15]]], [[3, [14]]], [[18, [18, 19]]], [[20, [20]]], [[22, [27, 26, 25]]], [[24, [24, 23]]], [[29, [29, 30, 34, 33]]], [[31, [31, 32, 35, 28]]], [[36, [36, 37, 38]]], [[37, [44]], [43, [43, 42]]], [[41, [41, 39, 46, 45]]], [[50, [50, 49, 40]]], [[48, [48, 47]]]]]"
test_data/data_demand_random_50_batch_all1_equal_cluster/C201_2.5.dat,8,60,2,1,969.0277564,"[[[[0, [3, 5, 6, 2]], [20, [20, 21, 22, 19, 17, 15, 18, 14]], [21, []], [22, []], [19, []], [18, []], [17, []], [15, []], [6, []], [3, []], [14, []], [2, []], [28, [28, 31, 32, 33]], [31, []], [32, []], [33, []], [5, [44, 43, 42, 35, 29, 30, 34]], [44, []], [43, []], [42, []], [29, [48, 47]], [30, []], [34, []], [35, []], [48, []], [47, []]], [[0, [4, 1]], [9, [9, 11]], [7, [7]], [4, [16, 13, 12, 8, 10]], [1, []], [16, []], [13, []], [12, [25, 26, 24, 23, 27]], [8, []], [10, []], [27, []], [26, []], [24, []], [23, []], [36, [36, 37, 38, 39, 41]], [41, []], [37, []], [38, []], [25, []], [11, [50, 49, 46, 45, 40]], [39, []], [50, []], [49, []], [46, []], [45, []], [40, []]]], [[[9, [9, 11]]], [[20, [20, 21, 22, 19, 17, 15, 18, 14]]], [[7, [7]]], [[4, [16, 13, 12, 8, 10]]], [[12, [25, 26, 24, 23, 27]]], [[28, [28, 31, 32, 33]]], [[36, [36, 37, 38, 39, 41]]], [[5, [44, 43, 42, 35, 29, 30, 34]]], [[11, [50, 49, 46, 45, 40]]], [[29, [48, 47]]]]]",,None
test_data/data_demand_random_50_batch_all1_equal_cluster/C201_2.5.dat,8,60,2,2,905.6155281,"[[[[0, [6, 4, 3]], [4, []], [7, [7, 48, 47, 42, 43, 14, 50, 49]], [22, [22, 18, 17, 13, 19, 20, 21]], [20, []], [19, []], [21, []], [18, []], [17, []], [13, []], [14, []], [6, [33, 30, 28, 32, 31, 34, 35]], [34, []], [33, []], [32, []], [31, []], [30, []], [35, []], [48, []], [47, []], [28, [29, 40, 37, 39, 38, 36]], [29, []], [42, []], [43, []], [40, []], [37, []], [39, []], [50, []], [49, []], [38, []], [36, []], [3, []]], [[0, [5, 2, 1]], [11, [11, 8, 10]], [5, []], [12, [12, 16, 9, 15]], [8, []], [9, []], [15, []], [16, []], [24, [24, 27, 26, 25, 23]], [10, []], [27, []], [26, []], [25, []], [23, []], [2, [44, 46, 45, 41]], [44, []], [46, []], [45, []], [41, []], [1, []]]], [[[7, [48, 47, 42, 43, 14, 50, 49]]], [[11, [11, 8, 10]]], [[7, [7]]], [[12, [12, 16, 9, 15]]], [[22, [22, 18, 17, 13, 19, 20, 21]]], [[24, [24, 27, 26, 25, 23]]], [[6, [33, 30, 28, 32, 31, 34, 35]]], [[28, [29, 40, 37, 39, 38, 36]]], [[2, [44, 46, 45, 41]]]]]",962.2982213,"[[[[0, [6]], [7, [7, 48, 47, 34, 35, 33, 18, 16, 17, 15, 13]], [18, []], [15, []], [35, []], [34, []], [47, []], [33, []], [29, [29, 32, 31, 30]], [32, []], [31, []], [30, []], [48, []], [13, []], [16, []], [17, []], [28, [28, 41, 40, 38, 42, 43, 44]], [42, []], [43, []], [44, []], [41, []], [40, []], [38, []], [6, []]], [[0, [2, 4, 3, 1, 5]], [4, []], [8, [8, 10]], [3, []], [10, []], [12, [11, 14, 12, 9]], [9, []], [11, []], [2, []], [14, [19]], [19, []], [20, [20, 21, 22, 27, 24, 26, 25, 23]], [21, []], [22, []], [27, []], [24, []], [26, []], [25, []], [23, [37, 36, 39]], [5, []], [37, []], [36, [50, 49, 46, 45]], [39, []], [50, []], [49, []], [46, []], [45, []], [1, []]]], [[[7, [48, 47, 34, 35, 33, 18, 16, 17]]], [[8, [8, 10]]], [[12, [11, 14, 12, 9]], [7, [7, 15, 13]]], [[14, [19]]], [[20, [20, 21, 22, 27, 24, 26, 25, 23]]], [[29, [29, 32, 31, 30]]], [[23, [37, 36, 39]]], [[28, [28, 41, 40, 38, 42, 43, 44]]], [[36, [50, 49, 46, 45]]]]]"
test_data/data_demand_random_50_batch_all1_equal_cluster/C201_2.5.dat,8,60,2,3,954.2982213,"[[[[0, []], [16, [16, 21, 20, 18, 19, 17, 15, 13, 4, 44, 43, 42, 48, 47]], [21, []], [20, []], [18, []], [19, []], [17, []], [15, []], [28, [28, 29, 30, 31, 32, 33, 34, 35]], [13, []], [14, [14]], [4, []], [44, []], [43, []], [42, []], [29, []], [30, []], [31, []], [32, []], [33, []], [34, []], [35, []], [48, []], [47, []]], [[0, [2, 1, 3, 6, 5]], [10, [10, 9, 11, 7, 12]], [8, [8]], [7, []], [12, []], [9, []], [11, []], [2, []], [1, []], [22, [22, 27, 25, 26, 24, 23]], [27, []], [25, []], [26, []], [24, []], [23, []], [3, []], [6, []], [5, [40, 41, 45, 36, 38, 39, 37, 46]], [40, []], [41, []], [45, []], [46, []], [36, [49, 50]], [38, []], [49, []], [50, []], [39, []], [37, []]]], [[[16, [4, 44, 43, 42, 48, 47]]], [[10, [10, 9, 11, 7, 12]]], [[8, [8]]], [[16, [16, 21, 20, 18, 19, 17, 15, 13]]], [[22, [22, 27, 25, 26, 24, 23]]], [[28, [28, 29, 30, 31, 32, 33, 34, 35]]], [[14, [14]]], [[5, [40, 41, 45, 36, 38, 39, 37, 46]]], [[36, [49, 50]]]]]",,None
test_data/data_demand_random_50_batch_all1_equal_cluster/C201_2.5.dat,8,90,2,1,931.0788655,"[[[[0, [5, 1, 6, 4]], [7, [7]], [6, []], [17, [17, 22, 21, 19, 20, 18]], [22, []], [21, []], [19, []], [20, []], [18, []], [1, []], [5, []], [31, [31, 30, 29]], [30, []], [29, [36, 40, 32, 33, 34]], [4, []], [36, []], [40, []], [43, [43, 42, 35, 28]], [42, []], [32, []], [33, []], [34, []], [35, []], [48, [48, 47]], [47, []], [28, []]], [[0, [3, 2]], [3, []], [2, []], [14, [14, 9, 13]], [9, []], [12, [12, 11, 10, 16, 15, 8]], [11, []], [27, [27, 25, 24, 23, 26]], [26, []], [25, []], [24, []], [10, []], [23, []], [8, []], [13, []], [16, []], [15, []], [44, [44, 38, 37, 39, 41, 45, 46]], [45, []], [46, []], [38, []], [37, []], [39, []], [50, [50, 49]], [49, []], [41, []]]], [[[7, [7]]], [[14, [14, 9, 13]]], [[17, [17, 22, 21, 19, 20, 18]]], [[12, [12, 11, 10, 16, 15, 8]]], [[27, [27, 25, 24, 23, 26]]], [[31, [31, 30, 29]]], [[29, [36, 40, 32, 33, 34]]], [[43, [43, 42, 35, 28]]], [[44, [44, 38, 37, 39, 41, 45, 46]]], [[50, [50, 49]]], [[48, [48, 47]]]]]",,None
test_data/data_demand_random_50_batch_all1_equal_cluster/C201_2.5.dat,8,90,2,2,931.0788655,"[[[[0, [2, 3, 6, 1]], [2, []], [3, []], [6, []], [1, []], [17, [17, 15, 14, 7, 9, 12, 8, 11]], [15, []], [14, []], [7, []], [9, []], [27, [27]], [12, [28, 29, 30, 31, 34, 33, 32]], [8, []], [11, []], [28, []], [29, []], [30, []], [31, []], [34, []], [33, []], [32, []], [43, [43, 42, 35, 16]], [42, []], [35, []], [48, [48, 47]], [47, []], [16, []]], [[0, [5, 4]], [4, []], [5, []], [13, [13, 18, 19, 20, 21, 22, 10]], [18, []], [19, []], [20, []], [21, []], [22, []], [26, [26, 25, 24, 23]], [25, []], [24, []], [10, []], [23, []], [36, [36]], [44, [44, 45, 46, 38, 37, 39, 41]], [45, []], [46, []], [38, []], [37, []], [39, []], [50, [50, 49, 40]], [49, []], [41, []], [40, []]]], [[[17, [17, 15, 14, 7, 9, 12, 8, 11]]], [[13, [13, 18, 19, 20, 21, 22, 10]]], [[26, [26, 25, 24, 23]]], [[27, [27]]], [[12, [28, 29, 30, 31, 34, 33, 32]]], [[36, [36]]], [[44, [44, 45, 46, 38, 37, 39, 41]]], [[43, [43, 42, 35, 16]]], [[50, [50, 49, 40]]], [[48, [48, 47]]]]]",,None
test_data/data_demand_random_50_batch_all1_equal_cluster/C201_2.5.dat,8,90,2,3,931.0788655,"[[[[0, [4, 6, 5]], [12, [12, 1, 10]], [10, []], [9, [9]], [7, [7]], [11, [11]], [1, []], [8, [8, 14, 16]], [14, []], [16, []], [27, [27, 26, 25]], [26, []], [25, []], [24, [24, 23, 29]], [23, []], [4, []], [6, []], [29, []], [36, [36, 40, 45, 46, 38, 37, 39]], [40, []], [45, []], [46, []], [38, []], [37, []], [39, []], [50, [50, 49, 41]], [49, []], [41, []], [5, []]], [[0, [3]], [2, [2]], [13, [13, 15, 17, 22, 21, 20, 19, 18]], [15, []], [17, []], [22, []], [21, []], [20, []], [19, []], [18, []], [3, []], [30, [30, 31, 34, 32, 33, 35, 28]], [31, []], [34, []], [28, []], [44, [44, 43, 42]], [43, []], [42, []], [32, []], [33, []], [35, []], [48, [48, 47]], [47, []]]], [[[2, [2]]], [[12, [12, 1, 10]]], [[9, [9]]], [[7, [7]]], [[11, [11]]], [[13, [13, 15, 17, 22, 21, 20, 19, 18]]], [[8, [8, 14, 16]]], [[27, [27, 26, 25]]], [[24, [24, 23, 29]]], [[30, [30, 31, 34, 32, 33, 35, 28]]], [[36, [36, 40, 45, 46, 38, 37, 39]]], [[44, [44, 43, 42]]], [[50, [50, 49, 41]]], [[48, [48, 47]]]]]",931.0788655,"[[[[0, [3, 6, 4, 5, 12]], [7, [7, 16, 9, 10, 8, 13]], [10, []], [8, []], [16, []], [13, []], [3, []], [9, []], [25, [25, 27, 26, 24, 23]], [27, []], [26, []], [24, []], [12, []], [23, []], [6, []], [4, []], [36, [36, 40]], [40, []], [44, [44, 45, 46, 38, 37, 39, 41]], [45, []], [46, []], [38, []], [37, []], [39, []], [50, [50, 49]], [49, []], [41, []], [5, []]], [[0, [2, 1]], [11, [11, 17, 15, 14]], [17, []], [19, [19, 22, 21, 20, 18]], [22, []], [21, []], [20, []], [18, []], [15, []], [14, []], [2, []], [1, []], [28, [28, 30, 31, 34, 29, 32, 33, 35]], [30, []], [31, []], [34, []], [29, []], [43, [43, 42]], [42, []], [32, []], [33, []], [35, []], [48, [48, 47]], [47, []]]], [[[11, [11, 17, 15, 14]], [7, [7, 16, 9, 10, 8, 13]]], [[19, [19, 22, 21, 20, 18]]], [[25, [25, 27, 26, 24, 23]]], [[28, [28, 30, 31, 34, 29, 32, 33, 35]]], [[36, [36, 40]]], [[43, [43, 42]]], [[44, [44, 45, 46, 38, 37, 39, 41]]], [[50, [50, 49]]], [[48, [48, 47]]]]]"
test_data/data_demand_random_50_batch_all1_equal_cluster/C201_2.5.dat,8,90,2,4,931.0788655,"[[[[0, [5, 1]], [16, [16, 12, 11, 8, 14]], [14, []], [25, [25, 24, 27, 23, 26]], [26, []], [24, []], [27, []], [12, []], [11, []], [8, []], [23, []], [36, [36, 40, 39]], [39, []], [40, []], [43, [43, 44, 45, 46, 38, 37]], [44, []], [45, []], [46, []], [50, [50, 49]], [49, []], [38, []], [37, []], [5, []], [1, []]], [[0, [4, 6, 3, 2]], [7, [7, 10, 9]], [10, [17, 15, 13]], [9, []], [4, []], [6, []], [19, [19, 20, 22, 21, 18]], [20, []], [22, []], [21, []], [18, []], [17, []], [15, []], [13, []], [3, []], [41, [41, 33, 31, 30, 34, 35, 29, 32]], [29, []], [42, [42]], [32, []], [33, []], [31, []], [30, []], [34, []], [35, []], [48, [48, 47, 28]], [47, []], [28, []], [2, []]]], [[[7, [7, 10, 9]]], [[10, [17, 15, 13]]], [[16, [16, 12, 11, 8, 14]]], [[19, [19, 20, 22, 21, 18]]], [[25, [25, 24, 27, 23, 26]]], [[41, [41, 33, 31, 30, 34, 35, 29, 32]]], [[36, [36, 40, 39]]], [[42, [42]]], [[43, [43, 44, 45, 46, 38, 37]]], [[50, [50, 49]]], [[48, [48, 47, 28]]]]]",,None
test_data/data_demand_random_50_batch_all1_equal_cluster/C201_2.5.dat,8,90,2,5,936.2937654,"[[[[0, [1, 6]], [14, [14, 17, 21, 22, 19]], [1, []], [6, []], [17, []], [18, [18, 23, 20]], [21, []], [20, []], [22, []], [19, []], [23, []], [36, [36, 37, 38, 41, 45, 46, 40, 44]], [37, []], [38, []], [40, []], [44, []], [41, []], [45, []], [46, []], [49, [49, 50, 39]], [50, []], [39, []]], [[0, [2, 4, 5, 3]], [3, []], [2, []], [4, []], [12, [12, 7, 10, 11, 9, 8]], [7, []], [11, []], [9, []], [16, [16, 15, 13]], [15, []], [13, []], [5, []], [8, []], [10, []], [27, [27, 26, 25, 24]], [26, []], [25, [28, 29, 30, 31]], [24, []], [28, []], [29, []], [30, []], [31, []], [43, [43, 42, 32, 33, 34, 35]], [42, []], [32, []], [33, []], [34, []], [35, []], [47, [47, 48]], [48, []]]], [[[12, [12, 7, 10, 11, 9, 8]]], [[14, [14, 17, 21, 22, 19]]], [[16, [16, 15, 13]]], [[18, [18, 23, 20]]], [[27, [27, 26, 25, 24]]], [[25, [28, 29, 30, 31]]], [[36, [36, 37, 38, 41, 45, 46, 40, 44]]], [[43, [43, 42, 32, 33, 34, 35]]], [[47, [47, 48]]], [[49, [49, 50, 39]]]]]",,None
test_data/data_demand_random_50_batch_all1_equal_cluster/C201_2.5.dat,8,120,2,1,931.0788655,"[[[[0, [1]], [1, []], [7, [7, 8, 10, 12, 14, 16]], [8, []], [10, []], [12, []], [14, []], [16, []], [19, [19, 18, 21, 20, 22]], [18, []], [21, []], [20, []], [22, []], [30, [30, 32, 28, 29, 34, 31, 33, 35]], [32, []], [28, []], [29, []], [34, []], [31, []], [43, [43, 42]], [42, []], [33, []], [35, []], [48, [48, 47]], [47, []]], [[0, [6, 4, 5, 3, 2]], [6, []], [11, [11]], [9, [9, 13, 15, 17]], [4, []], [5, []], [3, []], [2, []], [13, []], [15, []], [17, []], [27, [27, 26, 25, 24, 23]], [26, []], [25, []], [24, []], [23, []], [36, [36, 39, 38]], [39, []], [38, []], [40, [40, 44, 41, 45, 46]], [44, []], [41, []], [45, []], [46, []], [50, [50, 49, 37]], [49, []], [37, []]]], [[[11, [11]]], [[7, [7, 8, 10, 12, 14, 16]]], [[9, [9, 13, 15, 17]]], [[19, [19, 18, 21, 20, 22]]], [[27, [27, 26, 25, 24, 23]]], [[30, [30, 32, 28, 29, 34, 31, 33, 35]]], [[36, [36, 39, 38]]], [[40, [40, 44, 41, 45, 46]]], [[43, [43, 42]]], [[50, [50, 49, 37]]], [[48, [48, 47]]]]]",936.2937654,"[[[[0, [4, 2, 1, 3, 5, 6]], [9, [9, 12, 11, 7, 10]], [12, []], [11, []], [4, []], [2, []], [7, []], [1, []], [3, []], [5, []], [6, []], [18, [18]], [10, [27, 26, 25, 24, 23]], [27, []], [26, []], [25, []], [24, []], [23, []], [39, [39, 40]], [40, []], [43, [43, 44, 41, 45, 46, 38]], [44, []], [41, []], [45, []], [46, []], [49, [49, 50, 37, 36]], [50, []], [38, []], [37, []], [36, []]], [[0, []], [8, [8, 14, 13, 16, 17, 15]], [14, []], [13, []], [16, []], [20, [20, 21, 22, 19]], [21, []], [17, []], [15, []], [22, []], [19, []], [28, [28, 34, 31, 32, 30, 29, 33, 35]], [34, []], [31, []], [32, []], [30, []], [29, []], [42, [42]], [33, []], [35, []], [48, [48, 47]], [47, []]]], [[[9, [9, 12, 11, 7, 10]]], [[8, [8, 14, 13, 16, 17, 15]]], [[20, [20, 21, 22, 19]]], [[18, [18]]], [[10, [27, 26, 25, 24, 23]]], [[28, [28, 34, 31, 32, 30, 29, 33, 35]]], [[39, [39, 40]]], [[43, [43, 44, 41, 45, 46, 38]], [42, [42]]], [[49, [49, 50, 37, 36]]], [[48, [48, 47]]]]]"
test_data/data_demand_random_50_batch_all1_equal_cluster/C201_2.5.dat,8,120,2,2,931.0788655,"[[[[0, [3, 4, 5, 1, 2]], [2, []], [10, [10, 9, 14]], [9, []], [1, []], [13, [13, 16]], [3, []], [4, []], [16, []], [22, [22, 20, 21, 19]], [20, []], [21, []], [19, []], [30, [30, 31, 34, 29, 32, 33, 35, 28]], [31, []], [34, []], [29, []], [5, []], [44, [44, 43, 42]], [43, []], [42, []], [32, []], [33, []], [35, []], [48, [48, 47]], [47, []], [28, []], [14, []]], [[0, [6]], [18, [18, 17, 12, 11, 8, 15, 7]], [17, []], [27, [27, 25, 24, 23, 26]], [26, []], [25, []], [24, []], [23, []], [12, []], [11, []], [8, []], [7, []], [15, []], [6, []], [36, [36, 45, 46, 41, 40, 37, 39, 38]], [37, []], [39, []], [38, []], [45, []], [46, []], [50, [50, 49]], [49, []], [41, []], [40, []]]], [[[10, [10, 9, 14]]], [[13, [13, 16]]], [[18, [18, 17, 12, 11, 8, 15, 7]]], [[22, [22, 20, 21, 19]]], [[27, [27, 25, 24, 23, 26]]], [[36, [36, 45, 46, 41, 40, 37, 39, 38]]], [[30, [30, 31, 34, 29, 32, 33, 35, 28]]], [[44, [44, 43, 42]]], [[50, [50, 49]]], [[48, [48, 47]]]]]",954.3573373,"[[[[0, [5, 3, 1, 6]], [10, [10]], [5, []], [17, [17]], [21, [21, 22, 20, 13, 15, 9]], [22, []], [20, []], [13, []], [15, []], [3, []], [23, [23, 24]], [24, []], [9, [29, 36]], [36, []], [6, []], [29, []], [42, [42, 43, 44, 41, 45, 46, 39, 37]], [43, []], [44, []], [41, []], [45, []], [46, []], [49, [49, 50]], [50, []], [39, []], [37, []], [1, []]], [[0, [2, 4]], [8, [8, 7, 12, 11, 14]], [7, []], [19, [19, 18, 16]], [18, []], [16, []], [27, [27, 26, 25]], [26, []], [25, []], [12, []], [11, []], [40, [40, 38, 35, 28, 32, 31, 30, 34, 33]], [38, []], [32, []], [31, []], [30, []], [34, []], [33, []], [35, []], [48, [48, 47]], [47, []], [28, []], [14, []], [4, []], [2, []]]], [[[10, [10]]], [[8, [8, 7, 12, 11, 14]]], [[17, [17]]], [[19, [19, 18, 16]]], [[21, [21, 22, 20, 13, 15, 9]]], [[27, [27, 26, 25]]], [[23, [23, 24]]], [[9, [29, 36]], [40, [32, 31, 30, 34, 33]]], [[40, [40, 38, 35, 28]]], [[42, [42, 43, 44, 41, 45, 46, 39, 37]]], [[49, [49, 50]]], [[48, [48, 47]]]]]"
test_data/data_demand_random_50_batch_all1_equal_cluster/C201_2.5.dat,8,120,2,3,935.3882695,"[[[[0, [5, 4, 2, 3, 1]], [16, [16, 15, 17, 14, 8, 12, 7]], [15, []], [17, []], [14, []], [4, []], [2, []], [5, []], [25, [25, 23]], [12, []], [23, []], [7, []], [8, []], [29, [29, 31, 30, 32, 41, 38, 37, 39]], [31, []], [30, []], [32, []], [44, [44, 45, 46, 36]], [41, []], [45, []], [46, []], [38, []], [37, []], [39, []], [50, [50, 49]], [49, []], [36, []], [3, []], [1, []]], [[0, [6]], [11, [11, 10, 9]], [6, []], [19, [19, 18, 13, 22, 21, 20]], [22, []], [21, []], [20, []], [18, []], [13, []], [10, []], [9, []], [27, [27, 26, 24, 33, 34, 35, 28]], [26, []], [24, []], [40, [40, 42, 43]], [43, []], [42, []], [33, []], [34, []], [35, []], [48, [48, 47]], [47, []], [28, []]]], [[[11, [11, 10, 9]]], [[16, [16, 15, 17, 14, 8, 12, 7]]], [[19, [19, 18, 13, 22, 21, 20]]], [[25, [25, 23]]], [[27, [27, 26, 24, 33, 34, 35, 28]]], [[29, [29, 31, 30, 32, 41, 38, 37, 39]]], [[40, [40, 42, 43]]], [[44, [44, 45, 46, 36]]], [[50, [50, 49]]], [[48, [48, 47]]]]]",981.7729641,"[[[[0, [8]], [17, [17, 5]], [20, [20, 22, 21, 19, 18, 16, 15]], [22, []], [21, []], [19, []], [18, []], [16, []], [15, []], [13, [13, 7, 11, 23, 24]], [7, []], [5, []], [23, []], [24, []], [11, []], [8, []], [38, [38, 43, 44, 40, 41, 45, 46, 39]], [43, []], [44, []], [40, []], [41, []], [45, []], [46, []], [49, [49, 50, 37, 36]], [50, []], [39, []], [37, []], [36, []]], [[0, [1, 4, 6, 2, 3]], [9, [9]], [1, []], [12, [12, 14, 10]], [4, []], [14, []], [6, []], [10, []], [25, [25, 27, 26, 29, 30, 32, 31, 33]], [27, []], [26, []], [2, []], [3, []], [29, []], [30, []], [32, []], [31, []], [33, []], [42, [42, 34, 35, 28]], [34, []], [35, []], [48, [48, 47]], [47, []], [28, []]]], [[[17, [17, 5]]], [[9, [9]]], [[12, [12, 14, 10]]], [[20, [20, 22, 21, 19, 18, 16, 15]]], [[13, [13, 7, 11, 23, 24]]], [[25, [25, 27, 26, 29, 30, 32, 31, 33]]], [[38, [38, 43, 44, 40, 41, 45, 46, 39]]], [[49, [49, 50, 37, 36]], [42, [42, 34, 35, 28]]], [[48, [48, 47]]]]]"
test_data/data_demand_random_50_batch_all1_equal_cluster/C201_2.5.dat,8,120,2,4,931.0788655,"[[[[0, [5, 1]], [16, [16, 12, 11, 8, 14]], [14, []], [25, [25, 24, 27, 23, 26]], [26, []], [24, []], [27, []], [12, []], [11, []], [8, []], [23, []], [36, [36, 40, 39]], [39, []], [40, []], [43, [43, 44, 45, 46, 38, 37]], [44, []], [45, []], [46, []], [50, [50, 49]], [49, []], [38, []], [37, []], [5, []], [1, []]], [[0, [4, 6, 3, 2]], [7, [7, 10, 9]], [10, [17, 15, 13]], [9, []], [4, []], [6, []], [19, [19, 20, 22, 21, 18]], [20, []], [22, []], [21, []], [18, []], [17, []], [15, []], [13, []], [3, []], [41, [41, 33, 31, 30, 34, 35, 29, 32]], [29, []], [42, [42]], [32, []], [33, []], [31, []], [30, []], [34, []], [35, []], [48, [48, 47, 28]], [47, []], [28, []], [2, []]]], [[[7, [7, 10, 9]]], [[10, [17, 15, 13]]], [[16, [16, 12, 11, 8, 14]]], [[19, [19, 20, 22, 21, 18]]], [[25, [25, 24, 27, 23, 26]]], [[41, [41, 33, 31, 30, 34, 35, 29, 32]]], [[36, [36, 40, 39]]], [[42, [42]]], [[43, [43, 44, 45, 46, 38, 37]]], [[50, [50, 49]]], [[48, [48, 47, 28]]]]]",,None
test_data/data_demand_random_50_batch_all1_equal_cluster/C201_2.5.dat,8,120,2,5,936.2937654,"[[[[0, [3, 2]], [2, []], [3, []], [7, [7, 9, 11, 13, 14, 17]], [9, []], [11, []], [13, []], [14, []], [17, []], [24, [24, 26, 25, 27, 23]], [26, []], [25, []], [27, []], [23, [31, 36, 38, 40]], [36, []], [38, []], [40, []], [31, []], [48, [48, 47]], [47, []]], [[0, [4, 6, 5, 1]], [5, []], [1, []], [4, [8, 10, 12]], [6, []], [8, []], [10, []], [12, []], [15, [16, 20, 21, 22, 15, 18, 19]], [18, []], [16, []], [19, []], [20, []], [21, []], [22, []], [28, [28, 30, 32, 34, 35, 33, 29]], [30, []], [32, []], [34, []], [35, []], [33, []], [29, []], [42, [42, 43, 44, 45, 46, 41]], [43, []], [44, []], [41, []], [45, []], [46, []], [49, [49, 50, 39, 37]], [50, []], [39, []], [37, []]]], [[[4, [8, 10, 12]]], [[7, [7, 9, 11, 13, 14, 17]]], [[15, [16, 20, 21, 22, 15, 18, 19]]], [[28, [28, 30, 32, 34, 35, 33, 29]]], [[24, [24, 26, 25, 27, 23]]], [[23, [31, 36, 38, 40]]], [[42, [42, 43, 44, 45, 46, 41]]], [[49, [49, 50, 39, 37]]], [[48, [48, 47]]]]]",976.2937654,"[[[[0, [5, 3, 1, 6]], [1, []], [12, [12]], [11, [11]], [3, []], [18, [18, 22, 21, 20, 19, 16, 15]], [16, []], [22, []], [21, []], [20, []], [19, []], [34, [34, 30, 31, 32, 35, 29, 33, 28]], [30, []], [31, []], [32, []], [33, []], [35, []], [29, []], [5, []], [6, []], [44, [44]], [42, [42, 48, 47]], [48, []], [47, []], [28, []], [15, []]], [[0, []], [4, [4, 10, 2, 9]], [13, [13, 14, 17, 8]], [8, []], [17, []], [24, [24, 7, 25, 27, 26, 23]], [25, []], [26, []], [27, []], [14, []], [2, []], [41, [41, 40, 38]], [38, []], [40, [43, 45, 46, 39, 37]], [43, []], [45, []], [46, []], [49, [49, 50, 36]], [50, []], [39, []], [37, []], [36, []], [23, []], [9, []], [10, []], [7, []]]], [[[4, [4, 10, 2, 9]]], [[12, [12]]], [[11, [11]]], [[13, [13, 14, 17, 8]]], [[24, [24, 7, 25, 27, 26, 23]]], [[18, [18, 22, 21, 20, 19, 16, 15]]], [[34, [34, 30, 31, 32, 35, 29, 33, 28]]], [[41, [41, 40, 38]]], [[40, [43, 45, 46, 39, 37]], [44, [44]]], [[49, [49, 50, 36]]], [[42, [42, 48, 47]]]]]"
test_data/data_demand_random_50_batch_all1_equal_random/C201_2.5.dat,4,60,2,1,1036.298221,"[[[[0, [1]], [3, [12, 7, 10, 13, 3]], [7, []], [10, []], [13, []], [1, []], [12, [22, 5, 6]], [22, []], [31, [31]], [5, []], [34, [34, 17, 29, 26]], [17, []], [29, [45, 32, 33, 40, 41, 36]], [40, []], [6, []], [45, []], [41, []], [26, []], [36, []], [32, []], [48, [48, 44, 43, 49]], [44, []], [43, []], [49, []], [33, []]], [[0, [4, 2]], [4, []], [16, [16, 15, 8, 9]], [15, []], [8, []], [2, [25, 24, 21, 19]], [25, []], [24, [28, 20, 11, 18, 30, 14]], [21, []], [28, []], [19, [38, 27, 37, 23]], [20, []], [37, []], [9, []], [11, [46, 39]], [46, []], [18, []], [39, [50, 35, 47, 42]], [50, []], [23, []], [35, []], [30, []], [14, []], [38, []], [27, []], [47, []], [42, []]]], [[[3, [3]]], [[16, [16, 15, 8, 9]]], [[3, [12, 7, 10, 13]]], [[2, [25, 24, 21, 19]]], [[24, [28, 20, 11, 18]]], [[12, [22, 5, 6]]], [[24, [30, 14]]], [[31, [31]]], [[34, [34, 17, 29, 26]]], [[19, [38, 27, 37, 23]]], [[29, [41, 36]]], [[29, [45, 32, 33, 40]]], [[11, [46, 39]]], [[39, [50, 35, 47, 42]]], [[48, [48, 44, 43, 49]]]]]",1126.083189,"[[[[0, [2, 7, 1]], [7, []], [1, []], [2, []], [16, [16, 17, 8, 6]], [17, []], [24, [24, 25, 10, 22]], [8, []], [37, [37, 9, 14]], [9, []], [27, [27, 38, 30, 36]], [38, []], [30, []], [14, []], [25, []], [39, [39, 50, 45, 41]], [50, []], [6, []], [45, []], [41, []], [10, []], [36, [43, 44]], [43, []], [22, []], [44, []]], [[0, [3]], [11, [11, 12, 4]], [4, []], [20, [20, 18, 5, 19, 13, 15]], [5, []], [29, [29, 28, 23, 35, 46, 21, 26, 34]], [26, []], [21, []], [28, []], [23, []], [35, []], [3, []], [46, []], [19, []], [18, []], [47, [47, 31, 32, 40]], [12, []], [31, []], [48, [48, 42, 33]], [32, []], [49, [49]], [13, []], [40, []], [15, []], [34, []], [42, []], [33, []]]], [[[16, [16, 17, 8, 6]]], [[11, [11, 12, 4]]], [[20, [18, 19, 13, 15]]], [[20, [20, 5]]], [[24, [24, 25, 10, 22]]], [[29, [35, 46, 26, 34]]], [[29, [29, 28, 23, 21]]], [[37, [37, 9, 14]]], [[27, [27, 38, 30, 36]]], [[47, [47, 31, 32, 40]]], [[39, [39, 50, 45, 41]]], [[48, [48, 42, 33]]], [[49, [49]], [36, [43, 44]]]]]"
test_data/data_demand_random_50_batch_all1_equal_random/C201_2.5.dat,4,60,2,2,1016.298221,"[[[[0, []], [24, [24, 5, 21, 28, 13, 12]], [21, []], [28, []], [13, []], [5, []], [19, [22, 19, 26, 17]], [22, []], [31, [31, 34, 36, 32]], [36, []], [12, []], [32, []], [33, [33, 29]], [34, []], [29, [44, 40, 45, 41]], [17, []], [40, []], [45, []], [41, []], [26, []], [49, [49, 48, 43]], [48, []], [43, []], [44, []]], [[0, [1, 4, 2, 3]], [1, [7, 6, 10, 8]], [7, []], [6, []], [10, []], [15, [15, 20, 9, 11]], [16, [16, 18]], [27, [27, 30, 38, 25, 23, 35, 14, 37]], [38, []], [25, []], [23, []], [35, []], [30, []], [8, []], [4, []], [14, []], [42, [42]], [2, []], [37, []], [9, []], [11, [46]], [46, []], [20, []], [3, []], [18, []], [39, [39, 50, 47]], [50, []], [47, []]]], [[[1, [7, 6, 10, 8]]], [[24, [24, 21, 28, 13]]], [[24, [5, 12]]], [[15, [15, 20, 9, 11]]], [[16, [16, 18]]], [[19, [22, 19, 26, 17]]], [[27, [30, 38, 35, 37]]], [[27, [27, 25, 23, 14]]], [[31, [31, 34, 36, 32]]], [[33, [33, 29]]], [[42, [42]]], [[29, [44, 40, 45, 41]]], [[11, [46]]], [[49, [49, 48, 43]]], [[39, [39, 50, 47]]]]]",,None
test_data/data_demand_random_50_batch_all1_equal_random/C201_2.5.dat,4,60,2,4,1035.681542,"[[[[0, [7, 6, 10]], [10, []], [6, []], [15, [15, 21, 17, 13]], [21, []], [29, [29, 31, 22, 26]], [17, []], [13, []], [26, []], [7, []], [31, []], [36, [36, 33, 32, 41]], [33, []], [32, [45, 44, 43, 40]], [44, []], [22, []], [43, []], [48, [48, 49]], [49, []], [41, []], [45, []], [40, []]], [[0, [1, 3, 2, 4]], [1, []], [12, [12, 8, 9, 14]], [2, []], [18, [18, 19, 5]], [19, []], [16, [16, 38, 35, 11, 20, 42, 30]], [42, []], [24, [24, 25, 23, 27]], [30, []], [4, []], [14, []], [35, []], [8, []], [38, []], [25, []], [23, []], [27, []], [9, []], [37, [37, 46, 34, 39]], [11, []], [46, []], [20, []], [3, []], [47, [47, 50, 28]], [5, []], [34, []], [28, []], [50, []], [39, []]]], [[[12, [12, 8, 9, 14]]], [[15, [15, 21, 17, 13]]], [[18, [18, 19, 5]]], [[16, [38, 35, 42, 30]]], [[16, [16, 11, 20]]], [[24, [24, 25, 23, 27]]], [[29, [29, 31, 22, 26]]], [[36, [36, 33, 32, 41]]], [[32, [45, 44, 43, 40]]], [[37, [37, 46, 34, 39]]], [[47, [47, 50, 28]]], [[48, [48, 49]]]]]",1085.35759,"[[[[0, [3]], [20, [20, 18, 6, 7, 19, 12, 5]], [3, []], [18, []], [6, []], [7, []], [5, []], [31, [31, 32, 33]], [32, []], [33, []], [37, [37, 46, 36, 43]], [46, []], [19, []], [47, [47, 49, 48, 22, 44]], [36, []], [49, []], [12, []], [48, []], [43, []], [22, []], [44, []]], [[0, [2, 4, 1]], [11, [11, 9]], [9, []], [2, [16, 15]], [16, []], [15, []], [24, [24, 21, 10]], [21, []], [10, []], [1, [26]], [26, []], [29, [29, 34, 27, 14]], [34, []], [27, [30, 25, 38, 23, 35, 8, 39, 28]], [4, []], [14, []], [30, []], [25, []], [38, []], [23, []], [35, []], [8, []], [39, [50, 40, 17, 41, 45, 42, 13]], [50, []], [28, []], [40, []], [13, []], [17, []], [41, []], [45, []], [42, []]]], [[[11, [11, 9]]], [[2, [16, 15]]], [[20, [20, 18, 6, 7]]], [[20, [19, 12, 5]]], [[24, [24, 21, 10]]], [[1, [26]]], [[31, [31, 32, 33]]], [[29, [29, 34, 27, 14]]], [[27, [30, 25, 23, 8]]], [[27, [38, 35, 39, 28]]], [[37, [37, 46, 36, 43]]], [[47, [44]], [39, [41, 45, 42]]], [[47, [47, 49, 48, 22]]], [[39, [50, 40, 17, 13]]]]]"
test_data/data_demand_random_50_batch_all1_equal_random/C201_2.5.dat,4,90,2,1,1016.730849,"[[[[0, [1, 4, 3]], [4, []], [3, []], [15, [15]], [16, [16, 8, 32, 33, 35, 29]], [29, []], [33, []], [26, [26, 17, 21, 24]], [17, []], [21, []], [35, []], [8, []], [24, []], [34, [34, 36, 31, 39]], [36, []], [31, []], [43, [43, 44, 22]], [22, []], [44, []], [48, [48, 49, 47]], [32, []], [49, []], [1, []], [39, []], [47, []]], [[0, [2]], [2, []], [12, [12]], [5, [5, 10, 7, 9]], [10, []], [7, []], [13, [13, 18, 14, 19]], [18, []], [19, []], [14, []], [30, [30, 20, 6, 11]], [27, [27, 28, 23]], [20, []], [37, [37, 42]], [9, []], [11, []], [46, [46, 40, 38, 25]], [38, []], [25, []], [23, []], [50, [50, 41, 45]], [28, []], [40, []], [41, []], [45, []], [6, []], [42, []]]], [[[12, [12]]], [[5, [5, 10, 7, 9]]], [[15, [15]]], [[16, [32, 33, 35, 29]]], [[16, [16, 8]]], [[13, [13, 18, 14, 19]]], [[26, [26, 17, 21, 24]]], [[30, [30, 20, 6, 11]]], [[27, [27, 28, 23]]], [[34, [34, 36, 31, 39]]], [[37, [37, 42]]], [[46, [46, 40, 38, 25]]], [[43, [43, 44, 22]]], [[48, [48, 49, 47]]], [[50, [50, 41, 45]]]]]",1028.730849,"[[[[0, [3, 2]], [2, []], [3, []], [8, [8, 7, 10, 6]], [16, [16, 24, 22, 32, 33]], [24, []], [6, []], [7, []], [26, [26, 17, 21]], [10, []], [17, []], [21, []], [35, [35]], [39, [39, 34, 36, 31]], [34, []], [36, []], [31, []], [43, [43, 44]], [22, []], [44, []], [48, [42, 49, 48, 47]], [49, []], [32, []], [33, []], [42, []], [47, []]], [[0, [4, 1]], [12, [12, 11, 9]], [5, [5, 15]], [1, []], [13, [13, 14, 19, 18]], [19, []], [18, []], [14, []], [30, [30, 20, 25, 23]], [4, []], [27, [27, 37, 29]], [20, []], [9, [38, 28]], [37, []], [11, []], [46, [46, 41, 45]], [38, []], [25, []], [23, []], [50, [50, 40]], [28, []], [40, []], [41, []], [45, []], [29, []], [15, []]]], [[[12, [12, 11, 9]]], [[8, [8, 7, 10, 6]]], [[16, [24, 22, 32, 33]]], [[16, [16]], [5, [5, 15]]], [[13, [13, 14, 19, 18]]], [[26, [26, 17, 21]]], [[30, [30, 20, 25, 23]]], [[35, [35]]], [[27, [27, 37, 29]]], [[39, [39, 34, 36, 31]]], [[9, [38, 28]]], [[46, [46, 41, 45]]], [[43, [43, 44]]], [[50, [50, 40]]], [[48, [42, 49, 48, 47]]]]]"
test_data/data_demand_random_50_batch_all1_equal_random/C201_2.5.dat,4,90,2,2,1006.803509,"[[[[0, [1]], [7, [7]], [10, [10, 6, 12]], [6, []], [1, []], [18, [18, 15, 13]], [25, [25, 23]], [23, []], [26, [26, 17, 29]], [29, []], [36, [36, 32, 31]], [12, []], [32, []], [31, []], [42, [42, 5, 34, 40]], [5, []], [34, []], [15, []], [40, []], [45, [45, 41, 33, 22]], [41, []], [17, []], [13, []], [33, []], [49, [49, 48, 43, 44]], [48, []], [43, []], [22, []], [44, []]], [[0, [3]], [2, [2]], [9, [9, 4, 8, 11]], [3, []], [19, [19, 14, 16]], [14, []], [4, []], [16, []], [28, [28, 21, 24]], [21, []], [24, [20, 27]], [8, []], [30, [30, 35]], [35, []], [27, []], [20, []], [11, []], [37, [37, 46, 38, 39]], [46, []], [38, []], [39, []], [50, [50, 47]], [47, []]]], [[[7, [7]]], [[2, [2]]], [[9, [9, 4, 8, 11]]], [[10, [10, 6, 12]]], [[19, [19, 14, 16]]], [[18, [18, 15, 13]]], [[25, [25, 23]]], [[26, [26, 17, 29]]], [[28, [28, 21, 24]]], [[24, [20, 27]]], [[36, [36, 32, 31]]], [[30, [30, 35]]], [[42, [42, 5, 34, 40]]], [[37, [37, 46, 38, 39]]], [[45, [45, 41, 33, 22]]], [[49, [49, 48, 43, 44]]], [[50, [50, 47]]]]]",1054.763055,"[[[[0, [2, 1]], [1, []], [7, [7, 5, 12]], [5, []], [2, [21, 14, 22, 20]], [21, []], [28, [28]], [25, [25, 23, 31, 30]], [23, []], [30, []], [14, []], [20, []], [37, [37, 32, 33]], [46, [46, 43, 44]], [47, [47, 48]], [31, []], [43, []], [44, []], [22, []], [48, []], [12, []], [32, []], [33, []]], [[0, [4, 3]], [4, []], [16, [16, 11, 8]], [3, []], [19, [19, 15, 13]], [11, []], [9, [9, 10, 6]], [18, [18, 27, 24, 26, 29, 17]], [27, []], [24, []], [15, []], [26, []], [36, [36]], [42, [42, 34, 41, 40]], [34, []], [29, []], [13, []], [17, []], [10, []], [41, []], [45, [45, 35, 39]], [40, []], [6, []], [50, [50, 38, 49]], [35, []], [8, []], [38, []], [39, []], [49, []]]], [[[7, [7, 5, 12]]], [[16, [16, 11, 8]]], [[2, [21, 14, 22, 20]]], [[19, [19, 15, 13]]], [[9, [9, 10, 6]]], [[18, [26, 29, 17]]], [[18, [18, 27, 24]], [28, [28]]], [[25, [25, 23, 31, 30]]], [[36, [36]]], [[37, [37, 32, 33]]], [[42, [42, 34, 41, 40]]], [[46, [46, 43, 44]]], [[45, [45, 35, 39]]], [[47, [47, 48]]], [[50, [50, 38, 49]]]]]"
test_data/data_demand_random_50_batch_all1_equal_random/C201_2.5.dat,4,90,2,5,1012.730849,"[[[[0, [3]], [12, [12, 5]], [9, [9, 16, 15]], [20, [20, 19, 18]], [18, [11, 24, 22, 25]], [3, []], [19, []], [5, []], [16, []], [15, []], [24, []], [25, []], [30, [30, 35, 23, 33]], [35, []], [23, []], [46, [46, 44, 37]], [11, []], [37, []], [44, []], [22, []], [43, [43, 48, 49]], [48, []], [49, []], [33, []]], [[0, [2, 4, 1]], [14, [14, 8, 13, 7]], [4, []], [8, []], [2, []], [21, [21]], [28, [28, 17, 10, 6]], [17, []], [26, [26, 29]], [32, [32, 31, 34, 36]], [36, []], [31, []], [1, []], [29, []], [13, []], [7, []], [10, []], [41, [41, 45, 40, 42]], [45, []], [6, []], [40, []], [50, [50, 39, 38, 27]], [39, []], [38, []], [27, []], [47, [47]], [34, []], [42, []]]], [[[12, [12, 5]]], [[9, [9, 16, 15]]], [[14, [14, 8, 13, 7]]], [[20, [20, 19, 18]]], [[18, [11, 24, 22, 25]]], [[21, [21]]], [[28, [28, 17, 10, 6]]], [[26, [26, 29]]], [[32, [32, 31, 34, 36]]], [[30, [30, 35, 23, 33]]], [[41, [41, 45, 40, 42]]], [[46, [46, 44, 37]]], [[43, [43, 48, 49]]], [[50, [50, 39, 38, 27]]], [[47, [47]]]]]",1108.612497,"[[[[0, [4, 3, 2]], [2, []], [7, [7]], [14, [14, 8, 11]], [4, []], [19, [19, 23, 25]], [8, []], [18, [18, 20, 33]], [37, [37, 30, 35, 36]], [11, []], [20, []], [30, []], [35, []], [23, []], [25, []], [38, [38, 46, 44, 43]], [3, []], [46, []], [44, []], [43, []], [48, [48, 49]], [36, []], [49, []], [33, []]], [[0, [1]], [1, []], [9, [9, 5, 13, 12]], [5, []], [21, [21, 24, 15, 16]], [13, []], [29, [29, 17, 28, 10]], [31, [31, 32, 26, 22, 6]], [32, []], [22, []], [12, []], [15, []], [16, []], [42, [42, 34, 39, 27]], [40, [45, 40, 41]], [45, []], [41, []], [10, []], [6, []], [26, []], [17, []], [28, [47, 50]], [50, []], [39, []], [27, []], [47, []], [34, []], [24, []]]], [[[7, [7]]], [[9, [9, 5, 13, 12]]], [[14, [14, 8, 11]]], [[19, [19, 23, 25]]], [[21, [21, 24, 15, 16]]], [[29, [29, 17, 28, 10]]], [[18, [18, 20, 33]], [31, [22]]], [[31, [31, 32, 26, 6]]], [[37, [37, 30, 35, 36]]], [[42, [42, 34, 39, 27]]], [[38, [38, 46, 44, 43]]], [[40, [45, 40, 41]]], [[48, [48, 49]]], [[28, [47, 50]]]]]"
test_data/data_demand_random_50_batch_all1_equal_random/C201_2.5.dat,4,120,2,3,1023.528675,"[[[[0, [7, 6, 2]], [15, [15, 10, 13]], [10, []], [21, [21, 24, 18, 22]], [6, [16, 17, 29]], [7, []], [13, []], [17, []], [29, []], [24, []], [34, [34, 37]], [16, []], [2, []], [37, []], [46, [46, 43, 44]], [18, []], [47, [47, 49, 48]], [49, []], [48, []], [43, []], [22, []], [44, []]], [[0, [4, 1, 3]], [3, []], [4, []], [1, [5, 11, 9, 8]], [5, []], [20, [20, 19, 12]], [9, [14]], [11, []], [19, []], [27, [27, 23]], [32, [32, 31, 25, 28]], [31, []], [42, [42, 30, 40, 36, 35, 26, 33, 38]], [39, [39]], [38, []], [25, []], [23, []], [35, []], [8, []], [30, []], [14, []], [50, [50, 45, 41]], [28, []], [40, []], [45, []], [41, []], [26, []], [36, []], [12, []], [33, []]]], [[[15, [15, 10, 13]]], [[1, [5, 11, 9, 8]]], [[20, [20, 19, 12]]], [[9, [14]]], [[21, [21, 24, 18, 22]]], [[6, [16, 17, 29]]], [[27, [27, 23]]], [[32, [32, 31, 25, 28]]], [[34, [34, 37]]], [[42, [42, 30, 40, 38]]], [[42, [36, 35, 26, 33]]], [[39, [39]]], [[46, [46, 43, 44]]], [[50, [50, 45, 41]]], [[47, [47, 49, 48]]]]]",,None
test_data/data_demand_random_50_batch_all1_equal_random/C201_2.5.dat,4,120,2,4,1035.528675,"[[[[0, [2]], [6, [6]], [9, [9, 11, 5, 12]], [11, []], [20, [20]], [5, []], [27, [27, 18, 17]], [18, []], [2, []], [33, [33, 32, 31, 22]], [32, []], [31, [36, 34, 29]], [36, []], [42, [42]], [34, []], [40, [40, 45, 41]], [45, []], [41, []], [17, []], [29, []], [49, [49, 48, 43, 44]], [12, []], [48, []], [43, []], [22, []], [44, []]], [[0, [3, 4, 1]], [3, []], [1, []], [7, [7, 10, 8]], [10, []], [14, [14, 16, 15, 13]], [4, []], [13, []], [26, [26, 21, 28]], [21, [25, 30, 19]], [28, []], [16, []], [15, [37, 24, 35, 23]], [24, []], [38, [38]], [25, []], [30, []], [8, []], [35, []], [23, []], [50, [50, 39, 47, 46]], [39, []], [47, []], [19, []], [37, []], [46, []]]], [[[6, [6]]], [[7, [7, 10, 8]]], [[9, [9, 11, 5, 12]]], [[14, [14, 16, 15, 13]]], [[20, [20]]], [[27, [27, 18, 17]]], [[26, [26, 21, 28]]], [[33, [33, 32, 31, 22]]], [[21, [25, 30, 19]]], [[31, [36, 34, 29]]], [[15, [37, 24, 35, 23]]], [[42, [42]]], [[38, [38]]], [[40, [40, 45, 41]]], [[49, [49, 48, 43, 44]]], [[50, [50, 39, 47, 46]]]]]",1044.051248,"[[[[0, [4]], [9, [9, 5, 14, 11]], [5, []], [18, [18, 19, 20, 7]], [19, []], [20, []], [11, []], [27, [27, 30, 25, 16]], [4, []], [14, []], [30, []], [35, [34, 36, 35, 23]], [23, []], [25, []], [34, [40, 42, 26]], [36, []], [26, []], [7, []], [40, []], [16, []], [42, []], [49, [49, 48, 43, 44]], [48, []], [43, []], [44, []]], [[0, [1, 3, 2]], [3, []], [2, []], [10, [10]], [8, [8, 15, 13]], [15, []], [24, [24, 17, 21, 12]], [21, []], [13, [29, 6]], [17, []], [33, [33, 31, 22, 32]], [22, []], [32, []], [12, []], [1, []], [31, []], [29, []], [6, []], [45, [45, 41, 28, 37, 38]], [41, []], [28, []], [50, [50, 39, 47, 46]], [39, []], [38, []], [46, []], [37, []], [47, []]]], [[[10, [10]]], [[9, [9, 5, 14, 11]]], [[8, [8, 15, 13]]], [[18, [18, 19, 20, 7]]], [[24, [24, 17, 21, 12]]], [[13, [29, 6]]], [[33, [33, 31, 22, 32]]], [[27, [27, 30, 25, 16]]], [[35, [34, 36, 35, 23]]], [[45, [45, 41, 28, 37]]], [[45, [38]], [34, [40, 42, 26]]], [[50, [50, 39, 47, 46]]], [[49, [49, 48, 43, 44]]]]]"
test_data/data_demand_random_50_batch_all1_equal_random/C201_2.5.dat,4,120,2,5,1009.70992,"[[[[0, [11, 3, 1, 2]], [1, []], [20, [20, 9, 8, 14]], [11, []], [9, []], [19, [19, 28, 27, 25]], [27, []], [28, []], [35, [35, 30, 18, 23]], [8, []], [14, []], [30, []], [25, []], [23, []], [38, [38]], [46, [46, 37, 39]], [37, []], [3, []], [18, []], [39, []], [50, [50, 47, 34]], [34, []], [2, []], [47, []]], [[0, []], [4, [4, 7, 6, 10]], [5, [5, 15, 12, 13]], [13, []], [7, []], [6, []], [17, [17, 21, 24]], [21, []], [24, []], [29, [29, 31, 26, 33]], [15, []], [33, [32, 36, 22, 16]], [32, []], [36, []], [31, []], [22, []], [44, [44, 43, 42]], [43, []], [48, [48, 49]], [12, []], [49, []], [26, []], [10, []], [41, [41, 45, 40]], [45, []], [40, []], [16, []], [42, []]]], [[[4, [4, 7, 6, 10]]], [[20, [20, 9, 8, 14]]], [[5, [5, 15, 12, 13]]], [[19, [19, 28, 27, 25]]], [[17, [17, 21, 24]]], [[29, [29, 31, 26, 33]]], [[33, [32, 36, 22, 16]]], [[35, [35, 30, 18, 23]]], [[38, [38]]], [[44, [44, 43, 42]]], [[46, [46, 37, 39]]], [[48, [48, 49]]], [[41, [41, 45, 40]]], [[50, [50, 47, 34]]]]]",1056.048349,"[[[[0, [4, 3, 2]], [2, []], [12, [12, 8]], [3, []], [9, [9, 14, 18, 17]], [20, [20, 11, 19]], [8, []], [18, []], [14, []], [4, []], [30, [30, 35, 29]], [35, []], [38, [38, 37, 40]], [46, [46, 39]], [11, []], [37, []], [19, []], [47, [47, 50, 28]], [39, []], [50, []], [28, []], [40, []], [17, []], [29, []]], [[0, [1]], [1, []], [7, [7, 10, 6, 5]], [10, []], [6, []], [13, [13, 15]], [15, []], [5, []], [16, [16]], [24, [24, 21, 23, 25]], [21, []], [23, []], [25, []], [27, [27, 31, 22, 32]], [33, [33, 26]], [34, [34, 36, 42, 41]], [36, []], [31, []], [32, []], [22, []], [44, [44, 43, 48, 49, 45]], [43, []], [48, []], [49, []], [26, []], [41, []], [45, []], [42, []]]], [[[12, [12, 8]]], [[7, [7, 10, 6, 5]]], [[13, [13, 15]]], [[16, [16]]], [[9, [9, 14, 18, 17]]], [[20, [20, 11, 19]]], [[24, [24, 21, 23, 25]]], [[27, [27, 31, 22, 32]]], [[33, [33, 26]]], [[30, [30, 35, 29]]], [[38, [38, 37, 40]]], [[34, [34, 36, 42, 41]]], [[46, [46, 39]]], [[44, [45]], [47, [47, 50, 28]]], [[44, [44, 43, 48, 49]]]]]"
test_data/data_demand_random_50_batch_all1_equal_random/C201_2.5.dat,8,60,2,1,1024.117243,"[[[[0, [2]], [2, []], [12, [12, 15, 7, 17, 6, 45, 36, 43, 44]], [7, []], [17, []], [6, []], [24, [24, 28, 23, 29, 26]], [28, []], [23, []], [34, [34, 40, 41, 42, 31, 33, 22, 32]], [42, []], [15, []], [29, []], [40, []], [45, []], [41, []], [26, []], [36, []], [31, []], [43, []], [44, []], [22, []], [48, [48, 49]], [32, []], [49, []], [33, []]], [[0, [1, 4]], [1, []], [4, []], [5, [5, 10, 8, 9, 11, 13, 14, 3]], [13, []], [10, []], [16, [16, 21, 18, 19, 20, 25]], [21, []], [18, []], [19, []], [20, []], [3, []], [27, [27, 35, 37, 30]], [25, []], [14, []], [30, []], [8, []], [35, []], [11, []], [9, []], [37, [46, 38, 39, 50, 47]], [46, []], [38, []], [39, []], [50, []], [47, []]]], [[[12, [12, 15, 7, 6, 45, 36, 43, 44]]], [[5, [5, 10, 8, 9, 11, 13, 14, 3]]], [[12, [17]]], [[16, [16, 21, 18, 19, 20, 25]]], [[24, [24, 28, 23, 29, 26]]], [[27, [27, 35, 37, 30]]], [[34, [34, 40, 41, 42, 31, 33, 22, 32]]], [[37, [46, 38, 39, 50, 47]]], [[48, [48, 49]]]]]",1047,"[[[[0, [1, 3, 4]], [1, []], [12, [12, 14]], [18, [18, 20, 11, 9, 16]], [3, []], [4, []], [14, []], [16, [21, 28, 24, 29, 25, 23]], [21, []], [28, []], [24, []], [29, []], [34, [34, 42, 37]], [42, []], [20, []], [11, []], [37, [46, 38, 50, 39, 47]], [9, []], [46, []], [38, []], [25, []], [23, []], [50, []], [39, []], [47, []]], [[0, [2]], [2, []], [5, [5, 13, 7]], [19, [19, 6, 8, 15, 10, 17, 30, 35, 32]], [6, []], [17, []], [13, []], [33, [33, 26, 22, 27]], [27, []], [30, []], [8, []], [35, []], [15, [45, 41, 36, 31, 43, 44, 40]], [40, []], [45, []], [41, []], [10, []], [7, []], [26, []], [36, [48, 49]], [31, []], [43, []], [22, []], [44, []], [48, []], [32, []], [49, []]]], [[[12, [12, 14]]], [[5, [5, 13, 7]]], [[19, [19, 6, 8, 15, 10, 30, 35, 32]]], [[19, [17]], [18, [18, 20, 11, 9, 16]]], [[16, [21, 28, 24, 29, 25, 23]]], [[33, [33, 26, 22, 27]]], [[34, [34, 42, 37]]], [[15, [45, 41, 36, 31, 43, 44, 40]]], [[36, [48, 49]]], [[37, [46, 38, 50, 39, 47]]]]]"
test_data/data_demand_random_50_batch_all1_equal_random/C201_2.5.dat,8,60,2,2,1033.083189,"[[[[0, [1]], [12, [12, 13, 15, 14, 8, 10, 16]], [16, []], [1, []], [13, []], [10, []], [29, [29, 23, 28, 17, 26, 25, 21, 24]], [15, []], [25, []], [21, []], [24, []], [34, [34, 38, 30, 35, 39, 40, 41, 36]], [38, []], [14, []], [30, []], [8, []], [35, []], [23, []], [39, [50, 45, 49, 33]], [50, []], [28, []], [40, []], [45, []], [41, []], [17, []], [26, []], [36, []], [49, []], [33, []]], [[0, [3, 4, 7, 6, 2]], [7, []], [6, []], [5, [5]], [4, []], [19, [19, 9, 20, 46, 37, 11, 18]], [3, []], [11, []], [18, []], [9, []], [37, []], [46, []], [20, []], [27, [27, 22, 31, 32]], [2, []], [42, [42]], [47, [47, 43, 48, 44]], [32, []], [31, []], [43, []], [48, []], [22, []], [44, []]]], [[[5, [5]]], [[12, [12, 13, 15, 14, 8, 10, 16]]], [[19, [46, 37, 11, 18]]], [[19, [19, 9, 20]]], [[29, [29, 23, 28, 17, 26, 25, 21, 24]]], [[34, [34, 38, 30, 35, 39, 40, 41, 36]]], [[27, [27, 22, 31, 32]]], [[42, [42]]], [[47, [47, 43, 48, 44]]], [[39, [50, 45, 49, 33]]]]]",1101.117243,"[[[[0, [1, 2, 4, 5]], [1, []], [2, []], [5, [8, 18, 14]], [18, []], [4, []], [8, []], [24, [24, 25, 26, 20, 19, 28, 21, 17]], [28, []], [21, []], [34, [34, 30, 35, 23, 31, 32]], [25, []], [23, []], [35, []], [30, []], [14, []], [20, [46, 42, 40, 45, 41, 36]], [46, []], [19, []], [42, []], [40, []], [45, []], [41, []], [17, []], [26, []], [36, []], [31, []], [32, []]], [[0, [6, 3]], [16, [16, 13, 10, 7]], [13, []], [15, [15, 29, 22, 12, 9, 11]], [6, []], [29, []], [10, []], [7, []], [22, []], [12, []], [33, [33, 37, 27]], [37, []], [9, []], [11, []], [3, []], [27, [38, 39]], [38, []], [39, [50, 47, 49, 48, 43, 44]], [50, []], [47, []], [49, []], [48, []], [43, []], [44, []]]], [[[16, [16, 13, 10, 7]]], [[15, [29, 22, 9]]], [[15, [15, 12, 11]], [5, [8, 18, 14]]], [[24, [24, 25, 26, 20, 19, 28, 21, 17]]], [[33, [33, 37, 27]]], [[34, [34, 30, 35, 23, 31, 32]]], [[20, [46, 42, 40, 45, 41, 36]]], [[27, [38, 39]]], [[39, [50, 47, 49, 48, 43, 44]]]]]"
test_data/data_demand_random_50_batch_all1_equal_random/C201_2.5.dat,8,60,2,3,997.8035085,"[[[[0, [2, 7]], [7, []], [5, [5, 6, 16, 13, 10, 3, 12]], [6, []], [10, []], [3, []], [16, []], [2, []], [31, [31, 33, 22, 26, 17, 29]], [12, []], [33, []], [32, [32]], [22, []], [36, [36, 40, 45, 41, 39, 42]], [26, []], [17, []], [40, []], [45, []], [41, []], [13, []], [29, [50]], [50, []], [39, []], [42, []]], [[0, [1, 4]], [4, []], [1, [46, 35, 38, 37, 34, 21, 24, 28, 8]], [34, [15, 18, 19]], [15, []], [24, []], [21, []], [28, []], [18, []], [19, []], [20, [20, 9, 11, 25, 23, 30, 14, 27]], [9, []], [37, []], [11, []], [46, []], [25, []], [23, []], [35, []], [8, []], [30, []], [14, []], [38, []], [27, []], [47, [47, 49, 48, 43, 44]], [49, []], [48, []], [43, []], [44, []]]], [[[5, [5, 6, 16, 13, 10, 3, 12]]], [[1, [46, 35, 38, 37, 34, 21, 24, 28]]], [[1, [8]]], [[34, [15, 18, 19]]], [[20, [20, 9, 11, 25, 23, 30, 14, 27]]], [[31, [31, 33, 22, 26, 17, 29]]], [[32, [32]]], [[36, [36, 40, 45, 41, 39, 42]]], [[47, [47, 49, 48, 43, 44]]], [[29, [50]]]]]",1078.814288,"[[[[0, [3, 10]], [3, []], [5, [5, 16, 12, 6, 13]], [16, []], [12, [17]], [6, []], [17, []], [13, []], [32, [32, 33, 22, 31]], [33, []], [22, []], [31, []], [36, [36, 29, 7]], [10, []], [29, [40, 45, 41, 26]], [40, []], [45, []], [41, []], [7, []], [26, []], [48, [48, 44, 43, 42]], [44, []], [43, []], [42, []]], [[0, [1, 2, 4, 8]], [4, []], [8, []], [1, [46, 35, 38, 39, 37, 34, 24, 21, 15, 19, 20, 9, 11, 14, 18]], [34, []], [24, []], [15, []], [21, []], [19, [30, 27, 28, 25, 23]], [20, []], [9, []], [37, []], [11, []], [46, []], [25, []], [23, []], [35, []], [30, []], [14, []], [38, []], [27, []], [18, []], [39, [50, 49, 47]], [50, []], [28, []], [2, []], [49, []], [47, []]]], [[[5, [5, 16, 12, 6, 13]]], [[1, [46, 35, 38, 39, 37, 34, 24, 21]]], [[12, [17]], [1, [15, 19, 20, 9, 11, 14, 18]]], [[19, [30, 27, 28, 25, 23]]], [[32, [32, 33, 22, 31]]], [[36, [36, 29, 7]]], [[29, [40, 45, 41, 26]]], [[39, [50, 49, 47]]], [[48, [48, 44, 43, 42]]]]]"
test_data/data_demand_random_50_batch_all1_equal_random/C201_2.5.dat,8,90,2,1,1004.70992,"[[[[0, [1, 2]], [6, [6, 7]], [7, []], [2, []], [19, [19, 16, 13, 10, 12]], [16, []], [13, []], [10, []], [1, []], [12, []], [33, [33, 29, 17, 22]], [29, []], [34, [34, 36, 31, 32, 26]], [36, []], [31, []], [32, []], [44, [44, 43]], [22, []], [43, []], [48, [48, 49, 41, 45, 40, 42]], [49, []], [26, []], [17, []], [41, []], [45, []], [40, []], [42, []]], [[0, [4]], [14, [14, 5, 3, 15, 11, 9, 8]], [4, []], [15, []], [5, []], [3, []], [28, [28, 21, 27, 20, 18, 23, 24, 25]], [21, []], [24, []], [25, []], [30, [30, 35, 37]], [8, []], [35, []], [27, []], [20, []], [46, [46, 38]], [11, []], [9, []], [37, []], [18, []], [38, []], [23, [50, 39, 47]], [50, []], [39, []], [47, []]]], [[[14, [14, 5, 3, 15, 11, 9, 8]]], [[6, [6, 7]]], [[19, [19, 16, 13, 10, 12]]], [[28, [28, 21, 27, 20, 18, 23, 24, 25]]], [[33, [33, 29, 17, 22]]], [[34, [34, 36, 31, 32, 26]]], [[30, [30, 35, 37]]], [[46, [46, 38]]], [[44, [44, 43]]], [[48, [48, 49, 41, 45, 40, 42]]], [[23, [50, 39, 47]]]]]",1064.612497,"[[[[0, []], [13, [13, 9, 12, 16]], [12, []], [24, [24, 21]], [21, []], [16, []], [32, [32, 22, 33, 19, 20, 11]], [22, []], [33, []], [19, []], [20, []], [9, []], [37, [37, 46, 36, 31]], [11, []], [46, []], [49, [49, 48, 43, 44]], [36, []], [31, []], [48, []], [43, []], [44, []]], [[0, [1, 2, 4]], [4, []], [8, [8, 7, 5]], [15, [15, 10, 14, 6]], [7, []], [1, []], [2, []], [5, []], [26, [26, 17, 3, 29, 25, 23, 27, 18]], [10, []], [17, []], [29, []], [25, []], [23, []], [35, [35, 30]], [30, []], [14, []], [27, [38, 39, 28, 34]], [38, []], [39, []], [18, []], [3, []], [50, [50, 40, 41, 45, 42, 47]], [28, []], [6, []], [40, []], [41, []], [45, []], [34, []], [42, []], [47, []]]], [[[8, [8, 7, 5]]], [[15, [15, 10, 14, 6]], [13, [13, 9, 12, 16]]], [[26, [26, 17, 3, 29, 25, 23, 27, 18]]], [[24, [24, 21]]], [[32, [32, 22, 33, 19, 20, 11]]], [[35, [35, 30]]], [[27, [38, 39, 28, 34]]], [[37, [37, 46, 36, 31]]], [[49, [49, 48, 43, 44]]], [[50, [50, 40, 41, 45, 42, 47]]]]]"
test_data/data_demand_random_50_batch_all1_equal_random/C201_2.5.dat,8,90,2,2,1015.803509,"[[[[0, [2, 3, 4]], [4, []], [9, [9, 5, 11]], [2, []], [19, [19, 25, 21, 18]], [25, [27, 20]], [21, []], [5, []], [27, []], [20, []], [37, [37, 33]], [11, []], [46, [46]], [3, []], [18, [47, 49, 48, 43, 44]], [47, []], [33, []], [49, []], [48, []], [43, []], [44, []]], [[0, [1]], [15, [15, 7, 6, 13, 12, 16, 14, 8]], [7, []], [6, []], [13, []], [24, [24, 10]], [26, [26, 23, 17, 29, 22, 28]], [22, []], [1, []], [32, [32, 31, 30]], [31, []], [12, []], [36, [36, 34, 39, 38, 35]], [16, []], [34, []], [39, []], [38, []], [14, []], [30, []], [8, []], [35, []], [23, []], [50, [50, 40, 45, 41, 42]], [28, []], [40, []], [45, []], [41, []], [10, []], [17, []], [29, []], [42, []]]], [[[9, [9, 5, 11]]], [[15, [15, 7, 6, 13, 12, 16, 14, 8]]], [[19, [19, 25, 21, 18]]], [[24, [24, 10]]], [[25, [27, 20]]], [[26, [26, 23, 17, 29, 22, 28]]], [[32, [32, 31, 30]]], [[37, [37, 33]]], [[36, [36, 34, 39, 38, 35]]], [[46, [46]]], [[18, [47, 49, 48, 43, 44]]], [[50, [50, 40, 45, 41, 42]]]]]",1069.763055,"[[[[0, []], [11, [11, 10, 7, 6]], [10, [13, 15, 16]], [7, []], [6, []], [13, []], [28, [28, 21, 24, 29, 26, 17, 18, 20]], [21, []], [24, []], [29, []], [26, []], [17, []], [15, []], [34, [34]], [16, []], [18, [46, 37, 39, 42, 33]], [20, []], [46, []], [37, []], [50, [50, 47, 49]], [39, []], [47, []], [42, []], [49, []], [33, []]], [[0, [3, 2, 4]], [3, []], [5, [5, 9, 14, 8]], [1, [1, 12]], [12, []], [9, []], [19, [19, 27, 23, 25, 22]], [2, []], [27, []], [23, []], [25, []], [14, []], [4, []], [30, [30]], [8, []], [38, [38, 35, 40, 41, 36, 31, 32]], [35, []], [40, []], [45, [45, 43, 44]], [41, []], [36, [48]], [31, []], [43, []], [22, []], [44, []], [48, []], [32, []]]], [[[11, [11, 10, 7, 6]]], [[5, [5, 9, 14, 8]]], [[1, [1, 12]]], [[10, [13, 15, 16]]], [[19, [19, 27, 23, 25, 22]]], [[28, [28, 21, 24, 29, 26, 17, 18, 20]]], [[30, [30]]], [[34, [34]], [38, [38, 35, 40, 41, 36, 31, 32]]], [[18, [46, 37, 39, 42, 33]]], [[45, [45, 43, 44]]], [[36, [48]]], [[50, [50, 47, 49]]]]]"
test_data/data_demand_random_50_batch_all1_equal_random/C201_2.5.dat,8,90,2,3,1026.151253,"[[[[0, [2]], [5, [5, 3, 6]], [6, []], [7, [7, 11, 8]], [2, []], [11, []], [20, [20, 18, 19, 23, 14, 25]], [18, []], [19, []], [25, []], [8, [27, 16, 30]], [14, []], [30, []], [35, [35, 34, 36, 31, 32, 33]], [23, []], [3, []], [27, []], [34, []], [16, []], [36, []], [31, []], [43, [43, 44, 48, 49, 47, 42]], [44, []], [48, []], [32, []], [49, []], [33, []], [47, []], [42, []]], [[0, [4, 1]], [4, []], [9, [9]], [1, []], [22, [22, 12, 13, 10, 17, 15]], [12, []], [26, [26, 29, 28, 24, 21]], [13, []], [29, []], [10, []], [17, []], [28, []], [24, []], [15, []], [21, []], [41, [41]], [45, [45, 40, 39, 38, 46, 37]], [40, []], [50, [50]], [39, []], [38, []], [46, []], [37, []]]], [[[5, [5, 3, 6]]], [[9, [9]]], [[7, [7, 11, 8]]], [[20, [20, 18, 19, 23, 14, 25]]], [[22, [22, 12, 13, 10, 17, 15]]], [[8, [27, 16, 30]]], [[26, [26, 29, 28, 24, 21]]], [[35, [35, 34, 36, 31, 32, 33]]], [[41, [41]]], [[45, [45, 40, 39, 38, 46, 37]]], [[43, [43, 44, 48, 49, 47, 42]]], [[50, [50]]]]]",1075.528675,"[[[[0, [2, 1]], [1, []], [2, []], [5, [5, 12, 11, 9, 7, 10]], [12, []], [11, []], [9, []], [20, [20, 21]], [21, [29, 22, 26, 13]], [29, []], [33, [33, 36]], [22, [41, 40, 32, 31]], [36, []], [26, []], [7, []], [10, []], [41, []], [45, [45, 49, 48, 43, 44]], [40, []], [13, []], [49, []], [32, []], [31, []], [48, []], [43, []], [44, []]], [[0, [4, 3]], [6, [6]], [24, [24, 17, 16, 15, 8, 14]], [17, []], [16, []], [15, []], [8, []], [14, []], [30, [30, 27, 18, 25, 23, 28, 19]], [4, []], [27, []], [18, []], [3, []], [38, [38, 35, 39, 34, 42]], [25, []], [35, []], [23, []], [28, []], [50, [50, 47, 46, 37]], [39, []], [34, []], [42, []], [47, []], [19, []], [46, []], [37, []]]], [[[6, [6]], [5, [5, 12, 11, 9, 7, 10]]], [[20, [20, 21]]], [[24, [24, 17, 16, 15, 8, 14]]], [[21, [29, 22, 26, 13]]], [[30, [30, 27, 18, 25, 23, 28, 19]]], [[33, [33, 36]]], [[38, [38, 35, 39, 34, 42]]], [[22, [41, 40, 32, 31]]], [[50, [50, 47, 46, 37]]], [[45, [45, 49, 48, 43, 44]]]]]"
test_data/data_demand_random_50_batch_all1_equal_random/C201_2.5.dat,8,90,2,4,1016.730849,"[[[[0, [4]], [9, [9, 6, 7]], [6, [16, 15, 13, 14, 10, 17]], [16, []], [15, []], [29, [29, 23, 25, 28, 26]], [13, []], [26, []], [17, []], [7, []], [23, []], [35, [35, 30]], [30, []], [14, []], [4, []], [46, [46, 38, 40, 41, 42]], [38, []], [25, []], [50, [50, 45]], [28, []], [40, []], [10, []], [41, []], [45, []], [42, []]], [[0, [1, 3, 2]], [8, [8, 5]], [1, []], [19, [19]], [21, [21, 24, 11, 12]], [24, []], [5, []], [2, []], [27, [33, 27, 20, 18, 22]], [3, []], [20, []], [11, []], [37, [37]], [18, [39, 34, 36, 31, 32]], [39, []], [34, []], [36, []], [31, []], [12, []], [32, []], [22, []], [44, [44, 43, 48, 49, 47]], [43, []], [48, []], [49, []], [33, []], [47, []]]], [[[8, [8, 5]]], [[9, [9, 6, 7]]], [[6, [16, 15, 13, 14, 10, 17]]], [[19, [19]]], [[21, [21, 24, 11, 12]]], [[29, [29, 23, 25, 28, 26]]], [[27, [33, 27, 20, 18, 22]]], [[37, [37]]], [[35, [35, 30]]], [[18, [39, 34, 36, 31, 32]]], [[44, [44, 43, 48, 49, 47]]], [[46, [46, 38, 40, 41, 42]]], [[50, [50, 45]]]]]",,None
test_data/data_demand_random_50_batch_all1_equal_random/C201_2.5.dat,8,90,2,5,1017.311289,"[[[[0, [1, 3]], [1, []], [5, [5, 15, 16, 11, 9]], [19, [19, 12, 20, 18]], [12, []], [24, [24, 29, 27]], [29, []], [15, []], [16, []], [27, []], [37, [37, 34, 42]], [11, []], [9, []], [46, [46, 39, 35, 38]], [20, []], [3, []], [18, []], [47, [47, 50]], [39, []], [50, []], [35, []], [38, []], [34, []], [42, []]], [[0, [4]], [6, [6, 7, 2, 10]], [7, []], [10, []], [13, [13, 14, 8]], [14, []], [2, []], [4, []], [8, []], [30, [30, 25, 23, 28, 21, 17, 26, 22]], [25, []], [23, []], [28, []], [21, []], [40, [40]], [17, []], [26, []], [45, [45, 41, 36, 31, 32, 33]], [41, []], [36, []], [31, []], [43, [43, 44, 48, 49]], [22, []], [44, []], [48, []], [32, []], [49, []], [33, []]]], [[[5, [5, 15, 16, 11, 9]]], [[6, [6, 7, 2, 10]]], [[13, [13, 14, 8]]], [[19, [19, 12, 20, 18]]], [[24, [24, 29, 27]]], [[30, [30, 25, 23, 28, 21, 17, 26, 22]]], [[37, [37, 34, 42]]], [[40, [40]]], [[46, [46, 39, 35, 38]]], [[45, [45, 41, 36, 31, 32, 33]]], [[43, [43, 44, 48, 49]]], [[47, [47, 50]]]]]",1069.371824,"[[[[0, []], [7, [7, 10, 13, 15, 14, 8, 16, 6]], [15, []], [29, [29, 17, 26, 28, 25, 23, 27, 18]], [10, []], [17, []], [13, []], [26, []], [28, []], [25, []], [14, []], [30, [30, 35, 38, 42, 40, 41, 21]], [8, []], [35, []], [23, []], [38, []], [27, []], [18, []], [47, [47, 45, 50, 39]], [42, []], [16, []], [40, []], [6, []], [45, []], [41, []], [21, []], [50, []], [39, []]], [[0, [3, 2, 4, 1]], [4, []], [11, [11, 5, 12]], [3, []], [2, [9, 20]], [9, []], [19, [19, 24, 22]], [24, []], [1, []], [31, [31]], [5, [34, 36, 32, 33, 37]], [34, []], [36, []], [12, []], [32, []], [22, []], [44, [44, 43]], [43, []], [48, [48, 49, 46]], [49, []], [33, []], [20, []], [46, []], [37, []]]], [[[11, [11, 5, 12]]], [[7, [7, 10, 13, 15, 14, 8, 16, 6]]], [[2, [9, 20]]], [[19, [19, 24, 22]]], [[29, [29, 17, 26, 28, 25, 23, 27, 18]]], [[31, [31]]], [[5, [34, 36, 32, 33, 37]]], [[30, [30, 35, 38, 42, 40, 41, 21]]], [[44, [44, 43]]], [[47, [47, 45, 50, 39]], [48, [48, 49, 46]]]]]"
test_data/data_demand_random_50_batch_all1_equal_random/C201_2.5.dat,8,120,2,1,1035.528675,"[[[[0, [2]], [2, [12, 7, 8, 11]], [12, []], [7, []], [25, [25]], [27, [27, 17, 23, 18, 20, 19]], [17, []], [36, [36, 31]], [31, []], [42, [42, 38, 30, 35, 39, 37]], [38, []], [8, []], [30, []], [35, []], [23, []], [50, [50, 47, 46]], [39, []], [47, []], [18, []], [37, []], [11, []], [46, []], [20, []], [19, []]], [[0, [3, 4, 1]], [9, [9, 14, 6, 5, 15, 16, 13, 10]], [3, []], [4, []], [14, []], [6, []], [28, [28, 21, 24, 29, 26, 33, 32, 22]], [21, []], [24, []], [5, []], [15, []], [16, []], [34, [34]], [29, []], [26, []], [13, []], [40, [40, 45, 41, 43, 44]], [45, []], [41, []], [10, []], [33, []], [1, []], [49, [49, 48]], [32, []], [48, []], [43, []], [22, []], [44, []]]], [[[2, [12, 7, 8, 11]]], [[9, [9, 14, 6, 5, 15, 16, 13, 10]]], [[25, [25]]], [[27, [27, 17, 23, 18, 20, 19]]], [[28, [28, 21, 24, 29, 26, 33, 32, 22]]], [[34, [34]]], [[36, [36, 31]]], [[42, [42, 38, 30, 35, 39, 37]]], [[40, [40, 45, 41, 43, 44]]], [[49, [49, 48]]], [[50, [50, 47, 46]]]]]",1063.528675,"[[[[0, [1, 2, 3]], [5, [5, 15, 8, 9]], [1, [11, 18]], [15, []], [2, []], [8, []], [27, [27, 30, 20, 19, 22]], [30, []], [3, []], [18, []], [20, []], [37, [37, 32, 33]], [9, []], [11, []], [46, [46]], [19, [47, 44, 43, 48]], [47, []], [22, []], [44, []], [43, []], [48, []], [32, []], [33, []]], [[0, []], [12, [12, 7, 4]], [7, []], [14, [14, 6, 16, 10, 17, 13]], [4, []], [24, [24, 23, 21, 28, 29, 25, 26]], [23, []], [21, []], [28, []], [29, [31, 36]], [16, [34, 39, 38, 35, 41, 40]], [34, []], [39, []], [38, []], [35, []], [25, []], [50, [50, 45, 42, 49]], [6, []], [10, []], [41, []], [45, []], [40, []], [17, []], [13, []], [26, []], [36, []], [31, []], [49, []], [42, []]]], [[[12, [12, 7, 4]]], [[14, [14, 6, 16, 10, 17, 13]]], [[5, [5, 15, 8, 9]]], [[1, [11, 18]]], [[24, [24, 23, 21, 28, 29, 25, 26]]], [[27, [27, 30, 20, 19, 22]]], [[37, [37, 32, 33]], [29, [31, 36]]], [[16, [34, 39, 38, 35, 41, 40]]], [[46, [46]]], [[50, [50, 45, 42, 49]]], [[19, [47, 44, 43, 48]]]]]"
test_data/data_demand_random_50_batch_all1_equal_random/C201_2.5.dat,8,120,2,2,1012.730849,"[[[[0, [4, 1]], [4, []], [10, [10, 6, 12]], [6, []], [12, [14, 8, 11]], [1, []], [23, [23, 27, 24, 25, 22]], [27, []], [24, []], [30, [30, 35, 37, 33]], [14, []], [8, []], [35, []], [25, []], [46, [46, 44, 43]], [11, []], [37, []], [44, [48, 49]], [22, []], [43, []], [48, []], [49, []], [33, []]], [[0, [2, 3]], [2, []], [15, [15, 5, 9, 13, 7, 16]], [5, []], [19, [19, 20, 18]], [9, [29, 17, 26, 21, 28]], [20, []], [3, []], [18, []], [32, [32, 31, 36]], [31, []], [36, []], [29, [40, 41, 38, 39, 34]], [40, []], [13, []], [17, []], [26, []], [7, []], [41, []], [45, [45]], [21, []], [28, []], [50, [50, 42, 47]], [38, []], [39, []], [34, []], [16, []], [42, []], [47, []]]], [[[15, [15, 5, 9, 13, 7, 16]]], [[10, [10, 6, 12]]], [[12, [14, 8, 11]]], [[23, [23, 27, 24, 25, 22]]], [[19, [19, 20, 18]]], [[9, [29, 17, 26, 21, 28]]], [[32, [32, 31, 36]]], [[30, [30, 35, 37, 33]]], [[29, [40, 41, 38, 39, 34]]], [[45, [45]]], [[46, [46, 44, 43]]], [[50, [50, 42, 47]]], [[44, [48, 49]]]]]",1028.661904,"[[[[0, []], [7, [7, 13, 10, 6]], [6, []], [29, [29, 28, 26, 17, 19]], [28, []], [33, [33, 32]], [32, []], [31, [31, 36]], [36, [41, 40, 39, 38, 37]], [26, []], [13, []], [17, []], [10, []], [41, []], [45, [45]], [40, []], [50, [50, 46]], [39, []], [38, []], [46, []], [37, []], [19, []]], [[0, [4, 3, 1]], [9, [9, 11, 2, 12]], [11, []], [2, []], [18, [18, 21, 24, 22]], [20, [20, 5, 16, 8, 14, 15]], [5, []], [16, []], [24, []], [21, []], [15, []], [34, [34, 35, 30, 25, 23, 27]], [25, []], [23, []], [35, []], [8, []], [30, []], [14, []], [4, []], [27, []], [3, []], [47, [47, 48, 44, 43, 49, 42]], [48, []], [22, []], [44, []], [43, []], [12, []], [49, []], [1, []], [42, []]]], [[[7, [7, 13, 10, 6]]], [[9, [9, 11, 2, 12]]], [[18, [18, 21, 24, 22]]], [[20, [20, 5, 16, 8, 14, 15]]], [[29, [29, 28, 26, 17, 19]]], [[33, [33, 32]]], [[34, [34, 35, 30, 25, 23, 27]]], [[31, [31, 36]]], [[36, [41, 40, 39, 38, 37]]], [[45, [45]]], [[47, [47, 48, 44, 43, 49, 42]], [50, [50, 46]]]]]"
test_data/data_demand_random_50_batch_all1_equal_random/C201_2.5.dat,8,120,2,3,1035.528675,"[[[[0, [1, 4, 3]], [1, []], [3, []], [4, []], [18, [18, 14, 15, 6, 16, 13, 10, 7]], [14, []], [15, []], [28, [28, 21, 29, 24, 17, 26]], [6, []], [21, []], [29, []], [24, []], [34, [34, 40]], [16, []], [13, []], [17, []], [40, [45, 41, 36, 31, 42]], [45, []], [41, []], [10, []], [7, []], [26, []], [36, []], [31, []], [43, [43, 44, 48, 49]], [44, []], [48, []], [49, []], [42, []]], [[0, [2]], [5, [5, 12, 9, 11, 8]], [12, []], [9, []], [11, []], [22, [22, 32, 30, 23, 25, 20, 27, 19]], [32, []], [33, [33]], [2, []], [27, []], [8, []], [30, []], [35, [35, 38, 39]], [23, []], [25, []], [38, []], [50, [50, 47, 46, 37]], [39, []], [20, []], [46, []], [37, []], [19, []], [47, []]]], [[[5, [5, 12, 9, 11, 8]]], [[18, [18, 14, 15, 6, 16, 13, 10, 7]]], [[28, [28, 21, 29, 24, 17, 26]]], [[22, [22, 32, 30, 23, 25, 20, 27, 19]]], [[33, [33]]], [[35, [35, 38, 39]]], [[34, [34, 40]]], [[40, [45, 41, 36, 31, 42]]], [[50, [50, 47, 46, 37]]], [[43, [43, 44, 48, 49]]]]]",1048.151452,"[[[[0, [4, 3]], [8, [8, 14, 7, 10, 6, 13]], [18, [18, 22]], [14, []], [4, []], [3, []], [33, [33, 32, 31, 36, 29, 26, 17]], [32, []], [22, []], [31, []], [36, []], [29, []], [26, []], [7, []], [41, [41, 40, 45]], [10, []], [45, []], [6, []], [40, []], [17, []], [13, [49, 48, 43, 44]], [49, []], [48, []], [43, []], [44, []]], [[0, [2, 1]], [1, []], [12, [12, 15, 16, 5, 11, 9]], [2, []], [15, []], [16, []], [5, []], [21, [21, 24]], [24, [28, 20, 19, 25, 23, 27]], [28, []], [20, []], [19, []], [42, [42, 34, 39, 38, 30, 35, 37]], [34, []], [39, []], [38, []], [25, []], [30, []], [35, []], [23, []], [50, [50, 46, 47]], [27, []], [46, []], [11, []], [9, []], [37, []], [47, []]]], [[[8, [8, 14, 7, 10, 6, 13]]], [[12, [12, 15, 16, 5, 11, 9]]], [[18, [18, 22]]], [[21, [21, 24]]], [[24, [28, 20, 19, 25, 23, 27]]], [[42, [42, 34, 39, 38, 30, 35, 37]]], [[33, [33, 32, 31, 36, 29, 26, 17]]], [[41, [41, 40, 45]]], [[50, [50, 46, 47]], [13, [49, 48, 43, 44]]]]]"
test_data/data_demand_random_50_batch_all1_equal_random/C201_2.5.dat,8,120,2,4,1016.730849,"[[[[0, [4]], [9, [9, 6, 7]], [6, [16, 15, 13, 14, 10, 17]], [16, []], [15, []], [29, [29, 23, 25, 28, 26]], [13, []], [26, []], [17, []], [7, []], [23, []], [35, [35, 30]], [30, []], [14, []], [4, []], [46, [46, 38, 40, 41, 42]], [38, []], [25, []], [50, [50, 45]], [28, []], [40, []], [10, []], [41, []], [45, []], [42, []]], [[0, [1, 3, 2]], [8, [8, 5]], [1, []], [19, [19]], [21, [21, 24, 11, 12]], [24, []], [5, []], [2, []], [27, [33, 27, 20, 18, 22]], [3, []], [20, []], [11, []], [37, [37]], [18, [39, 34, 36, 31, 32]], [39, []], [34, []], [36, []], [31, []], [12, []], [32, []], [22, []], [44, [44, 43, 48, 49, 47]], [43, []], [48, []], [49, []], [33, []], [47, []]]], [[[8, [8, 5]]], [[9, [9, 6, 7]]], [[6, [16, 15, 13, 14, 10, 17]]], [[19, [19]]], [[21, [21, 24, 11, 12]]], [[29, [29, 23, 25, 28, 26]]], [[27, [33, 27, 20, 18, 22]]], [[37, [37]]], [[35, [35, 30]]], [[18, [39, 34, 36, 31, 32]]], [[44, [44, 43, 48, 49, 47]]], [[46, [46, 38, 40, 41, 42]]], [[50, [50, 45]]]]]",1016.730849,"[[[[0, [3]], [7, [7, 14, 8, 12]], [19, [19, 23, 25, 24, 22]], [18, [18, 20, 27]], [20, []], [3, []], [27, []], [30, [30, 35, 34, 36, 31, 32, 33]], [14, []], [8, []], [35, []], [23, []], [25, []], [24, []], [34, []], [36, []], [31, []], [48, [48, 43, 44, 49, 47]], [43, []], [44, []], [22, []], [32, []], [12, []], [49, []], [33, []], [47, []]], [[0, [4, 2, 1]], [4, []], [6, [6, 9, 11, 10]], [13, [13, 5, 15, 16]], [5, []], [15, []], [16, []], [2, []], [1, []], [26, [26, 29, 17, 28, 21]], [29, []], [17, []], [9, []], [37, [37]], [11, []], [46, [46, 38, 39, 41, 45, 40, 42]], [38, []], [39, []], [50, [50]], [28, []], [21, []], [10, []], [41, []], [45, []], [40, []], [42, []]]], [[[6, [6, 9, 11, 10]]], [[13, [13, 5, 15, 16]], [7, [7, 14, 8, 12]]], [[19, [19, 23, 25, 24, 22]]], [[26, [26, 29, 17, 28, 21]]], [[18, [18, 20, 27]]], [[37, [37]]], [[30, [30, 35, 34, 36, 31, 32, 33]]], [[46, [46, 38, 39, 41, 45, 40, 42]]], [[48, [48, 43, 44, 49, 47]]], [[50, [50]]]]]"
test_data/data_demand_random_50_batch_all1_equal_random/C201_2.5.dat,8,120,2,5,1035.528675,"[[[[0, [4, 3, 1, 2]], [2, []], [9, [9, 8, 14]], [8, []], [4, [18, 5, 6, 7, 12]], [14, []], [18, []], [3, []], [33, [33, 32, 31]], [32, []], [31, []], [29, [29, 36, 34, 26, 22]], [36, []], [5, []], [42, [42, 40]], [34, []], [40, [45, 41, 43, 44]], [6, []], [45, []], [41, []], [7, []], [26, []], [1, [49, 48]], [49, []], [12, []], [48, []], [43, []], [22, []], [44, []]], [[0, []], [10, [10, 16, 15, 13, 11]], [16, []], [15, []], [24, [24, 28, 17, 21, 23, 27, 25, 19]], [28, []], [17, []], [13, []], [21, []], [23, []], [27, []], [38, [38, 35, 30, 39, 37, 20]], [25, []], [35, []], [30, []], [50, [50, 47, 46]], [39, []], [47, []], [19, []], [37, []], [11, []], [46, []], [20, []]]], [[[9, [9, 8, 14]]], [[10, [10, 16, 15, 13, 11]]], [[4, [18, 5, 6, 7, 12]]], [[24, [24, 28, 17, 21, 23, 27, 25, 19]]], [[33, [33, 32, 31]]], [[29, [29, 36, 34, 26, 22]]], [[38, [38, 35, 30, 39, 37, 20]]], [[42, [42, 40]]], [[40, [45, 41, 43, 44]]], [[50, [50, 47, 46]]], [[1, [49, 48]]]]]",1069.867066,"[[[[0, [1]], [13, [13, 7, 15, 6, 16, 10, 11]], [7, []], [15, []], [16, []], [17, [17, 22, 19]], [6, []], [22, []], [32, [32]], [33, [33, 36, 31, 29, 26, 34]], [29, []], [36, []], [31, []], [1, []], [26, []], [10, []], [41, [41, 45, 40]], [45, []], [40, []], [34, [47, 37, 46]], [47, []], [37, []], [11, []], [46, []], [19, []]], [[0, [3, 2, 4]], [2, []], [12, [12, 9, 5]], [9, [8, 14]], [20, [20, 18, 24, 21]], [18, [27, 25, 23, 28]], [3, []], [5, []], [24, []], [27, []], [8, []], [30, [30]], [14, []], [4, []], [38, [38, 35, 39, 42]], [25, []], [35, []], [23, []], [28, []], [21, []], [50, [50, 49, 48, 43, 44]], [39, []], [42, []], [49, []], [48, []], [43, []], [44, []]]], [[[12, [12, 9, 5]]], [[13, [13, 7, 15, 6, 16, 10, 11]]], [[9, [8, 14]]], [[17, [17, 22, 19]]], [[20, [20, 18, 24, 21]]], [[18, [27, 25, 23, 28]]], [[32, [32]]], [[30, [30]], [33, [33, 36, 31, 29, 26, 34]]], [[38, [38, 35, 39, 42]]], [[50, [50, 49, 48, 43, 44]]], [[41, [41, 45, 40]]], [[34, [47, 37, 46]]]]]"
test_data/data_demand_random_50_batch_all1_equal_cluster/C201_2.dat,4,60,2,1,869.3238076,"[[[[0, [3]], [7, [7, 10, 9]], [21, [21, 26, 28, 30, 27, 29]], [30, []], [28, []], [27, []], [26, []], [10, []], [38, [38, 43, 42, 44, 41, 40, 39]], [41, []], [40, []], [39, []], [9, [49, 48]], [29, []], [42, []], [44, []], [43, []], [49, []], [48, []], [3, []]], [[0, [6, 1, 4, 5, 2]], [4, []], [5, []], [13, [13, 12, 11, 8]], [12, []], [11, []], [8, []], [1, []], [15, [15, 16, 17, 18]], [6, []], [14, [14]], [18, [22, 23, 24, 20]], [19, [19]], [16, []], [17, []], [22, []], [23, []], [24, []], [33, [33, 34, 31, 32, 35, 36, 37, 25]], [34, []], [31, []], [32, []], [20, [50, 45, 46, 47]], [35, []], [36, []], [37, []], [50, []], [25, []], [45, []], [46, []], [47, []], [2, []]]], [[[7, [7, 10, 9]]], [[13, [13, 12, 11, 8]]], [[15, [15, 16, 17, 18]]], [[14, [14]]], [[18, [22, 23, 24, 20]]], [[19, [19]]], [[21, [21, 30, 27, 29]]], [[21, [26, 28]]], [[33, [33, 34, 31, 32]]], [[33, [35, 36, 37, 25]]], [[38, [43, 42, 44, 41]]], [[38, [38, 40, 39]]], [[9, [49, 48]]], [[20, [50, 45, 46, 47]]]]]",,None
test_data/data_demand_random_50_batch_all1_equal_cluster/C201_2.dat,4,60,2,5,873.7099203,"[[[[0, [19, 18, 16, 25, 24, 22, 23, 14]], [22, []], [24, []], [23, []], [31, [31, 32, 33]], [32, []], [33, [34, 36, 37]], [34, []], [19, []], [18, []], [16, [50, 45, 46, 35]], [35, []], [36, []], [37, []], [50, []], [25, []], [45, []], [46, []], [14, []]], [[0, [1, 5, 6, 3, 4, 2]], [7, [7, 13]], [9, [9, 11, 12, 8]], [12, []], [1, [17, 15]], [17, []], [20, [20, 21, 10]], [21, []], [3, []], [4, []], [2, []], [15, []], [5, [27, 30, 28, 26]], [30, []], [28, []], [27, []], [26, []], [11, []], [8, []], [10, []], [38, [38, 41, 40, 39, 29, 42, 43]], [41, []], [40, []], [39, []], [13, [44, 49, 48, 47]], [29, []], [42, []], [43, []], [44, []], [49, []], [48, []], [47, []], [6, []]]], [[[31, [31, 32, 33]]], [[7, [7, 13]]], [[9, [9, 11, 12, 8]]], [[1, [17, 15]]], [[20, [20, 21, 10]]], [[5, [27, 30, 28, 26]]], [[33, [34, 36, 37]]], [[38, [38, 42, 43]]], [[38, [41, 40, 39, 29]]], [[13, [44, 49, 48, 47]]], [[16, [50, 45, 46, 35]]]]]",,None
test_data/data_demand_random_50_batch_all1_equal_cluster/C201_2.dat,4,90,2,2,862.0555128,"[[[[0, [2, 3]], [19, [19, 16, 17, 14]], [16, []], [17, []], [14, []], [2, []], [30, [30, 28, 27, 29]], [28, []], [27, []], [29, []], [26, [26, 13, 12]], [13, []], [12, []], [41, [41, 40, 39, 38]], [40, []], [39, []], [38, []], [42, [42, 43, 44, 48]], [43, []], [44, []], [48, []], [49, [49]], [3, []]], [[0, [1, 5]], [4, [4, 9, 6, 11]], [1, []], [7, [7, 10, 8]], [10, []], [9, [18]], [11, []], [8, []], [6, []], [15, [15, 22, 23, 24]], [20, [20, 25, 21]], [22, []], [18, []], [31, [31, 32, 33, 34]], [32, []], [33, []], [34, []], [35, [35, 36, 37]], [36, []], [37, []], [23, []], [24, []], [25, []], [50, [50, 45, 47, 46]], [21, []], [45, []], [47, []], [46, []], [5, []]]], [[[4, [4, 9, 6, 11]]], [[7, [7, 10, 8]]], [[9, [18]]], [[19, [19, 16, 17, 14]]], [[15, [15, 22, 23, 24]]], [[20, [20, 25, 21]]], [[30, [30, 28, 27, 29]]], [[26, [26, 13, 12]]], [[31, [31, 32, 33, 34]]], [[35, [35, 36, 37]]], [[41, [41, 40, 39, 38]]], [[50, [50, 45, 47, 46]]], [[42, [42, 43, 44, 48]]], [[49, [49]]]]]",954.0555128,"[[[[0, [4, 3]], [2, [1, 11, 7, 2]], [1, []], [13, [13, 14, 18, 19]], [11, []], [7, []], [4, []], [3, []], [14, []], [21, [21, 20, 25, 24]], [31, [31, 33, 32, 35]], [33, []], [32, []], [20, []], [35, []], [37, [37, 36, 34]], [36, []], [50, [50, 45, 46, 47]], [25, []], [24, []], [45, []], [46, []], [47, []], [18, []], [19, []], [34, []]], [[0, [5, 6]], [12, [12, 10, 8]], [16, [16, 17, 15, 9]], [17, []], [15, []], [9, []], [10, []], [8, []], [22, [22, 23, 26, 29]], [23, []], [5, []], [6, []], [26, []], [42, [42, 43, 44, 30]], [29, []], [43, []], [44, []], [30, []], [49, [49, 48, 28, 27]], [48, []], [28, []], [27, []], [38, [38, 39, 40, 41]], [39, []], [40, []], [41, []]]], [[[2, [2]]], [[12, [10, 8]]], [[2, [1, 11, 7]], [12, [12]]], [[16, [16, 17, 15, 9]]], [[13, [13, 14, 18, 19]]], [[21, [21, 20, 25, 24]]], [[22, [22, 23, 26, 29]]], [[31, [31, 33, 32, 35]]], [[37, [37, 36, 34]]], [[42, [42, 43, 44, 30]]], [[50, [50, 45, 46, 47]]], [[49, [49, 48, 28, 27]]], [[38, [38, 39, 40, 41]]]]]"
test_data/data_demand_random_50_batch_all1_equal_cluster/C201_2.dat,4,90,2,4,816.9324957,"[[[[0, [1]], [14, [14, 11, 8, 12]], [16, [16, 13, 18, 15]], [18, []], [19, [19, 9, 10]], [15, []], [11, []], [8, []], [41, [41, 40, 39, 38, 27, 28, 26, 30]], [40, []], [39, []], [38, []], [12, []], [9, []], [10, []], [13, []], [26, []], [27, [42, 44, 43, 29]], [28, []], [30, []], [29, []], [42, []], [44, []], [43, [49, 48, 47]], [49, []], [48, []], [47, []], [1, []]], [[0, [5, 2, 6, 4, 3]], [6, []], [4, []], [7, [7]], [3, []], [2, []], [5, []], [25, [25, 23, 21, 22]], [23, []], [21, [20, 17, 24]], [22, []], [20, []], [17, []], [32, [32, 31, 33, 34]], [31, []], [33, []], [34, [36, 35, 37]], [35, []], [37, []], [36, []], [50, [50, 45, 46]], [24, []], [45, []], [46, []]]], [[[7, [7]]], [[14, [14, 11, 8, 12]]], [[16, [16, 13, 18, 15]]], [[19, [19, 9, 10]]], [[25, [25, 23, 21, 22]]], [[21, [20, 17, 24]]], [[41, [41, 40, 39, 38]]], [[41, [27, 28, 26, 30]]], [[32, [32, 31, 33, 34]]], [[34, [36, 35, 37]]], [[27, [42, 44, 43, 29]]], [[50, [50, 45, 46]]], [[43, [49, 48, 47]]]]]",,None
test_data/data_demand_random_50_batch_all1_equal_cluster/C201_2.dat,4,90,2,5,842,"[[[[0, [8, 13, 11, 5]], [11, []], [13, []], [18, [18, 16, 17, 12]], [16, []], [17, []], [12, []], [26, [26, 30, 27, 29, 28]], [30, []], [28, []], [27, []], [8, []], [41, [41, 40, 38, 39]], [40, []], [39, []], [38, []], [29, []], [42, [42, 43, 44, 49]], [43, []], [44, []], [49, []], [48, [48]], [5, []]], [[0, [2]], [6, [6, 4, 1, 3]], [3, []], [10, [10, 7, 9]], [7, []], [9, []], [1, []], [2, []], [15, [15, 14, 19]], [4, []], [14, []], [20, [20, 23, 21, 22]], [23, []], [21, []], [31, [31, 32, 33, 34, 25, 24]], [32, []], [33, []], [34, []], [19, []], [22, []], [36, [36, 35, 37]], [35, []], [37, []], [50, [50, 45, 46, 47]], [25, []], [24, []], [45, []], [46, []], [47, []]]], [[[6, [6, 4, 1, 3]]], [[18, [18, 16, 17, 12]]], [[10, [10, 7, 9]]], [[15, [15, 14, 19]]], [[20, [20, 23, 21, 22]]], [[26, [26, 30, 27, 29]]], [[26, [28]]], [[31, [31, 32, 33, 34]]], [[31, [25, 24]]], [[36, [36, 35, 37]]], [[41, [41, 40, 38, 39]]], [[50, [50, 45, 46, 47]]], [[42, [42, 43, 44, 49]]], [[48, [48]]]]]",907.0555128,"[[[[0, [13, 11, 7]], [16, [16, 17, 10, 19]], [17, []], [18, [18]], [10, [22, 25, 24]], [13, []], [11, []], [7, []], [31, [31, 32, 33, 34]], [32, []], [33, []], [34, []], [19, []], [22, []], [36, [36, 35, 37, 42]], [35, []], [37, []], [50, [50, 43, 44, 49]], [25, []], [24, []], [42, []], [43, []], [44, []], [49, []], [48, [48]]], [[0, [2, 5, 1, 4, 6, 3]], [5, []], [12, [12, 9, 8]], [9, []], [1, []], [2, []], [15, [15, 14]], [4, []], [14, []], [20, [20, 23, 21]], [23, []], [21, []], [26, [26]], [30, [30, 28, 27, 29]], [28, []], [27, []], [8, []], [41, [41, 40, 39, 38]], [40, []], [39, []], [38, []], [29, []], [45, [45, 46, 47]], [46, []], [47, []], [6, []], [3, []]]], [[[12, [12, 9, 8]]], [[16, [16, 17, 10, 19]]], [[18, [18]], [15, [15, 14]]], [[10, [22, 25, 24]]], [[20, [20, 23, 21]]], [[26, [26]]], [[30, [30, 28, 27, 29]]], [[31, [31, 32, 33, 34]]], [[41, [41, 40, 39, 38]]], [[36, [36, 35, 37, 42]]], [[50, [50, 43, 44, 49]]], [[45, [45, 46, 47]]], [[48, [48]]]]]"
test_data/data_demand_random_50_batch_all1_equal_cluster/C201_2.dat,4,120,2,1,851.0555128,"[[[[0, [5, 4]], [4, []], [14, [14, 9]], [17, [17, 12, 16]], [16, []], [21, [21, 23]], [23, []], [5, []], [26, [26, 27, 30, 28]], [27, []], [30, []], [28, []], [12, []], [41, [41, 40, 39]], [40, [38, 29]], [39, []], [38, []], [9, []], [29, []], [42, [42, 43, 44, 49]], [43, []], [44, []], [49, []]], [[0, [2, 6, 1, 3]], [6, []], [2, []], [7, [7, 13, 11, 10]], [13, []], [11, []], [10, []], [8, [8, 18, 15, 19]], [1, []], [18, []], [15, []], [20, [20, 22, 25]], [19, []], [32, [32, 33, 31, 34]], [33, [24, 35, 36, 37]], [31, []], [34, []], [22, []], [35, []], [36, []], [37, []], [50, [50, 45, 46, 47]], [25, []], [24, []], [45, []], [46, []], [47, []], [48, [48]], [3, []]]], [[[7, [7, 13, 11, 10]]], [[8, [8, 18, 15, 19]]], [[14, [14, 9]]], [[17, [17, 12, 16]]], [[20, [20, 22, 25]]], [[21, [21, 23]]], [[26, [26, 27, 30, 28]]], [[32, [32, 33, 31, 34]]], [[33, [24, 35, 36, 37]]], [[41, [41, 40, 39]]], [[40, [38, 29]]], [[50, [50, 45, 46, 47]]], [[42, [42, 43, 44, 49]]], [[48, [48]]]]]",870.0483494,"[[[[0, [5]], [5, []], [18, [18, 16, 17, 14]], [16, []], [17, []], [14, []], [7, [7, 13, 11, 12]], [26, [26]], [30, [30, 28, 27, 29]], [28, []], [27, []], [13, []], [11, []], [41, [41, 40, 39, 38]], [40, []], [39, []], [38, []], [12, []], [29, []], [43, [43, 44, 49, 48]], [44, []], [49, []], [48, []], [42, [42]]], [[0, [1, 2, 6, 3]], [1, []], [2, []], [6, []], [9, [9]], [10, [10, 8]], [8, []], [23, [23, 21, 20, 22]], [21, [15, 19]], [15, []], [20, []], [19, []], [32, [32, 33, 31, 34]], [33, []], [31, []], [34, []], [22, []], [35, [35, 36, 37, 25]], [36, []], [37, []], [50, [50, 24]], [25, []], [24, []], [45, [45, 46, 47]], [46, []], [47, []], [4, [4]], [3, []]]], [[[9, [9]]], [[18, [18, 16, 17, 14]]], [[10, [10, 8]]], [[7, [7, 13, 11, 12]]], [[23, [23, 21, 20, 22]]], [[21, [15, 19]]], [[26, [26]]], [[30, [30, 28, 27, 29]]], [[32, [32, 33, 31, 34]]], [[35, [35, 36, 37, 25]]], [[41, [41, 40, 39, 38]]], [[50, [50, 24]]], [[43, [43, 44, 49, 48]]], [[42, [42]], [45, [45, 46, 47]]], [[4, [4]]]]]"
test_data/data_demand_random_50_batch_all1_equal_cluster/C201_2.dat,4,120,2,2,830.0483494,"[[[[0, [2, 3, 6]], [6, []], [2, []], [14, [14, 15, 8, 11]], [15, []], [3, []], [11, []], [8, []], [26, [26, 30, 28, 27]], [30, []], [28, []], [27, []], [29, [29, 13, 12]], [13, []], [12, []], [41, [41, 40, 39, 38]], [40, []], [39, []], [38, []], [42, [42, 43, 44, 49]], [43, []], [44, []], [49, []], [48, [48]]], [[0, [5, 4, 1]], [4, []], [1, []], [5, []], [10, [10, 7, 9]], [7, []], [9, []], [21, [21, 22, 23, 25]], [20, [20, 19, 17, 16]], [19, []], [17, []], [16, []], [18, [18, 24]], [31, [31, 32, 33, 34]], [32, []], [33, []], [34, []], [35, [35, 36, 37]], [36, []], [37, []], [22, []], [23, []], [50, [50, 45, 46, 47]], [25, []], [24, []], [45, []], [46, []], [47, []]]], [[[10, [10, 7, 9]]], [[14, [14, 15, 8, 11]]], [[21, [21, 22, 23, 25]]], [[20, [20, 19, 17, 16]]], [[18, [18, 24]]], [[26, [26, 30, 28, 27]]], [[29, [29, 13, 12]]], [[31, [31, 32, 33, 34]]], [[35, [35, 36, 37]]], [[41, [41, 40, 39, 38]]], [[50, [50, 45, 46, 47]]], [[42, [42, 43, 44, 49]]], [[48, [48]]]]]",830.0555128,"[[[[0, [3]], [7, [7, 10, 12, 8]], [8, []], [10, []], [12, []], [11, [11, 17, 18, 16, 14, 9]], [14, []], [18, []], [16, []], [17, []], [20, [20]], [26, [26, 27, 28]], [27, []], [28, []], [29, [29, 30]], [9, []], [41, [41, 40, 39, 38]], [40, []], [39, []], [38, []], [42, [42, 43, 44, 49]], [43, []], [44, []], [49, []], [48, [48]], [30, []], [3, []]], [[0, [5, 6, 4]], [2, [2, 1]], [13, [13]], [1, []], [5, []], [6, [19, 15]], [4, []], [23, [23, 21, 24, 22]], [21, []], [24, []], [19, []], [32, [32, 31, 33, 34]], [31, []], [33, []], [34, []], [22, []], [35, [35, 36, 37, 25]], [36, []], [37, []], [25, []], [50, [50, 45, 46, 47]], [45, []], [46, []], [47, []], [15, []]]], [[[2, [2, 1]]], [[7, [7, 10, 12, 8]]], [[13, [13]]], [[11, [11, 17, 18, 9]]], [[11, [16, 14]], [6, [19, 15]]], [[20, [20]]], [[23, [23, 21, 24, 22]]], [[26, [26, 27, 28]]], [[29, [29, 30]]], [[32, [32, 31, 33, 34]]], [[35, [35, 36, 37, 25]]], [[41, [41, 40, 39, 38]]], [[50, [50, 45, 46, 47]]], [[42, [42, 43, 44, 49]]], [[48, [48]]]]]"
test_data/data_demand_random_50_batch_all1_equal_cluster/C201_2.dat,4,120,2,3,826.0555128,"[[[[0, [4]], [8, [8, 12, 7, 10, 1]], [12, []], [4, []], [7, []], [10, []], [29, [29, 28, 30, 13]], [28, []], [30, []], [27, [27, 26, 9, 11]], [26, []], [13, []], [9, []], [41, [41, 40, 39, 38, 42, 43, 44]], [40, []], [39, []], [38, []], [11, []], [42, []], [43, []], [44, []], [49, [49, 48]], [48, []], [1, []]], [[0, [6, 3, 5, 2]], [5, []], [2, []], [6, []], [3, []], [15, [15, 14, 18, 17]], [14, []], [18, []], [17, []], [20, [20, 21, 16, 22]], [21, []], [16, []], [19, [19, 23, 25]], [31, [31, 32, 33, 34]], [32, [24, 35, 36, 37]], [33, []], [34, []], [22, []], [23, []], [35, []], [36, []], [37, []], [50, [50, 45, 46, 47]], [25, []], [24, []], [45, []], [46, []], [47, []]]], [[[8, [1]]], [[15, [15, 14, 18, 17]]], [[8, [8, 12, 7, 10]]], [[20, [20, 21, 16, 22]]], [[19, [19, 23, 25]]], [[29, [29, 28, 30, 13]]], [[27, [27, 26, 9, 11]]], [[31, [31, 32, 33, 34]]], [[32, [24, 35, 36, 37]]], [[41, [41, 40, 39]]], [[41, [38, 42, 43, 44]]], [[50, [50, 45, 46, 47]]], [[49, [49, 48]]]]]",870.0483494,"[[[[0, [5, 3, 2]], [7, [7]], [12, [12, 11, 8]], [11, []], [8, []], [3, []], [2, []], [14, [14, 17, 16, 13]], [17, []], [16, []], [27, [27, 29, 28, 30]], [29, []], [28, []], [30, []], [26, [26, 10]], [13, []], [10, []], [41, [41, 40, 39, 38]], [40, []], [39, []], [38, []], [49, [49, 44, 43, 42]], [44, []], [43, []], [42, []], [48, [48]], [5, []]], [[0, [6, 4, 1]], [4, []], [6, []], [1, []], [9, [9, 15, 18, 19]], [15, []], [23, [23, 20, 21, 22]], [20, []], [21, []], [18, []], [31, [31, 32, 33, 34]], [32, []], [33, []], [34, []], [19, []], [22, []], [36, [36, 35, 37, 25]], [35, []], [37, []], [50, [50, 24]], [25, []], [24, []], [45, [45, 46, 47]], [46, []], [47, []]]], [[[7, [7]]], [[9, [9, 15, 18, 19]]], [[12, [12, 11, 8]]], [[14, [14, 17, 16, 13]]], [[23, [23, 20, 21, 22]]], [[27, [27, 29, 28, 30]]], [[26, [26, 10]]], [[31, [31, 32, 33, 34]]], [[36, [36, 35, 37, 25]]], [[41, [41, 40, 39, 38]]], [[50, [50, 24]]], [[49, [49, 44, 43, 42]]], [[48, [48]], [45, [45, 46, 47]]]]]"
test_data/data_demand_random_50_batch_all1_equal_cluster/C201_2.dat,4,120,2,4,850.0483494,"[[[[0, [5, 4]], [4, []], [13, [13, 8]], [8, []], [29, [29, 28, 27, 26]], [30, [30]], [41, [41, 39, 38, 40]], [40, []], [39, []], [38, []], [42, [42, 49, 48, 44]], [48, []], [49, []], [44, []], [43, [43]], [28, []], [27, []], [26, []], [5, []]], [[0, [2, 3, 6, 1]], [3, []], [6, []], [1, []], [12, [12, 7, 10]], [7, []], [10, []], [9, [9, 11, 15]], [11, []], [15, []], [2, []], [20, [20, 18, 22, 19]], [19, []], [17, [17, 16, 14]], [16, []], [14, []], [18, []], [32, [32, 31, 33, 34]], [31, [37, 35, 36]], [33, []], [34, []], [22, []], [23, [23, 24, 25, 21]], [24, []], [25, []], [37, []], [35, []], [36, []], [50, [50, 45, 46, 47]], [21, []], [45, []], [46, []], [47, []]]], [[[12, [12, 7, 10]]], [[13, [13, 8]]], [[9, [9, 11, 15]]], [[20, [20, 18, 22, 19]]], [[17, [17, 16, 14]]], [[29, [29, 28, 27, 26]]], [[30, [30]]], [[32, [32, 31, 33, 34]]], [[31, [37, 35, 36]]], [[23, [23, 24, 25, 21]]], [[41, [41, 39, 38, 40]]], [[50, [50, 45, 46, 47]]], [[42, [42, 49, 48, 44]]], [[43, [43]]]]]",901.7308492,"[[[[0, [6, 1, 3]], [3, []], [7, [7, 16, 15, 14]], [16, []], [15, []], [6, []], [21, [21, 18, 19, 9]], [14, []], [18, []], [19, []], [34, [34, 33, 32, 31]], [33, []], [32, []], [31, []], [41, [41, 40, 39, 38]], [40, []], [39, []], [38, []], [9, []], [13, [13]], [42, [42, 44, 49, 48]], [44, []], [49, []], [48, []], [1, []]], [[0, [2, 4, 5]], [2, []], [11, [11, 12, 10]], [4, []], [12, []], [10, []], [8, [8, 17]], [17, []], [22, [22, 20, 25, 23]], [20, []], [25, []], [23, []], [5, [27, 29, 28, 24]], [26, [26, 30, 36]], [30, []], [27, []], [29, []], [28, []], [43, [43]], [47, [47, 46, 45]], [46, []], [45, []], [24, []], [50, [50, 37, 35]], [37, []], [36, []], [35, []]]], [[[7, [7, 16, 15, 14]]], [[11, [11, 12, 10]]], [[8, [8, 17]]], [[22, [22, 20, 25, 23]]], [[21, [21, 18, 19, 9]]], [[34, [34, 33, 32, 31]]], [[5, [27, 29, 28, 24]]], [[26, [26, 30, 36]]], [[41, [41, 40, 39, 38]]], [[43, [43]]], [[47, [47, 46, 45]]], [[50, [50, 37, 35]], [13, [13]]], [[42, [42, 44, 49, 48]]]]]"
test_data/data_demand_random_50_batch_all1_equal_cluster/C201_2.dat,8,60,2,1,846.2982213,"[[[[0, [5]], [15, [15, 14, 17, 1, 50, 45, 46, 47, 49, 48, 20, 18, 19, 25]], [14, []], [5, []], [18, []], [31, [31, 32, 34, 35, 36, 37, 30, 33]], [32, []], [33, []], [34, []], [19, []], [17, []], [20, []], [35, []], [36, []], [37, []], [50, []], [25, []], [45, []], [46, []], [47, []], [49, []], [48, []], [30, []], [1, []]], [[0, [6, 3, 2, 4]], [7, [7]], [11, [11, 12, 10, 16, 13, 9, 8]], [12, []], [10, []], [2, []], [4, []], [3, []], [16, []], [21, [21, 24, 22, 28, 27, 26, 29, 23]], [23, []], [24, []], [22, []], [6, []], [28, []], [27, []], [26, [44, 43, 42, 40, 41, 39, 38]], [44, []], [43, []], [42, []], [29, []], [13, []], [39, []], [40, []], [41, []], [38, []], [9, []], [8, []]]], [[[7, [7]]], [[11, [11, 12, 10, 16, 13, 9, 8]]], [[15, [1, 50, 45, 46, 47, 49, 48]]], [[15, [15, 14, 17, 20, 18, 19, 25]]], [[21, [21, 24, 22, 28, 27, 26, 29, 23]]], [[31, [31, 32, 34, 35, 36, 37, 30, 33]]], [[26, [44, 43, 42, 40, 41, 39, 38]]]]]",882.0831892,"[[[[0, [2, 6]], [6, []], [9, [9]], [8, [8, 10]], [10, []], [2, []], [20, [20, 25, 24, 17, 16, 18, 19, 21, 22]], [22, []], [24, []], [17, []], [16, []], [18, []], [19, []], [31, [31, 32, 33, 34, 37, 35, 36]], [32, []], [33, []], [34, []], [35, []], [36, []], [37, []], [21, [50, 45, 46, 47, 49, 48]], [50, []], [25, []], [45, []], [46, []], [47, []], [49, []], [48, []]], [[0, [1, 5, 4, 3]], [1, []], [5, []], [4, []], [11, [11, 14, 7, 13, 12, 15]], [7, []], [15, []], [14, [23]], [23, []], [26, [26, 29, 30, 27, 28]], [29, []], [30, []], [3, []], [13, []], [12, [39, 41, 40, 38, 42, 44, 43]], [39, []], [41, []], [40, []], [38, []], [42, []], [44, []], [43, []], [27, []], [28, []]]], [[[9, [9]]], [[8, [8, 10]]], [[11, [11, 14, 7, 13, 12, 15]]], [[14, [23]], [20, [20, 25, 22]]], [[20, [24, 17, 16, 18, 19, 21]]], [[26, [26, 29, 30, 27, 28]]], [[31, [31, 32, 33, 34, 37, 35, 36]]], [[12, [39, 41, 40, 38, 42, 44, 43]]], [[21, [50, 45, 46, 47, 49, 48]]]]]"
test_data/data_demand_random_50_batch_all1_equal_cluster/C201_2.dat,8,60,2,2,834.6124969,"[[[[0, [4, 2, 1, 5]], [17, [17, 19, 9, 18, 12]], [18, []], [19, [22, 21]], [22, []], [21, []], [4, [29, 28, 27, 26]], [2, []], [1, []], [26, []], [28, []], [27, []], [9, [41, 40, 42, 38, 39]], [38, []], [41, []], [40, []], [39, []], [12, []], [29, []], [42, []], [5, []]], [[0, [6, 3]], [6, []], [3, []], [11, [11, 10, 13, 7, 8]], [8, []], [7, []], [10, []], [13, []], [15, [15, 16, 14]], [14, [24, 23, 20, 25]], [16, []], [24, []], [23, []], [20, [30]], [31, [31, 32, 33, 34, 35, 36, 37, 50, 45, 46, 49, 47, 48, 44, 43]], [32, []], [33, []], [34, []], [35, []], [36, []], [37, []], [50, []], [25, []], [45, []], [46, []], [47, []], [48, []], [49, []], [44, []], [43, []], [30, []]]], [[[17, [17, 19, 9, 18, 12]]], [[11, [11, 10, 13, 7, 8]]], [[15, [15, 16, 14]]], [[14, [24, 23, 20, 25]]], [[19, [22, 21]]], [[4, [29, 28, 27, 26]]], [[20, [30]]], [[31, [50, 45, 46, 49, 47, 48, 44, 43]]], [[31, [31, 32, 33, 34, 35, 36, 37]]], [[9, [41, 40, 42, 38, 39]]]]]",,None
test_data/data_demand_random_50_batch_all1_equal_cluster/C201_2.dat,8,60,2,5,882.0831892,"[[[[0, [4, 3, 1]], [4, []], [1, []], [12, [12, 11, 14, 19, 9, 15]], [11, []], [15, []], [3, []], [9, []], [14, []], [19, []], [31, [31, 32, 33, 34, 35, 36, 37, 21]], [32, []], [33, []], [34, []], [35, []], [36, []], [37, []], [21, [22, 50, 23, 45, 46, 47, 49, 48]], [22, []], [50, []], [23, []], [45, []], [46, []], [47, []], [49, []], [48, []]], [[0, [2, 5, 6]], [2, []], [8, [8, 10, 13, 7, 18, 16, 17]], [10, []], [13, []], [7, []], [18, []], [20, [20, 24, 25, 26, 27, 30, 28, 29]], [16, []], [17, []], [24, []], [25, []], [5, []], [6, []], [26, [43, 44, 42, 38, 39, 40, 41]], [27, []], [30, []], [28, []], [43, []], [44, []], [42, []], [29, []], [38, []], [39, []], [40, []], [41, []]]], [[[12, [12, 11, 14, 19, 9, 15]]], [[8, [8, 10, 13, 7, 18, 16, 17]]], [[20, [20, 24, 25, 26, 27, 30, 28, 29]]], [[31, [31, 32, 33, 34, 35, 36, 37, 21]]], [[21, [22, 23]]], [[26, [43, 44, 42, 38, 39, 40, 41]]], [[21, [50, 45, 46, 47, 49, 48]]]]]",,None
test_data/data_demand_random_50_batch_all1_equal_cluster/C201_2.dat,8,90,2,1,846.0555128,"[[[[0, [1]], [7, [7, 11, 13, 10, 9]], [11, []], [13, []], [10, []], [9, []], [16, [16, 17, 14, 20, 25, 24, 12]], [20, []], [25, []], [24, []], [17, []], [14, []], [41, [41, 40, 39, 38, 29, 28, 26, 27]], [40, []], [39, []], [38, []], [12, []], [29, []], [42, [42, 49, 44, 43]], [49, []], [44, []], [43, []], [28, []], [27, []], [26, []], [1, []]], [[0, [5, 3, 6, 2, 4]], [5, []], [3, []], [6, []], [2, []], [8, [8, 15, 18, 19]], [15, []], [4, []], [18, []], [21, [21, 22, 23]], [22, []], [23, []], [19, [30, 33, 32, 31, 34, 36, 35, 37]], [33, []], [32, []], [31, []], [34, []], [35, []], [37, []], [36, []], [50, [50, 45, 46, 47, 48]], [45, []], [46, []], [47, []], [48, []], [30, []]]], [[[7, [7, 11, 13, 10, 9]]], [[8, [8, 15, 18, 19]]], [[16, [16, 17, 14, 20, 25, 24, 12]]], [[21, [21, 22, 23]]], [[19, [30, 33, 32, 31, 34, 36, 35, 37]]], [[41, [41, 40, 39, 38, 29, 28, 26, 27]]], [[50, [50, 45, 46, 47, 48]]], [[42, [42, 49, 44, 43]]]]]",,None
test_data/data_demand_random_50_batch_all1_equal_cluster/C201_2.dat,8,90,2,2,858.0555128,"[[[[0, [4, 2, 6, 3]], [6, []], [15, [15, 13, 18, 17, 8, 16]], [2, []], [4, []], [13, []], [16, []], [17, []], [18, []], [3, []], [8, []], [41, [41, 40, 39, 38, 42, 29, 27, 28]], [40, []], [39, []], [38, []], [42, []], [29, []], [27, []], [28, []], [44, [44, 43, 49, 30]], [43, []], [49, []], [30, []]], [[0, [5]], [1, [1, 11, 9, 12, 10, 7]], [5, []], [11, []], [9, []], [12, []], [10, []], [7, []], [14, [14, 21, 22, 25, 24, 20, 19]], [21, []], [22, []], [25, []], [24, []], [20, []], [19, []], [33, [33, 32, 31, 34, 37, 35, 36, 23]], [32, []], [31, []], [34, []], [37, []], [35, []], [36, []], [50, [50, 45, 46, 47, 48, 26]], [23, []], [45, []], [46, []], [47, []], [48, []], [26, []]]], [[[1, [1, 11, 9, 12, 10, 7]]], [[15, [15, 13, 18, 17, 8, 16]]], [[14, [14, 21, 22, 25, 24, 20, 19]]], [[33, [33, 32, 31, 34, 37, 35, 36, 23]]], [[41, [41, 40, 39, 38, 42, 29, 27, 28]]], [[44, [44, 43, 49, 30]]], [[50, [50, 45, 46, 47, 48, 26]]]]]",,None
test_data/data_demand_random_50_batch_all1_equal_cluster/C201_2.dat,8,90,2,3,826.0555128,"[[[[0, [2, 3, 1, 4, 5]], [19, [19]], [14, [14, 16, 7, 10, 9, 12]], [16, []], [20, [20]], [2, []], [3, []], [4, []], [26, [26, 28, 30, 27, 13]], [28, []], [30, []], [27, []], [7, []], [10, []], [9, []], [41, [41, 40, 39, 38, 29]], [40, []], [39, []], [38, []], [12, []], [13, []], [29, []], [42, [42, 43, 44, 49, 48]], [43, []], [44, []], [49, []], [48, []], [5, []], [1, []]], [[0, [6]], [11, [11, 8, 15, 17, 18]], [8, []], [15, []], [6, []], [21, [21, 22, 24, 25, 23]], [17, []], [18, []], [31, [31, 32, 33, 34, 37, 36, 35]], [32, []], [33, []], [34, []], [22, []], [24, []], [25, []], [37, []], [36, []], [35, []], [50, [50, 45, 46, 47]], [23, []], [45, []], [46, []], [47, []]]], [[[19, [19]]], [[14, [14, 16, 7, 10, 9, 12]]], [[11, [11, 8, 15, 17, 18]]], [[20, [20]]], [[21, [21, 22, 24, 25, 23]]], [[26, [26, 28, 30, 27, 13]]], [[31, [31, 32, 33, 34, 37, 36, 35]]], [[41, [41, 40, 39, 38, 29]]], [[50, [50, 45, 46, 47]]], [[42, [42, 43, 44, 49, 48]]]]]",,None
test_data/data_demand_random_50_batch_all1_equal_cluster/C201_2.dat,8,90,2,4,886.0555128,"[[[[0, [3, 6, 4, 5]], [5, []], [13, [13, 9, 14]], [9, []], [3, []], [6, []], [14, []], [4, []], [23, [23, 20, 22, 25, 24, 28, 30]], [20, []], [22, []], [34, [34, 35, 37, 36]], [35, []], [37, []], [36, []], [50, [50, 45, 46, 47, 48, 49, 44, 43]], [25, []], [24, []], [45, []], [46, []], [47, []], [48, []], [49, []], [44, []], [43, []], [28, []], [30, []]], [[0, [2, 1]], [2, []], [8, [8, 12]], [12, []], [11, [11, 15, 7, 10, 16, 17, 18, 19]], [15, []], [1, []], [7, []], [10, []], [16, []], [17, []], [18, []], [19, []], [31, [31, 32, 33, 21, 26, 27, 29]], [32, []], [33, []], [21, []], [26, []], [27, []], [29, []], [42, [42, 38, 41, 39, 40]], [38, []], [39, []], [40, []], [41, []]]], [[[8, [8, 12]]], [[13, [13, 9, 14]]], [[11, [11, 15, 7, 10, 16, 17, 18, 19]]], [[23, [23, 20, 22, 25, 24, 28, 30]]], [[31, [31, 32, 33, 21, 26, 27, 29]]], [[34, [34, 35, 37, 36]]], [[42, [42, 38, 41, 39, 40]]], [[50, [50, 45, 46, 47, 48, 49, 44, 43]]]]]",913.6619038,"[[[[0, [1]], [1, []], [10, [10]], [7, [7]], [15, [15, 11, 8, 17, 16]], [11, []], [8, []], [17, []], [16, []], [20, [20, 24, 22, 23, 25, 21]], [23, []], [25, []], [24, [26, 27, 28, 30, 29]], [22, []], [21, []], [26, []], [27, []], [28, []], [30, []], [38, [38, 40, 41, 39, 42, 43, 44]], [40, []], [41, [49]], [39, []], [29, []], [42, []], [43, []], [44, []], [49, []]], [[0, [5, 3, 6, 2, 4]], [2, []], [5, []], [12, [12, 13, 9]], [13, []], [9, []], [3, []], [6, []], [14, [14, 18, 19]], [4, []], [18, []], [19, []], [37, [37, 36, 35, 31, 32, 33, 34]], [36, []], [35, []], [31, []], [32, []], [33, []], [34, []], [50, [50, 45, 46, 47, 48]], [45, []], [46, []], [47, []], [48, []]]], [[[12, [12, 13, 9]], [10, [10]]], [[7, [7]]], [[14, [14, 18, 19]]], [[15, [15, 11, 8, 17, 16]]], [[20, [20, 24, 22, 23, 25, 21]]], [[24, [26, 27, 28, 30, 29]]], [[37, [37, 36, 35, 31, 32, 33, 34]]], [[38, [38, 40, 41, 39, 42, 43, 44]]], [[41, [49]]], [[50, [50, 45, 46, 47, 48]]]]]"
test_data/data_demand_random_50_batch_all1_equal_cluster/C201_2.dat,8,90,2,5,826.0555128,"[[[[0, [6, 2, 4, 3]], [6, []], [2, []], [4, []], [3, []], [14, [14, 18, 15]], [18, []], [15, [22, 21, 23, 20, 19]], [22, []], [21, []], [23, []], [20, []], [19, []], [31, [31, 32, 33, 34, 35, 37, 36, 25]], [32, []], [33, []], [34, []], [35, []], [37, []], [36, []], [50, [50, 24, 1, 45, 46, 47]], [25, []], [24, []], [45, []], [46, []], [47, []], [1, []]], [[0, [5]], [7, [7, 12, 13]], [12, []], [13, [8, 9, 11, 17, 16]], [8, []], [9, []], [11, []], [17, []], [16, []], [5, []], [26, [26, 27, 28, 10]], [27, []], [28, []], [10, []], [41, [41, 40, 39, 38, 29, 30]], [40, []], [39, []], [38, []], [29, []], [42, [42, 43, 44, 49, 48]], [43, []], [44, []], [49, []], [48, []], [30, []]]], [[[14, [14, 18, 15]]], [[7, [7, 12, 13]]], [[13, [8, 9, 11, 17, 16]]], [[15, [22, 21, 23, 20, 19]]], [[26, [26, 27, 28, 10]]], [[31, [31, 32, 33, 34, 35, 37, 36, 25]]], [[50, [50, 24, 1, 45, 46, 47]]], [[41, [41, 40, 39, 38, 29, 30]]], [[42, [42, 43, 44, 49, 48]]]]]",,None
test_data/data_demand_random_50_batch_all1_equal_cluster/C201_2.dat,8,120,2,1,826.0555128,"[[[[0, [2, 4, 6]], [4, []], [2, []], [16, [16]], [17, [17, 15, 19]], [19, []], [14, [14, 20, 11, 10]], [20, []], [15, []], [6, []], [26, [26, 28, 27, 29, 30]], [28, []], [27, []], [29, []], [11, []], [10, []], [41, [41, 40, 39, 38, 42, 43, 44]], [40, []], [39, []], [38, []], [42, [49, 48]], [43, []], [44, []], [49, []], [48, []], [30, []]], [[0, [5, 1, 3]], [5, []], [7, [7, 8, 13, 9, 12, 18]], [8, []], [13, []], [9, []], [12, []], [3, []], [21, [21, 22, 23, 25, 24]], [18, []], [31, [31, 32, 33, 34, 37, 36, 35]], [32, []], [33, []], [34, []], [22, []], [23, []], [25, []], [37, []], [36, []], [35, []], [50, [50, 45, 46, 47]], [24, []], [45, []], [46, []], [47, []], [1, []]]], [[[7, [7, 8, 13, 9, 12, 18]]], [[16, [16]]], [[17, [17, 15, 19]]], [[14, [14, 20, 11, 10]]], [[21, [21, 22, 23, 25, 24]]], [[26, [26, 28, 27, 29, 30]]], [[31, [31, 32, 33, 34, 37, 36, 35]]], [[41, [41, 40, 39, 38, 42, 43, 44]]], [[50, [50, 45, 46, 47]]], [[42, [49, 48]]]]]",,None
test_data/data_demand_random_50_batch_all1_equal_cluster/C201_2.dat,8,120,2,2,845.0483494,"[[[[0, [3, 2, 1]], [2, []], [1, []], [9, [9, 13]], [11, [11]], [3, []], [13, []], [8, [8, 10, 14, 15]], [10, []], [20, [20]], [14, [18, 30, 28, 27, 26]], [15, []], [18, []], [41, [41, 40, 39, 38, 29]], [40, []], [39, []], [38, []], [29, []], [42, [42, 43, 44, 49, 48]], [43, []], [44, []], [49, []], [48, []], [30, []], [28, []], [27, []], [26, []]], [[0, [6, 4, 5]], [7, [7, 12]], [12, []], [6, []], [4, []], [5, []], [16, [16, 25, 22, 21, 19, 17, 23, 24]], [25, []], [22, []], [21, []], [31, [31, 32, 33, 34, 35, 36, 37]], [32, []], [33, []], [34, []], [19, []], [17, []], [35, []], [36, []], [37, []], [50, [50, 45, 46, 47]], [23, []], [24, []], [45, []], [46, []], [47, []]]], [[[7, [7, 12]]], [[9, [9, 13]]], [[11, [11]]], [[8, [8, 10, 14, 15]]], [[16, [16, 25, 22, 21, 19, 17, 23, 24]]], [[20, [20]]], [[14, [18, 30, 28, 27, 26]]], [[31, [31, 32, 33, 34, 35, 36, 37]]], [[41, [41, 40, 39, 38, 29]]], [[50, [50, 45, 46, 47]]], [[42, [42, 43, 44, 49, 48]]]]]",882.0555128,"[[[[0, [4, 1, 3, 5]], [4, []], [1, []], [3, []], [5, []], [7, [7, 13]], [13, []], [8, [8, 10, 12, 14, 16, 17]], [10, []], [12, []], [14, []], [16, []], [17, []], [22, [22, 24, 25]], [24, []], [25, []], [31, [31, 32, 33, 34, 35, 36, 37]], [32, []], [33, []], [34, []], [35, []], [36, []], [37, []], [50, [50, 45, 46, 48, 49, 47]], [45, []], [46, []], [48, []], [49, []], [47, []]], [[0, [2, 6]], [2, []], [6, []], [9, [9, 11, 15, 18, 19]], [11, []], [15, []], [18, []], [19, []], [20, [20, 21, 23]], [21, []], [23, [30, 27, 29, 28, 26]], [30, []], [27, []], [41, [41, 40, 39, 38, 42, 44, 43]], [40, []], [39, []], [38, []], [29, []], [42, []], [44, []], [43, []], [28, []], [26, []]]], [[[7, [7, 13]]], [[9, [9, 11, 15, 18, 19]]], [[8, [8, 10, 12, 14, 16, 17]]], [[20, [20, 21, 23]], [22, [22, 24, 25]]], [[23, [30, 27, 29, 28, 26]]], [[31, [31, 32, 33, 34, 35, 36, 37]]], [[41, [41, 40, 39, 38, 42, 44, 43]]], [[50, [50, 45, 46, 48, 49, 47]]]]]"
test_data/data_demand_random_50_batch_all1_equal_cluster/C201_2.dat,8,120,2,3,826.0555128,"[[[[0, []], [9, [9, 8, 11]], [8, []], [16, [16, 18, 17]], [14, [14, 19]], [18, []], [19, []], [17, []], [30, [30, 27, 29]], [28, [28, 26]], [26, []], [27, []], [11, []], [41, [41, 40, 39, 38]], [40, []], [39, []], [38, []], [29, []], [42, [42, 43, 44, 49, 48]], [43, []], [44, []], [49, []], [48, []]], [[0, [2, 1, 6, 4, 3, 5]], [2, []], [3, []], [13, [13, 7]], [7, []], [10, [10, 12]], [12, []], [15, [15, 21, 22, 23, 24, 20, 25]], [1, []], [6, []], [4, []], [21, []], [22, []], [23, []], [24, []], [20, []], [33, [33, 31, 32, 34, 35, 36, 37]], [31, []], [32, []], [34, []], [35, []], [36, []], [37, []], [50, [50, 45, 46, 47]], [25, []], [45, []], [46, []], [47, []], [5, []]]], [[[9, [9, 8, 11]]], [[13, [13, 7]]], [[10, [10, 12]]], [[16, [16, 18, 17]]], [[14, [14, 19]]], [[15, [15, 21, 22, 23, 24, 20, 25]]], [[30, [30, 27, 29]]], [[28, [28, 26]]], [[33, [33, 31, 32, 34, 35, 36, 37]]], [[41, [41, 40, 39, 38]]], [[50, [50, 45, 46, 47]]], [[42, [42, 43, 44, 49, 48]]]]]",932.8035085,"[[[[0, [6, 4, 3, 1]], [1, []], [8, [8]], [6, []], [19, [19, 14]], [17, [17, 16, 25]], [16, []], [14, []], [25, []], [4, []], [26, [26, 29, 28, 27, 30]], [39, [39, 42]], [41, [41, 40, 38]], [40, []], [38, []], [29, []], [42, [48, 43, 44, 49]], [28, []], [27, []], [48, []], [43, []], [44, []], [49, []], [30, []], [3, []]], [[0, [5]], [13, [13, 11, 9, 12, 7, 10, 2]], [11, []], [9, []], [12, []], [5, []], [7, []], [10, []], [2, []], [15, [15, 21, 18, 20, 22, 23]], [21, []], [18, []], [31, [31, 34, 36, 32, 33, 35]], [32, []], [33, []], [34, []], [20, []], [35, []], [22, []], [23, []], [46, [46, 45, 37, 24, 50]], [47, [47]], [45, []], [24, []], [36, []], [37, []], [50, []]]], [[[8, [8]]], [[13, [13, 11, 9, 12, 7, 10, 2]]], [[19, [19, 14]]], [[17, [17, 16, 25]]], [[15, [15, 21, 18, 20, 22, 23]]], [[26, [26, 29, 28, 27, 30]]], [[31, [31, 34, 36, 32, 33, 35]]], [[39, [39, 42]]], [[41, [41, 40, 38]]], [[46, [46, 45, 37, 24, 50]]], [[47, [47]], [42, [48, 43, 44, 49]]]]]"
test_data/data_demand_random_50_batch_all1_equal_cluster/C201_2.dat,8,120,2,5,826.0555128,"[[[[0, [3, 2, 4]], [3, []], [8, [8, 11, 14, 18, 19]], [11, []], [14, []], [2, []], [21, [21, 22, 23, 24, 20, 25]], [22, []], [23, []], [24, []], [20, []], [18, []], [33, [33, 31, 32, 34, 35, 36, 37]], [31, []], [32, []], [34, []], [19, []], [35, []], [36, []], [37, []], [50, [50, 45, 46, 47]], [25, []], [45, []], [46, []], [47, []], [4, []]], [[0, [6, 1, 5]], [6, []], [10, [10, 16, 17, 15, 12, 7, 9, 13]], [16, []], [17, []], [15, []], [1, []], [27, [27, 28, 26]], [28, []], [26, []], [12, []], [7, []], [41, [41, 40, 39, 38, 29]], [40, []], [39, []], [38, []], [9, []], [13, []], [29, []], [42, [42, 43, 44, 49, 48, 30]], [43, []], [44, []], [49, []], [48, []], [30, []], [5, []]]], [[[10, [10, 16, 17, 15, 12, 7, 9, 13]]], [[8, [8, 11, 14, 18, 19]]], [[21, [21, 22, 23, 24, 20, 25]]], [[27, [27, 28, 26]]], [[33, [33, 31, 32, 34, 35, 36, 37]]], [[41, [41, 40, 39, 38, 29]]], [[42, [42, 43, 44, 49, 48, 30]]], [[50, [50, 45, 46, 47]]]]]",,None
test_data/data_demand_random_50_batch_all1_equal_random/C201_2.dat,4,60,2,1,857.4029012,"[[[[0, [7, 6, 2]], [7, [12]], [12, []], [6, []], [2, []], [15, [15, 10, 9, 18]], [10, []], [9, []], [18, [35, 24, 27, 8]], [35, []], [42, [42, 38, 40, 39]], [38, []], [47, [47, 46, 48, 44, 30]], [40, []], [46, []], [8, []], [48, []], [24, []], [27, []], [39, []], [44, []], [30, [45]], [45, []]], [[0, [1, 4, 5, 3]], [11, [11, 13]], [3, []], [13, []], [4, []], [1, []], [22, [22, 23, 21]], [23, []], [21, []], [28, [28, 34, 16, 14, 17, 19, 20]], [17, []], [5, []], [16, []], [34, []], [14, []], [36, [36, 29, 33, 31]], [29, []], [41, [41, 25, 37, 32]], [33, []], [31, []], [32, [50, 49, 43, 26]], [20, []], [50, []], [25, []], [19, []], [49, []], [43, []], [37, []], [26, []]]], [[[11, [11, 13]]], [[7, [12]]], [[15, [15, 10, 9, 18]]], [[22, [22, 23, 21]]], [[28, [34, 16, 17, 19]]], [[28, [28, 14, 20]]], [[18, [35, 24, 27, 8]]], [[36, [36, 29, 33, 31]]], [[41, [41, 25, 37, 32]]], [[42, [42, 38, 40, 39]]], [[47, [47, 46, 48, 44]]], [[47, [30]]], [[30, [45]]], [[32, [50, 49, 43, 26]]]]]",897.6155281,"[[[[0, [4, 13, 12, 6, 7, 5]], [13, []], [12, []], [4, []], [6, []], [7, []], [17, [17, 20, 19, 16]], [29, [29, 28, 14]], [28, []], [16, []], [5, [34, 32, 25, 37]], [14, []], [34, []], [36, [41, 36, 43, 33]], [41, []], [45, [45, 50, 49]], [32, []], [20, []], [50, []], [25, []], [19, []], [49, []], [43, []], [37, []], [33, []]], [[0, [3, 9, 1, 2]], [9, []], [15, [15, 18, 8, 11]], [3, []], [11, []], [23, [23, 21, 10]], [21, []], [22, [22, 24, 27, 26]], [1, []], [2, []], [27, []], [24, []], [30, [30, 35]], [42, [42, 38, 39, 31]], [38, []], [35, []], [18, []], [47, [47, 44, 48, 46]], [40, [40]], [44, []], [39, []], [48, []], [8, []], [46, []], [10, []], [31, []], [26, []]]], [[[15, [15, 18, 8, 11]]], [[23, [23, 21, 10]]], [[17, [17, 20, 19, 16]]], [[22, [22, 24, 27, 26]]], [[29, [29, 28, 14]]], [[30, [30, 35]]], [[5, [34, 32, 25, 37]]], [[42, [42, 38, 39, 31]]], [[36, [41, 36, 43, 33]]], [[47, [47, 44, 48, 46]]], [[40, [40]], [45, [45, 50, 49]]]]]"
test_data/data_demand_random_50_batch_all1_equal_random/C201_2.dat,4,60,2,5,892.132746,"[[[[0, [14, 1, 2, 9, 8, 16, 18]], [14, []], [16, []], [17, [17]], [1, []], [2, [24, 27, 10]], [10, []], [24, []], [27, []], [30, [30, 15]], [15, []], [42, [42, 38, 35, 26]], [38, []], [35, []], [18, []], [9, []], [47, [47, 40, 46, 44]], [40, [48, 39, 31]], [46, []], [8, []], [48, []], [44, []], [39, []], [31, []], [26, []]], [[0, [13, 4, 6, 12, 7, 3]], [4, []], [6, []], [12, []], [13, []], [11, [11, 5, 20]], [7, []], [21, [21, 29, 28, 23]], [29, []], [28, []], [5, [19, 34, 36, 22]], [34, []], [36, []], [41, [41, 32, 25, 33]], [45, [45, 49, 43, 37]], [33, []], [32, [50]], [20, []], [50, []], [25, []], [19, []], [49, []], [43, []], [37, []], [3, []], [23, []], [22, []]]], [[[17, [17]]], [[2, [24, 27, 10]]], [[11, [11, 5, 20]]], [[21, [21, 29, 28, 23]]], [[5, [19, 34, 36, 22]]], [[30, [30, 15]]], [[41, [41, 32, 25, 33]]], [[42, [42, 38, 35, 26]]], [[45, [45, 49, 43, 37]]], [[47, [47, 40, 46, 44]]], [[40, [48, 39, 31]]], [[32, [50]]]]]",,None
test_data/data_demand_random_50_batch_all1_equal_random/C201_2.dat,4,90,2,2,876.2982213,"[[[[0, [4, 2]], [9, [9, 10, 16, 14]], [10, []], [2, []], [28, [28, 19, 25, 13]], [16, []], [14, []], [34, [34, 36, 30, 15]], [36, []], [41, [41, 31, 40, 43]], [19, []], [25, []], [50, [50, 49, 37]], [37, []], [43, []], [49, []], [13, []], [4, []], [31, []], [30, []], [40, []], [15, []], [45, [45]]], [[0, [7, 5, 1, 3, 6]], [3, []], [1, []], [7, []], [5, []], [11, [11, 8, 12]], [6, []], [12, []], [20, [20, 21, 17, 18]], [21, []], [17, []], [29, [29, 26, 27, 23]], [32, [32, 35, 24, 33]], [26, []], [33, []], [42, [42, 38, 39, 22]], [38, []], [35, []], [18, []], [47, [47, 46, 48, 44]], [46, []], [8, []], [48, []], [24, []], [27, []], [39, []], [44, []], [23, []], [22, []]]], [[[9, [9, 10, 16, 14]]], [[11, [11, 8, 12]]], [[20, [20, 21, 17, 18]]], [[29, [29, 26, 27, 23]]], [[28, [28, 19, 25, 13]]], [[32, [32, 35, 24, 33]]], [[34, [34, 36, 30, 15]]], [[41, [41, 31, 40, 43]]], [[42, [42, 38, 39, 22]]], [[47, [47, 46, 48, 44]]], [[50, [50, 49, 37]]], [[45, [45]]]]]",1017.803509,"[[[[0, [4, 7, 3, 5, 6]], [11, [11]], [14, [14]], [7, [16, 12, 10, 19, 8]], [3, []], [20, [20, 29, 25, 27]], [4, []], [34, [34, 43, 24, 22]], [16, []], [5, []], [29, []], [25, []], [12, []], [19, []], [49, [49, 50, 48, 46]], [43, []], [6, []], [50, []], [27, []], [24, []], [10, []], [48, []], [8, []], [46, []], [44, [44]], [22, []]], [[0, [2, 1]], [13, [13]], [2, [18, 17, 15, 9]], [15, []], [9, []], [1, []], [23, [23, 26, 21, 28]], [37, [37, 32, 33, 31]], [32, []], [26, []], [33, []], [31, []], [30, [30, 39, 40, 42]], [39, []], [40, []], [45, [45, 35, 38, 41]], [42, []], [18, []], [35, []], [38, []], [47, [47, 36]], [41, []], [36, []], [21, []], [28, []], [17, []]]], [[[11, [11]]], [[13, [13]]], [[2, [18, 17, 15, 9]]], [[14, [14]]], [[7, [16, 12, 10]]], [[7, [19, 8]]], [[23, [23, 26, 21, 28]]], [[20, [20, 29, 25, 27]]], [[37, [37, 32, 33, 31]]], [[30, [30, 39, 40, 42]]], [[34, [34, 43, 24, 22]]], [[45, [45, 35, 38, 41]]], [[49, [49, 50, 48, 46]]], [[44, [44]], [47, [47, 36]]]]]"
test_data/data_demand_random_50_batch_all1_equal_random/C201_2.dat,4,90,2,4,861.6155281,"[[[[0, [4, 1, 3, 7]], [1, []], [4, []], [3, []], [7, []], [16, [16, 14]], [14, []], [22, [22, 18, 11]], [11, []], [26, [26, 27, 24]], [27, []], [24, []], [30, [30, 15]], [15, []], [42, [42, 35, 40, 38]], [38, []], [35, []], [18, []], [47, [47, 46, 48, 45]], [40, []], [46, []], [48, []], [44, [44, 39]], [39, []], [45, []]], [[0, [2, 5, 6]], [2, []], [9, [9]], [10, [10, 8, 12]], [8, []], [12, [17, 19, 20, 21]], [19, []], [20, []], [28, [28, 29, 23]], [21, []], [29, []], [17, []], [5, []], [34, [34, 36, 32, 31]], [36, []], [41, [41, 25, 37, 13]], [32, []], [6, []], [25, []], [50, [50, 43, 49, 33]], [37, []], [43, []], [49, []], [13, []], [31, []], [33, []], [23, []]]], [[[9, [9]]], [[10, [10, 8, 12]]], [[16, [16, 14]]], [[12, [17, 19, 20, 21]]], [[22, [22, 18, 11]]], [[26, [26, 27, 24]]], [[28, [28, 29, 23]]], [[30, [30, 15]]], [[34, [34, 36, 32, 31]]], [[42, [42, 35, 40, 38]]], [[41, [41, 25, 37, 13]]], [[50, [50, 43, 49, 33]]], [[47, [47, 46, 48, 45]]], [[44, [44, 39]]]]]",956.1655251,"[[[[0, [4, 3, 7, 6, 1]], [6, []], [1, []], [13, [13, 17, 14, 10]], [4, []], [3, []], [22, [22]], [23, [23, 21, 29]], [17, []], [7, []], [21, []], [29, []], [14, []], [34, [34, 36, 32]], [36, []], [41, [41, 39, 33]], [50, [50, 24, 27]], [32, []], [27, []], [24, []], [10, []], [48, [48, 46, 44, 45]], [46, []], [44, []], [39, []], [33, []], [45, []]], [[0, [2]], [5, [5]], [8, [8, 11, 16, 9]], [11, []], [16, []], [28, [28, 18, 15, 12, 19]], [2, [37, 31, 30, 20]], [9, []], [18, []], [38, [38, 35, 42, 40]], [35, []], [47, [47, 49, 43, 26]], [42, []], [15, []], [40, []], [30, []], [31, []], [20, []], [25, [25]], [12, []], [19, []], [49, []], [43, []], [37, []], [26, []]]], [[[13, [13, 17, 14, 10]]], [[5, [5]]], [[8, [8, 11, 16, 9]]], [[22, [22]]], [[28, [28, 18, 15, 12]]], [[28, [19]], [23, [23, 21, 29]]], [[2, [37, 31, 30, 20]]], [[34, [34, 36, 32]]], [[38, [38, 35, 42, 40]]], [[41, [41, 39, 33]]], [[50, [50, 24, 27]]], [[47, [47, 49, 43, 26]]], [[25, [25]]], [[48, [48, 46, 44, 45]]]]]"
test_data/data_demand_random_50_batch_all1_equal_random/C201_2.dat,4,90,2,5,856.6155281,"[[[[0, [4, 2]], [15, [15, 13, 18, 9]], [9, []], [10, [10, 8]], [4, []], [13, []], [31, [31, 30, 27, 24]], [30, []], [42, [42, 38, 35, 40]], [38, [39]], [35, []], [18, []], [47, [47, 44, 48, 46]], [44, []], [39, []], [27, []], [24, []], [48, []], [8, []], [46, []], [2, []], [40, []]], [[0, [5, 3, 7, 1, 6]], [3, []], [6, []], [7, []], [17, [17, 14, 11, 16]], [5, []], [16, []], [14, []], [23, [23, 22, 21, 12]], [1, [29, 28, 19, 26]], [22, []], [11, []], [21, []], [29, []], [34, [34, 25, 20, 32]], [41, [41, 36, 43, 37]], [36, []], [28, []], [25, []], [50, [50, 49, 45, 33]], [20, []], [12, []], [19, []], [49, []], [43, []], [37, []], [32, []], [26, []], [33, []], [45, []]]], [[[15, [15, 13, 18, 9]]], [[17, [17, 14, 11, 16]]], [[10, [10, 8]]], [[23, [23, 22, 21, 12]]], [[1, [29, 28, 19, 26]]], [[31, [31, 30, 27, 24]]], [[34, [34, 25, 20, 32]]], [[42, [42, 38, 35, 40]]], [[41, [41, 36, 43, 37]]], [[38, [39]]], [[47, [47, 44, 48, 46]]], [[50, [50, 49, 45, 33]]]]]",918.7703296,"[[[[0, [1, 2, 6, 7, 5]], [1, []], [2, []], [6, []], [7, []], [21, [21, 14, 16]], [17, [17, 8]], [5, []], [14, []], [16, []], [28, [28]], [34, [34, 36, 29]], [36, []], [29, []], [41, [41, 40, 31, 39]], [15, [15, 10, 27, 24]], [40, []], [31, [44, 47]], [10, []], [39, []], [27, []], [24, []], [48, [48, 46, 30]], [8, []], [46, []], [44, []], [30, []], [47, []]], [[0, [4]], [9, [9, 12, 13, 3, 18, 11]], [3, []], [12, []], [20, [20]], [22, [22, 23, 26, 19]], [23, []], [11, []], [26, []], [13, []], [4, []], [38, [38, 35, 42]], [35, []], [18, []], [42, []], [45, [45, 33, 32, 25]], [33, []], [32, []], [50, [50, 49, 43, 37]], [25, []], [19, []], [49, []], [43, []], [37, []]]], [[[9, [3, 18, 11]]], [[9, [9, 12, 13]]], [[21, [21, 14, 16]], [20, [20]]], [[17, [17, 8]]], [[22, [22, 23, 26, 19]]], [[28, [28]]], [[34, [34, 36, 29]]], [[41, [41, 40, 31, 39]]], [[15, [15, 10, 27, 24]]], [[38, [38, 35, 42]]], [[45, [45, 33, 32, 25]]], [[31, [44, 47]]], [[48, [48, 46, 30]]], [[50, [50, 49, 43, 37]]]]]"
test_data/data_demand_random_50_batch_all1_equal_random/C201_2.dat,4,120,2,1,865.6155281,"[[[[0, [4, 3, 2, 1]], [3, []], [1, []], [2, []], [8, [8, 10, 9, 13]], [10, []], [4, []], [13, []], [23, [23]], [27, [27, 15, 18]], [9, []], [15, []], [42, [42, 38, 35, 40]], [38, [30]], [35, []], [18, []], [47, [47, 46, 48, 24]], [40, []], [46, []], [48, []], [24, []], [39, [39, 44, 45]], [44, []], [30, []], [45, []]], [[0, [5, 7, 6]], [6, []], [14, [14, 16, 12, 11]], [16, []], [5, []], [17, [17, 19, 22]], [21, [21, 20, 25]], [34, [34, 28, 36, 37, 29]], [7, []], [28, [26, 32, 31, 33]], [36, []], [29, []], [41, [41]], [32, []], [37, []], [43, [43, 49, 50]], [49, []], [19, []], [12, []], [25, []], [50, []], [20, []], [31, []], [33, []], [26, []], [11, []], [22, []]]], [[[8, [8, 10, 9, 13]]], [[14, [14, 16, 12, 11]]], [[23, [23]]], [[17, [17, 19, 22]]], [[21, [21, 20, 25]]], [[27, [27, 15, 18]]], [[34, [34, 28, 36, 37]]], [[34, [29]]], [[28, [26, 32, 31, 33]]], [[42, [42, 38, 35, 40]]], [[38, [30]]], [[41, [41]]], [[43, [43, 49, 50]]], [[47, [47, 46, 48, 24]]], [[39, [39, 44, 45]]]]]",906.3553391,"[[[[0, [2]], [2, []], [14, [14, 9, 18]], [22, [22, 20]], [20, [23]], [23, []], [9, []], [38, [38, 35, 42, 37]], [35, []], [18, []], [42, []], [45, [45, 43, 49, 50]], [26, [26, 25, 32, 41]], [37, []], [43, []], [49, []], [25, []], [50, []], [32, []], [41, []]], [[0, [1, 7, 5, 3, 6, 4]], [4, []], [1, []], [13, [13, 17, 12, 10]], [6, []], [19, [19]], [12, []], [7, []], [29, [29, 28, 21, 16]], [17, []], [28, []], [5, []], [16, []], [34, [34, 36, 11, 31, 27, 24, 8, 30]], [36, []], [21, []], [11, []], [3, []], [33, [33, 40, 15]], [31, []], [27, [39, 44, 46, 48]], [39, []], [24, []], [10, []], [44, []], [8, []], [46, []], [48, []], [30, []], [40, []], [15, []], [47, [47]]]], [[[13, [13, 17, 12, 10]]], [[14, [14, 9, 18]]], [[19, [19]], [22, [22, 20]]], [[20, [23]]], [[29, [29, 28, 21, 16]]], [[34, [34, 36, 11, 8]]], [[34, [31, 27, 24, 30]]], [[38, [38, 35, 42, 37]]], [[33, [33, 40, 15]]], [[27, [39, 44, 46, 48]]], [[45, [45, 43, 49, 50]]], [[26, [26, 25, 32, 41]]], [[47, [47]]]]]"
test_data/data_demand_random_50_batch_all1_equal_random/C201_2.dat,4,120,2,2,881.0788655,"[[[[0, [1, 2]], [1, []], [9, [9, 10, 18, 8]], [10, []], [15, [15]], [18, []], [30, [30, 27, 35]], [2, []], [27, []], [31, [31, 39, 24]], [39, []], [24, []], [8, []], [46, [46, 48, 44, 38]], [48, []], [44, []], [40, [40, 42, 47]], [47, []], [35, []], [38, []], [42, []]], [[0, [4, 6, 3, 7]], [3, []], [4, []], [13, [13, 12, 11]], [6, []], [11, []], [7, []], [14, [14, 16, 21, 20]], [17, [17, 29, 5, 19, 23]], [29, []], [16, []], [5, []], [21, []], [36, [36, 28, 34, 32]], [28, []], [34, [25, 37, 33, 26]], [41, [41, 43, 22]], [32, [50, 49, 45]], [20, []], [50, []], [25, []], [12, []], [19, []], [49, []], [43, []], [37, []], [33, []], [26, []], [23, []], [22, []], [45, []]]], [[[9, [9, 10, 18, 8]]], [[13, [13, 12, 11]]], [[15, [15]]], [[14, [14, 16, 21, 20]]], [[17, [5]]], [[17, [17, 29, 19, 23]]], [[36, [36, 28, 34, 32]]], [[30, [30, 27, 35]]], [[31, [31, 39, 24]]], [[34, [25, 37, 33, 26]]], [[41, [41, 43, 22]]], [[32, [50, 49, 45]]], [[46, [46, 48, 44, 38]]], [[40, [40, 42, 47]]]]]",909.0788655,"[[[[0, [5]], [9, [9]], [5, [14, 10, 8]], [14, []], [32, [32, 33, 27, 24]], [33, []], [27, []], [39, [39, 18, 15]], [24, []], [10, []], [8, []], [46, [46, 48, 44]], [48, []], [44, []], [47, [47, 38, 35]], [18, []], [38, []], [35, []], [15, []]], [[0, [6, 7, 2, 1, 3]], [7, []], [2, []], [1, []], [3, []], [6, []], [13, [13, 11, 12, 17, 4]], [22, [22, 23, 21]], [11, []], [26, [26, 19, 16]], [23, []], [21, []], [16, [34, 20, 31, 29]], [34, []], [41, [41, 25, 36, 28]], [29, []], [17, []], [36, []], [28, [43, 37, 30, 40]], [20, []], [50, [50, 49, 45, 42]], [25, []], [12, []], [19, []], [49, []], [43, []], [37, []], [4, []], [31, []], [30, []], [45, []], [40, []], [42, []]]], [[[9, [9]]], [[5, [14, 10, 8]], [13, [4]]], [[13, [13, 11, 12, 17]]], [[22, [22, 23, 21]]], [[26, [26, 19, 16]]], [[16, [34, 20, 31, 29]]], [[32, [32, 33, 27, 24]]], [[39, [39, 18, 15]]], [[41, [41, 25, 36, 28]]], [[28, [43, 37, 30, 40]]], [[46, [46, 48, 44]]], [[50, [50, 49, 45, 42]]], [[47, [47, 38, 35]]]]]"
test_data/data_demand_random_50_batch_all1_equal_random/C201_2.dat,4,120,2,3,877.0788655,"[[[[0, [5]], [9, [9, 12, 14, 17, 13]], [14, [16, 15]], [17, []], [16, []], [5, []], [21, [21, 29, 25, 28]], [28, []], [29, []], [36, [36, 34, 19]], [34, []], [41, [41, 33, 40, 43]], [43, []], [25, []], [50, [50, 49, 45]], [12, []], [19, []], [49, []], [13, []], [33, []], [45, []], [15, []], [40, []]], [[0, [3, 2, 1, 7, 6, 4]], [6, []], [7, []], [4, []], [1, [20, 10, 8]], [2, []], [22, [22, 23, 24, 11]], [23, []], [11, []], [3, []], [26, [26]], [20, []], [32, [32, 37, 30, 27]], [37, []], [31, [31, 39, 35, 42]], [30, []], [39, []], [27, []], [24, []], [10, []], [46, [46, 48, 44, 38]], [8, []], [48, []], [44, []], [47, [47, 18]], [18, []], [35, []], [38, []], [42, []]]], [[[9, [12, 14, 17, 13]]], [[9, [9]]], [[14, [16, 15]]], [[1, [20, 10, 8]]], [[22, [22, 23, 24, 11]]], [[21, [21, 29, 25, 28]]], [[26, [26]]], [[32, [32, 37, 30, 27]]], [[36, [36, 34, 19]]], [[31, [31, 39, 35, 42]]], [[41, [41, 33, 40, 43]]], [[50, [50, 49, 45]]], [[46, [46, 48, 44, 38]]], [[47, [47, 18]]]]]",951.6242088,"[[[[0, [4, 2]], [13, [13, 9, 12]], [4, []], [2, []], [9, []], [22, [22, 20, 19, 26, 25]], [30, [30, 27, 24, 31]], [27, []], [24, []], [31, []], [39, [39, 33, 32, 37]], [33, []], [26, []], [45, [45, 43, 49]], [32, [6]], [20, []], [6, []], [37, []], [43, []], [49, []], [19, []], [12, []], [25, []], [50, [50, 29]], [29, []]], [[0, [5, 7, 1]], [7, [3]], [3, []], [8, [8, 11]], [10, [10, 14, 16]], [11, []], [23, [23, 17, 21]], [17, [15, 18]], [16, []], [14, []], [5, []], [34, [34, 36, 28]], [36, []], [28, []], [21, []], [41, [41, 40, 38, 35]], [40, []], [46, [46, 48, 47, 42]], [48, []], [44, [44]], [1, []], [15, []], [38, []], [35, []], [18, []], [47, []], [42, []]]], [[[13, [13, 9, 12]]], [[7, [3]]], [[8, [8, 11]]], [[10, [10, 14, 16]]], [[22, [22, 20, 19]]], [[23, [23, 17, 21]]], [[17, [15, 18]]], [[22, [26, 25]]], [[30, [30, 27, 24, 31]]], [[34, [34, 36, 28]]], [[41, [41, 40, 38, 35]]], [[39, [39, 33, 32, 37]]], [[46, [46, 48, 47, 42]]], [[44, [44]], [45, [45, 43, 49]]], [[32, [6]]], [[50, [50, 29]]]]]"
test_data/data_demand_random_50_batch_all1_equal_random/C201_2.dat,4,120,2,4,853.6155281,"[[[[0, [4, 5]], [4, []], [9, [9, 17, 16, 14]], [14, []], [29, [29, 28, 21, 20]], [17, []], [16, []], [5, []], [28, []], [34, [34, 36, 25, 37]], [36, []], [41, [41, 32, 19, 26]], [21, []], [32, []], [20, []], [50, [50, 49, 43, 33]], [25, []], [19, []], [49, []], [43, []], [37, []], [33, []], [26, []], [11, [11]]], [[0, [1, 6, 2, 7, 3]], [1, []], [13, [13, 12, 8, 10]], [12, []], [6, []], [7, []], [3, []], [23, [23, 22, 18]], [22, []], [2, []], [27, [27, 24]], [24, []], [31, [31, 15, 30]], [15, []], [42, [42, 38, 35, 39]], [38, []], [35, []], [18, []], [47, [47, 46, 40, 45]], [40, []], [46, [48, 44]], [8, []], [48, []], [10, []], [39, []], [44, []], [30, []], [45, []]]], [[[9, [9, 17, 16, 14]]], [[13, [13, 12, 8, 10]]], [[23, [23, 22, 18]]], [[29, [29, 28, 21, 20]]], [[27, [27, 24]]], [[31, [31, 15, 30]]], [[34, [34, 36, 25, 37]]], [[42, [42, 38, 35, 39]]], [[41, [41, 32, 19, 26]]], [[50, [50, 49, 43, 33]]], [[47, [47, 46, 40, 45]]], [[46, [48, 44]]], [[11, [11]]]]]",888.6155281,"[[[[0, [2, 1]], [1, []], [9, [9, 8, 11, 12]], [10, [10]], [8, []], [2, []], [12, [16, 17, 22]], [19, [19, 21, 20]], [21, []], [29, [29, 34, 28, 36]], [34, []], [16, []], [28, []], [17, []], [36, []], [41, [41, 26, 37, 33]], [11, []], [26, []], [37, []], [43, [43, 49, 25, 32]], [49, []], [25, []], [50, [50, 45]], [20, []], [32, []], [33, []], [22, []], [45, []]], [[0, [6, 5, 7, 4, 3]], [6, []], [14, [14, 18, 13, 15]], [5, []], [7, []], [23, [23]], [3, []], [4, []], [13, []], [31, [31, 24, 27, 30]], [42, [42, 38, 40]], [38, []], [35, [35, 39]], [18, []], [47, [47, 44, 48, 46]], [40, []], [44, []], [39, []], [48, []], [46, []], [24, []], [27, []], [30, []], [15, []]]], [[[9, [9, 8, 11, 12]]], [[10, [10]]], [[14, [14, 18, 13, 15]]], [[12, [16, 17, 22]], [23, [23]]], [[19, [19, 21, 20]]], [[29, [29, 34, 28, 36]]], [[31, [31, 24, 27, 30]]], [[41, [41, 26, 37, 33]]], [[42, [42, 38, 40]]], [[35, [35, 39]]], [[47, [47, 44, 48, 46]]], [[43, [43, 49, 25, 32]]], [[50, [50, 45]]]]]"
test_data/data_demand_random_50_batch_all1_equal_random/C201_2.dat,8,60,2,1,869.6155281,"[[[[0, [9, 4, 3]], [9, []], [4, []], [3, []], [23, [23, 13, 15, 18, 10, 8]], [13, []], [33, [33, 31, 30, 35, 27, 24]], [31, []], [30, []], [15, []], [42, [42, 38]], [38, []], [35, []], [18, []], [47, [47, 40, 44, 39, 48, 46, 45]], [40, []], [44, []], [39, []], [27, []], [24, []], [10, []], [48, []], [8, []], [46, []], [45, []]], [[0, [5, 2, 7, 1, 6]], [5, []], [1, []], [2, []], [11, [11, 14, 16, 17, 12]], [7, []], [14, []], [16, []], [17, []], [28, [28, 29, 21, 20, 25, 19, 26, 22]], [12, []], [6, []], [41, [41, 34, 36, 32, 37, 43]], [34, []], [36, []], [29, []], [21, []], [32, [50, 49]], [20, []], [37, []], [50, []], [25, []], [19, []], [49, []], [43, []], [26, []], [22, []]]], [[[11, [11, 14, 16, 17, 12]]], [[23, [23, 13, 15, 18, 10, 8]]], [[28, [28, 29, 21, 20, 25, 19, 26, 22]]], [[33, [33, 31, 30, 35, 27, 24]]], [[41, [41, 34, 36, 32, 37, 43]]], [[42, [42, 38]]], [[47, [47, 40, 44, 39, 48, 46, 45]]], [[32, [50, 49]]]]]",877.4390889,"[[[[0, [4, 12, 6, 13, 7]], [12, []], [13, []], [4, []], [6, []], [17, [17, 21, 22, 23, 11]], [21, []], [29, [29]], [23, []], [11, []], [32, [32, 20, 14, 16, 37]], [20, []], [41, [41, 36, 34, 25, 19]], [36, []], [34, []], [14, []], [16, []], [7, [50, 49, 43]], [50, []], [25, []], [19, []], [49, []], [43, []], [37, []], [22, []]], [[0, [1, 9, 3, 5]], [9, []], [3, [2]], [1, []], [5, []], [28, [28, 26, 15, 18, 10, 8]], [26, []], [33, [33, 31, 30, 27, 24]], [31, []], [30, []], [15, []], [42, [42, 35, 40, 38]], [38, []], [35, []], [18, []], [47, [47, 44, 39, 48, 46, 45]], [2, []], [44, []], [39, []], [27, []], [24, []], [10, []], [48, []], [8, []], [46, []], [40, []], [45, []]]], [[[17, [17, 21, 22, 23, 11]]], [[3, [2]]], [[29, [29]], [28, [28, 26, 15, 18, 10, 8]]], [[33, [33, 31, 30, 27, 24]]], [[32, [32, 20, 14, 16, 37]]], [[42, [42, 35, 40, 38]]], [[41, [41, 36, 34, 25, 19]]], [[7, [50, 49, 43]]], [[47, [47, 44, 39, 48, 46, 45]]]]]"
test_data/data_demand_random_50_batch_all1_equal_random/C201_2.dat,8,60,2,2,860.6155281,"[[[[0, [4]], [4, []], [15, [15, 18, 8, 10, 11, 13, 6]], [13, []], [6, []], [11, []], [23, [23]], [30, [30, 31, 35, 24, 27]], [31, []], [42, [42, 2, 38]], [38, []], [35, []], [18, []], [47, [47, 40, 46, 48, 39, 45, 44]], [40, []], [2, []], [46, []], [8, []], [48, []], [10, []], [24, []], [27, []], [39, []], [44, []], [45, []]], [[0, [5, 1, 3, 9, 7]], [9, []], [3, []], [1, []], [22, [22, 14, 20, 12, 16, 17]], [7, []], [28, [28, 29, 21]], [17, []], [14, []], [16, []], [29, []], [21, []], [36, [36, 34, 32, 25, 19, 26]], [34, []], [5, []], [41, [41, 37, 33]], [32, [50, 49, 43]], [20, []], [50, []], [25, []], [12, []], [19, []], [49, []], [43, []], [37, []], [26, []], [33, []]]], [[[22, [22, 14, 20, 12, 16, 17]]], [[15, [15, 18, 8, 10, 11, 13, 6]]], [[28, [28, 29, 21]]], [[23, [23]]], [[36, [36, 34, 32, 25, 19, 26]]], [[30, [30, 31, 35, 24, 27]]], [[42, [42, 2, 38]]], [[41, [41, 37, 33]]], [[47, [47, 40, 46, 48, 39, 45, 44]]], [[32, [50, 49, 43]]]]]",907.7703296,"[[[[0, [4, 2, 1, 6]], [2, [9, 13, 12]], [9, []], [23, [23, 15, 18]], [22, [22, 8, 10, 24, 27, 26, 30, 33, 35]], [1, []], [30, []], [4, []], [8, []], [10, []], [24, []], [27, []], [26, [40, 38, 42]], [6, []], [12, []], [13, []], [33, []], [15, []], [40, []], [47, [47]], [18, []], [35, []], [38, []], [42, []]], [[0, [5, 3]], [3, []], [11, [11, 16, 14, 17, 7]], [7, []], [16, []], [14, []], [29, [29, 25, 20]], [17, []], [21, [28, 21, 19]], [28, []], [5, [34, 36, 31, 32, 37]], [34, []], [36, []], [41, [41, 43, 49, 50, 44, 48, 46, 45, 39]], [32, []], [37, []], [43, []], [49, []], [19, []], [25, []], [50, []], [20, []], [31, []], [39, []], [44, []], [48, []], [46, []], [45, []]]], [[[11, [11, 16, 14, 17, 7]]], [[2, [9, 13, 12]]], [[23, [23, 15, 18]]], [[22, [24, 27, 26, 30, 33, 35]]], [[22, [22, 8, 10]]], [[29, [29, 25, 20]]], [[21, [28, 21, 19]]], [[5, [34, 36, 31, 32, 37]]], [[41, [43, 49, 50, 44, 48, 46, 45, 39]]], [[26, [40, 38, 42]], [41, [41]]], [[47, [47]]]]]"
test_data/data_demand_random_50_batch_all1_equal_random/C201_2.dat,8,60,2,5,860.6155281,"[[[[0, [4, 6, 3, 2, 1]], [3, []], [2, []], [4, []], [6, []], [1, [15, 10, 8, 18, 9]], [18, []], [9, []], [15, []], [30, [30, 31, 24, 27, 35]], [31, []], [42, [42, 39, 40, 38]], [38, []], [35, []], [47, [47, 48, 46, 45, 44]], [44, []], [39, []], [27, []], [24, []], [10, []], [48, []], [8, []], [46, []], [40, []], [45, []]], [[0, [5]], [5, [14, 16, 12, 7]], [14, []], [16, []], [23, [23, 22, 19, 20, 25]], [22, [28, 29, 21, 26]], [11, [11, 13, 17]], [7, []], [28, []], [17, []], [29, [34, 36, 33, 32, 37]], [34, []], [36, []], [21, []], [32, []], [26, []], [33, [43, 49, 41, 50]], [13, []], [37, []], [43, []], [49, []], [19, []], [12, []], [25, []], [50, []], [20, []], [41, []]]], [[[5, [14, 16, 12, 7]]], [[1, [15, 10, 8, 18, 9]]], [[23, [23, 22, 19, 20, 25]]], [[22, [28, 29, 21, 26]]], [[11, [11, 13, 17]]], [[29, [34, 36, 33, 32, 37]]], [[30, [30, 31, 24, 27, 35]]], [[42, [42, 39, 40, 38]]], [[47, [47, 48, 46, 45, 44]]], [[33, [43, 49, 41, 50]]]]]",984.6155281,"[[[[0, [6, 3, 9]], [9, []], [15, [15, 18, 11, 17, 12]], [18, []], [23, [23, 22, 21, 20, 19]], [3, []], [26, [26]], [22, [25]], [11, []], [21, [34, 36, 30, 33, 32, 37]], [17, []], [34, []], [36, []], [41, [41, 42]], [42, [49, 43, 50]], [30, []], [33, []], [32, []], [49, []], [6, []], [20, []], [37, []], [43, []], [19, []], [12, []], [25, []], [50, []]], [[0, [7, 2, 5, 1]], [7, []], [2, []], [5, [14, 16, 10, 8, 13, 4]], [14, []], [16, []], [29, [29, 28]], [28, []], [1, [31, 35, 24, 27]], [13, []], [4, []], [31, []], [47, [47, 38, 39, 48, 46, 44, 40, 45]], [35, []], [38, []], [39, []], [24, []], [10, []], [48, []], [46, []], [8, []], [44, []], [27, []], [40, []], [45, []]]], [[[5, [14, 16, 10, 8, 13, 4]]], [[15, [15, 18, 11, 17, 12]]], [[29, [29, 28]], [23, [23, 22, 21, 20, 19]]], [[26, [26]]], [[22, [25]]], [[1, [31, 35, 24, 27]]], [[21, [34, 36, 30, 33, 32, 37]]], [[41, [41, 42]]], [[42, [49, 43, 50]]], [[47, [47, 38, 39, 48, 46, 44, 40, 45]]]]]"
test_data/data_demand_random_50_batch_all1_equal_random/C201_2.dat,8,90,2,1,848.6155281,"[[[[0, [6, 5, 1, 2]], [6, []], [10, [10]], [9, [9, 17, 16, 14, 12]], [2, []], [1, []], [22, [22, 28, 29, 21, 20, 25, 19, 26]], [28, []], [17, []], [16, []], [5, []], [14, []], [34, [34]], [41, [41, 36, 32, 43, 37, 33]], [36, []], [29, []], [21, []], [32, []], [20, []], [50, [50, 49]], [25, []], [12, []], [19, []], [49, []], [43, []], [37, []], [33, []], [26, []]], [[0, [7, 3, 4]], [7, []], [4, []], [13, [13]], [3, [18, 8, 23, 11, 15]], [11, []], [23, []], [24, [24, 27]], [27, []], [31, [31, 30]], [15, []], [42, [42, 38, 35, 40, 39]], [38, []], [35, []], [18, []], [47, [47, 46, 48, 44, 45]], [40, []], [46, []], [8, []], [48, []], [39, []], [44, []], [30, []], [45, []]]], [[[10, [10]]], [[13, [13]]], [[3, [18, 8, 23, 11, 15]]], [[9, [9, 17, 16, 14, 12]]], [[22, [22, 28, 29, 21, 20, 25, 19, 26]]], [[24, [24, 27]]], [[31, [31, 30]]], [[34, [34]]], [[42, [42, 38, 35, 40, 39]]], [[41, [41, 36, 32, 43, 37, 33]]], [[47, [47, 46, 48, 44, 45]]], [[50, [50, 49]]]]]",,None
test_data/data_demand_random_50_batch_all1_equal_random/C201_2.dat,8,90,2,2,848.6155281,"[[[[0, [3, 1, 7, 2]], [7, []], [11, [11, 10, 9]], [1, []], [9, []], [22, [22]], [3, [26, 24, 27, 18, 8]], [26, []], [10, []], [24, []], [27, []], [31, [31, 30]], [30, []], [42, [42, 38, 35, 40, 39]], [38, []], [35, []], [18, []], [47, [47, 46, 48, 45, 44]], [40, []], [44, []], [39, []], [48, []], [8, []], [46, []], [2, []], [45, []]], [[0, [6, 4]], [13, [13]], [4, []], [15, [15, 14, 16, 17, 12, 5]], [14, []], [21, [21, 23]], [16, []], [5, []], [34, [34, 36, 28, 29, 20, 25, 19]], [36, []], [17, []], [28, []], [29, []], [41, [41, 37, 32, 33]], [6, []], [20, []], [50, [50, 49, 43]], [25, []], [19, []], [12, []], [49, []], [43, []], [37, []], [32, []], [33, []], [23, []]]], [[[11, [11, 10, 9]]], [[13, [13]]], [[15, [15, 14, 16, 17, 12, 5]]], [[22, [22]]], [[21, [21, 23]]], [[3, [26, 24, 27, 18, 8]]], [[31, [31, 30]]], [[34, [34, 36, 28, 29, 20, 25, 19]]], [[42, [42, 38, 35, 40, 39]]], [[41, [41, 37, 32, 33]]], [[47, [47, 46, 48, 45, 44]]], [[50, [50, 49, 43]]]]]",,None
test_data/data_demand_random_50_batch_all1_equal_random/C201_2.dat,8,90,2,3,856.6155281,"[[[[0, [3, 1, 4, 2]], [4, []], [2, []], [1, []], [15, [15, 10, 8, 13, 18]], [10, []], [8, []], [13, []], [3, []], [31, [31, 24, 27, 30]], [30, []], [42, [42, 38, 35, 39, 40]], [38, []], [35, []], [18, []], [47, [47, 48, 46, 44]], [46, []], [48, []], [24, []], [27, []], [39, []], [44, []], [40, []]], [[0, [6, 7, 5]], [9, [9]], [14, [14, 11, 12, 16, 17]], [5, []], [16, []], [7, []], [23, [23, 21, 28, 22]], [21, []], [28, []], [17, []], [34, [34, 36, 29, 20, 25, 26, 33]], [36, []], [29, []], [41, [41, 37, 19]], [22, []], [11, []], [26, []], [37, []], [6, []], [20, []], [50, [50, 49, 43, 32, 45]], [25, []], [12, []], [19, []], [49, []], [43, []], [32, []], [33, []], [45, []]]], [[[9, [9]]], [[15, [15, 10, 8, 13, 18]]], [[14, [14, 11, 12, 16, 17]]], [[23, [23, 21, 28, 22]]], [[31, [31, 24, 27, 30]]], [[34, [34, 36, 29, 20, 25, 26, 33]]], [[42, [42, 38, 35, 39, 40]]], [[41, [41, 37, 19]]], [[50, [50, 49, 43, 32, 45]]], [[47, [47, 48, 46, 44]]]]]",,None
test_data/data_demand_random_50_batch_all1_equal_random/C201_2.dat,8,90,2,4,872.0788655,"[[[[0, [1, 7, 5]], [7, []], [11, [11, 14, 16, 17, 12]], [1, []], [15, [15, 21, 19]], [14, []], [16, []], [21, []], [28, [28, 34, 36, 29, 25, 37, 31, 30]], [5, []], [34, []], [36, []], [17, []], [29, []], [41, [41, 32, 43, 40]], [32, []], [50, [50, 49, 45]], [25, []], [12, []], [19, []], [49, []], [43, []], [37, []], [31, []], [30, []], [40, []], [45, []]], [[0, [2, 4, 6, 3]], [2, []], [9, [9, 13, 10, 8, 18]], [4, []], [13, []], [6, []], [20, [20, 22, 23, 26, 27, 24]], [22, []], [3, []], [23, []], [26, []], [33, [33, 39, 35, 38, 42]], [39, []], [27, []], [24, []], [10, []], [46, [46, 48, 44, 47]], [8, []], [48, []], [44, []], [47, []], [18, []], [35, []], [38, []], [42, []]]], [[[11, [11, 14, 16, 17, 12]]], [[9, [9, 13, 10, 8, 18]]], [[15, [15, 21, 19]]], [[20, [20, 22, 23, 26, 27, 24]]], [[28, [28, 34, 36, 29, 25, 37, 31, 30]]], [[33, [33, 39, 35, 38, 42]]], [[41, [41, 32, 43, 40]]], [[50, [50, 49, 45]]], [[46, [46, 48, 44, 47]]]]]",900.0788655,"[[[[0, [2, 3, 1]], [3, []], [1, []], [9, [9, 11, 10, 8, 16, 18, 15]], [11, []], [21, [21, 20]], [16, []], [20, []], [32, [32]], [26, [26, 27, 24, 30, 31]], [30, []], [31, [39, 35, 38, 42]], [39, []], [27, []], [24, []], [10, []], [46, [46, 48, 44, 47, 45]], [48, []], [8, []], [44, []], [2, []], [47, []], [18, []], [35, []], [38, []], [42, []], [15, []], [45, []]], [[0, [7, 4, 5, 6]], [4, []], [7, []], [22, [22, 13, 14, 17, 12]], [23, [23, 19]], [13, []], [6, []], [12, []], [28, [28, 29, 25]], [5, []], [14, []], [34, [34, 36, 41, 43, 37, 33, 40]], [36, []], [17, []], [29, []], [41, []], [50, [50, 49]], [25, []], [19, []], [49, []], [43, []], [37, []], [33, []], [40, []]]], [[[22, [22, 13, 14, 17, 12]]], [[9, [9, 11, 10, 8, 16, 18, 15]]], [[23, [23, 19]], [21, [21, 20]]], [[28, [28, 29, 25]]], [[32, [32]]], [[26, [26, 27, 24, 30, 31]]], [[34, [34, 36, 41, 43, 37, 33, 40]]], [[31, [39, 35, 38, 42]]], [[50, [50, 49]]], [[46, [46, 48, 44, 47, 45]]]]]"
test_data/data_demand_random_50_batch_all1_equal_random/C201_2.dat,8,90,2,5,872.0788655,"[[[[0, [7, 6]], [9, [9, 14, 8, 18, 16, 17]], [14, []], [16, []], [17, []], [7, []], [6, []], [32, [32, 26, 27, 24, 31, 30]], [26, []], [31, [35, 39, 38, 42]], [30, []], [39, []], [27, []], [24, []], [46, [46, 48, 44, 47]], [48, []], [8, []], [44, []], [47, []], [18, []], [35, []], [38, []], [42, []]], [[0, [1, 2, 3, 4, 5]], [3, []], [4, []], [2, []], [10, [10, 11]], [13, [13, 12]], [22, [22]], [11, []], [1, [15, 23, 20, 25, 29, 21, 28]], [23, []], [29, []], [21, []], [28, [19, 34, 36]], [5, []], [34, []], [36, []], [41, [41, 43, 37, 40, 33]], [20, []], [12, []], [25, []], [50, [50, 49, 45]], [19, []], [49, []], [43, []], [37, []], [33, []], [45, []], [40, []], [15, []]]], [[[9, [9, 14, 8, 18, 16, 17]]], [[10, [10, 11]]], [[13, [13, 12]]], [[22, [22]]], [[1, [15, 23, 20, 25, 29, 21, 28]]], [[28, [19, 34, 36]]], [[32, [32, 26, 27, 24, 31, 30]]], [[31, [35, 39, 38, 42]]], [[41, [41, 43, 37, 40, 33]]], [[50, [50, 49, 45]]], [[46, [46, 48, 44, 47]]]]]",894,"[[[[0, [5, 2, 6, 4, 1]], [13, [13, 11, 10, 8]], [2, []], [1, []], [28, [28, 26, 27, 24, 18]], [5, []], [11, []], [26, []], [6, []], [4, []], [31, [31, 30, 39, 40, 35, 38, 42]], [30, []], [39, []], [27, []], [24, []], [10, []], [46, [46, 48, 44, 47]], [48, []], [8, []], [44, []], [40, []], [47, []], [18, []], [35, []], [38, []], [42, []]], [[0, [7, 3]], [9, [9, 14, 16, 17, 12, 15]], [15, []], [22, [22]], [21, [21, 29, 25, 19, 20, 23]], [14, []], [16, []], [34, [34]], [41, [41, 36, 43, 37, 32, 33]], [36, []], [7, []], [17, []], [29, []], [50, [50, 49, 45]], [25, []], [12, []], [19, []], [49, []], [43, []], [37, []], [20, []], [32, []], [33, []], [3, []], [23, []], [45, []]]], [[[13, [13, 11, 10, 8]]], [[9, [9, 14, 16, 17, 12, 15]]], [[22, [22]], [28, [28, 26, 27, 24, 18]]], [[21, [21, 29, 25, 19, 20, 23]]], [[34, [34]]], [[41, [41, 36, 43, 37, 32, 33]]], [[31, [31, 30, 39, 40, 35, 38, 42]]], [[50, [50, 49, 45]]], [[46, [46, 48, 44, 47]]]]]"
test_data/data_demand_random_50_batch_all1_equal_random/C201_2.dat,8,120,2,1,876.0788655,"[[[[0, [5, 3]], [9, [9, 8, 10]], [5, []], [14, [18, 14, 17]], [17, [28, 29, 21, 24, 27]], [28, []], [29, []], [21, []], [3, []], [31, [31]], [24, []], [39, [39, 30, 40, 35, 38, 42]], [27, []], [30, []], [46, [46, 48, 44, 47]], [8, []], [48, []], [10, []], [44, []], [40, []], [47, []], [18, []], [35, []], [38, []], [42, []]], [[0, [4, 6, 2, 1, 7]], [13, [13]], [4, []], [6, []], [23, [23, 15, 22, 20, 19, 16, 11, 12]], [2, []], [1, []], [15, []], [7, []], [36, [36, 34]], [16, []], [34, []], [41, [41, 32, 25, 37, 26, 33]], [22, []], [11, []], [32, []], [20, []], [50, [50, 49, 43, 45]], [25, []], [12, []], [19, []], [49, []], [43, []], [37, []], [26, []], [33, []], [45, []]]], [[[13, [13]]], [[9, [9, 8, 10]]], [[23, [23, 15, 22, 20, 19, 16, 11, 12]]], [[14, [18, 14, 17]]], [[17, [28, 29, 21, 24, 27]]], [[36, [36, 34]]], [[31, [31]]], [[39, [39, 30, 40, 35, 38, 42]]], [[41, [41, 32, 25, 37, 26, 33]]], [[50, [50, 49, 43, 45]]], [[46, [46, 48, 44, 47]]]]]",892.3112887,"[[[[0, [6]], [6, []], [13, [13]], [9, [9, 15, 12, 17]], [15, []], [24, [24, 26, 23, 20, 25, 19, 22]], [26, []], [33, [33]], [23, []], [41, [41, 34, 36, 43, 37, 32]], [34, []], [36, []], [17, []], [20, []], [50, [50, 49, 45]], [25, []], [12, []], [19, []], [49, []], [43, []], [37, []], [32, []], [22, []], [45, []]], [[0, [2, 4, 7, 5, 1]], [3, [3, 10, 11, 8]], [2, []], [10, []], [4, [16, 14, 18]], [11, []], [7, []], [28, [28, 29, 21, 27]], [16, []], [14, []], [5, []], [29, []], [21, []], [1, []], [30, [30, 31, 40, 38, 35, 42, 39]], [31, []], [27, []], [39, []], [48, [48, 46, 44, 47]], [8, []], [46, []], [44, []], [40, []], [38, []], [35, []], [18, []], [47, []], [42, []]]], [[[3, [3, 10, 11, 8]], [13, [13]]], [[9, [9, 15, 12, 17]]], [[4, [16, 14, 18]]], [[28, [28, 29, 21, 27]]], [[24, [24, 26, 23, 20, 25, 19, 22]]], [[33, [33]]], [[30, [30, 31, 40, 38, 35, 42, 39]]], [[41, [41, 34, 36, 43, 37, 32]]], [[50, [50, 49, 45]]], [[48, [48, 46, 44, 47]]]]]"
test_data/data_demand_random_50_batch_all1_equal_random/C201_2.dat,8,120,2,2,848.6155281,"[[[[0, [4, 6, 7]], [4, [3, 13, 12, 1]], [13, []], [1, []], [15, [15]], [22, [22, 23, 14, 16, 20, 19, 17, 21]], [3, []], [23, []], [14, []], [16, []], [34, [34, 33, 32, 37, 25, 29, 28, 36]], [33, []], [32, []], [20, []], [6, []], [37, []], [43, [43, 49, 50, 41]], [49, []], [19, []], [12, []], [25, []], [50, []], [7, []], [28, []], [17, []], [36, []], [21, []], [29, []], [41, []]], [[0, [2, 5]], [5, []], [2, []], [9, [9, 18, 8, 10, 11]], [11, []], [26, [26, 24, 27]], [24, []], [27, []], [31, [31]], [42, [42, 38, 35, 40, 39, 30]], [38, []], [35, []], [18, []], [47, [47, 46, 48, 44, 45]], [40, []], [46, []], [8, []], [48, []], [10, []], [39, []], [44, []], [30, []], [45, []]]], [[[4, [3, 13, 12, 1]]], [[15, [15]]], [[9, [9, 18, 8, 10, 11]]], [[22, [22, 23, 14, 16, 20, 19, 17, 21]]], [[26, [26, 24, 27]]], [[34, [34, 33, 32, 37, 25, 29, 28, 36]]], [[31, [31]]], [[42, [42, 38, 35, 40, 39, 30]]], [[43, [43, 49, 50, 41]]], [[47, [47, 46, 48, 44, 45]]]]]",933,"[[[[0, [1, 6, 5, 7]], [1, [27, 24, 4, 13, 8, 10, 17, 11, 12]], [7, []], [17, []], [5, []], [15, [15]], [8, []], [10, []], [27, []], [24, []], [13, []], [26, [26, 20, 23, 28, 25, 19, 29]], [11, []], [32, [32, 37, 31, 33, 34, 36]], [20, []], [6, []], [37, []], [4, []], [31, []], [33, []], [23, []], [29, []], [36, []], [34, []], [28, []], [50, [50, 49, 43]], [25, []], [12, []], [19, []], [49, []], [43, []]], [[0, []], [14, [14, 9, 16, 18, 3, 2]], [21, [21, 22]], [16, []], [22, []], [3, []], [2, []], [9, []], [18, []], [35, [35, 38, 40, 39, 42, 30, 41]], [38, []], [42, []], [47, [47, 44, 46, 48, 45]], [40, []], [30, []], [39, []], [44, []], [46, []], [48, []], [45, []], [41, []]]], [[[1, [27, 24, 13, 8, 10, 17, 11, 12]]], [[1, [4]]], [[15, [15]], [14, [14, 9, 16, 18, 3, 2]]], [[21, [21, 22]]], [[26, [26, 20, 23, 28, 25, 19, 29]]], [[32, [32, 37, 31, 33, 34, 36]]], [[35, [35, 38, 40, 39, 42, 30, 41]]], [[47, [47, 44, 46, 48, 45]]], [[50, [50, 49, 43]]]]]"
test_data/data_demand_random_50_batch_all1_equal_random/C201_2.dat,8,120,2,3,856.6155281,"[[[[0, []], [11, [11, 15, 1, 12, 13, 18, 8, 10]], [12, []], [19, [19]], [13, []], [1, []], [31, [31, 30, 35, 27]], [30, []], [42, [42, 38, 24]], [38, []], [35, []], [18, []], [47, [47, 46, 48, 39, 44, 40]], [46, []], [8, []], [48, []], [10, []], [24, []], [27, []], [39, []], [44, []], [40, []], [15, []]], [[0, [2, 6, 3, 4, 7, 5]], [3, []], [4, []], [2, []], [9, [9, 17, 16, 14]], [23, [23, 22, 21]], [22, []], [7, []], [21, []], [29, [29, 28, 25, 26, 20]], [17, []], [28, []], [16, []], [14, []], [34, [34]], [5, []], [36, [41, 43, 32, 33, 36, 37]], [41, []], [20, []], [6, []], [37, []], [43, []], [49, [49, 50, 45]], [25, []], [50, []], [32, []], [26, []], [33, []], [45, []]]], [[[9, [9, 17, 16, 14]]], [[11, [11, 15, 1, 12, 13, 18, 8, 10]]], [[23, [23, 22, 21]]], [[19, [19]]], [[29, [29, 28, 25, 26, 20]]], [[31, [31, 30, 35, 27]]], [[34, [34]]], [[42, [42, 38, 24]]], [[36, [41, 43, 32, 33, 36, 37]]], [[47, [47, 46, 48, 39, 44, 40]]], [[49, [49, 50, 45]]]]]",,None
test_data/data_demand_random_50_batch_all1_equal_random/C201_2.dat,8,120,2,5,868.3112887,"[[[[0, [3, 2, 6, 7]], [3, []], [2, []], [9, [9]], [15, [15, 13, 12, 17, 16, 11]], [13, []], [6, []], [12, []], [7, [19, 25, 20, 26]], [17, []], [36, [36, 29, 21, 28, 34]], [29, []], [21, []], [28, []], [16, []], [34, []], [41, [41, 32, 37, 43, 31, 30, 33]], [32, []], [37, []], [43, []], [49, [49, 50]], [19, []], [25, []], [50, []], [20, []], [31, []], [30, []], [33, []], [26, []], [11, []]], [[0, [4, 1, 5]], [4, []], [8, [8, 10, 14, 18]], [10, []], [1, []], [23, [23, 22]], [22, []], [5, []], [14, []], [38, [38, 35, 42, 40, 39, 27, 24]], [35, []], [18, []], [42, []], [47, [47, 44, 48, 46, 45]], [40, []], [44, []], [39, []], [27, []], [24, []], [48, []], [46, []], [45, []]]], [[[9, [9]]], [[8, [8, 10, 14, 18]]], [[15, [15, 13, 12, 17, 16, 11]]], [[23, [23, 22]]], [[7, [19, 25, 20, 26]]], [[36, [36, 29, 21, 28, 34]]], [[38, [38, 35, 42, 40, 39, 27, 24]]], [[41, [41, 32, 37, 43, 31, 30, 33]]], [[47, [47, 44, 48, 46, 45]]], [[49, [49, 50]]]]]",900.7703296,"[[[[0, [7, 5, 1, 3]], [5, []], [1, [2, 11]], [3, []], [11, []], [7, []], [14, [14, 18, 17, 10, 8, 15]], [16, [16, 22, 21]], [21, []], [22, []], [28, [28]], [34, [34, 36, 29]], [36, []], [17, []], [29, []], [41, [41, 38, 35, 40, 42]], [15, []], [42, []], [38, []], [35, []], [18, []], [47, [47, 44, 48, 46, 45]], [40, []], [2, []], [44, []], [10, []], [48, []], [8, []], [46, []], [45, []]], [[0, [6, 4]], [9, [9, 12, 13]], [23, [23]], [13, []], [6, []], [20, [20, 19, 25, 27, 26]], [4, []], [30, [30, 24, 32, 37, 31]], [24, []], [33, [33, 43, 39]], [32, []], [37, []], [43, []], [49, [49, 50]], [19, []], [12, []], [25, []], [50, []], [31, []], [27, []], [39, []], [26, []]]], [[[9, [9, 12, 13]]], [[1, [2, 11]]], [[14, [14, 18, 17, 10, 8, 15]]], [[23, [23]], [16, [16, 22, 21]]], [[20, [20, 19, 25, 27, 26]]], [[28, [28]]], [[30, [30, 24, 32, 37, 31]]], [[34, [34, 36, 29]]], [[41, [41, 38, 35, 40, 42]]], [[33, [33, 43, 39]]], [[47, [47, 44, 48, 46, 45]]], [[49, [49, 50]]]]]"
test_data/data_demand_random_50_batch_all1_equal_cluster/C201_3.dat,4,60,2,1,1098.298221,"[[[[0, []], [6, [6, 17, 18, 11]], [11, []], [17, [27, 19, 20, 26]], [27, []], [18, []], [19, []], [38, [38, 36, 37, 39]], [36, []], [37, []], [39, []], [20, [43, 45, 28, 35]], [43, []], [45, []], [26, []], [28, [46, 50, 33, 32]], [46, []], [50, []], [35, []], [33, []], [32, []]], [[0, [5, 1, 4, 3, 2]], [7, [7, 8, 9, 12]], [8, []], [1, []], [4, []], [3, []], [9, []], [12, []], [2, []], [14, [14, 15, 21, 10]], [15, []], [22, [22, 24, 25, 23]], [24, []], [5, [29, 34, 31, 30, 16, 13]], [29, []], [34, []], [31, []], [30, []], [25, []], [23, []], [21, []], [16, [44, 40, 41, 42]], [40, []], [44, []], [41, []], [42, []], [10, []], [13, [47, 48, 49]], [47, []], [48, []], [49, []]]], [[[6, [6, 17, 18, 11]]], [[7, [7, 8, 9, 12]]], [[14, [14, 15, 21, 10]]], [[17, [27, 19, 20, 26]]], [[22, [22, 24, 25, 23]]], [[5, [29, 34, 31, 30]]], [[5, [16, 13]]], [[16, [44, 40, 42]]], [[38, [38, 36, 37, 39]]], [[16, [41]]], [[20, [43, 45, 28, 35]]], [[28, [46, 50, 33, 32]]], [[13, [47, 48, 49]]]]]",,None
test_data/data_demand_random_50_batch_all1_equal_cluster/C201_3.dat,4,60,2,2,1098.298221,"[[[[0, [2, 5, 4, 1]], [2, []], [4, []], [7, [7, 12, 11, 10]], [12, []], [5, []], [11, []], [10, []], [6, [6, 16, 14, 17]], [16, []], [14, []], [17, [24, 18, 19, 15]], [24, []], [18, []], [38, [38, 36, 37, 39, 8, 13]], [36, []], [37, []], [19, [40, 9]], [39, []], [40, []], [15, []], [1, []], [9, []], [8, []], [13, [47, 48, 49]], [47, []], [48, []], [49, []]], [[0, [3]], [3, []], [20, [20, 25, 22, 23]], [25, []], [22, [29, 31, 34, 32, 27, 21, 26]], [29, []], [31, []], [34, []], [32, []], [23, []], [27, []], [21, [42, 44, 43, 28, 30, 35, 45, 41]], [42, []], [45, []], [44, []], [43, []], [41, []], [26, []], [28, [46, 50, 33]], [30, []], [46, []], [50, []], [35, []], [33, []]]], [[[7, [7, 12, 11, 10]]], [[6, [6, 16, 14, 17]]], [[17, [24, 18, 19, 15]]], [[20, [20, 25, 22, 23]]], [[22, [27, 21, 26]]], [[22, [29, 31, 34, 32]]], [[38, [38, 36, 37, 39]]], [[38, [8, 13]]], [[19, [40, 9]]], [[21, [42, 44, 43, 45]]], [[21, [28, 30, 35, 41]]], [[28, [46, 50, 33]]], [[13, [47, 48, 49]]]]]",1187.615528,"[[[[0, [14, 10]], [12, [12, 15, 21]], [15, []], [17, [17, 24, 23, 25]], [21, []], [23, []], [24, []], [28, [34, 31, 30, 35, 33, 22, 28]], [34, []], [31, []], [30, []], [35, []], [33, []], [25, []], [14, []], [20, [42, 20, 44, 43]], [42, []], [44, []], [43, []], [22, []], [10, []], [7, [7, 8, 47, 48, 49]], [8, []], [47, []], [48, []], [49, []]], [[0, [4, 5, 2, 3]], [9, [9, 6, 13, 11, 1]], [1, []], [4, []], [5, []], [2, []], [6, []], [13, []], [11, []], [18, [18, 27, 16, 19]], [27, []], [16, []], [38, [38, 39, 36, 37]], [39, []], [36, [40, 41, 26, 29]], [37, []], [19, [45, 32]], [40, []], [41, []], [45, []], [26, []], [3, [46, 50]], [32, []], [29, []], [46, []], [50, []]]], [[[9, [1]]], [[12, [12, 15, 21]]], [[9, [9, 6, 13, 11]]], [[18, [18, 27, 16, 19]]], [[17, [17, 24, 23, 25]]], [[28, [34, 31, 30, 35]]], [[28, [33, 22, 28]]], [[38, [38, 39, 36, 37]]], [[36, [40, 41, 26, 29]]], [[19, [45, 32]]], [[20, [42, 20, 44, 43]]], [[3, [46, 50]], [7, [7, 8]]], [[7, [47, 48, 49]]]]]"
test_data/data_demand_random_50_batch_all1_equal_cluster/C201_3.dat,4,60,2,3,1203.907248,"[[[[0, [2]], [2, []], [13, [13, 44, 45, 11, 36, 18, 43, 21]], [36, [27, 26, 23]], [27, []], [26, []], [23, []], [45, []], [44, []], [43, []], [21, []], [18, [37, 38, 39, 40]], [37, []], [38, [42, 41]], [39, []], [42, []], [41, []], [40, []], [11, [47, 48, 49]], [47, []], [48, []], [49, []]], [[0, [4, 1, 5, 3]], [15, [15, 14, 17, 16]], [14, []], [1, []], [17, []], [22, [22, 20, 9, 19]], [16, []], [19, []], [20, [30, 29, 32, 35]], [4, []], [10, [10]], [9, [33, 24, 25, 28]], [30, []], [29, []], [32, []], [35, []], [33, []], [24, []], [25, []], [28, [50, 46, 31, 34]], [50, []], [46, []], [34, []], [31, []], [12, [12, 8, 7, 6]], [8, []], [7, []], [6, []], [5, []], [3, []]]], [[[15, [15, 14, 17, 16]]], [[13, [44, 45, 36, 43]]], [[13, [13, 11, 18, 21]]], [[22, [22, 20, 9, 19]]], [[36, [27, 26, 23]]], [[20, [30, 29, 32, 35]]], [[10, [10]]], [[9, [33, 24, 25, 28]]], [[18, [37, 38, 39, 40]]], [[38, [42, 41]]], [[11, [47, 48, 49]]], [[28, [50, 46, 31, 34]]], [[12, [12, 8, 7, 6]]]]]",,None
test_data/data_demand_random_50_batch_all1_equal_cluster/C201_3.dat,4,60,2,4,1098.298221,"[[[[0, [3, 4]], [4, []], [9, [9, 10, 8, 7]], [8, []], [22, [22, 24, 23, 16]], [24, []], [23, []], [16, [27, 11, 13]], [27, []], [36, [36, 37, 38, 39, 14]], [37, []], [38, []], [39, []], [14, []], [3, []], [10, []], [11, []], [7, []], [13, [47, 48, 49]], [47, []], [48, []], [49, []]], [[0, [1, 2, 5]], [19, [19, 18, 15, 20]], [17, [17, 12, 21, 6]], [18, []], [15, []], [20, []], [12, []], [1, []], [2, []], [5, [30, 34, 31, 32, 35, 33, 25, 26]], [30, []], [34, []], [31, []], [32, []], [35, []], [33, []], [25, []], [21, [42, 40, 44, 43, 41, 45, 28, 29]], [42, []], [44, []], [43, []], [41, []], [40, []], [45, []], [26, []], [28, [50, 46]], [50, []], [46, []], [29, []], [6, []]]], [[[9, [9, 10, 8, 7]]], [[19, [19, 18, 15, 20]]], [[17, [17, 12, 21, 6]]], [[22, [22, 24, 23, 16]]], [[16, [27, 11, 13]]], [[5, [30, 34, 31, 32]]], [[5, [35, 33, 25, 26]]], [[36, [14]]], [[36, [36, 37, 38, 39]]], [[21, [42, 44, 43, 45]]], [[21, [40, 41, 28, 29]]], [[28, [50, 46]]], [[13, [47, 48, 49]]]]]",1148.661904,"[[[[0, [2]], [8, [8, 9, 3, 10]], [3, [18, 15, 14, 20]], [9, []], [18, []], [15, []], [22, [22, 16, 19]], [20, []], [2, []], [16, []], [19, []], [36, [36, 37, 38, 39]], [37, []], [38, []], [39, []], [14, [42, 43]], [43, []], [42, []], [10, [47, 48, 49]], [47, []], [48, []], [49, []]], [[0, [1, 4, 5]], [12, [12, 11, 6, 7]], [7, []], [13, [13]], [11, []], [4, []], [1, [24, 21]], [17, [17, 23, 25, 27]], [23, []], [24, []], [28, [28, 34, 29, 31, 32, 35, 33, 26]], [34, []], [29, []], [31, []], [32, []], [35, []], [33, []], [25, []], [27, []], [21, [44, 45, 30, 41, 40]], [41, []], [40, []], [44, []], [45, []], [26, []], [5, [50, 46]], [30, []], [50, []], [46, []], [6, []]]], [[[12, [12, 11, 6, 7]]], [[8, [3, 10]]], [[8, [8, 9]]], [[13, [13]]], [[3, [18, 15, 14, 20]]], [[1, [24, 21]]], [[17, [17, 23, 25, 27]]], [[22, [22, 16, 19]]], [[28, [28, 34, 29, 31]]], [[28, [32, 35, 33, 26]]], [[36, [36, 37, 38, 39]]], [[14, [42, 43]], [21, [40]]], [[21, [44, 45, 30, 41]]], [[10, [47, 48, 49]]], [[5, [50, 46]]]]]"
test_data/data_demand_random_50_batch_all1_equal_cluster/C201_3.dat,4,60,2,5,1109.083189,"[[[[0, [3]], [8, [8, 9, 11, 17]], [9, []], [11, []], [3, []], [17, []], [16, [16, 19, 27, 20]], [19, [23]], [23, []], [20, []], [36, [36, 37, 38, 39, 10]], [37, []], [38, [41, 40]], [39, []], [41, []], [40, []], [27, []], [10, [47, 48, 49]], [47, []], [48, []], [49, []]], [[0, [2, 4, 5, 1]], [6, [6, 12, 7, 13]], [1, []], [12, []], [7, []], [13, []], [14, [24, 22, 26, 14, 18, 15, 21, 25]], [18, []], [2, []], [4, [35, 33, 28, 29, 30, 34, 31]], [25, []], [35, []], [33, []], [34, []], [31, []], [24, []], [22, []], [15, []], [21, [42, 44, 43, 45]], [42, []], [44, []], [43, []], [45, []], [26, []], [28, [46, 50, 32]], [29, []], [46, []], [50, []], [30, []], [32, []], [5, []]]], [[[6, [6, 12, 7, 13]]], [[14, [14, 18, 15, 21]]], [[8, [8, 9, 11, 17]]], [[14, [24, 22, 26, 25]]], [[16, [16, 19, 27, 20]]], [[19, [23]]], [[4, [35, 33, 34, 31]]], [[4, [28, 29, 30]]], [[36, [36, 37, 38, 39]]], [[36, [10]]], [[38, [41, 40]]], [[21, [42, 44, 43, 45]]], [[28, [46, 50, 32]]], [[10, [47, 48, 49]]]]]",,None
test_data/data_demand_random_50_batch_all1_equal_cluster/C201_3.dat,4,90,2,1,1085.805844,"[[[[0, [3, 2, 5, 4]], [5, []], [10, [10, 13, 11, 12]], [13, []], [16, [16, 18, 9, 17]], [18, []], [20, [20]], [3, []], [9, []], [11, []], [12, []], [7, [7, 6, 15, 19]], [6, []], [15, []], [4, []], [2, []], [17, []], [19, []], [36, [36, 37, 38, 40]], [37, []], [38, []], [39, [39, 26, 25]], [40, []], [41, [41, 44, 43, 45]], [44, []], [43, []], [45, []], [26, []], [25, []], [50, [50, 46]], [46, []]], [[0, [1]], [8, [8, 21]], [14, [14]], [21, []], [24, [24, 23, 27, 22]], [23, []], [27, []], [22, []], [30, [30, 31, 29, 32]], [31, []], [29, []], [32, []], [34, [34, 33, 35, 28]], [33, []], [35, []], [28, []], [42, [42]], [1, []], [47, [47, 48, 49]], [48, []], [49, []]]], [[[8, [8, 21]]], [[10, [10, 13, 11, 12]]], [[16, [16, 18, 9, 17]]], [[20, [20]]], [[7, [7, 6, 15, 19]]], [[14, [14]]], [[24, [24, 23, 27, 22]]], [[30, [30, 31, 29, 32]]], [[34, [34, 33, 35, 28]]], [[36, [36, 37, 38, 40]]], [[39, [39, 26, 25]]], [[42, [42]]], [[41, [41, 44, 43, 45]]], [[47, [47, 48, 49]]], [[50, [50, 46]]]]]",1122.805844,"[[[[0, [2, 1, 10]], [1, []], [11, [11, 15, 21, 19]], [15, []], [2, []], [23, [23, 26, 24, 9]], [24, []], [21, []], [27, [27]], [19, []], [36, [36, 37, 38, 39]], [37, []], [38, []], [39, []], [26, []], [42, [42]], [10, [13]], [13, []], [49, [49, 48, 47]], [48, []], [47, []], [9, []]], [[0, [5, 3]], [20, [20, 18, 6, 7, 4]], [18, []], [14, [14, 17, 8, 16]], [17, []], [6, [22, 12]], [7, []], [8, []], [12, []], [4, []], [31, [31, 29, 30, 34]], [29, []], [30, []], [34, []], [32, [32, 33, 35, 28]], [33, []], [35, []], [28, []], [5, []], [22, []], [16, []], [41, [41, 40, 44, 43]], [40, []], [44, []], [43, []], [45, [45, 25]], [25, []], [50, [50, 46]], [46, []], [3, []]]], [[[11, [11, 15, 21, 19]]], [[20, [4]]], [[20, [20, 18, 6, 7]]], [[14, [14, 17, 8, 16]]], [[23, [23, 26, 24, 9]]], [[6, [22, 12]]], [[27, [27]]], [[31, [31, 29, 30, 34]]], [[32, [32, 33, 35, 28]]], [[36, [36, 37, 38, 39]]], [[41, [41, 40, 44, 43]]], [[42, [42]], [45, [45, 25]]], [[10, [13]]], [[49, [49, 48, 47]]], [[50, [50, 46]]]]]"
test_data/data_demand_random_50_batch_all1_equal_cluster/C201_3.dat,4,90,2,2,1085.805844,"[[[[0, [3]], [13, [13, 11, 7, 10]], [10, []], [11, []], [7, []], [8, [8, 9]], [9, [14, 16]], [3, []], [14, []], [16, []], [18, [18, 19, 20, 23]], [19, []], [20, []], [23, []], [25, [25, 35, 28, 33]], [35, []], [33, []], [34, [34]], [28, []], [31, [31, 40, 41]], [40, []], [41, []], [44, [44, 43, 45, 32]], [43, []], [45, []], [32, []], [46, [46, 50, 30, 29]], [50, []], [30, []], [29, []]], [[0, [2, 1, 4, 5]], [12, [12, 15, 21, 6]], [6, []], [1, []], [2, []], [22, [22]], [4, []], [5, []], [15, []], [24, [24, 26, 27, 17]], [21, []], [26, []], [27, []], [17, []], [36, [36, 37, 38, 39]], [37, []], [38, []], [39, []], [42, [42]], [47, [47, 48, 49]], [48, []], [49, []]]], [[[12, [12, 15, 21, 6]]], [[13, [13, 11, 7, 10]]], [[8, [8, 9]]], [[9, [14, 16]]], [[18, [18, 19, 20, 23]]], [[22, [22]]], [[24, [24, 26, 27, 17]]], [[25, [25, 35, 28, 33]]], [[34, [34]]], [[31, [31, 40, 41]]], [[36, [36, 37, 38, 39]]], [[42, [42]]], [[44, [44, 43, 45, 32]]], [[47, [47, 48, 49]]], [[46, [46, 50, 30, 29]]]]]",,None
test_data/data_demand_random_50_batch_all1_equal_cluster/C201_3.dat,4,90,2,3,1085.805844,"[[[[0, [2, 1, 5]], [12, [12, 11, 10, 7]], [1, []], [2, []], [11, []], [10, []], [7, []], [15, [15, 18, 19, 14]], [18, []], [19, []], [14, []], [17, [17, 20, 26, 27]], [20, []], [26, []], [27, []], [22, [22, 32, 29, 30]], [5, []], [32, []], [29, []], [30, []], [31, [31, 34, 33, 35]], [34, []], [33, []], [35, []], [28, [28, 40, 41]], [40, []], [41, []], [44, [44, 43, 45, 46]], [43, []], [45, []], [46, []], [50, [50]]], [[0, [3, 4]], [3, []], [9, [9, 13, 8, 6]], [13, []], [8, []], [6, []], [4, []], [23, [23, 25, 24, 21]], [25, []], [24, []], [21, []], [16, [16]], [36, [36, 37, 38, 39]], [37, []], [38, []], [39, []], [42, [42]], [47, [47, 48, 49]], [48, []], [49, []]]], [[[9, [9, 13, 8, 6]]], [[12, [12, 11, 10, 7]]], [[15, [15, 18, 19, 14]]], [[17, [17, 20, 26, 27]]], [[23, [23, 25, 24, 21]]], [[16, [16]]], [[22, [22, 32, 29, 30]]], [[31, [31, 34, 33, 35]]], [[28, [28, 40, 41]]], [[36, [36, 37, 38, 39]]], [[42, [42]]], [[44, [44, 43, 45, 46]]], [[47, [47, 48, 49]]], [[50, [50]]]]]",1119.078866,"[[[[0, []], [10, [10]], [7, [7, 17, 21, 20]], [17, []], [21, []], [22, [22, 27, 26, 19]], [27, []], [26, []], [20, []], [19, []], [18, [18, 16, 23]], [16, []], [28, [28, 29, 30, 31]], [29, []], [30, []], [31, []], [34, [34, 33, 32, 41]], [33, []], [32, []], [41, []], [44, [44, 43, 45, 35]], [43, []], [45, []], [23, []], [35, []], [50, [50, 46]], [46, []]], [[0, [2, 3]], [1, [1, 5, 12, 8, 4, 11]], [5, []], [4, []], [2, [13, 6, 9]], [13, []], [6, []], [9, []], [8, []], [12, []], [15, [15, 14]], [14, []], [25, [25, 24]], [24, []], [3, []], [36, [36, 37, 38, 39]], [37, []], [38, []], [39, []], [40, [40, 42]], [42, []], [11, []], [47, [47, 48, 49]], [48, []], [49, []]]], [[[1, [5, 12, 8, 4]]], [[1, [1, 11]]], [[2, [13, 6, 9]], [10, [10]]], [[15, [15, 14]]], [[7, [7, 17, 21, 20]]], [[22, [22, 27, 26, 19]]], [[18, [18, 16, 23]]], [[25, [25, 24]]], [[28, [28, 29, 30, 31]]], [[36, [36, 37, 38, 39]]], [[34, [34, 33, 32, 41]]], [[40, [40, 42]]], [[44, [44, 43, 45, 35]]], [[47, [47, 48, 49]]], [[50, [50, 46]]]]]"
test_data/data_demand_random_50_batch_all1_equal_cluster/C201_3.dat,4,90,2,4,1093.805844,"[[[[0, [5, 1, 4]], [1, []], [4, []], [12, [12, 9, 6]], [9, []], [6, []], [5, []], [15, [15, 19, 18, 14, 17]], [19, [26, 25]], [18, []], [14, []], [17, []], [27, [27, 23, 24]], [23, []], [24, []], [36, [36, 37, 38, 39]], [37, []], [38, []], [39, []], [42, [42, 44, 43, 45]], [44, []], [43, []], [45, []], [26, []], [25, []], [50, [50, 46]], [46, []]], [[0, [3]], [13, [13, 7, 8, 11]], [7, []], [3, []], [8, []], [21, [21, 16, 10]], [16, []], [22, [22]], [11, []], [31, [31, 34, 33, 32]], [34, []], [33, []], [32, []], [35, [35, 30, 29, 28]], [30, [2, 20]], [29, []], [28, []], [20, []], [40, [40, 41]], [41, []], [2, []], [10, []], [47, [47, 48, 49]], [48, []], [49, []]]], [[[12, [12, 9, 6]]], [[13, [13, 7, 8, 11]]], [[15, [15, 19, 14, 17]]], [[15, [18]]], [[21, [21, 16, 10]]], [[19, [26, 25]]], [[22, [22]]], [[27, [27, 23, 24]]], [[31, [31, 34, 33, 32]]], [[35, [35, 30, 29, 28]]], [[30, [2, 20]]], [[36, [36, 37, 38, 39]]], [[40, [40, 41]]], [[42, [42, 44, 43, 45]]], [[47, [47, 48, 49]]], [[50, [50, 46]]]]]",,None
test_data/data_demand_random_50_batch_all1_equal_cluster/C201_3.dat,4,90,2,5,1085.805844,"[[[[0, [1, 2, 5, 4]], [1, []], [2, []], [6, [6, 8, 12]], [8, []], [15, [15, 14, 20, 17]], [14, []], [20, []], [24, [24, 16, 27, 26]], [23, [23]], [27, []], [26, []], [5, []], [17, []], [16, []], [18, [18, 19]], [19, []], [36, [36, 37, 38, 39]], [37, []], [38, []], [39, []], [42, [42]], [4, []], [12, []], [47, [47, 48, 49]], [48, []], [49, []]], [[0, [3]], [13, [13, 9]], [9, [21, 10, 11]], [11, []], [3, []], [21, []], [22, [22, 25, 7]], [10, []], [7, []], [30, [30, 34, 33, 32]], [34, []], [33, []], [25, []], [32, []], [31, [31, 29, 35, 40]], [29, []], [40, []], [41, [41, 44, 43, 45]], [44, []], [43, []], [45, []], [35, []], [50, [50, 46, 28]], [46, []], [28, []]]], [[[6, [6, 8, 12]]], [[15, [15, 14, 20, 17]]], [[13, [13, 9]]], [[9, [21, 10, 11]]], [[22, [22, 25, 7]]], [[24, [24, 16, 27, 26]]], [[23, [23]]], [[18, [18, 19]]], [[30, [30, 34, 33, 32]]], [[31, [31, 29, 35, 40]]], [[36, [36, 37, 38, 39]]], [[41, [41, 44, 43, 45]]], [[42, [42]]], [[47, [47, 48, 49]]], [[50, [50, 46, 28]]]]]",1125.994078,"[[[[0, []], [13, [13, 12, 17, 20]], [12, []], [22, [22, 23, 27, 15]], [17, []], [23, []], [27, []], [20, []], [15, []], [14, [14, 18, 19, 26]], [18, []], [19, []], [36, [36, 37, 38, 39]], [37, []], [38, []], [39, []], [44, [44, 45, 35, 41]], [41, []], [43, [43]], [45, []], [26, []], [35, []], [50, [50, 46, 28]], [46, []], [28, []]], [[0, [4, 3, 2, 5]], [3, [1]], [2, []], [8, [8, 9, 10, 6]], [9, []], [10, []], [6, []], [16, [16, 7, 21, 11]], [7, []], [1, []], [4, []], [21, []], [24, [24]], [5, [30, 25, 32]], [30, []], [25, []], [32, []], [33, [33, 34, 31, 29]], [34, []], [31, []], [29, []], [42, [42, 40]], [40, []], [11, []], [47, [47, 48, 49]], [48, []], [49, []]]], [[[13, [13, 12, 17, 20]]], [[3, [1]]], [[8, [8, 9, 10, 6]]], [[16, [16, 7, 21, 11]]], [[22, [22, 23, 27, 15]]], [[14, [14, 18, 19, 26]]], [[24, [24]]], [[5, [30, 25, 32]]], [[33, [33, 34, 31, 29]]], [[36, [36, 37, 38, 39]]], [[44, [44, 45, 35, 41]]], [[43, [43]], [42, [42, 40]]], [[47, [47, 48, 49]]], [[50, [50, 46, 28]]]]]"
test_data/data_demand_random_50_batch_all1_equal_cluster/C201_3.dat,4,120,2,1,1085.805844,"[[[[0, []], [11, [11]], [13, [13, 7, 9, 6]], [7, []], [9, []], [6, []], [18, [18, 10, 8, 17]], [10, []], [8, []], [17, []], [20, [20, 19, 26, 27]], [19, []], [26, []], [27, []], [36, [36, 37, 38, 39]], [37, []], [38, []], [39, []], [42, [42, 12]], [12, []], [47, [47, 48, 49]], [48, []], [49, []]], [[0, [1, 5, 3, 2, 4]], [14, [14, 16, 21]], [16, []], [21, []], [1, []], [5, []], [3, []], [2, []], [4, []], [22, [22, 15, 24, 23]], [15, []], [24, []], [29, [29, 33, 31, 34]], [33, []], [31, []], [34, []], [28, [28, 40, 41, 25]], [40, []], [41, []], [44, [44, 43, 45, 35]], [43, []], [45, []], [23, []], [25, []], [35, []], [50, [50, 46, 30, 32]], [46, []], [30, []], [32, []]]], [[[11, [11]]], [[13, [13, 7, 9, 6]]], [[14, [14, 16, 21]]], [[18, [18, 10, 8, 17]]], [[22, [22, 15, 24, 23]]], [[20, [20, 19, 26, 27]]], [[29, [29, 33, 31, 34]]], [[28, [28, 40, 41, 25]]], [[36, [36, 37, 38, 39]]], [[42, [42, 12]]], [[44, [44, 43, 45, 35]]], [[47, [47, 48, 49]]], [[50, [50, 46, 30, 32]]]]]",1112.925072,"[[[[0, [3, 1, 5, 4]], [3, []], [11, [11]], [21, [21, 9, 10]], [1, []], [9, []], [10, []], [8, [8, 7, 13, 12]], [7, []], [13, []], [12, []], [31, [31, 34, 35, 28]], [34, []], [35, []], [28, []], [29, [29, 32, 33, 25]], [32, []], [33, []], [25, []], [5, []], [4, []], [42, [42, 41, 44, 43]], [41, []], [44, []], [43, []], [45, [45, 30]], [30, []], [50, [50, 46]], [46, []]], [[0, []], [6, [6, 15, 20, 18]], [14, [14, 19, 16]], [19, []], [16, []], [17, [17, 27, 26, 24]], [23, [23, 22]], [27, []], [26, []], [24, []], [22, []], [15, []], [20, []], [18, []], [36, [36, 37, 38, 39]], [37, []], [38, []], [39, []], [40, [40]], [2, [2]], [47, [47, 48, 49]], [48, []], [49, []]]], [[[6, [6, 15, 20, 18]]], [[11, [11]]], [[21, [21, 9, 10]]], [[8, [8, 7, 13, 12]]], [[14, [14, 19, 16]]], [[17, [17, 27, 26, 24]]], [[23, [23, 22]]], [[31, [31, 34, 35, 28]]], [[29, [29, 32, 33, 25]]], [[36, [36, 37, 38, 39]]], [[42, [42, 41, 44, 43]]], [[45, [45, 30]], [40, [40]]], [[2, [2]]], [[47, [47, 48, 49]]], [[50, [50, 46]]]]]"
test_data/data_demand_random_50_batch_all1_equal_cluster/C201_3.dat,4,120,2,2,1085.805844,"[[[[0, [4, 1, 2, 5]], [8, [8, 9, 11, 10]], [9, []], [11, []], [10, []], [2, []], [4, []], [20, [20, 16, 18, 19]], [16, []], [18, []], [19, []], [1, []], [6, [6, 12]], [12, []], [31, [31, 34, 33, 32]], [34, []], [33, []], [32, []], [30, [30, 25, 29, 28]], [29, []], [28, []], [5, []], [41, [41, 40, 27, 26]], [40, []], [27, []], [26, []], [44, [44, 43, 45]], [43, []], [45, []], [25, []], [46, [46, 50, 35]], [50, []], [35, []]], [[0, [3]], [3, []], [13, [13, 7, 15]], [7, []], [22, [22, 14, 21, 23]], [15, [17, 24]], [17, []], [14, []], [21, []], [23, []], [24, []], [36, [36, 37, 38, 39]], [37, []], [38, []], [39, []], [42, [42]], [47, [47, 48, 49]], [48, []], [49, []]]], [[[8, [8, 9, 11, 10]]], [[13, [13, 7, 15]]], [[20, [20, 16, 18, 19]]], [[6, [6, 12]]], [[22, [22, 14, 21, 23]]], [[15, [17, 24]]], [[31, [31, 34, 33, 32]]], [[30, [30, 25, 29, 28]]], [[36, [36, 37, 38, 39]]], [[41, [41, 40, 27, 26]]], [[42, [42]]], [[44, [44, 43, 45]]], [[47, [47, 48, 49]]], [[46, [46, 50, 35]]]]]",,None
test_data/data_demand_random_50_batch_all1_equal_cluster/C201_3.dat,4,120,2,3,1087.078866,"[[[[0, [4, 5, 2, 3]], [7, [7, 11]], [11, []], [13, [13]], [4, []], [5, []], [15, [15, 14, 19, 20]], [2, []], [3, []], [14, []], [19, []], [20, []], [17, [17, 18, 16, 26]], [18, []], [16, []], [26, []], [25, [25, 32, 30, 34]], [32, []], [30, []], [34, []], [31, [31, 29, 28, 41]], [29, []], [28, []], [40, [40, 44, 43, 45]], [41, []], [44, []], [43, []], [45, []], [46, [46, 50, 35, 33]], [50, []], [35, []], [33, []]], [[0, [1]], [6, [6]], [12, [12, 10, 8, 9]], [10, []], [1, []], [8, []], [9, []], [23, [23, 21, 22, 27]], [21, []], [22, []], [27, []], [24, [24]], [36, [36, 37, 38, 39]], [37, []], [38, []], [39, []], [42, [42]], [47, [47, 48, 49]], [48, []], [49, []]]], [[[7, [7, 11]]], [[13, [13]], [6, [6]]], [[12, [12, 10, 8, 9]]], [[15, [15, 14, 19, 20]]], [[17, [17, 18, 16, 26]]], [[23, [23, 21, 22, 27]]], [[24, [24]]], [[25, [25, 32, 30, 34]]], [[31, [31, 29, 28, 41]]], [[36, [36, 37, 38, 39]]], [[42, [42]]], [[40, [40, 44, 43, 45]]], [[47, [47, 48, 49]]], [[46, [46, 50, 35, 33]]]]]",1087.078866,"[[[[0, [4, 5, 2, 3]], [7, [7, 11]], [11, []], [13, [13]], [4, []], [5, []], [15, [15, 14, 19, 20]], [2, []], [3, []], [14, []], [19, []], [20, []], [17, [17, 18, 16, 26]], [18, []], [16, []], [26, []], [25, [25, 32, 30, 34]], [32, []], [30, []], [34, []], [31, [31, 29, 28, 41]], [29, []], [28, []], [40, [40, 44, 43, 45]], [41, []], [44, []], [43, []], [45, []], [46, [46, 50, 35, 33]], [50, []], [35, []], [33, []]], [[0, [1]], [6, [6]], [12, [12, 10, 8, 9]], [10, []], [1, []], [8, []], [9, []], [23, [23, 21, 22, 27]], [21, []], [22, []], [27, []], [24, [24]], [36, [36, 37, 38, 39]], [37, []], [38, []], [39, []], [42, [42]], [47, [47, 48, 49]], [48, []], [49, []]]], [[[7, [7, 11]]], [[13, [13]], [6, [6]]], [[12, [12, 10, 8, 9]]], [[15, [15, 14, 19, 20]]], [[17, [17, 18, 16, 26]]], [[23, [23, 21, 22, 27]]], [[24, [24]]], [[25, [25, 32, 30, 34]]], [[31, [31, 29, 28, 41]]], [[36, [36, 37, 38, 39]]], [[42, [42]]], [[40, [40, 44, 43, 45]]], [[47, [47, 48, 49]]], [[46, [46, 50, 35, 33]]]]]"
test_data/data_demand_random_50_batch_all1_equal_cluster/C201_3.dat,4,120,2,4,1085.805844,"[[[[0, [1]], [14, [14, 16, 23, 26]], [16, []], [23, []], [26, []], [20, [20, 17, 24, 25]], [22, [22]], [17, []], [36, [36, 37, 38, 39]], [37, []], [38, []], [39, []], [43, [43, 44, 45, 46]], [44, []], [45, []], [24, []], [25, []], [46, []], [50, [50, 35, 33]], [35, []], [33, []], [1, []]], [[0, [3, 4, 2, 5]], [7, [7]], [9, [9, 8, 12, 13]], [8, []], [12, []], [13, []], [6, [6]], [19, [19, 18, 21]], [18, []], [3, []], [4, []], [2, []], [11, [15, 10, 11]], [5, []], [32, [32, 31, 34, 29]], [31, []], [30, [30, 27]], [34, []], [29, []], [28, [28, 41, 40]], [27, []], [41, []], [40, []], [42, [42]], [21, []], [15, []], [10, []], [47, [47, 48, 49]], [48, []], [49, []]]], [[[7, [7]]], [[9, [9, 8, 12, 13]]], [[6, [6]]], [[14, [14, 16, 23, 26]]], [[19, [19, 18, 21]]], [[11, [15, 10, 11]]], [[20, [20, 17, 24, 25]]], [[22, [22]]], [[32, [32, 31, 34, 29]]], [[30, [30, 27]]], [[28, [28, 41, 40]]], [[36, [36, 37, 38, 39]]], [[42, [42]]], [[43, [43, 44, 45, 46]]], [[47, [47, 48, 49]]], [[50, [50, 35, 33]]]]]",,None
test_data/data_demand_random_50_batch_all1_equal_cluster/C201_3.dat,4,120,2,5,1098.805844,"[[[[0, [5, 4, 2]], [19, [19, 9, 6, 15]], [6, []], [9, []], [15, []], [2, []], [22, [22, 21, 23, 24]], [21, []], [23, []], [24, []], [32, [32, 25, 29, 31]], [25, []], [29, []], [31, []], [34, [34, 20]], [5, []], [4, []], [20, []], [42, [42, 41, 43, 44]], [41, []], [44, []], [43, []], [45, [45, 33, 35, 30]], [33, []], [35, []], [50, [50, 46, 28]], [46, []], [30, []], [28, []]], [[0, [1, 3]], [11, [11, 10, 12, 8]], [18, [18, 16, 13, 14]], [16, []], [14, []], [1, []], [10, []], [12, []], [8, []], [13, []], [7, [7, 17]], [3, []], [26, [26, 27]], [27, []], [17, []], [37, [37, 36, 38]], [36, []], [38, []], [39, [39, 40]], [40, []], [47, [47, 48, 49]], [48, []], [49, []]]], [[[19, [19, 9, 6, 15]]], [[11, [11, 10, 12, 8]]], [[18, [18, 16, 13, 14]]], [[7, [7, 17]]], [[22, [22, 21, 23, 24]]], [[26, [26, 27]]], [[32, [32, 25, 29, 31]]], [[34, [34, 20]]], [[37, [37, 36, 38]]], [[39, [39, 40]]], [[42, [42, 41, 43, 44]]], [[45, [45, 33, 35, 30]]], [[47, [47, 48, 49]]], [[50, [50, 46, 28]]]]]",1117.167691,"[[[[0, [2]], [19, [19, 15, 9, 8]], [15, []], [2, []], [12, [12, 21, 6, 17]], [8, []], [9, []], [6, []], [22, [22, 23, 24, 26]], [21, []], [23, []], [24, []], [26, []], [27, [27, 33, 35, 30]], [17, []], [37, [37, 36, 38, 39]], [36, []], [38, []], [39, []], [40, [40, 44, 41, 43]], [44, []], [41, []], [43, []], [45, [45]], [33, [50, 46, 28]], [35, []], [50, []], [46, []], [30, []], [28, []]], [[0, [3, 1, 5, 4]], [11, [11, 10]], [18, [18, 16, 20]], [16, []], [20, []], [1, []], [10, []], [13, [13, 7, 14]], [7, []], [3, []], [32, [32, 25, 29, 31]], [25, []], [29, []], [31, []], [34, [34]], [5, []], [4, []], [14, []], [42, [42]], [47, [47, 48, 49]], [48, []], [49, []]]], [[[11, [11, 10]]], [[19, [19, 15, 9, 8]]], [[18, [18, 16, 20]]], [[13, [13, 7, 14]]], [[12, [12, 21, 6, 17]]], [[22, [22, 23, 24, 26]]], [[32, [32, 25, 29, 31]]], [[27, [27, 33, 35, 30]]], [[34, [34]]], [[37, [37, 36, 38, 39]]], [[40, [40, 44, 41, 43]]], [[45, [45]], [42, [42]]], [[47, [47, 48, 49]]], [[33, [50, 46, 28]]]]]"
test_data/data_demand_random_50_batch_all1_equal_cluster/C201_3.dat,8,60,2,1,1092.70992,"[[[[0, [2, 5, 3, 1]], [20, [20, 40, 41, 44, 43, 16, 19, 15, 17, 21, 42, 45, 14, 50]], [42, []], [15, []], [45, []], [40, []], [41, []], [44, []], [43, []], [14, []], [21, []], [16, []], [19, [39, 38, 37, 36, 28, 35, 33]], [39, []], [38, []], [37, []], [36, []], [17, [32, 46]], [2, []], [5, []], [28, []], [46, []], [50, []], [35, []], [33, []], [32, []], [3, []], [1, []]], [[0, [4]], [9, [9, 10, 13]], [8, [8, 6, 12]], [6, []], [7, [7, 11]], [11, []], [18, [18, 25, 24, 26, 27, 23, 22]], [25, []], [24, []], [23, []], [22, [31, 34, 29, 30]], [26, []], [27, []], [31, []], [34, []], [29, []], [30, []], [12, []], [4, []], [10, []], [13, [47, 48, 49]], [47, []], [48, []], [49, []]]], [[[9, [9, 10, 13]]], [[8, [8, 6, 12]]], [[20, [40, 41, 44, 43, 42, 45, 14, 50]]], [[7, [7, 11]]], [[20, [20, 16, 19, 15, 17, 21]]], [[18, [18, 25, 24, 26, 27, 23, 22]]], [[22, [31, 34, 29, 30]]], [[19, [39, 38, 37, 36, 28, 35, 33]]], [[17, [32, 46]]], [[13, [47, 48, 49]]]]]",,None
test_data/data_demand_random_50_batch_all1_equal_cluster/C201_3.dat,8,60,2,2,1012.083189,"[[[[0, []], [13, [13, 46, 50, 47, 48, 49, 25, 24, 6, 18, 19, 17, 8, 16, 14, 10]], [10, []], [8, []], [6, []], [46, []], [50, []], [25, []], [24, []], [16, []], [14, []], [18, []], [36, [36, 37, 38, 39]], [37, []], [38, []], [39, []], [19, []], [17, []], [47, []], [48, []], [49, []]], [[0, [5]], [2, [1, 2, 3, 11, 4, 9, 7, 12]], [3, []], [1, []], [4, []], [9, []], [11, []], [7, []], [12, []], [15, [15, 23, 22, 26, 20, 27, 21]], [23, []], [26, []], [20, []], [22, []], [5, []], [28, [28, 32, 30, 29, 31, 34, 35, 33]], [32, []], [30, []], [29, []], [31, []], [34, []], [35, []], [33, []], [27, []], [21, [45, 43, 44, 40, 41, 42]], [45, []], [43, []], [44, []], [40, []], [41, []], [42, []]]], [[[2, [1, 2, 3, 11, 4, 9, 7, 12]]], [[13, [46, 50, 47, 48, 49, 25, 24, 16]]], [[13, [13, 6, 18, 19, 17, 8, 14, 10]]], [[15, [15, 23, 22, 26, 20, 27, 21]]], [[28, [28, 32, 30, 29, 31, 34, 35, 33]]], [[36, [36, 37, 38, 39]]], [[21, [45, 43, 44, 40, 41, 42]]]]]",1101.681542,"[[[[0, [4, 5, 3, 1]], [11, [11, 8]], [8, []], [10, [10, 12, 7, 15]], [12, []], [13, [13, 46, 50, 31, 29, 32, 33, 34, 41]], [7, []], [31, []], [34, []], [29, []], [32, []], [33, []], [5, []], [15, [35, 30, 28]], [46, []], [35, []], [50, []], [30, []], [28, []], [1, []], [4, [44, 42, 43, 45, 40, 26]], [41, []], [44, []], [40, []], [42, []], [43, []], [45, []], [26, []], [3, []]], [[0, [2]], [2, []], [6, [6, 19, 20, 16, 14, 17]], [19, []], [20, []], [16, [24, 25, 22, 23, 27, 21, 18, 9]], [14, []], [17, []], [21, []], [24, []], [25, []], [22, []], [23, []], [27, []], [18, [37, 36, 39, 38]], [37, []], [36, []], [38, []], [39, []], [9, [47, 48, 49]], [47, []], [48, []], [49, []]]], [[[6, [6, 19, 20, 16, 14, 17]], [11, [11, 8]]], [[10, [10, 12, 7, 15]]], [[13, [46, 50, 31, 29, 32, 33, 34, 41]]], [[13, [13]]], [[16, [24, 25, 22, 23, 27, 21, 18, 9]]], [[15, [35, 30, 28]]], [[18, [37, 36, 39, 38]]], [[4, [44, 42, 43, 45, 40, 26]]], [[9, [47, 48, 49]]]]]"
test_data/data_demand_random_50_batch_all1_equal_cluster/C201_3.dat,8,60,2,3,1092.70992,"[[[[0, [5, 3]], [15, [15]], [9, [9, 7, 17, 20, 19, 16, 4, 45, 43, 44, 41, 42, 46, 50, 12]], [12, []], [7, []], [17, []], [20, []], [19, []], [16, []], [4, []], [28, [28, 34, 31, 29, 30, 24, 23, 21]], [34, []], [31, []], [29, []], [30, []], [24, []], [23, []], [21, [22, 25, 35]], [45, []], [43, []], [44, []], [41, []], [42, []], [22, [33, 32]], [25, []], [46, []], [50, []], [35, []], [33, []], [32, []], [5, []], [3, []]], [[0, [2, 1]], [11, [11, 8, 10, 14, 6, 18, 13]], [8, []], [10, []], [14, []], [6, [26, 27]], [26, []], [27, []], [18, []], [36, [36, 37, 38, 39, 40]], [37, []], [38, []], [39, []], [40, []], [2, []], [1, []], [13, [47, 48, 49]], [47, []], [48, []], [49, []]]], [[[15, [15]]], [[11, [11, 8, 10, 14, 6, 18, 13]]], [[9, [4, 45, 43, 44, 41, 42, 46, 50]]], [[9, [9, 7, 17, 20, 19, 16, 12]]], [[6, [26, 27]]], [[28, [28, 34, 31, 29, 30, 24, 23, 21]]], [[36, [36, 37, 38, 39, 40]]], [[21, [22, 25, 35]]], [[22, [33, 32]]], [[13, [47, 48, 49]]]]]",1218.298221,"[[[[0, [2, 5, 3, 1]], [8, [8, 9, 7, 15, 14, 16, 17, 18]], [9, []], [7, []], [2, []], [21, [21, 13, 20]], [13, []], [22, [22, 35, 27]], [5, []], [35, []], [3, []], [1, []], [15, []], [14, []], [16, []], [17, []], [18, []], [36, [36, 40, 41, 44, 45, 43, 42, 39]], [40, []], [41, []], [44, []], [27, []], [45, []], [43, []], [42, []], [20, []], [39, []], [38, [38, 37]], [37, []]], [[0, []], [19, [19, 6, 11, 12, 10, 4]], [6, []], [11, []], [4, [26, 25, 33, 31, 32, 24, 30, 34, 28, 29, 23]], [26, []], [23, []], [25, []], [33, []], [31, []], [32, []], [24, []], [30, []], [34, []], [12, []], [10, []], [28, [46, 50, 47, 48, 49]], [29, []], [46, []], [50, []], [47, []], [48, []], [49, []]]], [[[19, [19, 6, 11, 12, 10, 4]]], [[8, [8, 9, 7, 15, 14, 16, 17, 18]]], [[21, [21, 13, 20]]], [[4, [26, 25, 33, 31, 32, 24, 30, 23]]], [[4, [34, 28, 29]], [22, [22, 35, 27]]], [[28, [46, 50, 47, 48, 49]]], [[36, [36, 40, 41, 44, 45, 43, 42, 39]]], [[38, [38, 37]]]]]"
test_data/data_demand_random_50_batch_all1_equal_cluster/C201_3.dat,8,60,2,4,1052.658836,"[[[[0, [5, 3, 4]], [6, [6, 17, 14, 18, 19, 20, 16]], [17, []], [16, []], [3, []], [14, []], [18, []], [19, [23]], [23, []], [5, []], [36, [36, 37, 38, 39, 26, 27, 22]], [37, []], [38, []], [39, []], [20, [45, 44, 41, 40, 43, 42]], [27, []], [26, []], [45, []], [44, []], [41, []], [40, []], [43, []], [42, []], [22, []], [4, []]], [[0, [2, 1]], [8, [8, 50, 46, 47, 48, 49, 9, 13, 15]], [21, [21, 10, 11, 7]], [15, []], [10, []], [2, []], [1, []], [13, []], [11, []], [9, []], [7, [28, 30, 31, 12, 34, 32, 25, 24, 29, 33, 35]], [34, []], [33, []], [32, []], [35, []], [25, []], [24, []], [28, []], [29, []], [30, []], [50, []], [46, []], [31, []], [12, []], [47, []], [48, []], [49, []]]], [[[8, [50, 46, 47, 48, 49, 9, 13, 15]]], [[8, [8]]], [[6, [6, 17, 14, 18, 19, 20, 16]]], [[21, [21, 10, 11, 7]]], [[19, [23]]], [[7, [28, 30, 31, 12]]], [[7, [34, 32, 25, 24, 29, 33, 35]]], [[36, [36, 37, 38, 39, 26, 27, 22]]], [[20, [45, 44, 41, 40, 43, 42]]]]]",,None
test_data/data_demand_random_50_batch_all1_equal_cluster/C201_3.dat,8,60,2,5,1086.907248,"[[[[0, [1]], [1, []], [13, [13]], [6, [6, 8]], [8, [10, 12, 16, 18, 20]], [10, []], [12, []], [16, []], [18, []], [20, []], [22, [22, 24, 25, 27]], [24, []], [25, []], [27, []], [36, [36, 38, 37, 39, 40, 41]], [38, [45, 42, 44, 43]], [37, []], [39, []], [40, []], [41, []], [44, []], [43, []], [45, []], [42, []]], [[0, [2, 4]], [14, [14, 7, 9, 11, 15, 17, 19, 3, 50, 47, 48, 49, 46, 5]], [3, []], [5, []], [7, []], [9, []], [11, []], [2, []], [4, []], [15, []], [17, []], [19, []], [21, [21, 23, 26]], [23, []], [26, []], [28, [28, 29, 31, 34, 33, 32, 30, 35]], [29, []], [31, []], [34, []], [33, []], [32, []], [30, []], [35, []], [46, []], [50, []], [47, []], [48, []], [49, []]]], [[[13, [13]]], [[14, [3, 50, 47, 48, 49, 46, 5]]], [[6, [6, 8]]], [[14, [14, 7, 9, 11, 15, 17, 19]]], [[8, [10, 12, 16, 18, 20]]], [[22, [22, 24, 25, 27]]], [[21, [21, 23, 26]]], [[28, [28, 29, 31, 34, 33, 32, 30, 35]]], [[36, [36, 38, 37, 39, 40, 41]]], [[38, [45, 42, 44, 43]]]]]",,None
test_data/data_demand_random_50_batch_all1_equal_cluster/C201_3.dat,8,90,2,1,1093.805844,"[[[[0, [1, 2, 5, 4, 3]], [10, [10]], [4, []], [2, []], [6, [6, 14, 16, 18, 20, 12]], [1, []], [3, []], [5, []], [14, []], [16, []], [18, []], [20, []], [21, [21, 22, 24, 26]], [22, []], [24, []], [26, []], [37, [37, 36, 38, 39, 40]], [36, []], [38, []], [39, []], [40, []], [12, []], [47, [47, 48, 49]], [48, []], [49, []]], [[0, []], [11, [11, 13, 8]], [13, []], [9, [9, 7, 15, 19, 17]], [7, []], [8, []], [15, []], [19, []], [17, []], [23, [23]], [34, [34, 31, 29, 32, 25, 28, 33]], [31, []], [29, []], [32, []], [25, []], [28, []], [33, []], [27, [27, 35, 30]], [42, [42, 41, 44, 43, 45, 46]], [41, []], [44, []], [43, []], [45, []], [35, []], [50, [50]], [46, []], [30, []]]], [[[10, [10]]], [[11, [11, 13, 8]]], [[6, [6, 14, 16, 18, 20, 12]]], [[9, [9, 7, 15, 19, 17]]], [[21, [21, 22, 24, 26]]], [[23, [23]]], [[34, [34, 31, 29, 32, 25, 28, 33]]], [[27, [27, 35, 30]]], [[37, [37, 36, 38, 39, 40]]], [[42, [42, 41, 44, 43, 45, 46]]], [[47, [47, 48, 49]]], [[50, [50]]]]]",1115.078866,"[[[[0, [3, 4, 2]], [14, [14, 17, 20, 9, 7, 6, 11, 15]], [17, []], [20, []], [15, []], [3, []], [9, []], [7, []], [6, []], [4, []], [2, []], [22, [22]], [30, [30, 31, 34, 29, 28, 21, 23]], [31, []], [34, []], [29, []], [28, []], [11, []], [40, [40, 41, 44, 43, 45, 42, 25, 35]], [41, []], [44, []], [43, []], [45, []], [42, []], [21, []], [23, []], [25, []], [35, []], [50, [50, 46, 33, 32]], [46, []], [33, []], [32, []]], [[0, [5, 1]], [18, [18, 12, 8, 13, 16, 19, 10]], [12, []], [8, []], [13, []], [5, []], [24, [24, 27, 26]], [16, []], [36, [36, 38, 37, 39]], [38, []], [37, []], [39, []], [19, []], [27, []], [26, []], [1, []], [10, []], [47, [47, 48, 49]], [48, []], [49, []]]], [[[14, [14, 17, 20, 9, 7, 6, 11, 15]]], [[18, [18, 12, 8, 13, 16, 19, 10]]], [[24, [24, 27, 26]], [22, [22]]], [[30, [30, 31, 34, 29, 28, 21, 23]]], [[36, [36, 38, 37, 39]]], [[40, [40, 41, 44, 43, 45, 42, 25, 35]]], [[47, [47, 48, 49]]], [[50, [50, 46, 33, 32]]]]]"
test_data/data_demand_random_50_batch_all1_equal_cluster/C201_3.dat,8,90,2,2,1085.805844,"[[[[0, [1, 2]], [1, []], [21, [21, 20, 10, 11]], [17, [17, 7, 6, 9]], [22, [22, 26, 27]], [6, []], [9, []], [7, []], [34, [34, 31, 29, 25, 28]], [31, []], [29, []], [25, []], [28, []], [26, []], [27, []], [42, [42]], [20, []], [2, []], [10, []], [11, []], [47, [47, 48, 49]], [48, []], [49, []]], [[0, [3, 4, 5]], [3, []], [18, [18, 19, 16, 15, 14, 8, 12, 13]], [19, []], [16, []], [15, []], [14, []], [4, []], [13, []], [8, []], [12, []], [36, [36, 37, 38, 39, 41, 40, 33, 32, 24, 23]], [37, []], [38, []], [39, []], [41, []], [40, []], [44, [44, 43, 30, 35, 45]], [43, []], [45, []], [23, []], [24, []], [30, []], [46, [46, 50]], [50, []], [35, []], [33, []], [32, []], [5, []]]], [[[18, [18, 19, 16, 15, 14, 8, 12, 13]]], [[21, [21, 20, 10, 11]]], [[17, [17, 7, 6, 9]]], [[22, [22, 26, 27]]], [[36, [33, 32, 24, 23]]], [[34, [34, 31, 29, 25, 28]]], [[36, [36, 37, 38, 39, 41, 40]]], [[42, [42]]], [[44, [44, 43, 30, 35, 45]]], [[46, [46, 50]]], [[47, [47, 48, 49]]]]]",,None
test_data/data_demand_random_50_batch_all1_equal_cluster/C201_3.dat,8,90,2,3,1093.805844,"[[[[0, [1, 3, 4]], [8, [8]], [3, []], [13, [13, 18, 21, 14, 19, 16, 15]], [4, []], [15, []], [18, []], [21, []], [14, []], [1, []], [22, [22, 24, 23, 17, 11]], [24, []], [23, []], [39, [39, 38, 36, 37]], [38, []], [36, []], [37, []], [19, []], [16, []], [17, []], [11, []], [47, [47, 48, 49]], [48, []], [49, []]], [[0, [5, 2]], [10, [10, 12, 7, 9, 6, 20]], [12, []], [7, []], [9, []], [6, []], [5, []], [31, [31, 34, 32, 33, 28, 26, 25, 27]], [34, []], [32, []], [33, []], [28, []], [2, []], [20, []], [40, [40]], [26, []], [27, []], [42, [42, 41, 44, 43, 45, 35, 30]], [41, []], [44, []], [43, []], [45, []], [25, []], [35, []], [50, [50, 46, 29]], [46, []], [30, []], [29, []]]], [[[10, [10, 12, 7, 9, 6, 20]]], [[8, [8]]], [[13, [13, 18, 21, 14, 19, 16, 15]]], [[22, [22, 24, 23, 17, 11]]], [[31, [31, 34, 32, 33, 28, 26, 25, 27]]], [[39, [39, 38, 36, 37]]], [[40, [40]]], [[42, [42, 41, 44, 43, 45, 35, 30]]], [[47, [47, 48, 49]]], [[50, [50, 46, 29]]]]]",,None
test_data/data_demand_random_50_batch_all1_equal_cluster/C201_3.dat,8,90,2,4,1093.805844,"[[[[0, [2]], [27, [27, 26, 17, 18, 19, 20, 16]], [26, []], [17, []], [18, []], [19, []], [20, []], [2, []], [16, []], [37, [37, 36, 38, 39, 40]], [36, []], [38, []], [39, []], [40, []], [47, [47, 48, 49]], [48, []], [49, []]], [[0, [4, 1, 5]], [1, [3]], [12, [12, 13, 6, 9, 8, 11, 10, 7]], [13, []], [3, []], [4, []], [6, []], [9, []], [8, []], [11, []], [10, []], [7, []], [5, []], [21, [21, 22, 15, 14, 23, 24, 25]], [22, []], [15, []], [14, []], [23, []], [24, []], [29, [29, 31, 34, 30, 33, 35, 32, 28]], [31, []], [34, []], [30, []], [33, []], [35, []], [32, []], [28, []], [42, [42, 41, 44, 45, 46, 43]], [41, []], [44, []], [43, []], [45, []], [25, []], [46, []], [50, [50]]]], [[[27, [27, 26, 17, 18, 19, 20, 16]]], [[1, [3]]], [[12, [12, 13, 6, 9, 8, 11, 10, 7]]], [[21, [21, 22, 15, 14, 23, 24, 25]]], [[29, [29, 31, 34, 30, 33, 35, 32, 28]]], [[37, [37, 36, 38, 39, 40]]], [[42, [42, 41, 44, 45, 46, 43]]], [[47, [47, 48, 49]]], [[50, [50]]]]]",,None
test_data/data_demand_random_50_batch_all1_equal_cluster/C201_3.dat,8,90,2,5,1093.805844,"[[[[0, [5, 4]], [13, [13]], [9, [9, 11, 8, 18, 14, 17, 16, 20]], [11, []], [8, []], [18, []], [5, []], [4, []], [14, []], [17, []], [16, []], [20, []], [23, [23, 15, 27, 26, 24]], [15, []], [40, [40, 28]], [27, []], [42, [42, 41, 44, 43, 45, 35]], [41, []], [44, []], [43, []], [45, []], [26, []], [24, []], [35, []], [50, [50, 46]], [46, []], [28, []]], [[0, [1, 2, 3]], [2, []], [3, []], [6, [6, 10, 12, 7, 21, 19]], [10, []], [12, []], [7, []], [1, []], [21, []], [22, [22]], [34, [34, 31, 29, 30, 32, 33, 25]], [31, []], [29, []], [30, []], [32, []], [33, []], [25, []], [36, [36, 37, 38, 39]], [37, []], [38, []], [39, []], [19, []], [49, [49, 47, 48]], [47, []], [48, []]]], [[[6, [6, 10, 12, 7, 21, 19]]], [[13, [13]]], [[9, [9, 11, 8, 18, 14, 17, 16, 20]]], [[22, [22]]], [[23, [23, 15, 27, 26, 24]]], [[34, [34, 31, 29, 30, 32, 33, 25]]], [[36, [36, 37, 38, 39]]], [[40, [40, 28]]], [[42, [42, 41, 44, 43, 45, 35]]], [[49, [49, 47, 48]]], [[50, [50, 46]]]]]",,None
test_data/data_demand_random_50_batch_all1_equal_cluster/C201_3.dat,8,120,2,1,1093.805844,"[[[[0, [2]], [13, [13, 9, 8, 10, 12, 14, 16, 18]], [9, []], [8, []], [10, []], [12, []], [14, []], [16, []], [18, []], [2, []], [22, [22, 25, 33, 28, 29, 31, 34, 30]], [25, []], [33, []], [28, []], [29, []], [31, []], [34, []], [30, []], [32, [32, 35, 24]], [35, []], [24, []], [42, [42, 41, 44, 43, 45, 46]], [41, []], [44, []], [43, []], [45, []], [50, [50]], [46, []]], [[0, [4, 3, 1]], [20, [20, 7, 11, 15, 17, 19, 6, 5]], [5, []], [4, []], [3, []], [1, []], [7, []], [11, [21, 23, 26, 27]], [6, []], [15, []], [17, []], [19, []], [21, []], [23, []], [26, []], [27, []], [40, [40, 38, 36, 37, 39]], [39, []], [38, []], [36, []], [37, []], [49, [49, 47, 48]], [47, []], [48, []]]], [[[20, [20, 7, 11, 15, 17, 19, 6, 5]]], [[13, [13, 9, 8, 10, 12, 14, 16, 18]]], [[11, [21, 23, 26, 27]]], [[22, [22, 25, 33, 28, 29, 31, 34, 30]]], [[32, [32, 35, 24]]], [[40, [40, 38, 36, 37, 39]]], [[42, [42, 41, 44, 43, 45, 46]]], [[49, [49, 47, 48]]], [[50, [50]]]]]",1093.805844,"[[[[0, [5, 2, 3, 4]], [9, [9, 6, 13]], [6, [20, 21, 17, 16, 18]], [13, []], [5, []], [2, []], [20, []], [21, []], [24, [24, 25]], [25, []], [34, [34, 31, 29, 32, 22, 19]], [31, []], [29, []], [32, []], [3, []], [4, []], [22, []], [17, []], [16, []], [18, []], [19, []], [42, [42, 41, 44, 43, 45, 23, 33, 35]], [41, []], [44, []], [43, []], [45, []], [23, []], [33, []], [35, []], [50, [50, 46, 30, 28]], [46, []], [30, []], [28, []]], [[0, [1]], [14, [14, 8, 12, 7, 10, 15, 11]], [8, []], [12, []], [1, []], [7, []], [10, []], [15, []], [11, []], [26, [26, 27]], [27, []], [40, [40, 39, 38, 37, 36]], [39, []], [38, []], [37, []], [36, []], [49, [49, 47, 48]], [47, []], [48, []]]], [[[14, [14, 8, 12, 7, 10, 15, 11]]], [[9, [9, 6, 13]]], [[6, [20, 21, 17, 16, 18]]], [[26, [26, 27]], [24, [24, 25]]], [[34, [34, 31, 29, 32, 22, 19]]], [[40, [40, 39, 38, 37, 36]]], [[42, [42, 41, 44, 43, 45, 23, 33, 35]]], [[49, [49, 47, 48]]], [[50, [50, 46, 30, 28]]]]]"
test_data/data_demand_random_50_batch_all1_equal_cluster/C201_3.dat,8,120,2,2,1093.805844,"[[[[0, [5, 3]], [3, []], [28, [28, 29, 34, 31, 32, 30, 23, 26]], [29, []], [34, []], [31, []], [32, []], [30, []], [5, []], [23, []], [26, []], [27, [27, 33, 35, 6]], [40, [40]], [42, [42, 41, 44, 43, 45, 46]], [41, []], [44, []], [43, []], [45, []], [33, []], [35, []], [50, [50]], [46, []], [6, []]], [[0, [2, 4, 1]], [13, [13, 7, 9, 12, 11, 21, 20, 19]], [7, []], [9, []], [12, []], [11, []], [2, []], [22, [22, 25, 24, 18, 17, 16, 14, 15]], [25, []], [24, []], [21, []], [20, []], [19, []], [18, []], [17, []], [16, []], [38, [38, 37, 36, 39, 10, 8]], [37, []], [36, []], [39, []], [14, []], [15, []], [4, []], [1, []], [10, []], [8, []], [47, [47, 48, 49]], [48, []], [49, []]]], [[[13, [13, 7, 9, 12, 11, 21, 20, 19]]], [[22, [22, 25, 24, 18, 17, 16, 14, 15]]], [[28, [28, 29, 34, 31, 32, 30, 23, 26]]], [[27, [27, 33, 35, 6]]], [[38, [38, 37, 36, 39, 10, 8]]], [[40, [40]]], [[42, [42, 41, 44, 43, 45, 46]]], [[47, [47, 48, 49]]], [[50, [50]]]]]",,None
test_data/data_demand_random_50_batch_all1_equal_cluster/C201_3.dat,8,120,2,3,1093.805844,"[[[[0, []], [7, [7]], [19, [19, 9, 14, 16, 18, 20]], [9, []], [14, []], [16, []], [18, []], [20, []], [22, [22, 25]], [25, []], [40, [40, 36, 37, 38, 39]], [39, []], [36, []], [37, []], [38, []], [49, [49, 48, 47]], [48, []], [47, []]], [[0, [3, 5, 4]], [2, [1, 2]], [12, [12, 8, 10, 6, 11, 13]], [8, []], [10, []], [1, []], [6, []], [11, []], [13, []], [3, []], [5, []], [4, []], [15, [15, 17, 21, 23, 26, 27, 24]], [17, []], [21, []], [23, []], [24, []], [26, []], [27, []], [28, [28, 29, 31, 34, 33, 35, 32]], [29, []], [31, []], [34, []], [33, []], [35, []], [32, []], [42, [42, 44, 43, 45, 30, 41]], [41, []], [44, []], [43, []], [45, []], [30, []], [46, [46, 50]], [50, []]]], [[[2, [1, 2]]], [[7, [7]]], [[12, [12, 8, 10, 6, 11, 13]]], [[19, [19, 9, 14, 16, 18, 20]]], [[15, [15, 17, 21, 23, 26, 27, 24]]], [[22, [22, 25]]], [[28, [28, 29, 31, 34, 33, 35, 32]]], [[40, [40, 36, 37, 38, 39]]], [[42, [42, 44, 43, 45, 30, 41]]], [[46, [46, 50]]], [[49, [49, 48, 47]]]]]",1093.805844,"[[[[0, [5, 4, 2]], [10, [10, 8, 6]], [8, []], [6, [14, 15, 18, 17, 21]], [14, []], [5, []], [4, []], [15, []], [18, []], [17, []], [27, [27, 22, 25]], [21, []], [22, [34, 31, 29, 28, 23]], [2, []], [25, []], [34, []], [31, []], [29, []], [28, []], [23, []], [42, [42, 41, 44, 43, 45, 24, 30, 35]], [41, []], [44, []], [43, []], [45, []], [24, []], [30, []], [46, [46, 50, 33, 32]], [50, []], [35, []], [33, []], [32, []]], [[0, [3, 1]], [9, [9, 13]], [20, [20, 7, 11, 12, 16, 19]], [3, []], [7, []], [1, []], [11, []], [12, []], [16, []], [26, [26]], [40, [40, 39, 38, 37, 36]], [19, []], [39, []], [38, []], [37, []], [36, []], [49, [49, 48, 47]], [48, []], [47, []], [13, []]]], [[[10, [10, 8, 6]]], [[9, [9, 13]]], [[6, [14, 15, 18, 17, 21]]], [[20, [20, 7, 11, 12, 16, 19]]], [[26, [26]], [27, [27, 22, 25]]], [[22, [34, 31, 29, 28, 23]]], [[40, [40, 39, 38, 37, 36]]], [[42, [42, 41, 44, 43, 45, 24, 30, 35]]], [[49, [49, 48, 47]]], [[46, [46, 50, 33, 32]]]]]"
test_data/data_demand_random_50_batch_all1_equal_cluster/C201_3.dat,8,120,2,4,1087.078866,"[[[[0, [3, 2]], [8, [8]], [9, [9, 14, 17, 6, 19, 16, 15, 10]], [10, []], [2, []], [14, []], [17, []], [6, []], [19, []], [16, []], [15, []], [36, [36, 37, 38, 39, 20, 25, 26]], [37, []], [38, []], [39, []], [20, []], [40, [40, 44, 41, 43, 45, 35, 33]], [41, []], [44, []], [43, []], [45, []], [26, []], [25, []], [35, []], [50, [50, 46, 32]], [46, []], [33, []], [32, []], [3, []]], [[0, [1, 4, 5]], [13, [13]], [18, [18, 21, 7, 11, 12]], [27, [27, 24, 23, 22]], [23, []], [21, []], [22, []], [5, []], [7, [28, 29, 31, 34, 30]], [11, []], [1, []], [28, []], [29, []], [31, []], [34, []], [30, []], [24, []], [42, [42]], [4, []], [12, []], [47, [47, 48, 49]], [48, []], [49, []]]], [[[8, [8]]], [[13, [13]]], [[18, [18, 21, 7, 11, 12]]], [[9, [9, 14, 17, 6, 19, 16, 15, 10]]], [[27, [27, 24, 23, 22]]], [[7, [28, 29, 31, 34, 30]]], [[36, [36, 37, 38, 39, 20, 25, 26]]], [[42, [42]]], [[40, [40, 44, 41, 43, 45, 35, 33]]], [[47, [47, 48, 49]]], [[50, [50, 46, 32]]]]]",,None
test_data/data_demand_random_50_batch_all1_equal_cluster/C201_3.dat,8,120,2,5,1198.231056,"[[[[0, [1, 3, 5, 7, 9, 11, 13, 15, 17, 19, 21, 23, 26, 27]], [1, []], [3, []], [5, []], [7, []], [9, []], [11, []], [13, []], [15, []], [17, []], [19, []], [21, []], [23, []], [26, []], [27, []], [29, [46, 29, 34, 31, 33, 32, 30, 35]], [34, []], [31, []], [33, []], [32, []], [30, []], [35, []], [46, []], [50, [50, 47, 48, 49]], [47, []], [48, []], [49, []]], [[0, [2, 4, 6, 8, 10, 12, 14, 16, 18, 20]], [2, []], [4, []], [6, []], [8, []], [10, []], [12, []], [14, [28, 22, 24, 25]], [16, []], [18, []], [20, []], [22, []], [24, [36, 38, 37, 39, 40, 41]], [25, []], [28, []], [36, [44, 43, 45, 42]], [38, []], [37, []], [39, []], [40, []], [41, []], [44, []], [43, []], [45, []], [42, []]]], [[[14, [28, 22, 24, 25]]], [[29, [46, 29, 34, 31, 33, 32, 30, 35]]], [[24, [36, 38, 37, 39, 40, 41]]], [[36, [44, 43, 45, 42]]], [[50, [50, 47, 48, 49]]]]]",,None
test_data/data_demand_random_50_batch_all1_equal_random/C201_3.dat,4,60,2,1,1233.70992,"[[[[0, [5, 8]], [8, []], [5, []], [20, [20, 9, 17, 18, 22]], [22, []], [9, []], [17, [38, 33, 19, 28, 27, 12, 11, 10]], [38, []], [18, []], [33, []], [19, []], [28, []], [27, []], [41, [41, 30, 32, 29, 39, 42, 34]], [42, []], [12, []], [11, []], [30, [50, 47, 46]], [10, []], [32, []], [50, []], [34, []], [29, []], [47, []], [46, []], [39, []]], [[0, [2, 4, 3, 1, 6]], [2, []], [1, []], [6, []], [16, [16, 14, 7, 13]], [14, []], [25, [25, 26]], [26, []], [21, [21, 24, 23]], [24, []], [23, []], [4, []], [3, []], [36, [36, 31]], [13, []], [35, [35, 37, 15]], [37, []], [7, [44, 48, 43, 49]], [44, []], [31, []], [48, []], [49, []], [43, []], [15, []], [45, [45, 40]], [40, []]]], [[[16, [16, 14, 7, 13]]], [[25, [25, 26]]], [[20, [20, 9, 17, 18]]], [[20, [22]]], [[21, [21, 24, 23]]], [[17, [28, 27, 12, 11]]], [[36, [36, 31]]], [[17, [38, 33, 19, 10]]], [[35, [35, 37, 15]]], [[41, [41, 30, 32, 29]]], [[41, [39, 42, 34]]], [[30, [50, 47, 46]]], [[7, [44, 48, 43, 49]]], [[45, [45, 40]]]]]",1264.615528,"[[[[0, [1, 4]], [14, [14, 18, 15, 19]], [18, []], [15, []], [26, [26, 13, 7]], [1, []], [13, [17]], [17, [28, 27, 31, 33]], [28, []], [19, []], [33, []], [40, [40, 41, 36]], [4, []], [7, []], [45, [45, 48, 43, 49, 44]], [41, []], [48, []], [27, []], [43, []], [49, []], [36, []], [31, []], [44, []]], [[0, [8, 11, 5, 6, 3, 2]], [8, []], [11, []], [5, []], [23, [23, 21, 9, 12]], [21, []], [24, [24, 20, 10, 29]], [16, [16, 25, 22]], [2, []], [6, []], [3, []], [25, [32, 37, 35, 30]], [32, []], [9, []], [22, []], [37, []], [35, []], [30, [38, 42, 39, 34]], [38, []], [20, [50, 47, 46]], [42, []], [50, []], [12, []], [10, []], [39, []], [34, []], [47, []], [29, []], [46, []]]], [[[14, [14, 18, 15, 19]]], [[23, [23, 21, 9, 12]]], [[24, [24, 20, 10, 29]]], [[26, [26, 13, 7]]], [[16, [16, 25, 22]]], [[13, [17]]], [[17, [28, 27, 31, 33]]], [[25, [32, 37, 35, 30]]], [[40, [40, 41, 36]]], [[30, [38, 42, 39, 34]]], [[45, [45, 48, 43, 49]]], [[45, [44]], [20, [50, 47, 46]]]]]"
test_data/data_demand_random_50_batch_all1_equal_random/C201_3.dat,4,60,2,2,1202.298221,"[[[[0, [1, 3]], [1, [9]], [9, []], [3, []], [26, [26, 22, 11, 12, 18, 8, 14]], [22, []], [11, []], [12, []], [18, []], [8, []], [31, [31, 36, 24, 29]], [36, []], [24, []], [14, []], [39, [39, 34, 23]], [29, []], [34, []], [46, [46, 47, 50, 45]], [47, []], [50, []], [45, []], [23, []], [40, [40]]], [[0, [5, 4, 6, 2]], [5, []], [4, []], [6, []], [2, []], [16, [16, 10, 17, 7]], [25, [25, 13, 19, 15]], [10, []], [17, []], [13, [28, 33, 20, 30]], [28, []], [19, []], [15, []], [33, []], [20, [37, 32, 35, 38]], [30, []], [37, []], [32, []], [35, [42, 41, 21, 27]], [42, []], [38, []], [41, [49, 44, 43, 48]], [43, []], [49, []], [27, []], [48, []], [21, []], [7, []], [44, []]]], [[[1, [9]]], [[16, [16, 10, 17, 7]]], [[26, [18, 8, 14]]], [[25, [25, 13, 19, 15]]], [[26, [26, 22, 11, 12]]], [[13, [28, 33, 20, 30]]], [[31, [31, 36, 24, 29]]], [[20, [37, 32, 35, 38]]], [[35, [42, 41, 21, 27]]], [[39, [39, 34, 23]]], [[41, [49, 44, 43, 48]]], [[46, [46, 47, 50, 45]]], [[40, [40]]]]]",,None
test_data/data_demand_random_50_batch_all1_equal_random/C201_3.dat,4,60,2,3,1225.083189,"[[[[0, [1, 3]], [3, []], [7, [7, 10, 12, 14]], [14, [19, 18, 9, 11]], [19, []], [18, []], [9, []], [11, []], [17, [17, 23, 25, 26]], [23, [38, 35, 30]], [38, []], [35, []], [1, []], [39, [39, 32, 27]], [25, []], [26, []], [10, []], [30, [50, 42, 48, 43, 49, 41, 45, 40]], [32, []], [50, []], [12, []], [42, []], [48, []], [43, []], [49, []], [27, []], [41, []], [45, []], [40, []]], [[0, [2, 5, 4, 6]], [2, []], [5, [8]], [8, []], [6, []], [4, [15, 13, 16]], [15, []], [13, []], [20, [20, 33, 28, 31]], [33, []], [28, []], [16, []], [36, [36, 21, 24, 22]], [31, []], [21, []], [24, [37, 34, 29]], [37, []], [22, []], [34, []], [29, []], [47, [47, 46, 44]], [46, []], [44, []]]], [[[5, [8]]], [[7, [7, 10, 12, 14]]], [[14, [19, 18, 9, 11]]], [[17, [17, 23, 25, 26]]], [[4, [15, 13, 16]]], [[20, [20, 33, 28, 31]]], [[23, [38, 35, 30]]], [[36, [36, 21, 24, 22]]], [[24, [37, 34, 29]]], [[39, [39, 32, 27]]], [[30, [50, 42, 48, 43]]], [[30, [49, 41, 45, 40]]], [[47, [47, 46, 44]]]]]",,None
test_data/data_demand_random_50_batch_all1_equal_random/C201_3.dat,4,60,2,4,1229.083189,"[[[[0, [6, 8]], [8, []], [16, [16]], [6, []], [26, [26, 14, 19, 15]], [25, [25, 29, 28]], [29, []], [35, [35, 33, 11]], [14, []], [19, []], [28, []], [15, []], [33, []], [40, [40, 30, 32, 22, 34, 39]], [30, [50, 37, 47, 46]], [11, []], [50, []], [32, []], [22, []], [37, []], [34, []], [47, []], [46, []], [39, []]], [[0, [4, 5, 3, 1, 9, 10, 2]], [2, []], [4, []], [13, [13, 18, 12]], [18, []], [12, []], [9, []], [10, []], [1, []], [24, [24, 21, 23, 31]], [31, []], [36, [36, 17, 20, 7]], [21, []], [5, []], [23, [42, 38, 41, 27]], [17, []], [20, []], [42, []], [38, []], [45, [45, 49, 43, 48]], [41, []], [27, []], [49, []], [43, []], [48, []], [3, []], [7, [44]], [44, []]]], [[[16, [16]]], [[13, [13, 18, 12]]], [[24, [24, 21, 23, 31]]], [[26, [26, 14, 19, 15]]], [[25, [25, 29, 28]]], [[35, [35, 33, 11]]], [[36, [36, 17, 20, 7]]], [[40, [34, 39]]], [[23, [42, 38, 41, 27]]], [[40, [40, 30, 32, 22]]], [[30, [50, 37, 47, 46]]], [[45, [45, 49, 43, 48]]], [[7, [44]]]]]",,None
test_data/data_demand_random_50_batch_all1_equal_random/C201_3.dat,4,60,2,5,1228.70992,"[[[[0, [3, 6]], [14, [14, 17, 19, 8]], [17, [18, 15, 13, 12]], [19, []], [8, []], [18, []], [15, []], [3, []], [13, [27, 7]], [20, [20, 32, 9, 16]], [12, []], [32, []], [9, []], [30, [30, 38, 33, 28]], [38, []], [33, []], [28, []], [41, [41, 36, 31]], [16, []], [36, []], [7, [44, 48, 49, 43]], [44, []], [6, []], [31, []], [48, []], [27, []], [49, []], [43, []]], [[0, [10, 2, 5, 1, 4]], [10, []], [2, []], [23, [23, 21, 11]], [21, []], [4, []], [24, [24]], [5, []], [35, [35, 37, 22, 26]], [37, []], [22, []], [26, [34, 25, 29]], [34, []], [1, []], [25, []], [47, [47, 46, 39, 50]], [29, []], [46, []], [39, [42, 45, 40]], [11, []], [50, []], [42, []], [45, []], [40, []]]], [[[14, [14, 17, 19, 8]]], [[17, [18, 15, 13, 12]]], [[23, [23, 21, 11]]], [[24, [24]]], [[13, [27, 7]]], [[20, [20, 32, 9, 16]]], [[35, [35, 37, 22, 26]]], [[30, [30, 38, 33, 28]]], [[26, [34, 25, 29]]], [[41, [41, 36, 31]]], [[7, [44, 48, 49, 43]]], [[47, [47, 46, 39, 50]]], [[39, [42, 45, 40]]]]]",,None
test_data/data_demand_random_50_batch_all1_equal_random/C201_3.dat,4,90,2,1,1193.552945,"[[[[0, [5]], [15, [15, 19, 9, 10]], [19, []], [9, []], [20, [20, 25, 26, 22]], [25, []], [10, []], [22, []], [37, [37, 38, 34, 29]], [38, []], [5, []], [26, []], [34, []], [47, [47, 46, 44, 16]], [29, []], [46, []], [44, []], [16, []]], [[0, [2, 3, 1, 4]], [6, [6, 12, 13]], [2, []], [7, [7, 11, 8, 14]], [1, []], [4, []], [24, [24, 21, 17, 18]], [21, []], [3, []], [17, []], [18, []], [33, [33, 28, 31, 32]], [28, []], [36, [36, 30, 35]], [31, []], [14, []], [30, []], [32, []], [35, []], [39, [39, 50, 42, 27, 41, 40]], [11, []], [12, []], [50, []], [42, []], [27, []], [48, [48, 43, 45, 23, 49]], [8, []], [43, []], [49, []], [41, []], [45, []], [23, []], [13, []], [40, []]]], [[[6, [6, 12, 13]]], [[7, [7, 11, 8, 14]]], [[15, [15, 19, 9, 10]]], [[24, [24, 21, 17, 18]]], [[20, [20, 25, 26, 22]]], [[33, [33, 28, 31, 32]]], [[36, [36, 30, 35]]], [[37, [37, 38, 34, 29]]], [[39, [39, 50, 42, 27]]], [[39, [41, 40]]], [[47, [47, 46, 44, 16]]], [[48, [48, 43, 45, 23]]], [[48, [49]]]]]",,None
test_data/data_demand_random_50_batch_all1_equal_random/C201_3.dat,4,90,2,2,1207.051248,"[[[[0, [3, 4, 6, 2]], [10, [10, 14, 8, 13]], [13, []], [2, []], [6, []], [24, [24, 17, 20, 21]], [4, []], [21, []], [17, []], [20, []], [14, []], [30, [30, 15, 19, 7]], [3, [28, 27, 31]], [8, []], [28, [38, 33, 36]], [27, []], [15, []], [19, []], [38, []], [33, []], [40, [45, 49, 48, 44, 40, 41]], [45, []], [41, [43]], [43, []], [49, []], [48, []], [31, []], [36, []], [7, []], [44, []]], [[0, [5, 12]], [16, [16, 18, 9, 11, 1]], [18, []], [23, [23, 22, 26]], [22, []], [9, []], [12, []], [29, [29, 25, 32]], [25, []], [1, []], [5, []], [26, []], [35, [35, 37, 34, 42]], [37, []], [11, []], [42, []], [32, []], [50, [50, 46, 47, 39]], [34, []], [46, []], [47, []], [39, []]]], [[[10, [10, 14, 8, 13]]], [[16, [1]]], [[16, [16, 18, 9, 11]]], [[23, [23, 22, 26]]], [[24, [24, 17, 20, 21]]], [[30, [30, 15, 19, 7]]], [[29, [29, 25, 32]]], [[3, [28, 27, 31]]], [[28, [38, 33, 36]]], [[35, [35, 37, 34, 42]]], [[40, [45, 49, 48, 44]]], [[40, [40, 41]]], [[41, [43]]], [[50, [50, 46, 47, 39]]]]]",1221,"[[[[0, [6]], [8, [8, 19, 16, 15]], [15, []], [19, []], [16, []], [17, [17, 21, 20, 13]], [13, []], [27, [27, 28, 33, 30]], [28, []], [33, []], [30, []], [20, []], [31, [31, 36]], [36, []], [41, [41]], [45, [45, 44, 43, 49, 48]], [43, []], [49, []], [48, []], [21, []], [6, []], [44, []]], [[0, [3, 5, 1, 4, 2]], [9, [9, 10, 12, 11]], [10, []], [12, []], [11, []], [3, []], [7, [7, 14, 18]], [2, []], [4, []], [24, [24, 22, 23]], [26, [26]], [1, [25]], [29, [29]], [25, []], [5, []], [35, [35, 37, 32, 38]], [37, []], [22, []], [32, []], [23, []], [14, []], [40, [40, 42]], [18, []], [38, []], [42, [50, 34]], [50, []], [34, []], [46, [46, 47, 39]], [47, []], [39, []]]], [[[8, [8, 19, 16, 15]]], [[9, [9, 10, 12, 11]]], [[7, [7, 14, 18]]], [[17, [17, 21, 20, 13]]], [[24, [24, 22, 23]]], [[26, [26]]], [[1, [25]]], [[29, [29]]], [[27, [27, 28, 33, 30]]], [[31, [31, 36]]], [[35, [35, 37, 32, 38]]], [[40, [40, 42]]], [[41, [41]]], [[45, [45, 44]], [42, [50, 34]]], [[45, [43, 49, 48]]], [[46, [46, 47, 39]]]]]"
test_data/data_demand_random_50_batch_all1_equal_random/C201_3.dat,4,90,2,3,1154.231056,"[[[[0, []], [12, [12]], [19, [19, 15, 13, 18]], [24, [24, 20, 26]], [20, []], [18, []], [28, [28, 29, 27]], [15, []], [13, []], [26, []], [29, []], [46, [46, 47, 34, 50, 45]], [47, []], [34, []], [39, [39, 42, 41, 40]], [50, []], [42, []], [41, []], [49, [49, 43, 48]], [43, []], [27, []], [48, []], [45, []], [40, []]], [[0, [2, 4, 3, 6, 1, 5]], [1, []], [6, []], [2, []], [7, [7, 8, 14, 10]], [8, []], [5, []], [25, [25, 11, 9, 17]], [10, []], [14, []], [31, [31, 21, 23, 16]], [4, []], [21, []], [3, []], [33, [33, 30, 32, 22]], [38, [38, 35, 37, 36]], [30, []], [35, []], [11, []], [32, []], [9, []], [37, []], [22, []], [17, []], [23, []], [44, [44]], [36, []], [16, []]]], [[[12, [12]]], [[7, [7, 8, 14, 10]]], [[19, [19, 15, 13, 18]]], [[25, [25, 11, 9, 17]]], [[24, [24, 20, 26]]], [[31, [31, 21, 23, 16]]], [[28, [28, 29, 27]]], [[33, [33, 30, 32, 22]]], [[38, [38, 35, 37, 36]]], [[46, [46, 47, 50, 45]]], [[46, [34]]], [[39, [39, 42, 41, 40]]], [[49, [49, 43, 48]]], [[44, [44]]]]]",,None
test_data/data_demand_random_50_batch_all1_equal_random/C201_3.dat,4,90,2,4,1196.048349,"[[[[0, [1, 5, 2]], [5, []], [2, []], [16, [16, 14, 17, 19]], [13, [13, 10]], [1, []], [25, [25, 15, 23, 20]], [10, []], [23, []], [14, []], [17, []], [28, [28, 18, 32]], [19, []], [18, []], [20, []], [15, []], [38, [38, 35]], [42, [42, 39]], [39, []], [46, [46, 47, 50, 45]], [47, []], [35, []], [32, []], [50, []], [45, []]], [[0, [3, 6]], [7, [7, 4]], [3, []], [11, [11, 9, 12, 8]], [12, []], [8, []], [33, [33, 30, 21, 24, 26, 37, 22, 27]], [30, []], [22, []], [37, []], [9, []], [29, [29, 34, 31]], [34, []], [26, []], [40, [40, 36, 41]], [31, []], [21, []], [6, []], [44, [44, 48, 49, 43]], [24, []], [4, []], [36, []], [48, []], [27, []], [49, []], [43, []], [41, []]]], [[[7, [7, 4]]], [[11, [11, 9, 12, 8]]], [[16, [16, 14, 17, 19]]], [[13, [13, 10]]], [[25, [25, 15, 23, 20]]], [[33, [33, 30, 37, 27]]], [[33, [21, 24, 26, 22]]], [[28, [28, 18, 32]]], [[29, [29, 34, 31]]], [[38, [38, 35]]], [[42, [42, 39]]], [[40, [40, 36, 41]]], [[46, [46, 47, 50, 45]]], [[44, [44, 48, 49, 43]]]]]",,None
test_data/data_demand_random_50_batch_all1_equal_random/C201_3.dat,4,90,2,5,1203.051248,"[[[[0, [14, 10, 12, 9, 11, 13]], [14, []], [10, []], [12, []], [9, []], [11, []], [22, [22, 15, 23, 24]], [15, []], [33, [33, 31]], [23, [29]], [31, [36, 16, 26]], [36, []], [24, []], [16, []], [13, []], [26, []], [35, [35, 40]], [40, []], [47, [47, 46, 44]], [29, []], [46, []], [44, []]], [[0, [5, 4, 2, 3]], [5, [6, 1]], [4, [7]], [2, []], [3, []], [7, []], [6, []], [8, [8, 17, 19, 18]], [17, []], [20, [20, 21]], [21, [27, 28]], [27, []], [28, []], [19, []], [18, []], [38, [38, 30, 34, 25]], [30, []], [34, []], [39, [39, 37, 32]], [1, []], [25, []], [37, []], [32, []], [50, [50, 42, 43, 49]], [42, []], [43, []], [49, []], [48, [48, 41, 45]], [41, []], [45, []]]], [[[5, [6, 1]]], [[4, [7]]], [[22, [22, 15, 23, 24]]], [[8, [8, 17, 19, 18]]], [[20, [20, 21]]], [[21, [27, 28]]], [[33, [33, 31]]], [[23, [29]]], [[31, [36, 16, 26]]], [[38, [38, 30, 34, 25]]], [[39, [39, 37, 32]]], [[35, [35, 40]]], [[47, [47, 46, 44]]], [[50, [50, 42, 43, 49]]], [[48, [48, 41, 45]]]]]",,None
test_data/data_demand_random_50_batch_all1_equal_random/C201_3.dat,4,120,2,1,1201.048349,"[[[[0, [4, 2]], [2, []], [8, [8, 9, 10, 12]], [15, [15, 17, 22, 16]], [17, []], [26, [26, 23, 21, 33]], [9, []], [22, []], [10, []], [12, []], [38, [38, 31, 7]], [33, []], [23, []], [31, []], [7, []], [4, []], [36, [36, 27]], [16, []], [44, [44, 48, 49, 43]], [21, []], [48, []], [27, []], [43, []], [49, []], [41, [41, 45, 40]], [45, []], [40, []]], [[0, [6, 1, 5]], [6, []], [1, [11, 14, 13]], [5, []], [11, []], [14, [3]], [3, []], [24, [24, 25, 20, 18]], [13, []], [25, []], [30, [30, 19, 28]], [20, []], [18, []], [19, []], [28, []], [39, [39, 34, 37, 32]], [34, []], [37, []], [32, []], [50, [50, 42, 47, 46]], [42, []], [35, [35, 29]], [47, []], [29, []], [46, []]]], [[[8, [8, 9, 10, 12]]], [[1, [11, 14, 13]]], [[14, [3]]], [[15, [15, 17, 22, 16]]], [[24, [24, 25, 20, 18]]], [[26, [26, 23, 21, 33]]], [[30, [30, 19, 28]]], [[38, [38, 31, 7]]], [[36, [36, 27]]], [[39, [39, 34, 37, 32]]], [[44, [44, 48, 49, 43]]], [[50, [50, 42, 47, 46]]], [[35, [35, 29]]], [[41, [41, 45, 40]]]]]",,None
test_data/data_demand_random_50_batch_all1_equal_random/C201_3.dat,4,120,2,2,1190.612497,"[[[[0, [2, 6, 4, 3]], [13, [13, 14, 8, 7]], [14, []], [8, []], [2, []], [6, []], [7, []], [4, []], [24, [24, 18, 21]], [21, []], [3, []], [18, []], [28, [28, 33, 31, 23]], [33, []], [16, [16, 26, 27]], [31, []], [23, []], [26, []], [38, [38, 41, 36, 42]], [42, []], [41, []], [43, [43, 49, 48, 44]], [49, []], [27, []], [48, []], [36, []], [44, []]], [[0, [5]], [1, [1, 9]], [12, [12, 17, 11, 10]], [19, [19, 15, 25, 20]], [15, []], [17, []], [30, [30]], [25, []], [5, []], [11, []], [10, []], [37, [37, 34]], [9, []], [22, [22, 29, 32]], [35, [35, 39, 40]], [34, []], [29, []], [46, [46, 47, 50, 45]], [47, []], [39, []], [32, []], [50, []], [20, []], [45, []], [40, []]]], [[[1, [1, 9]]], [[13, [13, 14, 8, 7]]], [[12, [12, 17, 11, 10]]], [[24, [24, 18, 21]]], [[19, [19, 15, 25, 20]]], [[30, [30]]], [[28, [28, 33, 31, 23]]], [[16, [16, 26, 27]]], [[37, [37, 34]]], [[22, [22, 29, 32]]], [[38, [38, 41, 36, 42]]], [[35, [35, 39, 40]]], [[46, [46, 47, 50, 45]]], [[43, [43, 49, 48, 44]]]]]",1263.051248,"[[[[0, [2, 6]], [17, [17, 16]], [2, [26, 21]], [16, []], [24, [24, 19, 20]], [20, [28, 33, 22, 29]], [19, []], [28, []], [33, []], [35, [35, 37]], [22, []], [37, []], [26, []], [29, []], [47, [47, 46, 44, 45]], [46, []], [44, []], [6, []], [21, []], [45, []]], [[0, [5, 4, 1, 3]], [1, []], [7, [7, 13, 14, 10]], [13, []], [4, []], [8, [8, 15, 12, 11]], [15, []], [18, [18, 9]], [5, []], [14, []], [31, [31, 32, 25, 30, 23, 27]], [3, []], [23, []], [32, []], [25, []], [34, [34]], [39, [39, 42, 38]], [30, []], [10, []], [12, []], [11, []], [9, []], [50, [50, 43, 49, 48]], [42, []], [38, []], [43, []], [49, []], [27, []], [48, []], [41, [41, 40, 36]], [40, []], [36, []]]], [[[7, [7, 13, 14, 10]]], [[17, [17, 16]]], [[8, [8, 15, 12, 11]]], [[18, [18, 9]]], [[2, [26, 21]]], [[24, [24, 19, 20]]], [[31, [23, 27]]], [[31, [31, 32, 25, 30]]], [[20, [28, 33, 22, 29]]], [[34, [34]], [35, [35, 37]]], [[39, [39, 42, 38]]], [[47, [47, 46, 44, 45]]], [[50, [50, 43, 49, 48]]], [[41, [41, 40, 36]]]]]"
test_data/data_demand_random_50_batch_all1_equal_random/C201_3.dat,4,120,2,3,1196.048349,"[[[[0, [1, 2]], [2, []], [18, [18, 15, 10]], [1, []], [14, [14, 19]], [15, []], [10, []], [38, [38, 33, 28, 21]], [33, []], [19, []], [28, []], [21, []], [24, [24, 31, 27, 36, 41, 40]], [44, [44, 48, 49, 43]], [36, []], [31, []], [48, []], [49, []], [43, []], [27, []], [41, []], [40, []]], [[0, [3, 4, 6, 5]], [5, []], [8, [8, 11, 12, 9]], [16, [16, 17, 13]], [3, []], [7, [7]], [6, []], [4, []], [13, []], [23, [23]], [17, []], [22, [22, 32, 26, 25]], [32, []], [26, []], [25, []], [35, [35, 30, 20, 29]], [30, []], [20, []], [11, []], [12, []], [9, []], [37, [37]], [39, [39, 34, 42]], [29, []], [46, [46, 47, 50, 45]], [47, []], [34, []], [50, []], [42, []], [45, []]]], [[[8, [8, 11, 12, 9]]], [[16, [16, 17, 13]]], [[7, [7]]], [[18, [18, 15, 10]]], [[14, [14, 19]]], [[23, [23]]], [[22, [22, 32, 26, 25]]], [[35, [35, 30, 20, 29]]], [[38, [38, 33, 28, 21]]], [[24, [24, 31, 27]]], [[37, [37]]], [[24, [36, 41, 40]]], [[39, [39, 34, 42]]], [[44, [44, 48, 49, 43]]], [[46, [46, 47, 50, 45]]]]]",1201.048349,"[[[[0, [4, 3]], [8, [8, 7, 13, 14]], [4, []], [7, []], [3, []], [13, []], [14, []], [16, [16]], [23, [23, 17, 10, 21, 24]], [17, []], [10, []], [11, [11, 12, 18, 15]], [12, []], [25, [25, 26, 30, 19]], [26, []], [30, []], [18, []], [15, []], [19, []], [38, [38]], [41, [41, 36, 31]], [21, []], [44, [44, 48, 49, 43]], [24, []], [36, []], [31, []], [48, []], [49, []], [43, []], [45, [45, 40]], [40, []]], [[0, [2, 6, 1, 5]], [2, []], [6, []], [9, [9]], [1, []], [5, []], [27, [27, 28, 33, 20]], [28, []], [33, []], [20, []], [22, [22, 32, 29]], [37, [37, 34]], [32, []], [34, [39, 35]], [29, []], [46, [46, 47, 50, 42]], [47, []], [39, []], [35, []], [50, []], [42, []]]], [[[9, [9]]], [[8, [8, 7, 13, 14]]], [[16, [16]]], [[23, [23, 17, 10]]], [[23, [21, 24]]], [[11, [11, 12, 18, 15]]], [[25, [25, 26, 30, 19]]], [[27, [27, 28, 33, 20]]], [[22, [22, 32, 29]]], [[38, [38]], [37, [37, 34]]], [[41, [41, 36, 31]]], [[34, [39, 35]]], [[44, [44, 48, 49, 43]]], [[46, [46, 47, 50, 42]]], [[45, [45, 40]]]]]"
test_data/data_demand_random_50_batch_all1_equal_random/C201_3.dat,4,120,2,4,1201.048349,"[[[[0, [1, 22, 11, 5]], [21, [21, 16, 23, 26]], [16, []], [23, []], [22, [30, 32, 29, 25]], [11, []], [34, [34, 9, 10]], [1, []], [5, []], [26, []], [25, []], [30, []], [37, [37, 42, 35, 39]], [9, []], [42, []], [50, [50, 47, 46]], [32, []], [10, []], [35, []], [39, []], [47, []], [29, []], [46, []]], [[0, [3, 4, 6]], [3, []], [2, [2, 7]], [14, [14, 12]], [12, []], [18, [18, 17, 15]], [17, []], [20, [20, 8, 13]], [15, []], [8, []], [24, [24, 31, 33, 28]], [31, []], [13, []], [38, [38, 19]], [33, []], [28, []], [19, []], [4, []], [36, [36, 27]], [7, []], [6, []], [44, [44, 48, 49, 43]], [48, []], [49, []], [43, []], [27, []], [41, [41, 45, 40]], [45, []], [40, []]]], [[[2, [2, 7]]], [[14, [14, 12]]], [[18, [18, 17, 15]]], [[20, [20, 8, 13]]], [[21, [21, 16, 23, 26]]], [[24, [24, 31, 33, 28]]], [[22, [30, 32, 29, 25]]], [[34, [34, 9, 10]]], [[38, [38, 19]]], [[36, [36, 27]]], [[37, [37, 42, 35, 39]]], [[44, [44, 48, 49, 43]]], [[50, [50, 47, 46]]], [[41, [41, 45, 40]]]]]",1239.660846,"[[[[0, [5, 4, 6]], [6, []], [5, []], [4, []], [12, [12, 17, 13]], [23, [23, 9]], [17, [10, 18]], [13, []], [18, []], [33, [33, 25, 22, 32]], [20, [20]], [25, []], [38, [38, 34, 35, 37]], [34, []], [35, []], [10, []], [9, []], [22, []], [37, []], [32, []], [50, [50, 42, 39, 47]], [42, []], [39, []], [47, []], [29, [29]], [46, [46]]], [[0, [1, 3]], [2, [2]], [1, []], [16, [16, 8, 11, 15]], [14, [14, 19, 7]], [8, []], [21, [21, 26]], [3, []], [11, [30, 28]], [26, []], [30, []], [15, []], [19, []], [28, []], [31, [31, 36, 24, 27]], [36, []], [24, []], [7, []], [44, [44, 48, 49, 43]], [48, []], [49, []], [43, []], [27, []], [41, [41, 45, 40]], [45, []], [40, []]]], [[[2, [2]]], [[12, [12, 17, 13]]], [[16, [16, 8, 11, 15]]], [[14, [14, 19, 7]]], [[23, [23, 9]]], [[17, [10, 18]]], [[21, [21, 26]]], [[33, [33, 25, 22, 32]]], [[20, [20]]], [[11, [30, 28]]], [[31, [31, 36, 24, 27]]], [[38, [38, 34, 35, 37]]], [[44, [44, 48, 49, 43]]], [[50, [50, 42, 39, 47]]], [[29, [29]]], [[46, [46]], [41, [41, 45, 40]]]]]"
test_data/data_demand_random_50_batch_all1_equal_random/C201_3.dat,4,120,2,5,1203.051248,"[[[[0, [1]], [11, [11, 17]], [10, [10, 16]], [1, []], [31, [31, 26, 25, 30]], [30, []], [20, [20]], [17, []], [35, [35, 34, 29]], [39, [39]], [26, []], [25, []], [34, []], [29, []], [46, [46, 47, 44, 36]], [47, []], [44, []], [36, []], [16, []]], [[0, [2, 5, 3]], [2, [6, 14, 13, 4]], [5, []], [4, []], [24, [24, 21, 7, 8]], [21, []], [3, []], [6, []], [7, []], [14, []], [13, []], [23, [23, 33, 28]], [15, [15, 19, 18]], [8, []], [33, []], [19, []], [28, []], [18, []], [27, [27, 38, 12, 9]], [38, []], [42, [42, 32, 37, 22]], [12, []], [32, []], [9, []], [37, []], [22, []], [50, [50, 48, 43, 49]], [43, []], [49, []], [48, []], [41, [41, 45, 40]], [45, []], [40, []]]], [[[2, [6, 14, 13, 4]]], [[11, [11, 17]]], [[10, [10, 16]]], [[24, [24, 21, 7, 8]]], [[31, [31, 26, 25, 30]]], [[20, [20]]], [[23, [23, 33, 28]]], [[15, [15, 19, 18]]], [[35, [35, 34, 29]]], [[27, [27, 38, 12, 9]]], [[39, [39]]], [[42, [42, 32, 37, 22]]], [[46, [46, 47, 44, 36]]], [[50, [50, 48, 43, 49]]], [[41, [41, 45, 40]]]]]",,None
test_data/data_demand_random_50_batch_all1_equal_random/C201_3.dat,8,60,2,1,1154.612497,"[[[[0, [5, 8, 3, 2]], [2, []], [8, []], [3, []], [5, []], [20, [20]], [25, [25, 44, 50, 34, 29, 26, 30]], [44, []], [50, []], [34, []], [29, []], [46, [46, 47, 39, 42, 45]], [47, []], [39, []], [26, []], [30, []], [42, []], [45, []]], [[0, [1, 6]], [6, []], [1, []], [13, [13, 7, 12, 4, 10, 11, 14, 9]], [11, []], [10, []], [14, []], [16, [16, 15, 18, 17, 21, 24, 19, 22]], [15, []], [18, []], [17, []], [4, []], [21, []], [7, []], [24, []], [36, [36, 38, 31, 37, 27, 28, 33]], [31, []], [35, [35, 23, 32]], [37, []], [22, []], [9, []], [32, []], [12, []], [38, []], [28, []], [19, []], [41, [49, 43, 41, 40, 48]], [27, []], [48, []], [49, []], [43, []], [33, []], [23, []], [40, []]]], [[[13, [13, 7, 12, 4, 10, 11, 14, 9]]], [[16, [16, 15, 18, 17, 21, 24, 19, 22]]], [[20, [20]]], [[25, [44, 50, 34, 29, 26, 30]]], [[25, [25]]], [[36, [36, 38, 31, 37, 27, 28, 33]]], [[35, [35, 23, 32]]], [[46, [46, 47, 39, 42, 45]]], [[41, [49, 43, 41, 40, 48]]]]]",1199.931712,"[[[[0, [2, 3, 4]], [2, []], [7, [7, 15]], [3, []], [20, [20, 44, 28, 31, 37, 19, 22, 8, 9, 33, 27]], [8, []], [19, []], [33, []], [15, []], [28, []], [4, []], [44, []], [31, []], [40, [40, 38, 41, 36, 42]], [37, []], [22, []], [9, []], [42, []], [38, []], [45, [45, 43, 49, 48]], [41, []], [27, []], [43, []], [49, []], [48, []], [36, []]], [[0, []], [1, [1, 6, 12, 10, 5, 13, 11]], [6, []], [16, [16, 17, 14, 18]], [13, []], [11, []], [18, []], [17, []], [21, [21, 26, 24, 25, 29, 32, 30, 23]], [14, []], [26, []], [24, []], [5, []], [25, [34, 39, 35]], [29, []], [34, []], [46, [46, 47, 50]], [47, []], [39, []], [35, []], [32, []], [50, []], [12, []], [10, []], [30, []], [23, []]]], [[[1, [1, 6, 12, 10, 5, 13, 11]]], [[7, [7, 15]]], [[16, [16, 17, 14, 18]]], [[20, [44, 28, 31, 37, 22, 33, 27]]], [[20, [20, 19, 8, 9]]], [[21, [21, 26, 24, 25, 29, 32, 30, 23]]], [[25, [34, 39, 35]], [40, [40, 38, 41, 36, 42]]], [[46, [46, 47, 50]]], [[45, [45, 43, 49, 48]]]]]"
test_data/data_demand_random_50_batch_all1_equal_random/C201_3.dat,8,60,2,2,1195.907248,"[[[[0, [19]], [19, []], [23, [23, 17, 12, 18, 13, 14, 9, 10, 5, 50, 42, 43, 49, 48, 41, 45]], [17, []], [26, [26, 22, 11, 15]], [12, []], [18, []], [11, []], [13, []], [14, []], [5, []], [35, [35, 37, 32, 30, 38, 33, 27]], [37, []], [9, []], [22, []], [32, []], [10, []], [30, [40]], [50, []], [42, []], [38, []], [33, []], [15, []], [43, []], [49, []], [48, []], [27, []], [41, []], [45, []], [40, []]], [[0, [8, 4, 2, 6, 1, 3]], [8, []], [4, [16, 7]], [2, []], [6, []], [16, []], [3, []], [7, []], [31, [31, 21, 24, 28, 25, 29, 20]], [21, []], [24, []], [28, []], [20, []], [25, []], [1, []], [39, [39, 34, 36]], [34, []], [29, []], [47, [47, 44, 46]], [46, []], [44, []], [36, []]]], [[[4, [16, 7]]], [[23, [5, 50, 42, 43, 49, 48, 41, 45]]], [[23, [23, 17, 12, 18, 13, 14, 9, 10]]], [[26, [26, 22, 11, 15]]], [[31, [31, 21, 24, 28, 25, 29, 20]]], [[35, [35, 37, 32, 30, 38, 33, 27]]], [[39, [39, 34, 36]]], [[30, [40]]], [[47, [47, 44, 46]]]]]",,None
test_data/data_demand_random_50_batch_all1_equal_random/C201_3.dat,8,60,2,3,1167.907248,"[[[[0, [1]], [20, [20, 26, 14, 15, 19, 13, 5, 50, 49, 43, 48, 41, 45, 40, 18, 17]], [26, []], [14, []], [5, [28, 23, 30, 8, 12]], [18, []], [15, []], [28, []], [19, []], [23, []], [17, []], [13, []], [39, [39, 25, 33, 27]], [1, []], [25, []], [35, [35, 42, 38]], [30, []], [12, []], [50, []], [42, []], [38, []], [33, []], [49, []], [43, []], [8, []], [48, []], [27, []], [41, []], [45, []], [40, []]], [[0, [3, 6, 2, 4]], [3, []], [6, []], [7, [7, 16, 9, 10, 11]], [16, []], [2, []], [10, []], [11, []], [31, [31, 32, 22, 29, 21, 24]], [21, []], [24, []], [4, []], [36, [36, 37, 34]], [32, []], [9, []], [22, []], [37, []], [34, []], [29, []], [47, [47, 46, 44]], [46, []], [44, []]]], [[[7, [7, 16, 9, 10, 11]]], [[20, [5, 50, 49, 43, 48, 41, 45, 40]]], [[20, [20, 26, 14, 15, 19, 13, 18, 17]]], [[5, [28, 23, 30, 8, 12]]], [[31, [31, 32, 22, 29, 21, 24]]], [[36, [36, 37, 34]]], [[39, [39, 25, 33, 27]]], [[35, [35, 42, 38]]], [[47, [47, 46, 44]]]]]",,None
test_data/data_demand_random_50_batch_all1_equal_random/C201_3.dat,8,60,2,4,1202.298221,"[[[[0, [5, 3]], [17, [17, 8, 18, 19, 16]], [8, []], [18, []], [19, []], [3, []], [16, []], [5, []], [25, [25, 23, 20, 29]], [23, []], [20, [27, 28, 38, 34, 32]], [27, []], [28, []], [38, []], [39, [39]], [29, []], [46, [46, 47, 50, 42, 45, 40]], [47, []], [34, []], [32, []], [50, []], [42, []], [45, []], [40, []]], [[0, [1, 6, 2]], [13, [13, 14, 12, 9, 10, 11, 15, 7]], [14, []], [1, []], [12, []], [26, [26, 4, 21]], [24, [24]], [4, []], [21, []], [6, []], [2, []], [31, [31]], [35, [35, 37, 22, 30, 33, 36]], [9, []], [37, []], [22, []], [10, []], [11, []], [30, []], [15, []], [33, []], [41, [41, 43, 49, 48, 44]], [43, []], [49, []], [48, []], [36, []], [7, []], [44, []]]], [[[13, [13, 14, 12, 9, 10, 11, 15, 7]]], [[17, [17, 8, 18, 19, 16]]], [[25, [25, 23, 20, 29]]], [[26, [26, 4, 21]]], [[24, [24]]], [[31, [31]]], [[20, [27, 28, 38, 34, 32]]], [[35, [35, 37, 22, 30, 33, 36]]], [[41, [41, 43, 49, 48, 44]]], [[39, [39]]], [[46, [46, 47, 50, 42, 45, 40]]]]]",,None
test_data/data_demand_random_50_batch_all1_equal_random/C201_3.dat,8,60,2,5,1102.298221,"[[[[0, [3, 2, 5]], [5, [18, 15, 8, 19, 13, 7]], [18, []], [15, []], [13, []], [7, []], [2, []], [31, [31, 27, 28, 33, 20, 29, 25, 26]], [3, []], [27, []], [28, []], [8, []], [19, []], [33, []], [20, []], [41, [41, 34, 30]], [30, []], [25, []], [26, []], [34, []], [47, [47, 46, 39]], [29, []], [46, []], [39, []]], [[0, [6, 1]], [1, [4, 16, 9, 10, 11, 12, 14]], [16, []], [24, [24, 21, 50, 42, 43, 49, 48, 44, 23, 32, 17, 22]], [4, []], [21, []], [6, []], [44, []], [14, []], [17, []], [35, [35, 37, 38, 36]], [37, []], [22, []], [9, []], [32, []], [10, []], [11, []], [12, []], [50, []], [42, []], [38, []], [43, []], [49, []], [48, []], [36, []], [45, [45, 40]], [23, []], [40, []]]], [[[5, [18, 15, 8, 19, 13, 7]]], [[1, [4, 16, 9, 10, 11, 12, 14]]], [[24, [50, 42, 43, 49, 48, 44, 23, 32]]], [[24, [24, 21, 17, 22]]], [[31, [31, 27, 28, 33, 20, 29, 25, 26]]], [[35, [35, 37, 38, 36]]], [[41, [41, 34, 30]]], [[47, [47, 46, 39]]], [[45, [45, 40]]]]]",1175.552945,"[[[[0, [2, 3, 4]], [4, []], [2, []], [13, [13, 15, 8, 18, 19, 9]], [19, []], [15, []], [8, []], [18, []], [31, [31, 24, 22, 26, 20, 33, 28, 27]], [3, []], [24, []], [22, []], [9, []], [35, [35]], [39, [39, 42, 41, 23]], [26, []], [42, []], [20, []], [33, []], [41, [48, 49, 43, 45, 40]], [48, []], [49, []], [43, []], [28, []], [27, []], [45, []], [23, []], [40, []]], [[0, [6]], [14, [14, 11, 12, 1, 7, 10, 5]], [11, []], [12, []], [17, [17, 44, 29, 21, 16, 25, 50, 47, 46]], [29, []], [1, []], [5, []], [6, []], [44, []], [7, []], [21, []], [36, [36, 38, 37, 30, 32, 34]], [16, []], [25, []], [38, []], [37, []], [30, []], [32, []], [50, []], [10, []], [34, []], [47, []], [46, []]]], [[[14, [14, 11, 12, 1, 7, 10, 5]]], [[17, [44, 29, 21, 16, 25, 50, 47, 46]]], [[17, [17]], [13, [13, 15, 8, 18, 19, 9]]], [[31, [31, 24, 22, 26, 20, 33, 28, 27]]], [[36, [36, 38, 37, 30, 32, 34]]], [[35, [35]]], [[39, [39, 42, 41, 23]]], [[41, [48, 49, 43, 45, 40]]]]]"
test_data/data_demand_random_50_batch_all1_equal_random/C201_3.dat,8,90,2,1,1196.048349,"[[[[0, [14, 11, 12]], [14, []], [11, []], [12, []], [18, [18, 15]], [15, []], [24, [24, 17, 19, 23, 13]], [13, []], [17, []], [31, [31, 28, 27, 33, 29]], [19, []], [28, []], [27, [38, 34]], [33, []], [38, []], [23, []], [34, []], [29, []], [46, [46, 39, 50, 42, 40, 47]], [47, []], [39, []], [50, []], [42, []], [40, []]], [[0, [1, 5, 2, 6, 4, 3]], [16, [16, 10, 8]], [1, []], [5, []], [2, []], [20, [20, 32, 21]], [30, [30, 26, 25, 22, 9, 7]], [26, []], [25, []], [35, [35, 37, 36]], [22, []], [9, []], [32, []], [37, []], [10, []], [3, []], [21, []], [6, []], [44, [44, 48, 43, 49, 41, 45]], [7, []], [4, []], [36, []], [48, []], [8, []], [43, []], [49, []], [41, []], [45, []]]], [[[16, [16, 10, 8]]], [[18, [18, 15]]], [[24, [24, 17, 19, 23, 13]]], [[20, [20, 32, 21]]], [[31, [31, 28, 27, 33, 29]]], [[30, [30, 26, 25, 22, 9, 7]]], [[35, [35, 37, 36]]], [[27, [38, 34]]], [[46, [46, 39, 50, 42, 40, 47]]], [[44, [44, 48, 43, 49, 41, 45]]]]]",,None
test_data/data_demand_random_50_batch_all1_equal_random/C201_3.dat,8,90,2,2,1196.048349,"[[[[0, [1, 5]], [5, []], [14, [14, 10, 12]], [10, []], [12, []], [9, [9, 11, 13, 15, 17]], [11, []], [13, []], [15, []], [17, []], [28, [28, 27, 24, 32, 22]], [27, []], [24, []], [35, [35]], [41, [41, 42, 38, 37, 39]], [42, []], [38, []], [50, [50, 47, 46]], [32, []], [22, []], [37, []], [39, []], [47, []], [46, []], [1, []]], [[0, [3, 2, 4]], [3, []], [2, []], [7, [7]], [16, [16, 19, 8, 18, 6]], [19, []], [8, []], [18, []], [20, [20, 25]], [25, [30, 29, 26, 23, 21, 31]], [30, []], [29, []], [34, [34]], [26, []], [23, []], [40, [40, 36]], [4, []], [36, []], [21, []], [31, []], [6, []], [44, [44, 48, 43, 49, 33, 45]], [48, []], [43, []], [49, []], [33, []], [45, []]]], [[[14, [14, 10, 12]]], [[7, [7]]], [[16, [16, 19, 8, 18, 6]]], [[9, [9, 11, 13, 15, 17]]], [[20, [20, 25]]], [[25, [30, 29, 26, 23, 21, 31]]], [[28, [28, 27, 24, 32, 22]]], [[34, [34]]], [[40, [40, 36]]], [[35, [35]]], [[41, [41, 42, 38, 37, 39]]], [[44, [44, 48, 43, 49, 33, 45]]], [[50, [50, 47, 46]]]]]",,None
test_data/data_demand_random_50_batch_all1_equal_random/C201_3.dat,8,90,2,3,1196.048349,"[[[[0, [1]], [12, [12, 8, 9, 11, 14]], [8, []], [9, []], [11, []], [14, []], [15, [15, 17, 25, 22, 26, 23]], [17, []], [23, []], [38, [38, 29, 37, 35, 32]], [25, []], [29, []], [39, [39]], [37, []], [22, []], [32, []], [50, [50, 42, 47, 46]], [42, []], [35, []], [26, []], [47, []], [46, []], [1, []]], [[0, [5, 2, 3]], [5, []], [2, []], [3, [6, 4, 13]], [7, [7, 16, 18, 10, 19]], [6, []], [4, []], [16, []], [13, []], [18, []], [20, [20]], [19, []], [28, [28, 27, 33, 30, 24]], [27, []], [33, []], [30, []], [10, []], [34, [34, 36, 21, 31]], [36, []], [24, []], [44, [44, 48, 49, 43, 41, 45, 40]], [21, []], [31, []], [48, []], [49, []], [43, []], [41, []], [45, []], [40, []]]], [[[3, [6, 4, 13]]], [[12, [12, 8, 9, 11, 14]]], [[7, [7, 16, 18, 10, 19]]], [[20, [20]]], [[15, [15, 17, 25, 22, 26, 23]]], [[28, [28, 27, 33, 30, 24]]], [[34, [34, 36, 21, 31]]], [[38, [38, 29, 37, 35, 32]]], [[39, [39]]], [[44, [44, 48, 49, 43, 41, 45, 40]]], [[50, [50, 42, 47, 46]]]]]",,None
test_data/data_demand_random_50_batch_all1_equal_random/C201_3.dat,8,90,2,4,1198.051248,"[[[[0, [3, 4, 1]], [17, [17, 8, 19, 14]], [8, []], [19, []], [24, [24]], [3, [23, 28, 21, 31, 29]], [4, []], [14, []], [23, []], [28, []], [21, []], [36, [36, 40, 39, 34]], [31, []], [40, []], [1, []], [39, []], [34, []], [47, [47, 46, 44]], [29, []], [46, []], [44, []]], [[0, [6, 2, 5]], [6, []], [2, []], [18, [18, 13, 7, 16, 15, 10, 11, 9]], [13, []], [7, []], [16, []], [5, []], [26, [26, 33, 20, 32, 22, 25, 30, 12]], [33, []], [15, []], [20, []], [10, []], [11, []], [32, []], [22, []], [9, []], [37, [37, 35, 27]], [25, [42, 38]], [35, []], [30, []], [12, []], [50, [50, 49, 43, 48, 41, 45]], [42, []], [38, []], [49, []], [43, []], [27, []], [48, []], [41, []], [45, []]]], [[[17, [17, 8, 19, 14]]], [[18, [18, 13, 7, 16, 15, 10, 11, 9]]], [[26, [26, 33, 20, 32, 22, 25, 30, 12]]], [[24, [24]]], [[3, [23, 28, 21, 31, 29]]], [[37, [37, 35, 27]]], [[36, [36, 40, 39, 34]]], [[25, [42, 38]]], [[47, [47, 46, 44]]], [[50, [50, 49, 43, 48, 41, 45]]]]]",,None
test_data/data_demand_random_50_batch_all1_equal_random/C201_3.dat,8,90,2,5,1190.612497,"[[[[0, []], [14, [14, 10, 11, 15, 19, 12, 8, 18]], [12, []], [10, []], [11, []], [8, []], [18, []], [15, []], [19, []], [28, [28, 33, 17, 23, 25, 22]], [33, []], [17, []], [23, []], [25, []], [35, [35, 30, 37, 29, 34, 32]], [30, []], [22, []], [37, []], [39, [39]], [29, []], [46, [46, 47, 50, 45, 40]], [47, []], [34, []], [32, []], [50, []], [45, []], [40, []]], [[0, [6, 1, 4, 5, 3, 2]], [5, []], [9, [9, 7, 13]], [3, []], [2, []], [6, []], [16, [16]], [13, []], [26, [26, 21, 24, 31, 20, 27]], [1, []], [21, []], [24, []], [31, []], [4, []], [42, [42]], [38, [38, 41, 36]], [20, []], [41, []], [27, []], [43, [43, 49, 48, 44]], [49, []], [48, []], [36, []], [7, []], [44, []]]], [[[14, [14, 10, 11, 15, 19, 12, 8, 18]]], [[9, [9, 7, 13]]], [[16, [16]]], [[26, [26, 21, 24, 31, 20, 27]]], [[28, [28, 33, 17, 23, 25, 22]]], [[35, [35, 30, 37, 29, 34, 32]]], [[42, [42]]], [[38, [38, 41, 36]]], [[39, [39]]], [[46, [46, 47, 50, 45, 40]]], [[43, [43, 49, 48, 44]]]]]",1231.355384,"[[[[0, [1]], [17, [17, 8, 9, 12, 10, 11, 14, 18]], [8, []], [9, []], [20, [20, 25, 26]], [12, []], [10, [32, 30, 29, 22, 23]], [11, []], [32, []], [35, [35]], [14, []], [18, []], [38, [38]], [30, [39, 34, 37, 42]], [25, []], [26, []], [1, []], [39, []], [29, []], [46, [46, 47, 50, 45]], [47, []], [34, []], [37, []], [22, []], [50, []], [42, []], [45, []], [23, []]], [[0, [3, 5, 6, 4, 2]], [3, []], [5, []], [19, [19, 15, 13, 16, 7]], [15, []], [13, []], [6, []], [21, [21, 33, 24, 31, 27, 28]], [33, []], [4, []], [36, [36, 40, 41]], [16, []], [24, []], [31, []], [40, []], [41, []], [27, []], [28, []], [43, [43, 49, 48, 44]], [49, []], [48, []], [7, []], [2, []], [44, []]]], [[[17, [17, 8, 9, 12, 10, 11, 14, 18]]], [[19, [19, 15, 13, 16, 7]]], [[21, [21, 33, 24, 31, 27, 28]]], [[20, [20, 25, 26]]], [[10, [32, 30, 29, 22, 23]]], [[35, [35]]], [[38, [38]]], [[30, [39, 34, 37, 42]], [36, [36, 40, 41]]], [[46, [46, 47, 50, 45]]], [[43, [43, 49, 48, 44]]]]]"
test_data/data_demand_random_50_batch_all1_equal_random/C201_3.dat,8,120,2,1,1196.048349,"[[[[0, []], [18, [18, 19, 16, 8]], [16, []], [25, [25, 33, 31, 21, 27, 28]], [28, []], [19, []], [33, []], [8, []], [31, []], [36, [36, 41, 40]], [21, []], [44, [44, 48, 43, 49, 45]], [48, []], [43, []], [49, []], [27, []], [41, []], [45, []], [40, []]], [[0, [1, 3, 6, 2, 4, 5]], [1, []], [3, []], [6, []], [2, []], [5, []], [14, [14, 17, 15, 13, 10, 11, 12, 9]], [17, []], [15, []], [23, [23, 7]], [7, []], [4, []], [24, [24, 20, 30, 32, 22, 29, 26]], [13, []], [20, []], [30, []], [34, [34]], [26, []], [10, []], [11, []], [12, []], [38, [38, 42, 37, 35, 39]], [42, []], [50, [50, 47, 46]], [32, []], [9, []], [22, []], [37, []], [35, []], [39, []], [47, []], [29, []], [46, []]]], [[[14, [14, 17, 15, 13, 10, 11, 12, 9]]], [[18, [18, 19, 16, 8]]], [[23, [23, 7]]], [[25, [25, 33, 31, 21, 27, 28]]], [[24, [24, 20, 30, 32, 22, 29, 26]]], [[34, [34]]], [[38, [38, 42, 37, 35, 39]]], [[36, [36, 41, 40]]], [[44, [44, 48, 43, 49, 45]]], [[50, [50, 47, 46]]]]]",,None
test_data/data_demand_random_50_batch_all1_equal_random/C201_3.dat,8,120,2,2,1198.051248,"[[[[0, [6]], [15, [15, 18]], [6, []], [21, [21, 26, 27, 28]], [31, [31, 30, 29]], [27, []], [28, []], [18, []], [30, []], [39, [39, 35, 34]], [26, []], [35, []], [29, []], [46, [46, 47, 44]], [47, []], [34, []], [44, []]], [[0, [4, 5, 2, 1, 3]], [4, []], [5, []], [1, []], [7, [7, 9, 13, 11, 12]], [2, []], [3, []], [13, []], [10, [10, 14, 17, 16, 19, 8]], [11, []], [19, []], [8, []], [14, []], [20, [20, 24, 22, 33, 23, 25, 32]], [17, []], [23, []], [25, []], [16, []], [24, []], [36, [36, 37, 42, 38, 41, 40]], [37, []], [22, []], [9, []], [32, []], [50, [50, 43, 49, 48, 45]], [12, []], [42, []], [38, []], [33, []], [43, []], [49, []], [48, []], [41, []], [45, []], [40, []]]], [[[7, [7, 9, 13, 11, 12]]], [[10, [10, 14, 17, 16, 19, 8]]], [[15, [15, 18]]], [[21, [21, 26, 27, 28]]], [[31, [31, 30, 29]]], [[20, [20, 24, 22, 33, 23, 25, 32]]], [[36, [36, 37, 42, 38, 41, 40]]], [[39, [39, 35, 34]]], [[46, [46, 47, 44]]], [[50, [50, 43, 49, 48, 45]]]]]",1198.051248,"[[[[0, [6]], [11, [11]], [17, [17, 8, 19, 15, 16, 14, 18, 2]], [7, [7, 13]], [13, []], [2, []], [6, []], [21, [21, 28, 33, 31, 23, 20, 30, 27]], [8, []], [28, []], [19, []], [15, []], [33, []], [16, []], [31, []], [36, [36, 35]], [23, [42, 38, 41, 40]], [20, []], [14, []], [35, []], [30, []], [50, [50, 43, 49, 48, 45]], [42, []], [38, []], [18, []], [43, []], [49, []], [27, []], [48, []], [41, []], [45, []], [40, []]], [[0, [4, 3, 1, 5]], [12, [12, 10, 9]], [4, []], [24, [24, 25, 26, 22, 32, 29]], [3, []], [1, []], [5, []], [25, []], [26, []], [10, []], [9, []], [22, []], [37, [37, 34, 39]], [32, []], [34, []], [29, []], [46, [46, 47, 44]], [47, []], [39, []], [44, []]]], [[[11, [11]]], [[12, [12, 10, 9]]], [[17, [17, 8, 19, 15, 16, 14, 18, 2]]], [[7, [7, 13]]], [[21, [21, 28, 33, 31, 23, 20, 30, 27]]], [[24, [24, 25, 26, 22, 32, 29]]], [[36, [36, 35]]], [[23, [42, 38, 41, 40]], [37, [37, 34, 39]]], [[46, [46, 47, 44]]], [[50, [50, 43, 49, 48, 45]]]]]"
test_data/data_demand_random_50_batch_all1_equal_random/C201_3.dat,8,120,2,3,1190.612497,"[[[[0, [5, 4, 6, 3, 1]], [5, []], [14, [14, 16, 15, 9, 10, 12, 11]], [4, []], [6, []], [3, []], [16, []], [26, [26, 25]], [25, []], [1, [23, 33, 22, 32, 29]], [23, []], [33, []], [15, []], [38, [38, 35, 37, 34]], [35, []], [37, []], [22, []], [9, []], [32, []], [10, []], [34, []], [29, []], [46, [46, 47, 39, 50, 45]], [47, []], [39, []], [50, []], [12, []], [11, []], [45, []]], [[0, [2]], [2, []], [18, [18, 19, 13, 8, 7, 17]], [19, []], [13, []], [8, []], [7, []], [31, [31, 21, 28, 30, 27, 24, 20]], [21, []], [28, []], [20, []], [40, [40, 42, 41, 36]], [17, []], [30, []], [42, []], [41, []], [27, []], [43, [43, 49, 44, 48]], [49, []], [48, []], [36, []], [24, []], [44, []]]], [[[18, [18, 19, 13, 8, 7, 17]]], [[14, [14, 16, 15, 9, 10, 12, 11]]], [[31, [31, 21, 28, 30, 27, 24, 20]]], [[26, [26, 25]]], [[1, [23, 33, 22, 32, 29]]], [[38, [38, 35, 37, 34]]], [[40, [40, 42, 41, 36]]], [[46, [46, 47, 39, 50, 45]]], [[43, [43, 49, 44, 48]]]]]",,None
test_data/data_demand_random_50_batch_all1_equal_random/C201_3.dat,8,120,2,4,1196.048349,"[[[[0, [5, 2, 4, 3, 6]], [2, []], [4, []], [7, [7]], [13, [13, 8]], [8, []], [5, []], [20, [20, 26, 31, 24, 21, 27, 23, 33]], [33, []], [28, [28]], [38, [38, 36]], [26, []], [31, []], [36, []], [24, []], [3, []], [21, []], [6, []], [44, [44, 48, 43, 49, 41, 45, 40]], [48, []], [27, []], [43, []], [49, []], [41, []], [45, []], [23, []], [40, []]], [[0, [1]], [11, [11, 18, 15, 19, 17, 14, 10, 16]], [12, [12, 9]], [18, []], [15, []], [19, []], [17, []], [14, []], [16, []], [25, [25, 29, 22, 32, 30]], [29, []], [34, [34, 37, 35]], [10, []], [37, []], [35, []], [39, [39]], [9, []], [22, []], [32, [50, 42, 46, 47]], [50, []], [42, []], [30, []], [46, []], [47, []], [1, []]]], [[[7, [7]]], [[11, [11, 18, 15, 19, 17, 14, 10, 16]]], [[13, [13, 8]]], [[12, [12, 9]]], [[20, [20, 26, 31, 24, 21, 27, 23, 33]]], [[25, [25, 29, 22, 32, 30]]], [[28, [28]]], [[34, [34, 37, 35]]], [[38, [38, 36]]], [[39, [39]]], [[44, [44, 48, 43, 49, 41, 45, 40]]], [[32, [50, 42, 46, 47]]]]]",1201.70992,"[[[[0, [2]], [13, [13, 16, 19, 15, 8, 18, 17, 14]], [16, []], [14, []], [17, []], [22, [22, 20, 30]], [30, []], [20, []], [19, []], [15, []], [8, []], [18, []], [33, [33, 24, 27, 36]], [36, []], [24, []], [2, []], [44, [44, 48, 49, 43, 45, 41, 40]], [48, []], [27, []], [49, []], [43, []], [41, []], [45, []], [40, []]], [[0, [3, 5, 4, 6, 1]], [3, []], [7, [7, 11, 10, 9, 12]], [11, []], [5, []], [4, []], [6, []], [25, [25, 26, 23, 21]], [1, [31, 28, 32]], [26, []], [23, []], [21, []], [31, []], [28, []], [38, [38, 42, 34, 29, 37, 35]], [42, []], [35, []], [10, []], [9, []], [37, []], [32, []], [50, [50, 46, 47, 39]], [12, []], [34, []], [46, []], [29, []], [47, []], [39, []]]], [[[13, [13, 16, 19, 15, 8, 18, 17, 14]]], [[7, [7, 11, 10, 9, 12]]], [[25, [25, 26, 23, 21]]], [[1, [31, 28, 32]], [22, [22, 20, 30]]], [[33, [33, 24, 27, 36]]], [[38, [38, 42, 34, 29, 37, 35]]], [[44, [44, 48, 49, 43, 45, 41, 40]]], [[50, [50, 46, 47, 39]]]]]"
test_data/data_demand_random_50_batch_all1_equal_random/C201_3.dat,8,120,2,5,1190.612497,"[[[[0, [2, 4, 6]], [2, [16, 1, 11, 10, 7, 24, 23, 20, 14]], [7, []], [6, []], [11, []], [10, []], [16, []], [4, []], [24, []], [26, [26]], [23, []], [20, []], [14, [30, 22, 32, 25, 29]], [1, []], [30, []], [22, []], [32, []], [37, [37, 35, 34]], [35, []], [34, []], [25, []], [29, []], [46, [46, 47, 39, 50, 45, 40]], [47, []], [39, []], [50, []], [45, []], [40, []]], [[0, [3, 5, 9]], [3, []], [5, []], [12, [12, 17, 18, 19, 15, 8, 13]], [9, []], [13, []], [17, []], [18, []], [19, []], [15, []], [28, [28, 21, 31, 27]], [8, []], [21, [36, 33, 38]], [31, []], [36, []], [33, []], [38, []], [42, [42, 41]], [41, []], [49, [49, 43, 48, 44]], [43, []], [27, []], [48, []], [44, []]]], [[[2, [16, 11, 10, 7, 24, 23, 20, 14]]], [[2, [1]]], [[12, [12, 17, 18, 19, 15, 8, 13]]], [[26, [26]]], [[14, [30, 22, 32, 25, 29]]], [[28, [28, 21, 31, 27]]], [[21, [36, 33, 38]]], [[37, [37, 35, 34]]], [[42, [42, 41]]], [[46, [46, 47, 39, 50, 45, 40]]], [[49, [49, 43, 48, 44]]]]]",,None
