instance,drone_capacity,drone_limit_time,theta,run,best_fitness,best_sol,best_multi_visit_fitness,best_multi_visit_sol,best_sol_avg_customers_per_drone_trip,best_sol_avg_demand_per_drone_trip,best_sol_drone_trip_distances,best_sol_avg_distance_per_drone_trip,best_sol_truck_wait_by_point,best_sol_drone_wait_by_point,best_sol_avg_truck_wait_by_point,best_sol_avg_drone_wait_by_point,best_multi_visit_sol_avg_customers_per_drone_trip,best_multi_visit_sol_avg_demand_per_drone_trip,best_multi_visit_sol_drone_trip_distances,best_multi_visit_sol_avg_distance_per_drone_trip,best_multi_visit_sol_truck_wait_by_point,best_multi_visit_sol_drone_wait_by_point,best_multi_visit_sol_avg_truck_wait_by_point,best_multi_visit_sol_avg_drone_wait_by_point,status,runtime_sec,instance_group,instance_name
test_data/data_demand_random_50_batch_all1_equal_cluster/C201_0.5.dat,4,120,2,5,565.6468827,"[[[[0, [2, 4, 1, 3]], [11, [11, 9, 6, 5]], [2, []], [1, []], [3, []], [18, [18, 19, 22, 24]], [19, []], [4, []], [34, [34, 38, 30, 29]], [48, [48, 47, 49, 28]], [47, []], [49, []], [38, []], [30, []], [29, []], [28, []], [35, [35, 36, 37, 45, 41, 43, 20, 21]], [36, []], [37, []], [45, [42, 44, 46, 50]], [46, []], [50, []], [22, []], [21, []], [41, []], [42, []], [44, []], [43, []], [20, []], [24, []], [9, []], [6, []], [5, []]], [[0, []], [10, [10, 14, 12]], [12, []], [14, []], [15, [15, 16, 17, 13]], [13, [27, 33, 32, 31]], [27, []], [33, []], [16, []], [17, []], [32, []], [31, []], [39, [39, 23, 26, 25]], [40, [40, 7, 8]], [26, []], [25, []], [23, []], [7, []], [8, []]]], [[[10, [10, 14, 12]]], [[11, [11, 9, 6, 5]]], [[18, [18, 19, 22, 24]]], [[15, [15, 16, 17, 13]]], [[13, [27, 33, 32, 31]]], [[34, [34, 38, 30, 29]]], [[48, [48, 47, 49, 28]]], [[35, [35, 36, 37, 45]]], [[35, [41, 43, 20, 21]]], [[45, [42, 44, 46, 50]]], [[39, [39, 23, 26, 25]]], [[40, [40, 7, 8]]]]]",756.2531641,"[[[[0, [3, 4, 1]], [11, [11]], [3, []], [4, []], [2, [20, 2, 9]], [1, []], [19, [19, 18, 22, 21]], [18, []], [20, []], [43, [43, 36, 37, 41]], [22, []], [21, []], [42, [42, 44, 45, 46]], [41, []], [36, []], [37, []], [44, []], [45, []], [46, []], [50, [50, 6, 7, 8]], [9, []], [6, []], [23, [23, 5]], [7, []], [8, []], [24, [24, 26]], [26, []], [40, [40]], [5, []]], [[0, []], [10, [10, 12, 15, 13]], [12, []], [13, []], [15, [16, 17, 14, 25]], [16, []], [17, []], [32, [32, 31, 28, 35]], [31, []], [14, []], [28, []], [35, []], [30, [30, 33, 34, 38]], [33, []], [34, []], [48, [48, 47, 49, 29]], [47, []], [49, []], [38, []], [29, []], [27, [27]], [25, []], [39, [39]]]], [[[11, [11]]], [[10, [10, 12, 15, 13]]], [[15, [16, 17, 14, 25]]], [[2, [20, 2, 9]]], [[19, [19, 18, 22, 21]]], [[32, [32, 31, 28, 35]]], [[43, [43, 36, 37, 41]]], [[42, [42, 44, 45, 46]]], [[30, [30, 33, 34, 38]]], [[48, [48, 47, 49, 29]]], [[50, [50, 6, 7, 8]]], [[27, [27]]], [[39, [39]], [23, [23, 5]]], [[24, [24, 26]]], [[40, [40]]]]]",3.833333,3.833333,"[23.323808, 23.323808, 40.0, 41.231056, 39.293765, 78.714675, 80.622577, 61.05735, 61.05735, 80.622577, 62.096699, 64.498062]",54.653477,"{10: 21.661904, 11: 7.661904, 18: 5.338096, 15: 0.0, 13: 2.984979, 34: 0.0, 48: 5.605054, 35: 0.0, 45: 0.839964, 39: 0.0, 40: 0.0}","{10: 0.0, 11: 0.0, 18: 0.0, 15: 13.722568, 13: 0.0, 34: 15.365231, 48: 0.0, 35: 29.879078, 45: 0.0, 39: 74.464804, 40: 20.641545}",4.008355,14.006657,3.133333,3.133333,"[23.323808, 23.323808, 41.231056, 24.33105, 41.231056, 58.137767, 64.776539, 76.157731, 66.603303, 80.622577, 78.587531, 46.647615, 74.000289, 45.607017, 64.498062]",53.938614,"{11: 7.661904, 10: 21.661904, 15: 0.0, 2: 0.0, 19: 0.0, 32: 0.0, 43: 0.0, 42: 6.147749, 30: 0.0, 48: 0.0, 50: 1.447668, 27: 0.0, 23: 0.0, 39: 0.0, 24: 0.0, 40: 7.052539}","{11: 0.0, 10: 0.0, 15: 10.046376, 2: 2.172571, 19: 5.218947, 32: 6.315588, 43: 2.996202, 42: 0.0, 30: 39.310079, 48: 30.462096, 50: 0.0, 27: 2.364904, 23: 26.345555, 39: 64.344655, 24: 36.468101, 40: 0.0}",2.748235,14.127817,OK,4079.117,cluster,C201_0.5.dat
test_data/data_demand_random_50_batch_all1_equal_cluster/C201_0.5.dat,8,60,2,1,494.6124969,"[[[[0, [1, 2, 4]], [12, [12, 13]], [13, []], [14, [14, 17, 15, 16, 19]], [31, [31, 32, 27, 29, 30, 28, 34, 33]], [32, []], [17, []], [16, []], [15, []], [27, [49, 47, 48, 35, 36, 37, 38]], [29, []], [30, []], [38, []], [49, []], [47, []], [48, []], [34, []], [33, []], [28, []], [35, []], [36, []], [37, []], [19, []], [4, []], [2, []], [1, []]], [[0, [3]], [11, [11, 10, 5, 9, 6, 8, 7]], [10, []], [5, []], [9, []], [6, [40, 39, 25, 24, 26, 20, 21, 22]], [26, []], [40, []], [39, []], [25, []], [8, []], [7, []], [23, [41, 23, 42, 50, 45, 18, 46, 44, 43]], [24, []], [41, []], [42, []], [50, []], [46, []], [45, []], [44, []], [43, []], [22, []], [21, []], [20, []], [18, []], [3, []]]], [[[11, [11, 10, 5, 9, 6, 8, 7]]], [[12, [12, 13]]], [[14, [14, 17, 15, 16, 19]]], [[31, [31, 32, 27, 29, 30, 28, 34, 33]]], [[6, [40, 39, 25, 24, 26, 20, 21, 22]]], [[23, [46, 44, 43]]], [[27, [49, 47, 48, 35, 36, 37, 38]]], [[23, [41, 23, 42, 50, 45, 18]]]]]",567.6619038,"[[[[0, [4, 1, 2]], [4, []], [11, [11, 9, 6, 7, 8, 5]], [1, []], [2, []], [24, [24, 23, 21, 22, 26, 25]], [23, []], [9, [46, 50, 45, 37, 44, 42, 39, 40]], [21, []], [22, []], [46, []], [50, []], [45, []], [37, []], [44, []], [42, []], [6, []], [7, []], [26, []], [40, []], [39, []], [25, []], [8, []], [5, []]], [[0, [3]], [10, [10]], [14, [14, 17, 16, 15, 12, 13]], [17, []], [31, [31, 32, 27, 33, 34, 20, 19]], [32, []], [16, []], [15, []], [12, []], [13, []], [27, [48, 47, 49, 28, 35, 36, 18, 38, 30, 29, 43, 41]], [33, []], [34, []], [48, []], [47, []], [49, []], [38, []], [30, []], [29, []], [28, []], [35, []], [36, []], [43, []], [41, []], [20, []], [19, []], [18, []], [3, []]]], [[[11, [11, 9, 6, 7, 8, 5]], [10, [10]]], [[14, [14, 17, 16, 15, 12, 13]]], [[24, [24, 23, 21, 22, 26, 25]]], [[31, [31, 32, 27, 33, 34, 20, 19]]], [[9, [46, 50, 45, 37, 44, 42, 39, 40]]], [[27, [38, 30, 29, 43, 41]]], [[27, [48, 47, 49, 28, 35, 36, 18]]]]]",5.75,5.75,"[23.323808, 33.526109, 30.265492, 51.224994, 33.105891, 44.72136, 46.647615, 44.72136]",38.442078,"{11: 7.661904, 12: 2.763055, 14: 0.0, 31: 3.849442, 6: 10.891042, 23: 0.0, 27: 0.0}","{11: 0.0, 12: 0.0, 14: 6.306501, 31: 0.0, 6: 0.0, 23: 119.223233, 27: 41.182799}",3.595063,23.816076,6.571429,6.571429,"[28.980662, 30.265492, 45.607017, 51.224994, 36.055513, 46.647615, 46.647615]",40.775558,"{10: 7.661904, 11: 0.0, 14: 0.0, 24: 0.0, 31: 0.0, 9: 18.831265, 27: 0.0}","{10: 0.0, 11: 0.338096, 14: 13.529158, 24: 29.534588, 31: 5.049407, 9: 0.0, 27: 96.54277}",3.784738,20.713431,OK,3855.384,cluster,C201_0.5.dat
test_data/data_demand_random_50_batch_all1_equal_cluster/C201_0.5.dat,8,60,2,2,520.6124969,"[[[[0, [4, 2]], [11, [11, 12]], [10, [10, 17, 15, 16, 13, 14]], [12, []], [14, []], [31, [31, 32, 30, 29, 28, 34, 33, 37]], [32, []], [17, []], [16, []], [15, []], [13, []], [27, [27, 38, 49, 48, 47, 36, 35, 19]], [30, []], [38, []], [49, []], [34, []], [33, []], [48, []], [47, []], [29, []], [28, []], [35, []], [36, []], [37, []], [19, []], [4, []], [2, []]], [[0, [3]], [5, [5, 1, 8, 6, 9, 7]], [7, []], [8, []], [9, []], [6, []], [24, [24, 26, 23, 18, 20, 21, 22, 25]], [25, [40, 39, 41, 42]], [40, []], [39, []], [26, []], [23, [50, 46, 45, 44, 43]], [1, []], [18, []], [20, []], [21, []], [22, []], [41, []], [42, []], [50, []], [46, []], [45, []], [44, []], [43, []], [3, []]]], [[[11, [11, 12]]], [[5, [5, 1, 8, 6, 9, 7]]], [[10, [10, 17, 15, 16, 13, 14]]], [[24, [24, 26, 23, 18, 20, 21, 22, 25]]], [[31, [31, 32, 30, 29, 28, 34, 33, 37]]], [[25, [40, 39, 41, 42]]], [[23, [50, 46, 45, 44, 43]]], [[27, [27, 38, 49, 48, 47, 36, 35, 19]]]]]",,None,5.875,5.875,"[23.323808, 21.540659, 23.323808, 45.607017, 51.224994, 51.419841, 44.72136, 46.647615]",38.476138,"{11: 7.661904, 5: 0.0, 10: 0.0, 24: 0.0, 31: 4.950593, 25: 18.513429, 23: 0.0, 27: 0.0}","{11: 0.0, 5: 3.22967, 10: 5.22967, 24: 8.196491, 31: 0.0, 25: 0.0, 23: 69.927755, 27: 39.06534}",3.890741,15.706116,,,[],,{},{},,,OK,3718.335,cluster,C201_0.5.dat
test_data/data_demand_random_50_batch_all1_equal_cluster/C201_0.5.dat,8,60,2,3,504,"[[[[0, [1]], [1, []], [10, [10, 11, 9, 6, 8, 5, 7]], [11, []], [9, []], [6, []], [8, []], [5, [20, 24, 23, 25, 26, 39, 21, 22]], [20, [50, 46, 45, 44, 43, 40, 41, 42]], [21, []], [22, []], [50, []], [46, []], [45, []], [44, []], [43, []], [42, []], [41, []], [24, []], [23, []], [7, []], [25, []], [26, []], [40, []], [39, []]], [[0, [4, 3, 2]], [2, []], [12, [12, 14, 16, 15, 13, 17]], [14, []], [31, [31, 32, 27, 33, 19]], [32, []], [17, []], [16, []], [15, []], [13, []], [27, [48, 47, 49, 28, 34, 38, 30, 29]], [33, []], [34, []], [48, []], [47, []], [49, []], [38, []], [30, []], [29, []], [28, [35, 36, 37, 18]], [35, []], [36, []], [37, []], [19, []], [18, []], [4, []], [3, []]]], [[[10, [10, 11, 9, 6, 8, 5, 7]]], [[12, [12, 14, 16, 15, 13, 17]]], [[5, [20, 24, 23, 25, 26, 39, 21, 22]]], [[31, [31, 32, 27, 33, 19]]], [[20, [50, 46, 45, 44, 43, 40, 41, 42]]], [[27, [48, 47, 49, 28, 34, 38, 30, 29]]], [[28, [35, 36, 37, 18]]]]]",545.6404669,"[[[[0, [3]], [10, [10]], [14, [14, 16, 17, 13, 15]], [15, []], [16, []], [17, []], [31, [31, 32, 27, 33, 34, 38, 30, 29]], [32, []], [13, []], [27, [48, 47, 49, 28, 35, 36, 37]], [33, []], [34, []], [48, []], [47, []], [49, []], [38, []], [30, []], [29, []], [28, [45, 44, 43]], [35, []], [36, []], [37, []], [45, []], [44, []], [43, []], [3, []]], [[0, [2, 1]], [12, [12, 6, 7, 8, 5, 9, 4]], [11, [11, 22, 21, 20, 18, 19]], [1, []], [5, []], [9, []], [6, []], [23, [40, 39, 41, 42, 46, 50, 23, 26]], [7, []], [8, []], [40, []], [39, []], [26, []], [25, [25, 24]], [24, []], [41, []], [42, []], [46, []], [50, []], [22, []], [21, []], [20, []], [18, []], [19, []], [4, []], [2, []]]], [[[12, [12, 6, 7, 8, 5, 9, 4]], [10, [10]]], [[14, [14, 16, 17, 13, 15]]], [[11, [11, 22, 21, 20, 18, 19]]], [[31, [31, 32, 27, 33, 34, 38, 30, 29]]], [[23, [40, 39, 41, 42, 46, 50, 23, 26]]], [[25, [25, 24]]], [[27, [48, 47, 49, 28, 35, 36, 37]]], [[28, [45, 44, 43]]]]]",6.571429,6.571429,"[23.323808, 33.526109, 21.540659, 51.224994, 50.596443, 46.647615, 48.166378]",39.289429,"{10: 0.0, 12: 0.0, 5: 0.0, 31: 0.0, 20: 0.0, 27: 0.0, 28: 0.0}","{10: 8.338096, 12: 11.236945, 5: 7.22967, 31: 4.387503, 20: 9.089282, 27: 53.905863, 28: 102.61859}",0,28.115136,5.875,5.875,"[34.507721, 30.265492, 23.323808, 51.224994, 44.72136, 51.419841, 46.647615, 48.166378]",41.284651,"{10: 7.661904, 12: 9.732972, 14: 0.0, 11: 0.0, 31: 0.0, 23: 0.0, 25: 0.0, 27: 0.0, 28: 0.0}","{10: 0.0, 12: 0.0, 14: 13.529158, 11: 1.575042, 31: 11.049407, 23: 2.372292, 25: 96.748651, 27: 4.244445, 28: 60.593003}",1.932764,21.123555,OK,5424.713,cluster,C201_0.5.dat
test_data/data_demand_random_50_batch_all1_equal_cluster/C201_0.5.dat,8,90,2,4,504.0688837,"[[[[0, []], [15, [15, 16, 17, 14, 12, 10, 6, 13]], [16, []], [17, []], [32, [32, 31, 24, 25, 26, 11, 7, 9]], [31, []], [14, []], [13, []], [12, []], [10, []], [11, []], [24, []], [9, []], [6, []], [25, []], [40, [40, 39, 23, 8, 5]], [39, []], [26, []], [23, []], [7, []], [8, []], [5, []]], [[0, [3, 2, 4, 1]], [3, []], [2, []], [4, []], [19, [19]], [27, [27, 28, 29, 34, 33, 30]], [28, []], [29, []], [34, []], [33, []], [48, [48, 47, 49, 36, 37, 44, 43, 45, 38, 35]], [47, []], [49, []], [30, []], [38, []], [35, []], [36, []], [37, []], [43, []], [44, []], [45, []], [46, [46, 50, 42, 41, 21, 22, 20, 18]], [50, []], [42, []], [41, []], [21, []], [22, []], [20, []], [18, []], [1, []]]], [[[15, [15, 16, 17, 14, 12, 10, 6, 13]]], [[19, [19]]], [[32, [32, 31, 24, 25, 26, 11, 7, 9]]], [[27, [27, 28, 29, 34, 33, 30]]], [[48, [38, 35]]], [[48, [48, 47, 49, 36, 37, 44, 43, 45]]], [[40, [40, 39, 23, 8, 5]]], [[46, [46, 50, 42, 41, 21, 22, 20, 18]]]]]",537.6568542,"[[[[0, []], [5, [5]], [11, [11, 13, 6, 9]], [27, [27, 17, 26, 25, 14, 15, 16]], [13, []], [14, []], [15, []], [16, []], [17, []], [32, [32, 31, 39, 40, 23, 24, 7, 8]], [31, []], [39, []], [40, []], [26, []], [25, []], [23, []], [24, []], [7, []], [8, []], [6, []], [9, []]], [[0, [4, 3, 1, 2]], [3, []], [1, []], [2, []], [10, [10, 12, 21, 19]], [12, []], [28, [28, 29, 30, 34, 33, 38, 35, 36]], [29, []], [30, []], [34, []], [33, []], [48, [48, 47, 49, 37, 43, 44, 45, 46]], [47, []], [49, []], [38, []], [35, []], [36, []], [37, []], [43, []], [44, []], [45, []], [46, []], [50, [50, 22, 20, 18, 42, 41]], [22, []], [21, []], [42, []], [41, []], [20, []], [18, []], [19, []], [4, []]]], [[[5, [5]]], [[10, [10, 12, 21, 19]], [11, [11, 13, 6, 9]]], [[27, [27, 17, 26, 25, 14, 15, 16]]], [[28, [28, 29, 30, 34, 33, 38, 35, 36]]], [[32, [32, 31, 39, 40, 23, 24, 7, 8]]], [[48, [48, 47, 49, 37, 43, 44, 45, 46]]], [[50, [50, 22, 20, 18, 42, 41]]]]]",5.75,5.75,"[41.231056, 41.231056, 58.137767, 46.647615, 80.622577, 80.622577, 64.498062, 82.462113]",61.931603,"{15: 12.615528, 19: 14.615528, 32: 4.453356, 27: 0.0, 48: 0.0, 40: 0.0, 46: 0.0}","{15: 0.0, 19: 0.0, 32: 0.0, 27: 2.060664, 48: 14.531376, 40: 70.893036, 46: 76.457655}",4.526345,23.42039,6.571429,6.571429,"[21.540659, 28.980662, 46.647615, 48.166378, 58.137767, 80.622577, 78.587531]",51.811884,"{5: 0.0, 11: 0.0, 10: 17.661904, 27: 0.0, 28: 0.0, 32: 0.0, 48: 0.0, 50: 0.0}","{5: 3.22967, 11: 9.338096, 10: 0.0, 27: 5.676192, 28: 1.578715, 32: 57.607309, 48: 5.605522, 50: 70.394946}",2.207738,19.178806,OK,4491.946,cluster,C201_0.5.dat
test_data/data_demand_random_50_batch_all1_equal_random/C201_0.5.dat,4,120,2,5,585.2210894,"[[[[0, [1, 2, 10, 8, 4]], [5, [5, 11, 9, 12]], [31, [31, 18, 16, 17]], [11, []], [45, [45, 29, 34, 33]], [18, []], [9, []], [29, []], [34, []], [17, []], [49, [49, 36, 41]], [1, []], [36, []], [41, []], [12, []], [10, []], [2, []], [8, []], [16, []], [40, [40, 50]], [50, []], [33, []], [4, []]], [[0, [3]], [13, [13, 6, 15, 7]], [7, []], [19, [19, 28, 24, 26]], [6, []], [15, []], [3, []], [47, [47, 30, 25, 21]], [25, []], [46, [46, 27, 38, 35]], [39, [39, 32, 42, 37]], [27, [14, 22, 23, 20]], [30, []], [38, []], [14, []], [32, []], [22, []], [42, []], [35, []], [28, []], [24, []], [37, []], [48, [48, 44, 43]], [23, []], [21, []], [44, []], [26, []], [43, []], [20, []]]], [[[5, [5, 11, 9, 12]]], [[13, [13, 6, 15, 7]]], [[19, [19, 28, 24, 26]]], [[31, [31, 18, 16, 17]]], [[45, [45, 29, 34, 33]]], [[47, [47, 30, 25, 21]]], [[46, [46, 27, 38, 35]]], [[39, [39, 32, 42, 37]]], [[27, [14, 22, 23, 20]]], [[48, [48, 44, 43]]], [[49, [49, 36, 41]]], [[40, [40, 50]]]]]",683.7308492,"[[[[0, [1, 4, 2]], [14, [14, 8, 16, 11]], [11, []], [29, [29, 33, 23, 10]], [10, []], [2, []], [8, []], [16, []], [4, []], [33, []], [50, [50, 40, 48, 45, 31, 37]], [40, []], [23, []], [48, []], [37, []], [1, []], [36, [36, 18, 9, 22]], [22, []], [45, []], [18, []], [9, []], [31, []]], [[0, []], [13, [13, 15, 6, 7]], [7, []], [19, [19, 27, 12, 17]], [6, []], [15, []], [27, []], [39, [39, 42, 35, 44, 43, 3, 41, 5]], [3, []], [47, [47, 25, 32, 28]], [25, []], [46, [46, 49]], [32, []], [42, []], [34, [34, 38, 30, 24]], [41, []], [49, []], [12, []], [17, []], [35, []], [28, []], [43, []], [26, [26, 21, 20]], [44, []], [21, []], [24, []], [5, []], [20, []], [38, []], [30, []]]], [[[13, [13, 15, 6, 7]]], [[14, [14, 8, 16, 11]]], [[29, [29, 33, 23, 10]]], [[19, [19, 27, 12, 17]]], [[39, [39, 42, 35, 41]]], [[39, [44, 43, 3, 5]]], [[47, [47, 25, 32, 28]]], [[46, [46, 49]], [50, [45, 31]]], [[50, [50, 40, 48, 37]]], [[34, [34, 38, 30, 24]]], [[26, [26, 21, 20]]], [[36, [36, 18, 9, 22]]]]]",3.666667,3.666667,"[30.0, 62.096699, 64.498062, 30.265492, 53.814496, 38.626416, 21.540659, 33.105891, 36.055513, 67.082039, 80.622577, 78.587531]",49.691281,"{5: 0.0, 13: 0.0, 19: 0.0, 31: 0.181095, 45: 0.039994, 47: 0.0, 46: 0.0, 39: 0.0, 27: 1.798086, 48: 0.0, 49: 0.0, 40: 0.0}","{5: 15.0, 13: 2.951651, 19: 7.750969, 31: 0.0, 45: 0.0, 47: 10.437761, 46: 2.101333, 39: 7.133847, 27: 0.0, 48: 162.704121, 49: 9.083958, 40: 66.394946}",0.168265,23.629882,3.916667,3.916667,"[62.096699, 23.323808, 55.461698, 64.498062, 33.105891, 33.105891, 38.626416, 88.001386, 82.462113, 61.611687, 40.0, 78.714675]",55.084027,"{13: 0.0, 14: 21.661904, 29: 2.068945, 19: 19.29738, 39: 0.0, 47: 1.866153, 46: 0.0, 50: 5.772738, 34: 14.604215, 26: 0.0, 36: 0.0}","{13: 2.951651, 14: 0.0, 29: 0.0, 19: 0.0, 39: 28.48076, 47: 0.0, 46: 35.542878, 50: 2.023051, 34: 0.0, 26: 144.033106, 36: 18.799919}",5.933758,21.075579,OK,4231.006,random,C201_0.5.dat
test_data/data_demand_random_50_batch_all1_equal_random/C201_0.5.dat,8,60,2,1,554.0831892,"[[[[0, [4, 3]], [15, [15, 6, 7, 13]], [7, []], [6, [25, 27, 28, 19, 21, 23, 26, 20]], [13, []], [19, []], [25, []], [27, []], [20, []], [43, [43, 44, 33, 40, 37, 24]], [26, []], [28, []], [24, [50, 48, 47, 39, 46]], [44, []], [4, []], [33, []], [50, []], [40, []], [21, []], [37, []], [23, []], [48, []], [3, []], [47, []], [39, []], [46, []]], [[0, [1, 2]], [5, [5, 8, 10, 12, 16]], [16, []], [8, []], [2, []], [35, [35, 32, 49, 38, 30, 31, 29, 17]], [42, [42, 34, 41, 36, 45, 9, 11, 14]], [34, []], [17, []], [10, []], [12, []], [41, []], [49, []], [36, []], [1, []], [22, [22, 18]], [32, []], [9, []], [18, []], [45, []], [29, []], [11, []], [31, []], [14, []], [38, []], [30, []]]], [[[15, [15, 6, 7, 13]]], [[5, [5, 8, 10, 12, 16]]], [[6, [25, 27, 28, 19, 21, 23, 26, 20]]], [[35, [35, 32, 49, 38, 30, 31, 29, 17]]], [[42, [42, 34, 41, 36, 45, 9, 11, 14]]], [[22, [22, 18]]], [[43, [43, 44, 33, 40, 37, 24]]], [[24, [50, 48, 47, 39, 46]]]]]",,None,5.75,5.75,"[44.72136, 30.0, 51.419841, 48.166378, 46.647615, 39.293765, 34.234486, 50.596443]",43.134986,"{15: 4.36068, 5: 27.0, 6: 3.34924, 35: 7.083189, 42: 0.0, 22: 0.0, 43: 0.0, 24: 0.0}","{15: 0.0, 5: 0.0, 6: 0.0, 35: 0.0, 42: 39.339541, 22: 109.269928, 43: 26.185681, 24: 11.584536}",5.224139,23.297461,,,[],,{},{},,,OK,3986.876,random,C201_0.5.dat
test_data/data_demand_random_50_batch_all1_equal_random/C201_0.5.dat,8,60,2,2,526.9072481,"[[[[0, [4, 3]], [3, []], [15, [15, 25, 19, 13, 7, 6, 5]], [25, []], [19, []], [13, []], [7, []], [6, []], [47, [47, 43, 27, 20, 24, 21, 23, 26]], [46, [46, 39, 48, 33, 40, 38, 37]], [39, []], [27, [50, 44]], [48, []], [37, []], [21, []], [23, []], [40, []], [50, []], [33, []], [4, []], [44, []], [24, []], [26, []], [5, []], [43, []], [20, []], [38, []]], [[0, [1]], [14, [14, 12, 8, 16, 11, 9, 10, 2, 29, 18, 22, 17, 30]], [11, []], [29, []], [18, []], [9, []], [45, [41, 36, 45, 42, 32, 49, 34, 35, 31, 28]], [31, []], [32, []], [22, []], [42, []], [17, []], [10, []], [12, []], [41, []], [49, []], [1, []], [36, []], [34, []], [35, []], [2, []], [8, []], [16, []], [28, []], [30, []]]], [[[14, [2, 29, 18, 22, 17, 30]]], [[14, [14, 12, 8, 16, 11, 9, 10]]], [[15, [15, 25, 19, 13, 7, 6, 5]]], [[45, [31, 28]]], [[45, [41, 36, 45, 42, 32, 49, 34, 35]]], [[47, [47, 43, 27, 20, 24, 21, 23, 26]]], [[46, [46, 39, 48, 33, 40, 38, 37]]], [[27, [50, 44]]]]]",,None,5.875,5.875,"[23.323808, 23.323808, 44.72136, 53.814496, 53.814496, 38.626416, 21.540659, 36.055513]",36.902569,"{14: 86.323808, 15: 16.684487, 45: 3.245344, 47: 0.0, 46: 0.0, 27: 0.0}","{14: 0.0, 15: 0.0, 45: 38.430848, 47: 1.802128, 46: 34.099662, 27: 11.659036}",17.70894,14.331945,,,[],,{},{},,,OK,5224.177,random,C201_0.5.dat
test_data/data_demand_random_50_batch_all1_equal_random/C201_0.5.dat,8,60,2,3,531.7099203,"[[[[0, [4]], [3, [3, 15, 13, 6, 5, 16, 7]], [15, []], [6, [19, 25, 27, 24, 21, 23, 26, 20]], [13, []], [19, []], [7, []], [47, [47, 46, 39, 37, 40, 33, 28]], [25, []], [46, []], [39, []], [27, []], [24, [48, 50, 43, 44]], [21, []], [37, []], [48, []], [23, []], [40, []], [50, []], [33, []], [44, []], [4, []], [16, []], [28, []], [26, []], [43, []], [5, []], [20, []]], [[0, [2, 1]], [14, [14, 9, 18, 11, 22, 12, 17]], [31, [31, 29, 32, 10, 8]], [9, []], [18, []], [45, [45, 42, 35, 34, 38, 41, 36]], [29, []], [11, []], [22, []], [32, []], [42, [49, 30]], [34, []], [17, []], [41, []], [49, []], [36, []], [1, []], [12, []], [10, []], [8, []], [2, []], [35, []], [38, []], [30, []]]], [[[14, [14, 9, 18, 11, 22, 12, 17]]], [[3, [3, 15, 13, 6, 5, 16, 7]]], [[6, [19, 25, 27, 24, 21, 23, 26, 20]]], [[31, [31, 29, 32, 10, 8]]], [[47, [47, 46, 39, 37, 40, 33, 28]]], [[45, [45, 42, 35, 34, 38, 41, 36]]], [[42, [49, 30]]], [[24, [48, 50, 43, 44]]]]]",,None,5.875,5.875,"[23.323808, 45.607017, 51.419841, 30.265492, 38.626416, 53.814496, 46.647615, 50.596443]",42.537641,"{14: 35.661904, 3: 0.803509, 6: 10.906412, 31: 15.470842, 47: 0.0, 45: 0.0, 42: 0.0, 24: 0.0}","{14: 0.0, 3: 0.0, 6: 0.0, 31: 0.0, 47: 45.396712, 45: 8.805657, 42: 45.768944, 24: 41.388571}",7.855333,17.669986,,,[],,{},{},,,OK,3391.058,random,C201_0.5.dat
test_data/data_demand_random_50_batch_all1_equal_random/C201_0.5.dat,8,90,2,4,540.3112887,"[[[[0, [1, 2, 4, 3]], [3, [12, 10, 8, 5]], [5, []], [1, []], [49, [49, 36, 41, 34, 16, 23, 21, 24]], [36, []], [41, []], [12, []], [10, []], [17, [17, 26, 28, 30]], [34, []], [35, [35, 33, 40, 37, 50, 48, 44]], [2, []], [8, []], [16, []], [4, []], [33, []], [50, []], [40, []], [23, []], [48, []], [37, []], [21, []], [44, []], [24, []], [26, []], [28, []], [30, []]], [[0, []], [13, [13, 14, 15, 9, 11, 7, 6]], [7, []], [19, [19, 27, 25, 18, 29, 22, 20]], [6, []], [15, []], [27, []], [39, [39, 46, 47, 32, 31, 42, 38]], [25, []], [47, []], [46, []], [14, []], [32, []], [31, []], [9, []], [18, []], [45, [45, 43]], [29, []], [11, []], [22, []], [42, []], [38, []], [20, []], [43, []]]], [[[13, [13, 14, 15, 9, 11, 7, 6]]], [[3, [12, 10, 8, 5]]], [[19, [19, 27, 25, 18, 29, 22, 20]]], [[49, [49, 36, 41, 34, 16, 23, 21, 24]]], [[39, [39, 46, 47, 32, 31, 42, 38]]], [[17, [17, 26, 28, 30]]], [[35, [35, 33, 40, 37, 50, 48, 44]]], [[45, [45, 43]]]]]",,None,5.75,5.75,"[62.096699, 45.607017, 64.498062, 80.622577, 33.105891, 66.603303, 48.166378, 53.814496]",56.814303,"{13: 0.0, 3: 0.0, 19: 0.0, 49: 8.311289, 39: 0.0, 17: 0.0, 35: 0.0, 45: 0.0}","{13: 2.951651, 3: 13.196491, 19: 0.947461, 49: 0.0, 39: 3.198024, 17: 7.456692, 35: 10.605522, 45: 45.479812}",1.038911,10.479456,,,[],,{},{},,,OK,6437.111,random,C201_0.5.dat
test_data/data_demand_random_50_batch_all1_equal_cluster/C201_1.5.dat,4,60,2,1,767.0831892,"[[[[0, [2, 6]], [15, [15, 12, 13, 14]], [12, []], [13, []], [14, []], [9, [9, 22, 23]], [2, [29, 30, 31, 28, 26, 27, 25]], [29, []], [30, []], [31, []], [28, []], [26, []], [27, []], [6, []], [22, [50, 42, 41, 40, 37, 38, 39, 48, 47, 46, 49]], [23, []], [50, []], [49, []], [42, []], [41, []], [40, []], [37, []], [38, []], [39, []], [48, []], [47, []], [46, []], [25, []]], [[0, [4, 5, 3, 1]], [8, [8, 7, 10, 11]], [7, []], [4, []], [5, []], [21, [21, 20, 19, 17]], [20, []], [19, []], [17, []], [34, [34, 32, 33, 18, 16, 24]], [32, []], [33, []], [18, [35, 36]], [35, []], [24, []], [36, []], [3, []], [1, []], [10, []], [11, []], [16, [44, 43, 45]], [44, []], [43, []], [45, []]]], [[[8, [8, 7, 10, 11]]], [[15, [15, 12, 13, 14]]], [[9, [9, 22, 23]]], [[21, [21, 20, 19, 17]]], [[2, [29, 30, 31, 28]]], [[2, [26, 27, 25]]], [[34, [34, 32, 33, 18]]], [[34, [16, 24]]], [[18, [35, 36]]], [[22, [40, 37, 38, 39]]], [[22, [50, 42, 41, 49]]], [[22, [48, 47, 46]]], [[16, [44, 43, 45]]]]]",811.5982083,"[[[[0, [2, 6, 3, 5, 7, 8]], [6, []], [2, []], [12, [12, 9, 19, 20]], [9, []], [25, [25, 26, 27, 28, 31, 29, 22]], [26, []], [27, []], [28, []], [31, []], [29, []], [3, []], [5, []], [7, []], [19, []], [20, []], [8, [38, 37]], [38, []], [37, []], [22, [45, 43, 44]], [43, []], [44, []], [45, []]], [[0, [4, 1]], [4, []], [10, [10, 15, 16, 13]], [15, []], [16, []], [13, []], [14, [14, 11, 17, 18]], [11, []], [1, []], [17, []], [32, [32, 33, 34, 35]], [33, []], [34, []], [35, []], [18, []], [21, [21, 23, 50, 49, 24, 39, 46, 47, 48, 30, 36, 42, 41, 40]], [23, []], [36, []], [50, []], [49, []], [42, []], [41, []], [40, []], [24, []], [39, []], [46, []], [47, []], [48, []], [30, []]]], [[[10, [10, 15, 16, 13]]], [[12, [12, 9, 19, 20]]], [[14, [14, 11, 17, 18]]], [[25, [25, 26, 27, 28]]], [[25, [31, 29, 22]]], [[32, [32, 33, 34, 35]]], [[21, [21, 23, 24, 30]]], [[21, [36, 42, 41, 40]]], [[21, [50, 49, 39, 46]]], [[21, [47, 48]], [8, [38, 37]]], [[22, [45, 43, 44]]]]]",3.384615,3.384615,"[23.323808, 45.607017, 21.540659, 46.647615, 24.33105, 24.33105, 53.814496, 53.814496, 41.231056, 48.166378, 48.166378, 48.166378, 51.419841]",40.812325,"{8: 57.661904, 15: 36.803509, 9: 0.0, 21: 0.0, 2: 36.724033, 34: 59.821739, 18: 0.0, 22: 111.835328, 16: 0.0}","{8: 0.0, 15: 0.0, 9: 16.033179, 21: 20.338096, 2: 0.0, 34: 0.0, 18: 10.477224, 22: 22.082336, 16: 76.362}",33.649612,16.143648,3.818182,3.818182,"[33.105891, 37.363083, 44.72136, 50.596443, 50.596443, 51.224994, 46.647615, 46.647615, 46.647615, 46.647615, 48.166378]",45.66955,"{10: 2.552945, 12: 47.681542, 14: 0.0, 25: 35.233359, 32: 0.059552, 21: 103.844429, 8: 6.299987, 22: 0.0}","{10: 0.0, 12: 0.0, 14: 10.192266, 25: 0.0, 32: 0.0, 21: 159.980936, 8: 0.0, 22: 32.931099}",24.458977,25.388038,OK,3361.466,cluster,C201_1.5.dat
test_data/data_demand_random_50_batch_all1_equal_cluster/C201_1.5.dat,4,90,2,5,746.3112887,"[[[[0, [5, 3]], [5, []], [3, []], [10, [10, 15, 9, 14]], [15, []], [9, []], [14, []], [16, [16, 12, 11, 19]], [12, []], [11, []], [19, []], [20, [20, 22, 31, 28]], [22, []], [37, [37, 38, 39]], [38, []], [39, []], [48, [48, 47, 46, 13]], [47, []], [46, []], [31, []], [28, []], [13, []], [43, [43, 44, 45]], [44, []], [45, []]], [[0, [6, 7, 1, 2]], [8, [8, 4]], [4, []], [6, []], [7, []], [1, []], [2, []], [30, [30, 29, 27, 26]], [29, []], [27, []], [26, []], [25, [25, 24, 23, 21]], [41, [41, 40, 42, 36]], [40, []], [24, []], [23, []], [42, []], [36, []], [49, [49, 50, 35, 18]], [50, []], [21, []], [18, []], [35, []], [34, [34, 33, 32, 17]], [33, []], [32, []], [17, []]]], [[[8, [8, 4]]], [[10, [10, 15, 9, 14]]], [[16, [16, 12, 11, 19]]], [[20, [20, 22, 31, 28]]], [[30, [30, 29, 27, 26]]], [[25, [25, 24, 23, 21]]], [[41, [41, 40, 42, 36]]], [[37, [37, 38, 39]]], [[48, [48, 47, 46, 13]]], [[49, [49, 50, 35, 18]]], [[34, [34, 33, 32, 17]]], [[43, [43, 44, 45]]]]]",871.1460738,"[[[[0, [6, 4, 3, 2, 1, 7]], [7, []], [6, []], [4, []], [3, []], [2, []], [15, [15, 16, 11, 13]], [16, []], [11, []], [13, []], [14, [14, 21, 20, 23]], [25, [25, 24, 31]], [1, []], [21, []], [20, []], [23, []], [24, []], [42, [42, 41, 40, 37]], [41, []], [40, []], [37, []], [38, [38, 39, 48, 47]], [39, []], [48, []], [47, []], [46, [46, 43, 44, 45]], [31, []], [43, []], [44, []], [45, []]], [[0, [5, 8]], [8, []], [9, [9, 10, 12, 19]], [10, []], [12, []], [28, [28, 27, 26, 30]], [27, []], [26, []], [30, []], [29, [29]], [5, [36, 22, 18]], [36, []], [19, []], [22, []], [49, [49, 50, 35, 33]], [50, []], [35, []], [33, []], [32, [32, 34, 17]], [34, []], [18, []], [17, []]]], [[[9, [9, 10, 12, 19]]], [[15, [15, 16, 11, 13]]], [[14, [14, 21, 20, 23]]], [[28, [28, 27, 26, 30]]], [[29, [29]], [25, [25, 24, 31]]], [[5, [36, 22, 18]]], [[42, [42, 41, 40, 37]]], [[38, [38, 39, 48, 47]]], [[49, [49, 50, 35, 33]]], [[46, [46, 43, 44, 45]]], [[32, [32, 34, 17]]]]]",3.666667,3.666667,"[23.323808, 33.105891, 51.419841, 39.293765, 70.710678, 50.596443, 78.102497, 61.05735, 80.622577, 80.622577, 53.814496, 62.096699]",57.063885,"{8: 0.0, 10: 0.0, 16: 0.0, 20: 0.0, 30: 84.065259, 25: 24.65356, 41: 5.332429, 37: 55.528675, 48: 12.782614, 49: 11.362537, 34: 0.0, 43: 0.0}","{8: 20.338096, 10: 1.447055, 16: 26.29008, 20: 57.353117, 30: 0.0, 25: 0.0, 41: 0.0, 37: 0.0, 48: 0.0, 49: 0.0, 34: 63.88396, 43: 37.537865}",16.143756,17.237514,3.818182,3.818182,"[21.540659, 45.607017, 44.72136, 67.082039, 66.230495, 40.0, 72.111026, 68.35203, 80.622577, 78.587531, 51.224994]",57.82543,"{9: 89.77033, 15: 0.0, 14: 0.0, 28: 13.77069, 25: 0.298221, 29: 0.0, 5: 0.0, 42: 0.0, 38: 7.877794, 49: 0.0, 46: 9.46978, 32: 0.0}","{9: 0.0, 15: 27.196491, 14: 22.835812, 28: 0.0, 25: 0.0, 29: 15.242798, 5: 23.54102, 42: 3.242709, 38: 0.0, 49: 56.875997, 46: 0.0, 32: 60.076214}",10.098901,17.417587,OK,6114.875,cluster,C201_1.5.dat
test_data/data_demand_random_50_batch_all1_equal_cluster/C201_1.5.dat,4,120,2,3,749.3573373,"[[[[0, [7, 2, 8, 3]], [8, []], [11, [11, 12, 16, 10]], [12, []], [16, []], [25, [25, 14, 24, 22, 13, 30, 29, 23]], [10, []], [14, []], [13, []], [7, []], [2, []], [22, []], [23, []], [42, [42, 36, 41, 40]], [36, []], [41, []], [50, [50, 49, 37, 38]], [49, []], [24, []], [40, []], [37, []], [38, []], [39, [39, 46, 47, 48]], [46, []], [47, []], [48, []], [30, []], [29, []], [3, []]], [[0, [6, 1, 5, 4]], [5, []], [4, []], [6, []], [1, [15, 9]], [19, [19, 20, 21, 17]], [20, []], [21, []], [17, []], [18, [18, 28, 31, 27]], [32, [32, 33, 35, 34]], [33, []], [34, []], [35, []], [45, [45, 44, 43, 26]], [44, []], [43, []], [15, []], [28, []], [31, []], [27, []], [26, []], [9, []]]], [[[1, [15, 9]]], [[11, [11, 12, 16, 10]]], [[19, [19, 20, 21, 17]]], [[25, [25, 24, 30, 29]]], [[25, [14, 22, 13, 23]]], [[18, [18, 28, 31, 27]]], [[32, [32, 33, 35, 34]]], [[42, [42, 36, 41, 40]]], [[45, [45, 44, 43, 26]]], [[50, [50, 49, 37, 38]]], [[39, [39, 46, 47, 48]]]]]",779.7987748,"[[[[0, [2, 1, 4]], [9, [9, 14, 16]], [1, []], [2, []], [18, [18]], [4, [25, 27, 29]], [25, []], [27, []], [29, []], [30, [30, 26, 28, 31]], [26, []], [28, []], [14, []], [16, []], [45, [45, 44, 43, 46]], [44, []], [43, []], [31, []], [46, []], [47, [47, 48, 39]], [48, []], [39, []]], [[0, [7, 3, 5, 6]], [7, []], [12, [12, 10, 11, 15]], [10, []], [11, []], [15, []], [13, [13]], [3, [22, 23, 17, 19, 20, 21, 24]], [5, []], [6, []], [22, []], [20, []], [21, []], [24, []], [23, []], [17, [8]], [33, [33, 32, 34, 35, 36, 42, 41, 38]], [32, []], [34, []], [35, []], [50, [50, 49, 37, 40]], [36, []], [49, []], [42, []], [41, []], [40, []], [38, []], [37, []], [19, []], [8, []]]], [[[12, [12, 10, 11, 15]]], [[9, [9, 14, 16]]], [[13, [13]]], [[3, [22, 23, 17, 19]]], [[3, [20, 21, 24]], [18, [18]]], [[17, [8]]], [[4, [25, 27, 29]]], [[30, [30, 26, 28, 31]]], [[33, [33, 32, 34, 35]]], [[33, [36, 42, 41, 38]]], [[50, [50, 49, 37, 40]]], [[45, [45, 44, 43, 46]]], [[47, [47, 48, 39]]]]]",3.818182,3.818182,"[20.0, 38.626416, 33.526109, 50.596443, 50.596443, 41.231056, 51.224994, 72.111026, 62.096699, 78.714675, 72.691127]",51.946817,"{1: 0.0, 11: 7.313208, 19: 32.763055, 25: 92.496136, 18: 16.975025, 32: 23.874417, 42: 0.231182, 45: 0.0, 50: 2.301825, 39: 0.0}","{1: 4.0, 11: 0.0, 19: 0.0, 25: 0.0, 18: 0.0, 32: 0.0, 42: 0.0, 45: 4.564148, 50: 0.0, 39: 32.350927}",17.595485,4.091507,3.307692,3.307692,"[37.363083, 21.540659, 36.055513, 30.0, 63.899799, 30.265492, 34.234486, 70.710678, 58.137767, 58.137767, 78.714675, 62.096699, 82.462113]",51.047595,"{12: 6.681542, 9: 60.77033, 13: 0.0, 3: 0.0, 18: 0.0, 17: 0.0, 4: 0.0, 30: 0.0, 33: 0.0, 50: 0.0, 45: 1.028445, 47: 0.0}","{12: 0.0, 9: 0.0, 13: 23.113126, 3: 27.653785, 18: 2.257836, 17: 161.867254, 4: 38.653087, 30: 17.527418, 33: 11.28536, 50: 55.573779, 45: 0.0, 47: 71.720594}",5.706693,34.137687,OK,3437.667,cluster,C201_1.5.dat
test_data/data_demand_random_50_batch_all1_equal_cluster/C201_1.5.dat,8,90,2,3,744.3573373,"[[[[0, [8]], [9, [9, 12]], [12, []], [20, [20, 16]], [21, [21, 22, 17, 18, 19]], [22, []], [17, []], [18, []], [32, [32, 33, 34, 35, 36]], [33, []], [34, []], [35, []], [36, []], [19, []], [8, []], [16, []], [43, [43, 44, 45]], [44, []], [45, []]], [[0, [7, 2, 4, 5, 1, 3, 6]], [7, []], [2, []], [4, []], [15, [15, 11, 13, 10, 14]], [11, []], [13, []], [10, []], [14, []], [6, []], [1, []], [3, []], [25, [25, 28, 31, 26, 27, 30, 29]], [28, []], [31, []], [26, []], [27, []], [30, []], [29, []], [38, [38, 37, 42, 41, 40, 39, 24, 23]], [37, []], [24, []], [23, []], [50, [50, 49, 46, 47, 48]], [49, []], [42, []], [41, []], [40, []], [39, []], [46, []], [47, []], [48, []], [5, []]]], [[[9, [9, 12]]], [[15, [15, 11, 13, 10, 14]]], [[20, [20, 16]]], [[21, [21, 22, 17, 18, 19]]], [[25, [25, 28, 31, 26, 27, 30, 29]]], [[32, [32, 33, 34, 35, 36]]], [[38, [38, 37, 42, 41, 40, 39, 24, 23]]], [[43, [43, 44, 45]]], [[50, [50, 49, 46, 47, 48]]]]]",,None,4.666667,4.666667,"[21.540659, 45.607017, 39.293765, 46.647615, 50.596443, 51.224994, 68.35203, 62.096699, 78.714675]",51.563766,"{9: 60.77033, 15: 0.803509, 20: 0.0, 21: 0.0, 25: 0.0, 32: 8.842167, 38: 3.372506, 43: 0.0, 50: 4.181322}","{9: 0.0, 15: 0.0, 20: 11.123447, 21: 28.446522, 25: 39.505287, 32: 0.0, 38: 0.0, 43: 116.564148, 50: 0.0}",8.663315,21.737712,,,[],,{},{},,,OK,3893.737,cluster,C201_1.5.dat
test_data/data_demand_random_50_batch_all1_equal_random/C201_1.5.dat,4,60,2,1,747.0831892,"[[[[0, [2, 3, 4]], [9, [9]], [13, [13, 10, 8, 11]], [3, []], [4, []], [2, []], [19, [19, 23, 14, 27, 24]], [10, []], [22, [22, 25, 29]], [14, []], [27, []], [25, []], [23, []], [29, []], [45, [45]], [43, [43, 48, 46, 44]], [8, []], [24, []], [48, []], [46, [37]], [37, []], [44, []], [11, []]], [[0, [5, 1]], [5, []], [15, [15, 6, 18, 7, 17, 16, 12]], [18, []], [7, []], [17, []], [26, [26, 32, 31, 21]], [1, []], [31, []], [32, []], [38, [38, 28, 34, 33]], [36, [36, 20, 40]], [6, [30, 42, 41, 39]], [20, []], [30, [49, 47, 50, 35]], [28, []], [40, []], [39, []], [49, []], [21, []], [47, []], [42, []], [34, []], [41, []], [16, []], [12, []], [50, []], [35, []], [33, []]]], [[[9, [9]]], [[13, [13, 10, 8, 11]]], [[15, [6, 18, 16, 12]]], [[15, [15, 7, 17]]], [[19, [19, 14, 27, 24]]], [[19, [23]]], [[22, [22, 25, 29]]], [[26, [26, 32, 31, 21]]], [[38, [38, 28, 34, 33]]], [[36, [36, 20, 40]]], [[6, [30, 42, 41, 39]]], [[30, [49, 47, 50, 35]]], [[45, [45]]], [[43, [43, 48, 46, 44]]], [[46, [37]]]]]",,None,3,3,"[24.33105, 21.540659, 46.647615, 46.647615, 45.607017, 45.607017, 36.055513, 41.231056, 30.265492, 39.293765, 33.526109, 48.166378, 23.323808, 44.72136, 51.419841]",38.558953,"{9: 31.165525, 13: 0.0, 15: 62.647615, 19: 26.637983, 22: 29.862231, 26: 0.0, 38: 0.0, 36: 0.0, 6: 0.0, 30: 1.759382, 45: 0.0, 43: 0.0, 46: 0.0}","{9: 0.0, 13: 0.395195, 15: 0.0, 19: 14.714401, 22: 0.0, 26: 2.101262, 38: 54.191062, 36: 29.676925, 6: 1.104199, 30: 0.0, 45: 10.27899, 43: 17.977416, 46: 96.151458}",11.697903,17.43007,,,[],,{},{},,,OK,5112.902,random,C201_1.5.dat
test_data/data_demand_random_50_batch_all1_equal_random/C201_1.5.dat,4,90,2,5,721.2982213,"[[[[0, [4, 3, 2, 5]], [5, []], [11, [11, 10]], [10, [22, 14]], [22, []], [19, [19, 25, 27, 8]], [2, []], [4, []], [3, []], [27, []], [14, []], [25, []], [34, [34, 41, 16, 12]], [41, []], [16, []], [12, []], [50, [50, 43, 48, 24]], [43, []], [8, []], [48, []], [24, []], [46, [46, 37, 44, 13]], [37, []], [44, []], [13, []]], [[0, [1]], [9, [9, 6, 7]], [6, []], [7, []], [18, [18, 17, 15]], [17, []], [15, []], [1, []], [31, [31, 29, 33, 23]], [32, [32, 26, 20, 28]], [26, []], [36, [36, 39, 40, 30]], [20, []], [45, [45, 35, 42, 21]], [29, []], [35, []], [33, []], [23, []], [42, [47, 49, 38]], [47, []], [21, []], [49, []], [39, []], [40, []], [28, []], [30, []], [38, []]]], [[[11, [11, 10]]], [[9, [9, 6, 7]]], [[18, [18, 17, 15]]], [[10, [22, 14]]], [[19, [19, 25, 27, 8]]], [[31, [31, 29, 33, 23]]], [[32, [32, 26, 20, 28]]], [[34, [34, 41, 16, 12]]], [[36, [36, 39, 40, 30]]], [[45, [45, 35, 42, 21]]], [[42, [47, 49, 38]]], [[50, [50, 43, 48, 24]]], [[46, [46, 37, 44, 13]]]]]",871.3606798,"[[[[0, [5, 1]], [7, [7]], [5, [17, 6, 15]], [28, [28, 18, 21, 26, 23]], [17, []], [18, []], [23, []], [35, [35, 33, 29, 34]], [33, []], [29, []], [41, [41, 42, 39, 30]], [34, []], [42, []], [47, [47, 49, 32, 38]], [30, []], [21, []], [49, []], [39, []], [40, [40, 36, 31]], [6, []], [15, []], [36, []], [26, []], [1, []], [31, []], [32, []], [38, []]], [[0, [3, 4, 2, 12]], [9, [9, 13, 16, 11]], [22, [22, 10, 20, 19]], [10, []], [13, [14]], [11, []], [12, []], [16, []], [4, []], [2, []], [25, [25, 27, 37, 8]], [3, []], [27, []], [14, []], [43, [43, 45, 44, 50]], [45, []], [20, []], [44, []], [50, []], [19, []], [37, []], [46, [46, 24]], [8, []], [24, []], [48, [48]]]], [[[9, [9, 13, 16, 11]]], [[7, [7]]], [[5, [17, 6, 15]]], [[22, [22, 10, 20, 19]]], [[28, [18, 21, 26, 23]]], [[28, [28]], [13, [14]]], [[35, [35, 33, 29, 34]]], [[25, [25, 27, 37, 8]]], [[41, [41, 42, 39, 30]]], [[43, [43, 45, 44, 50]]], [[46, [46, 24]]], [[47, [47, 49, 32, 38]]], [[40, [40, 36, 31]]], [[48, [48]]]]]",3.461538,3.461538,"[20.0, 24.33105, 80.622577, 37.363083, 45.607017, 58.137767, 51.224994, 72.691127, 39.293765, 23.323808, 68.35203, 50.596443, 51.419841]",47.920269,"{11: 0.0, 9: 31.165525, 18: 6.145764, 10: 0.0, 19: 1.803509, 31: 7.757595, 32: 0.0, 34: 6.542055, 36: 3.577999, 45: 0.0, 42: 0.0, 50: 10.952658, 46: 0.0}","{11: 65.0, 9: 0.0, 18: 0.0, 10: 14.318458, 19: 0.0, 31: 0.0, 32: 14.84937, 34: 0.0, 36: 0.0, 45: 2.984979, 42: 38.470868, 50: 0.0, 46: 102.991858}",5.226546,18.355041,3.142857,3.142857,"[24.33105, 76.157731, 55.461698, 36.055513, 61.611687, 79.272327, 40.0, 63.245553, 80.622577, 44.72136, 51.419841, 61.05735, 66.603303, 62.096699]",57.332621,"{9: 31.165525, 7: 0.0, 5: 0.0, 22: 8.862231, 28: 61.576173, 13: 0.742573, 35: 0.0, 25: 0.0, 41: 0.0, 43: 2.59035, 46: 0.0, 47: 3.479705, 40: 0.0, 48: 0.0}","{9: 0.0, 7: 14.921134, 5: 8.190285, 22: 0.0, 28: 0.0, 13: 0.0, 35: 38.77033, 25: 23.147553, 41: 17.688711, 43: 0.0, 46: 192.569141, 47: 0.0, 40: 18.169673, 48: 87.760644}",7.74404,28.658391,OK,5126.324,random,C201_1.5.dat
test_data/data_demand_random_50_batch_all1_equal_random/C201_1.5.dat,4,120,2,3,730.132746,"[[[[0, [2, 4, 3]], [9, [9, 7]], [12, [12, 11, 8]], [2, []], [4, []], [3, []], [23, [23, 24, 18, 17]], [18, []], [17, []], [7, []], [36, [36, 29, 33, 22]], [45, [45, 43, 46, 19]], [11, []], [22, []], [43, []], [8, []], [24, []], [48, [48, 44, 37]], [46, []], [37, []], [44, []], [19, []], [29, []], [33, []]], [[0, [5, 1]], [13, [13, 6, 10]], [10, []], [6, []], [20, [20, 21, 16, 15]], [26, [26, 28, 14, 27]], [5, []], [1, [31, 32, 34]], [31, []], [32, []], [38, [38, 42, 41]], [15, [40, 39, 30]], [30, []], [28, []], [40, []], [39, []], [49, [49, 47, 50]], [21, []], [47, []], [42, []], [34, []], [16, [25, 35]], [41, []], [14, []], [27, []], [25, []], [50, []], [35, []]]], [[[13, [13, 6, 10]]], [[9, [9, 7]]], [[12, [12, 11, 8]]], [[20, [20, 21, 16, 15]]], [[23, [23, 24, 18, 17]]], [[26, [26, 28, 14, 27]]], [[1, [31, 32, 34]]], [[36, [36, 29, 33, 22]]], [[38, [38, 42, 41]]], [[15, [40, 39, 30]]], [[45, [45, 43, 46, 19]]], [[48, [48, 44, 37]]], [[49, [49, 47, 50]]], [[16, [25, 35]]]]]",773.0688837,"[[[[0, [1, 5]], [6, [15, 7, 17, 6, 18, 16, 14]], [15, []], [5, []], [1, []], [31, [31, 32, 26, 30]], [32, []], [26, []], [38, [38, 21, 27, 25]], [36, [36, 42, 28, 11]], [30, []], [28, []], [18, []], [7, []], [17, []], [49, [49, 39, 47, 40]], [39, []], [40, []], [21, []], [47, []], [42, []], [34, [34, 41]], [16, []], [41, []], [14, []], [27, []], [25, []], [50, [50]], [11, []]], [[0, [2, 4, 3]], [8, [8, 9]], [3, []], [4, []], [12, [12]], [23, [23, 10, 13, 20]], [33, [33, 19, 22, 29]], [9, []], [22, []], [10, []], [13, []], [19, []], [43, [43, 46, 37, 44, 35, 45]], [48, [48, 24]], [24, []], [46, []], [37, []], [44, []], [2, []], [35, []], [29, []], [45, []], [20, []]]], [[[8, [8, 9]]], [[6, [6, 18, 16]], [12, [12]]], [[6, [15, 7, 17, 14]]], [[31, [31, 32, 26, 30]]], [[23, [23, 10, 13, 20]]], [[33, [33, 19, 22, 29]]], [[38, [38, 21, 27, 25]]], [[36, [36, 42, 28, 11]]], [[43, [37, 44, 35, 45]]], [[43, [43, 46]]], [[48, [48, 24]]], [[49, [49, 39, 47, 40]]], [[34, [34, 41]]], [[50, [50]]]]]",3.214286,3.214286,"[21.540659, 24.33105, 64.776539, 23.323808, 41.231056, 41.231056, 53.814496, 39.293765, 30.265492, 46.647615, 23.323808, 62.096699, 78.102497, 70.710678]",44.334944,"{13: 75.77033, 9: 31.165525, 12: 7.222744, 20: 0.0, 23: 19.227259, 26: 0.0, 1: 0.136918, 36: 0.0, 38: 18.225498, 15: 0.0, 45: 9.046376, 48: 0.0, 49: 0.0, 16: 0.0}","{13: 0.0, 9: 0.0, 12: 0.0, 20: 11.108426, 23: 0.0, 26: 2.154801, 1: 0.0, 36: 34.968645, 38: 0.0, 15: 2.546528, 45: 0.0, 48: 54.613554, 49: 1.081498, 16: 19.593413}",11.485332,9.004776,3.214286,3.214286,"[62.096699, 83.356587, 33.526109, 58.137767, 41.231056, 30.0, 30.265492, 39.293765, 44.72136, 44.72136, 62.096699, 78.102497, 72.691127, 50.596443]",52.20264,"{8: 2.048349, 6: 229.526109, 12: 0.0, 31: 35.305829, 23: 9.003798, 33: 15.615528, 38: 0.0, 36: 0.0, 43: 5.408771, 48: 0.0, 49: 0.0, 34: 0.0, 50: 0.0}","{8: 0.0, 6: 0.0, 12: 17.080032, 31: 0.0, 23: 0.0, 33: 0.0, 38: 31.268463, 36: 12.422001, 43: 5.306995, 48: 7.999742, 49: 5.580509, 34: 35.598524, 50: 110.65053}",22.839107,17.377446,OK,6061.963,random,C201_1.5.dat
test_data/data_demand_random_50_batch_all1_equal_random/C201_1.5.dat,8,90,2,3,706.0483494,"[[[[0, [4, 2, 3]], [4, []], [3, []], [12, [12, 13, 10]], [2, []], [22, [22, 8]], [13, []], [10, [11, 24, 19, 27, 14, 16, 25, 21]], [24, []], [8, []], [19, [30, 28, 20]], [25, []], [27, []], [14, []], [41, [41, 42, 34, 33, 36, 39, 40]], [16, []], [34, []], [42, []], [47, [47, 45, 49]], [21, []], [49, []], [39, []], [40, []], [28, []], [30, []], [36, []], [20, []], [45, []], [33, []], [11, []]], [[0, [1, 5]], [6, [6, 9]], [7, [7, 18, 17, 15]], [18, []], [17, []], [15, []], [26, [26, 23]], [5, []], [1, []], [31, [31, 32]], [32, []], [38, [38, 37, 35, 29]], [48, [48, 46, 50, 44, 43]], [46, []], [43, []], [37, []], [44, []], [50, []], [35, []], [23, []], [29, []], [9, []]]], [[[6, [6, 9]]], [[7, [7, 18, 17, 15]]], [[12, [12, 13, 10]]], [[22, [22, 8]]], [[10, [11, 24, 19, 27, 14, 16, 25, 21]]], [[26, [26, 23]]], [[31, [31, 32]]], [[19, [30, 28, 20]]], [[38, [38, 37, 35, 29]]], [[41, [41, 42, 34, 33, 36, 39, 40]]], [[47, [47, 45, 49]]], [[48, [48, 46, 50, 44, 43]]]]]",821.176015,"[[[[0, [5, 1]], [9, [9]], [6, [6]], [5, []], [18, [18, 17, 7, 26, 14]], [7, []], [17, []], [35, [35, 41, 27, 34, 21, 28, 30, 32, 38, 31, 36]], [41, []], [14, []], [27, []], [34, []], [42, [42, 47, 49, 39, 45, 40]], [47, []], [21, []], [49, []], [39, []], [40, []], [28, []], [30, []], [38, []], [32, []], [31, []], [1, []], [26, []], [36, []], [45, []]], [[0, [3, 4, 2]], [4, []], [2, []], [11, [16, 12, 11, 8, 10, 13]], [15, [15, 20, 23, 22, 19]], [20, []], [23, []], [29, [29, 33, 37, 24, 25]], [33, []], [8, []], [22, []], [19, []], [43, [43, 44, 46, 48, 50]], [44, []], [46, []], [24, []], [48, []], [37, []], [10, []], [13, []], [50, []], [25, []], [3, []], [16, []], [12, []]]], [[[9, [9]]], [[6, [6]]], [[11, [16, 12, 11, 8, 10, 13]]], [[18, [18, 17, 7, 26, 14]]], [[15, [15, 20, 23, 22, 19]]], [[35, [35, 41, 27, 34, 21, 28, 30, 32]]], [[35, [38, 31, 36]], [29, [29, 33, 37, 24, 25]]], [[42, [42, 47, 49, 39, 45, 40]]], [[43, [43, 44, 46, 48, 50]]]]]",3.75,3.75,"[33.526109, 76.157731, 64.776539, 36.055513, 37.363083, 41.231056, 58.137767, 45.607017, 30.265492, 80.622577, 61.05735, 62.096699]",52.241411,"{6: 21.763055, 7: 51.315811, 12: 0.0, 22: 9.027756, 10: 2.653785, 26: 0.0, 31: 0.0, 19: 0.0, 38: 0.0, 41: 0.0, 47: 0.0, 48: 2.969484}","{6: 0.0, 7: 0.0, 12: 0.611731, 22: 0.0, 10: 0.0, 26: 19.463337, 31: 25.009982, 19: 13.18364, 38: 9.461069, 41: 4.370253, 47: 0.152867, 48: 0.0}",7.310824,6.021073,5,5,"[24.33105, 33.526109, 20.0, 80.622577, 46.647615, 40.0, 40.722794, 68.35203, 44.72136]",44.324837,"{9: 31.165525, 6: 0.0, 11: 0.0, 18: 26.145764, 15: 0.0, 35: 26.855345, 29: 27.117243, 42: 4.698092, 43: 0.0}","{9: 0.0, 6: 42.40247, 11: 30.0, 18: 0.0, 15: 10.676192, 35: 0.0, 29: 0.0, 42: 0.0, 43: 1.756563}",12.886885,9.426136,OK,5043.421,random,C201_1.5.dat
test_data/data_demand_random_50_batch_all1_equal_cluster/C201_1.dat,4,60,2,1,635.8312328,"[[[[0, [6, 3, 4]], [4, []], [6, []], [12, [12, 10, 9, 13]], [10, []], [9, [28, 16, 14, 11, 25, 26, 27, 31]], [25, []], [26, []], [27, []], [28, []], [13, []], [11, []], [16, [47, 46, 45, 15]], [47, []], [46, []], [45, []], [14, []], [15, [50, 29, 30, 48, 49]], [31, []], [48, []], [49, []], [50, []], [30, []], [29, []], [3, []]], [[0, [5, 8, 7, 2, 1]], [5, []], [2, []], [1, []], [7, []], [8, []], [20, [20, 21, 22, 19]], [21, []], [22, []], [19, []], [17, [17, 18, 23, 24, 34, 32, 33, 35]], [32, []], [33, []], [34, [44, 36, 43, 42, 41, 40, 37, 38]], [35, []], [18, [39]], [23, []], [44, []], [36, []], [43, []], [42, []], [41, []], [24, []], [40, []], [37, []], [38, []], [39, []]]], [[[12, [12, 10, 9, 13]]], [[20, [20, 21, 22, 19]]], [[17, [17, 18, 23, 24]]], [[9, [25, 26, 27, 31]]], [[9, [28, 16, 14, 11]]], [[17, [34, 32, 33, 35]]], [[34, [44, 36, 43, 42]]], [[34, [41, 40, 37, 38]]], [[18, [39]]], [[16, [47, 46, 45, 15]]], [[15, [29, 30]]], [[15, [50, 48, 49]]]]]",,None,3.5,3.5,"[37.363083, 39.293765, 30.265492, 21.540659, 21.540659, 30.265492, 53.814496, 53.814496, 41.231056, 51.419841, 45.607017, 45.607017]",39.31359,"{12: 0.0, 20: 6.646883, 17: 17.567182, 9: 44.081318, 34: 0.0, 18: 1.522776, 16: 0.520244, 15: 0.0}","{12: 55.318458, 20: 0.0, 17: 43.220371, 9: 0.0, 34: 2.613633, 18: 0.0, 16: 0.0, 15: 141.161927}",8.7923,30.289299,,,[],,{},{},,,OK,4084.415,cluster,C201_1.dat
test_data/data_demand_random_50_batch_all1_equal_cluster/C201_1.dat,4,60,2,2,639.3238076,"[[[[0, [4, 5, 7, 1, 6]], [7, []], [6, []], [4, []], [5, []], [1, []], [13, [13, 20, 18, 17]], [20, []], [18, [35, 34, 33, 32]], [35, []], [34, []], [33, []], [32, []], [17, [47, 46, 45, 25]], [47, []], [46, []], [45, []], [25, []]], [[0, [2, 8, 3]], [2, []], [16, [16, 14, 15, 10]], [14, []], [15, []], [11, [11, 12]], [12, []], [10, []], [9, [9, 21, 23, 28, 26, 19, 27, 29]], [8, [24, 22, 30, 31]], [19, []], [21, [40, 41, 42, 43, 36, 44, 37, 38]], [23, []], [24, []], [40, []], [41, []], [42, []], [43, []], [36, []], [44, []], [22, [39, 50, 49, 48]], [37, []], [38, []], [39, []], [30, []], [50, []], [49, []], [48, []], [31, []], [28, []], [26, []], [27, []], [29, []], [3, []]]], [[[13, [13, 20, 18, 17]]], [[16, [16, 14, 15, 10]]], [[11, [11, 12]]], [[9, [9, 21, 23, 19]]], [[9, [28, 26, 27, 29]]], [[8, [24, 22, 30, 31]]], [[18, [35, 34, 33, 32]]], [[21, [36, 44, 37, 38]]], [[21, [40, 41, 42, 43]]], [[17, [47, 46, 45, 25]]], [[22, [39, 50, 49, 48]]]]]",,None,3.818182,3.818182,"[36.055513, 51.419841, 38.626416, 21.540659, 21.540659, 23.323808, 41.231056, 46.647615, 46.647615, 30.265492, 48.166378]",36.860459,"{13: 0.0, 16: 0.0, 11: 1.023128, 9: 0.083538, 8: 0.0, 18: 0.0, 21: 24.434284, 17: 0.0, 22: 0.0}","{13: 4.972244, 16: 16.29008, 11: 0.0, 9: 19.225042, 8: 21.651304, 18: 3.384472, 21: 0.0, 17: 14.867254, 22: 72.240618}",2.837883,16.959002,,,[],,{},{},,,OK,4922.168,cluster,C201_1.dat
test_data/data_demand_random_50_batch_all1_equal_cluster/C201_1.dat,4,60,2,3,634.5244165,"[[[[0, [2, 4, 3, 1, 6, 8, 7]], [1, []], [4, []], [3, []], [6, []], [2, []], [7, []], [8, []], [20, [20, 22, 17, 19]], [22, []], [17, []], [18, [18, 35, 34, 33, 32, 21, 23, 24]], [35, []], [34, [43, 42, 41, 40, 38, 39, 36, 44]], [33, []], [32, []], [19, []], [21, [37]], [23, []], [36, []], [44, []], [43, []], [42, []], [41, []], [24, []], [40, []], [37, []], [38, []], [39, []]], [[0, [5]], [14, [14, 12, 16, 13, 11, 15, 9, 10]], [9, []], [10, [26, 28, 25, 27]], [25, []], [27, []], [26, []], [28, []], [13, []], [11, []], [12, []], [16, [47, 46, 45, 31]], [47, []], [46, []], [45, []], [15, [48, 49, 50, 30, 29]], [31, []], [48, []], [49, []], [50, []], [30, []], [29, []], [5, []]]], [[[14, [14, 11, 9, 10]]], [[14, [12, 16, 13, 15]]], [[20, [20, 22, 17, 19]]], [[18, [18, 21, 23, 24]]], [[10, [26, 28, 25, 27]]], [[18, [35, 34, 33, 32]]], [[34, [43, 42, 38, 36]]], [[34, [41, 40, 39, 44]]], [[21, [37]]], [[16, [47, 46, 45, 31]]], [[15, [29]]], [[15, [48, 49, 50, 30]]]]]",,None,3.5,3.5,"[44.72136, 44.72136, 39.293765, 41.231056, 33.105891, 41.231056, 53.814496, 53.814496, 46.647615, 51.419841, 45.607017, 45.607017]",45.101247,"{14: 28.72136, 20: 0.0, 18: 0.0, 10: 49.839148, 34: 5.814496, 21: 0.0, 16: 6.324588, 15: 0.0}","{14: 0.0, 20: 13.353117, 18: 110.768944, 10: 0.0, 34: 0.0, 21: 41.768944, 16: 0.0, 15: 93.976424}",11.337449,32.483429,,,[],,{},{},,,OK,5271.781,cluster,C201_1.dat
test_data/data_demand_random_50_batch_all1_equal_cluster/C201_1.dat,4,60,2,4,670.6155281,"[[[[0, [1, 4, 3, 7]], [7, []], [12, [12, 14, 11, 10]], [14, []], [11, []], [16, [16, 24, 23, 13]], [10, []], [13, []], [25, [25, 26]], [9, [30, 9, 38, 37, 41, 42, 43, 36, 44, 40, 48, 49, 50, 39]], [26, []], [48, []], [49, []], [50, []], [30, []], [39, []], [38, []], [37, []], [40, []], [41, []], [42, []], [43, []], [36, []], [44, []], [24, []], [23, []], [4, []], [3, []], [1, []]], [[0, [6, 2, 8, 5]], [2, []], [5, []], [6, []], [8, []], [19, [19, 21, 17, 20]], [20, []], [21, []], [22, [22, 18, 15]], [17, []], [32, [32, 33, 34, 35]], [33, []], [34, []], [35, []], [18, [47, 46, 45, 27]], [47, []], [46, []], [45, []], [15, [29, 28, 31]], [28, []], [31, []], [27, []], [29, []]]], [[[12, [12, 14, 11, 10]]], [[19, [19, 21, 17, 20]]], [[16, [16, 24, 23, 13]]], [[22, [22, 18, 15]]], [[25, [25, 26]]], [[32, [32, 33, 34, 35]]], [[9, [30, 9]]], [[9, [41, 42, 43, 40]]], [[9, [38, 37, 36, 44]]], [[9, [48, 49, 50, 39]]], [[18, [47, 46, 45, 27]]], [[15, [29, 28, 31]]]]]",,None,3.5,3.5,"[37.363083, 33.526109, 51.419841, 48.166378, 50.596443, 51.224994, 21.540659, 21.540659, 21.540659, 21.540659, 41.231056, 45.607017]",37.10813,"{12: 0.0, 19: 9.763055, 16: 4.391462, 22: 0.0, 25: 0.0, 32: 0.0, 9: 113.673946, 18: 7.852474, 15: 0.0}","{12: 19.318458, 19: 0.0, 16: 0.0, 22: 1.153756, 25: 18.991858, 32: 19.150558, 9: 7.931449, 18: 0.0, 15: 158.27136}",15.07566,24.979716,,,[],,{},{},,,OK,5140.393,cluster,C201_1.dat
test_data/data_demand_random_50_batch_all1_equal_cluster/C201_1.dat,4,90,2,1,627.2901738,"[[[[0, [1]], [10, [10, 11, 12]], [11, []], [12, []], [9, [9, 14, 13, 22]], [14, []], [13, []], [1, []], [22, []], [23, [23, 24, 29, 30]], [24, []], [36, [36, 44, 43, 42]], [44, []], [43, []], [42, []], [41, [41, 40, 37, 38]], [40, []], [37, []], [38, []], [39, [39, 50, 49, 48, 26, 27]], [50, []], [49, []], [48, []], [29, []], [30, []], [31, [31, 28, 25]], [28, []], [26, []], [27, []], [25, []]], [[0, [2, 8, 7, 6, 5, 4, 3]], [2, []], [4, []], [19, [19, 20, 21, 18, 17, 15, 16]], [20, []], [21, []], [34, [34, 32, 33, 35]], [32, []], [33, []], [35, []], [18, []], [17, []], [8, []], [7, []], [6, []], [5, []], [3, []], [15, []], [16, []], [45, [45, 46, 47]], [46, []], [47, []]]], [[[10, [10, 11, 12]]], [[19, [19, 20, 21, 16]]], [[9, [9, 14, 13, 22]]], [[19, [18, 17, 15]]], [[23, [23, 24, 29, 30]]], [[34, [34, 32, 33, 35]]], [[36, [36, 44, 43, 42]]], [[41, [41, 40, 37, 38]]], [[39, [26, 27]]], [[39, [39, 50, 49, 48]]], [[31, [31, 28, 25]]], [[45, [45, 46, 47]]]]]",,None,3.5,3.5,"[33.105891, 33.526109, 21.540659, 33.526109, 61.611687, 53.814496, 76.157731, 78.102497, 72.691127, 72.691127, 76.157731, 62.096699]",56.251822,"{10: 24.552945, 19: 86.066768, 9: 12.217384, 23: 0.0, 34: 0.603534, 36: 0.123032, 41: 0.0, 39: 3.396812, 31: 0.0, 45: 0.0}","{10: 0.0, 19: 0.0, 9: 0.0, 23: 70.964486, 34: 0.0, 36: 0.0, 41: 7.26594, 39: 32.575571, 31: 18.972383, 45: 7.223161}",12.696048,13.700154,,,[],,{},{},,,OK,4229.639,cluster,C201_1.dat
test_data/data_demand_random_50_batch_all1_equal_cluster/C201_1.dat,4,90,2,3,618.0483494,"[[[[0, [5, 6, 3, 4, 1, 2]], [4, []], [6, []], [5, []], [3, []], [1, []], [2, []], [14, [14, 12, 11, 10]], [12, []], [11, []], [10, []], [15, [29, 30, 27, 15]], [26, [26, 31, 28, 25]], [29, []], [30, []], [25, []], [27, []], [28, []], [31, []], [48, [48, 49, 50, 39]], [49, []], [50, []], [39, []], [38, [38, 40, 41, 42]], [37, [37, 43, 44, 36]], [40, []], [41, []], [42, []], [43, []], [44, []], [36, []]], [[0, []], [9, [9, 16, 13, 8, 7]], [8, []], [19, [19, 20, 21, 23]], [20, []], [21, []], [23, []], [24, [24, 22, 18, 17]], [22, []], [7, [33, 35, 32, 34]], [13, []], [16, []], [45, [45, 46, 47]], [46, []], [47, []], [32, []], [33, []], [34, []], [35, []], [18, []], [17, []]]], [[[9, [7]]], [[14, [14, 12, 11, 10]]], [[9, [9, 16, 13, 8]]], [[19, [19, 20, 21, 23]]], [[24, [24, 22, 18, 17]]], [[15, [29, 30, 27, 15]]], [[26, [26, 31, 28, 25]]], [[7, [33, 35, 32, 34]]], [[48, [48, 49, 50, 39]]], [[45, [45, 46, 47]]], [[38, [38, 40, 41, 42]]], [[37, [37, 43, 44, 36]]]]]",,None,3.666667,3.666667,"[21.540659, 44.72136, 21.540659, 33.526109, 66.603303, 45.607017, 63.245553, 23.323808, 78.587531, 62.096699, 68.35203, 61.05735]",49.183506,"{9: 34.77033, 14: 0.0, 19: 0.0, 24: 0.0, 15: 1.164188, 26: 6.426285, 7: 0.0, 48: 0.0, 45: 2.27802, 38: 0.0, 37: 0.0}","{9: 17.22967, 14: 61.63932, 19: 6.007275, 24: 1.935294, 15: 0.0, 26: 0.0, 7: 17.036445, 48: 9.296708, 45: 0.0, 38: 16.31776, 37: 19.17756}",4.058075,13.51273,,,[],,{},{},,,OK,3682.96,cluster,C201_1.dat
test_data/data_demand_random_50_batch_all1_equal_cluster/C201_1.dat,4,90,2,5,603.1718335,"[[[[0, [6, 5, 3]], [3, []], [12, [12, 10, 13, 11]], [10, []], [13, []], [11, []], [25, [25, 28, 26, 27]], [6, []], [22, [22, 23, 29, 24]], [24, []], [23, []], [44, [44, 36, 43, 40]], [36, []], [43, []], [42, [42, 41, 30]], [41, []], [40, []], [37, [37, 38, 39]], [38, []], [39, []], [30, []], [50, [50, 49, 48, 31]], [49, []], [48, []], [31, []], [28, []], [26, []], [27, []], [29, []], [5, []]], [[0, [8, 7, 4, 2, 1]], [7, []], [4, []], [2, []], [8, []], [20, [20, 21, 19, 14]], [21, [17, 18, 16, 15]], [19, []], [17, []], [18, []], [34, [34, 35, 33, 32]], [35, []], [33, []], [32, []], [47, [47, 46, 45, 9]], [46, []], [45, []], [16, []], [14, []], [15, []], [9, []], [1, []]]], [[[12, [12, 10, 13, 11]]], [[20, [20, 21, 19, 14]]], [[21, [17, 18, 16, 15]]], [[25, [25, 28, 26, 27]]], [[34, [34, 35, 33, 32]]], [[22, [22, 23, 29, 24]]], [[44, [44, 36, 43, 40]]], [[42, [42, 41, 30]]], [[37, [37, 38, 39]]], [[47, [47, 46, 45, 9]]], [[50, [50, 49, 48, 31]]]]]",,None,3.818182,3.818182,"[37.363083, 39.293765, 46.647615, 50.596443, 53.814496, 48.166378, 78.714675, 72.111026, 61.05735, 62.096699, 80.622577]",57.316737,"{12: 0.0, 20: 10.646883, 21: 0.0, 25: 7.298221, 34: 5.260365, 22: 0.0, 44: 0.873612, 42: 0.0, 37: 0.0, 47: 0.0, 50: 0.0}","{12: 15.318458, 20: 0.0, 21: 10.641533, 25: 0.0, 34: 0.0, 22: 10.61859, 44: 0.0, 42: 25.73491, 37: 1.113988, 47: 10.631552, 50: 3.160036}",2.189007,7.019915,,,[],,{},{},,,OK,5797.629,cluster,C201_1.dat
test_data/data_demand_random_50_batch_all1_equal_cluster/C201_1.dat,4,120,2,2,615.4756776,"[[[[0, [6, 5, 4, 8, 2]], [5, []], [6, []], [4, []], [21, [21, 19, 20, 18, 9, 10, 13, 11]], [19, []], [20, []], [17, [17, 12, 14]], [32, [32, 33, 34, 35]], [33, []], [34, []], [35, []], [18, []], [8, []], [2, []], [9, []], [10, []], [13, []], [11, []], [12, []], [14, []], [45, [45, 46, 47]], [46, []], [47, []]], [[0, [7, 3, 1]], [15, [15, 16]], [16, []], [7, []], [22, [22, 23, 24, 27]], [23, []], [24, []], [36, [36, 44, 43, 42]], [44, []], [43, []], [42, []], [41, [41, 40, 37, 38]], [40, []], [37, []], [38, []], [39, [39, 50, 49, 48, 29, 30, 28, 31]], [29, []], [30, []], [50, []], [49, []], [48, []], [27, []], [28, []], [31, []], [26, [26, 25]], [25, []], [3, []], [1, []]]], [[[15, [15, 16]]], [[21, [19, 18, 9, 10]]], [[21, [21, 20, 13, 11]]], [[22, [22, 23, 24, 27]]], [[17, [17, 12, 14]]], [[32, [32, 33, 34, 35]]], [[36, [36, 44, 43, 42]]], [[41, [41, 40, 37, 38]]], [[39, [29, 30, 28, 31]]], [[39, [39, 50, 49, 48]]], [[26, [26, 25]]], [[45, [45, 46, 47]]]]]",720.6124969,"[[[[0, [7, 5, 6, 4, 3, 2, 8, 1]], [8, []], [2, []], [3, []], [4, []], [6, []], [5, []], [7, []], [21, [21, 19, 20, 18]], [20, []], [18, []], [19, [38, 29, 30, 25]], [22, [22]], [37, [37, 50, 40, 41]], [38, []], [29, []], [30, []], [50, []], [25, []], [40, []], [41, []], [42, [42, 43, 44, 36]], [43, []], [44, []], [36, []], [1, []]], [[0, []], [15, [15, 11, 12, 10]], [11, []], [12, []], [10, []], [9, [9, 23, 17, 13]], [17, []], [32, [32, 33, 34, 35, 24, 27, 26]], [33, []], [34, []], [35, []], [23, [39, 31, 28]], [24, []], [39, []], [27, []], [26, []], [48, [48, 49, 14, 16]], [49, []], [31, []], [28, []], [13, []], [14, []], [16, []], [45, [45, 46, 47]], [46, []], [47, []]]], [[[21, [21, 19, 20, 18]]], [[15, [15, 11, 12, 10]]], [[9, [9, 23, 17, 13]]], [[32, [24, 27, 26]]], [[32, [32, 33, 34, 35]]], [[19, [38, 29, 30, 25]]], [[23, [39, 31, 28]], [22, [22]]], [[37, [37, 50, 40, 41]]], [[48, [48, 49, 14, 16]]], [[42, [42, 43, 44, 36]]], [[45, [45, 46, 47]]]]]",3.5,3.5,"[45.607017, 46.647615, 46.647615, 48.166378, 30.265492, 51.224994, 76.157731, 78.102497, 72.691127, 72.691127, 63.245553, 62.096699]",57.795321,"{15: 10.803509, 21: 36.647615, 22: 0.0, 17: 0.0, 32: 8.288689, 36: 15.275357, 41: 0.0, 39: 3.396812, 26: 0.0, 45: 0.0}","{15: 0.0, 21: 0.0, 22: 36.720319, 17: 11.543446, 32: 0.0, 36: 0.0, 41: 28.802623, 39: 32.575571, 26: 49.428472, 45: 5.742906}",7.441198,16.481334,3.818182,3.818182,"[46.647615, 45.607017, 21.540659, 51.224994, 51.224994, 33.526109, 63.889033, 61.05735, 78.587531, 72.111026, 62.096699]",53.410275,"{21: 0.0, 15: 10.803509, 9: 0.0, 32: 3.808988, 19: 41.17906, 22: 0.0, 23: 0.0, 37: 12.349615, 48: 0.0, 42: 0.0, 45: 0.0}","{21: 37.676192, 15: 0.0, 9: 10.033179, 32: 48.191012, 19: 0.0, 22: 19.870877, 23: 15.391842, 37: 0.0, 48: 63.900391, 42: 129.415812, 45: 45.657885}",6.194652,33.648836,OK,4264.231,cluster,C201_1.dat
test_data/data_demand_random_50_batch_all1_equal_cluster/C201_1.dat,4,120,2,5,621.3553391,"[[[[0, [2, 1, 5]], [1, []], [2, []], [10, [10, 12, 11, 14]], [12, []], [11, []], [14, []], [13, [13, 15, 24, 23]], [15, []], [26, [26, 27, 29, 30]], [27, []], [29, []], [30, []], [40, [40, 43, 44, 42]], [24, []], [23, []], [42, []], [43, []], [44, []], [36, [36, 41, 37]], [41, [38, 50, 49, 48]], [37, []], [38, []], [39, [39, 31, 28, 25]], [50, []], [49, []], [48, []], [31, []], [28, []], [25, []], [5, []]], [[0, [7, 8, 4, 3]], [4, [6]], [6, []], [7, []], [8, []], [21, [21, 20, 19, 17]], [20, [18, 22, 16, 9]], [19, []], [17, []], [32, [32, 33, 34, 35]], [33, []], [34, []], [35, []], [18, []], [22, []], [3, []], [45, [45, 47, 46]], [47, []], [46, []], [16, []], [9, []]]], [[[4, [6]]], [[10, [10, 12, 11, 14]]], [[13, [13, 15, 24, 23]]], [[21, [21, 20, 19, 17]]], [[20, [18, 22, 16, 9]]], [[26, [26, 27, 29, 30]]], [[32, [32, 33, 34, 35]]], [[40, [40, 43, 44, 42]]], [[36, [36, 41, 37]]], [[41, [38, 50, 49, 48]]], [[39, [39, 31, 28, 25]]], [[45, [45, 47, 46]]]]]",663.6864061,"[[[[0, [4, 3, 1]], [3, []], [1, []], [10, [10, 14, 13]], [14, []], [13, []], [4, []], [23, [23, 24, 31]], [24, []], [36, [36, 44, 43, 30]], [44, []], [43, []], [42, [42, 41, 40, 28]], [41, []], [40, []], [37, [38, 39, 37]], [38, []], [39, [45, 46, 47]], [30, []], [31, []], [28, []], [45, []], [46, []], [47, []]], [[0, [7, 8, 5, 2]], [5, []], [2, []], [22, [22, 19, 6, 15]], [21, [21, 20, 18, 16]], [20, [26]], [19, [17, 27, 25, 11]], [32, [32, 33, 35, 34]], [33, []], [34, []], [35, []], [18, []], [17, []], [8, []], [7, []], [6, []], [26, []], [27, []], [48, [48, 49, 50]], [49, []], [50, []], [29, [29, 12, 9]], [25, []], [15, []], [11, []], [16, []], [12, []], [9, []]]], [[[22, [22, 19, 6, 15]]], [[10, [10, 14, 13]]], [[21, [21, 20, 18, 16]]], [[20, [26]], [23, [23, 24, 31]]], [[19, [17, 27, 25, 11]]], [[32, [32, 33, 35, 34]]], [[36, [36, 44, 43, 30]]], [[42, [42, 41, 40, 28]]], [[37, [38, 39, 37]]], [[39, [45, 46, 47]]], [[48, [48, 49, 50]]], [[29, [29, 12, 9]]]]]",3.583333,3.583333,"[34.234486, 33.105891, 36.055513, 46.647615, 39.293765, 63.245553, 51.224994, 70.710678, 76.157731, 78.102497, 72.691127, 62.096699]",55.297212,"{4: 0.0, 10: 0.0, 13: 10.027756, 21: 1.323808, 20: 16.378588, 26: 0.0, 32: 3.910101, 40: 0.327583, 36: 0.0, 41: 0.0, 39: 0.0, 45: 0.0}","{4: 20.882757, 10: 3.447055, 13: 0.0, 21: 0.0, 20: 0.0, 26: 1.40498, 32: 0.0, 40: 0.0, 36: 45.05148, 41: 8.593413, 39: 32.575571, 45: 13.15756}",2.663986,10.426068,3.583333,3.583333,"[48.166378, 33.105891, 46.647615, 64.770547, 33.526109, 51.224994, 76.157731, 72.111026, 61.05735, 72.691127, 78.587531, 64.776539]",58.56857,"{22: 27.083189, 10: 0.0, 21: 0.0, 20: 2.730072, 23: 0.0, 19: 10.35679, 32: 0.0, 36: 46.078866, 42: 0.0, 37: 3.607541, 39: 0.0, 48: 0.0, 29: 0.0}","{22: 0.0, 10: 7.447055, 21: 25.759382, 20: 0.0, 23: 6.375351, 19: 0.0, 32: 7.624448, 36: 0.0, 42: 2.240804, 37: 0.0, 39: 18.206464, 48: 24.661205, 29: 13.749812}",6.912035,8.158809,OK,4492.985,cluster,C201_1.dat
test_data/data_demand_random_50_batch_all1_equal_cluster/C201_1.dat,8,60,2,2,622.7099203,"[[[[0, [2, 1, 3]], [1, []], [9, [9]], [2, []], [20, [20, 17, 18, 24]], [17, []], [32, [32, 33, 34, 25, 36, 35, 27, 26]], [33, []], [34, []], [18, [41, 37, 38, 39, 42, 44, 43, 40]], [35, []], [36, []], [44, []], [43, []], [42, []], [41, []], [24, []], [40, []], [37, []], [38, []], [39, []], [27, []], [26, []], [25, []], [3, []]], [[0, [4, 8, 6, 5, 7]], [6, []], [4, []], [8, []], [19, [19, 23, 10, 11, 14, 13, 12, 21]], [21, []], [23, []], [22, [22]], [7, []], [13, []], [10, []], [11, []], [14, []], [12, []], [16, [46, 47, 45, 28, 31, 29, 30, 48, 49, 50, 16, 15]], [46, []], [47, []], [45, []], [15, []], [28, []], [31, []], [48, []], [49, []], [50, []], [30, []], [29, []], [5, []]]], [[[9, [9]]], [[19, [19, 23, 10, 11, 14, 13, 12, 21]]], [[20, [20, 17, 18, 24]]], [[22, [22]]], [[32, [32, 33, 34, 25, 36, 35, 27, 26]]], [[18, [41, 37, 38, 39, 42, 44, 43, 40]]], [[16, [46, 47, 45, 28, 31, 29, 30, 16]]], [[16, [48, 49, 50, 15]]]]]",,None,5.25,5.25,"[21.540659, 33.526109, 39.293765, 48.166378, 51.224994, 41.231056, 51.419841, 51.419841]",42.22783,"{9: 10.77033, 19: 5.763055, 20: 0.0, 22: 0.0, 32: 11.842167, 18: 0.0, 16: 27.893731}","{9: 0.0, 19: 0.0, 20: 33.123447, 22: 21.153756, 32: 0.0, 18: 4.996969, 16: 0.0}",8.038469,8.467739,,,[],,{},{},,,OK,2989.273,cluster,C201_1.dat
test_data/data_demand_random_50_batch_all1_equal_cluster/C201_1.dat,8,60,2,3,608.2982213,"[[[[0, [7, 6]], [7, []], [6, []], [13, [13, 11, 10, 9, 12, 15, 14, 16]], [16, []], [11, []], [10, []], [9, []], [12, [26, 27, 29, 30, 31, 28, 25]], [26, []], [27, []], [25, [50, 49, 48, 45, 46, 47]], [29, []], [30, []], [50, []], [49, []], [48, []], [31, []], [28, []], [15, []], [14, []], [45, []], [46, []], [47, []]], [[0, [3, 4, 5, 8, 2, 1]], [3, []], [4, []], [5, []], [8, []], [19, [19, 20, 21, 23, 22, 17, 18, 24]], [20, []], [21, []], [23, []], [22, []], [17, []], [18, [33, 32, 34, 35, 36]], [33, []], [32, [44, 43, 42, 41, 40, 37, 38, 39]], [34, []], [35, []], [36, []], [44, []], [43, []], [42, []], [41, []], [40, []], [24, []], [37, []], [38, []], [39, []], [2, []], [1, []]]], [[[13, [13, 11, 10, 9, 12, 15, 14, 16]]], [[19, [19, 20, 21, 23, 22, 17, 18, 24]]], [[12, [26, 27, 29, 30, 31, 28, 25]]], [[18, [33, 32, 34, 35, 36]]], [[32, [44, 43, 42, 41, 40, 37, 38, 39]]], [[25, [50, 49, 48, 45, 46, 47]]]]]",663.6815417,"[[[[0, [4, 5, 7, 1, 2, 8]], [5, []], [4, []], [1, []], [2, []], [7, []], [21, [21, 20, 17, 18]], [8, [30, 29, 9]], [20, []], [17, []], [34, [34, 33, 32, 35, 36]], [33, []], [32, [44, 43, 42]], [35, []], [18, [41, 40, 37, 38, 39, 50]], [36, []], [44, []], [43, []], [42, []], [41, []], [40, []], [37, []], [38, []], [39, []], [50, []], [30, []], [29, []], [9, []]], [[0, [6, 3]], [12, [12, 14, 13, 10, 15, 11]], [15, []], [11, []], [14, []], [13, []], [10, []], [19, [25, 26, 27, 31, 28, 16, 19, 22, 24, 23]], [22, []], [24, []], [23, []], [6, []], [25, [49, 48, 46, 47, 45]], [26, []], [27, []], [49, []], [48, []], [31, []], [28, []], [16, []], [46, []], [47, []], [45, []], [3, []]]], [[[12, [12, 14, 13, 10, 15, 11]]], [[21, [21, 20, 17, 18]]], [[19, [19, 22, 24, 23]], [8, [30, 29, 9]]], [[19, [25, 26, 27, 31, 28, 16]]], [[34, [34, 33, 32, 35, 36]]], [[32, [44, 43, 42]]], [[18, [41, 40, 37, 38, 39, 50]]], [[25, [49, 48, 46, 47, 45]]]]]",7,7,"[36.055513, 33.526109, 37.363083, 41.231056, 51.224994, 50.596443]",41.6662,"{13: 0.0, 19: 9.763055, 12: 0.0, 18: 0.0, 32: 0.0, 25: 37.298221}","{13: 43.972244, 19: 0.0, 12: 29.318458, 18: 17.147526, 32: 12.150558, 25: 0.0}",7.843546,17.098131,5.25,5.25,"[37.363083, 46.647615, 34.507721, 33.526109, 53.814496, 51.224994, 41.231056, 50.596443]",43.61394,"{12: 24.681542, 21: 6.323808, 8: 3.338096, 19: 0.0, 34: 0.0, 32: 2.950593, 18: 0.0, 25: 0.0}","{12: 0.0, 21: 0.0, 8: 0.0, 19: 32.59289, 34: 7.310059, 32: 0.0, 18: 15.996969, 25: 3.158327}",4.661755,7.382281,OK,6286.846,cluster,C201_1.dat
test_data/data_demand_random_50_batch_all1_equal_cluster/C201_1.dat,8,60,2,5,618.6124969,"[[[[0, [1, 4, 2, 7, 8]], [4, []], [2, []], [9, [9, 14]], [8, []], [19, [19, 17, 18, 24, 23, 22]], [17, []], [18, []], [32, [32, 34, 33, 35]], [34, []], [33, []], [35, []], [24, []], [23, []], [22, [45, 46, 47]], [7, []], [1, []], [14, []], [45, []], [46, []], [47, []]], [[0, [3, 6, 5]], [3, []], [15, [15, 13, 16, 12, 10, 11]], [10, []], [11, []], [12, []], [16, []], [13, []], [6, []], [5, [29, 30, 31, 28, 21, 20]], [29, []], [30, []], [31, []], [28, []], [25, [48, 49, 50, 40, 41, 42, 37, 39, 38, 43, 44, 25, 26, 27, 36]], [26, []], [27, []], [48, []], [49, []], [50, []], [39, []], [38, []], [37, []], [40, []], [41, []], [42, []], [43, []], [44, []], [36, []], [21, []], [20, []]]], [[[9, [9, 14]]], [[15, [15, 13, 16, 12, 10, 11]]], [[19, [19, 17, 18, 24, 23, 22]]], [[32, [32, 34, 33, 35]]], [[5, [29, 30, 31, 28, 21, 20]]], [[25, [38, 43, 44, 25, 26, 27, 36]]], [[25, [48, 49, 50, 40, 41, 42, 37, 39]]], [[22, [45, 46, 47]]]]]",,None,5.25,5.25,"[21.540659, 45.607017, 33.526109, 51.224994, 40.0, 50.596443, 50.596443, 48.166378]",42.657255,"{9: 0.0, 15: 6.803509, 19: 0.0, 32: 6.612497, 5: 0.0, 25: 10.494713, 22: 0.0}","{9: 25.22967, 15: 0.0, 19: 31.236945, 32: 0.0, 5: 31.040454, 25: 41.505287, 22: 6.427578}",3.415817,19.348562,,,[],,{},{},,,OK,3628.172,cluster,C201_1.dat
test_data/data_demand_random_50_batch_all1_equal_cluster/C201_1.dat,8,90,2,2,598.0788655,"[[[[0, [4, 6, 7, 5, 2]], [7, []], [6, []], [2, []], [5, []], [4, []], [19, [19, 22, 24, 26, 27, 31, 28]], [21, [21, 23, 30, 29]], [22, []], [23, []], [24, []], [36, [36, 44, 42, 41, 40, 37, 38, 43]], [44, []], [43, []], [42, []], [41, []], [40, []], [37, []], [38, []], [39, [39, 48, 49, 50, 25]], [48, []], [49, []], [50, []], [30, []], [29, []], [27, []], [31, []], [28, []], [26, []], [25, []]], [[0, [3, 8, 1]], [1, []], [3, []], [9, [9, 12, 11, 13, 15, 14, 10]], [12, []], [11, []], [10, []], [13, []], [15, [17, 18]], [14, []], [8, []], [17, []], [32, [32, 33, 34, 35, 20, 16]], [33, []], [34, []], [35, []], [18, []], [20, []], [16, []], [45, [45, 46, 47]], [46, []], [47, []]]], [[[9, [9, 12, 11, 13, 15, 14, 10]]], [[15, [17, 18]]], [[19, [19, 22, 24, 26, 27, 31, 28]]], [[21, [21, 23, 30, 29]]], [[32, [32, 33, 34, 35, 20, 16]]], [[36, [36, 44, 42, 41, 40, 37, 38, 43]]], [[45, [45, 46, 47]]], [[39, [39, 48, 49, 50, 25]]]]]",684.609757,"[[[[0, [3, 2]], [2, []], [15, [15, 11, 12]], [11, []], [12, []], [8, [20, 19, 17, 18, 8]], [20, []], [19, []], [17, []], [18, []], [32, [32, 33, 34, 35, 21]], [33, []], [34, []], [35, []], [21, []], [36, [36, 42, 41, 40, 37, 38, 43, 44]], [43, []], [44, []], [42, []], [41, []], [40, []], [37, []], [38, []], [39, [39, 48, 49, 50]], [48, []], [49, []], [50, []], [3, []]], [[0, [1, 7, 6, 4, 5]], [9, [9]], [1, []], [7, []], [13, [13, 22, 24, 23, 14, 10, 16]], [22, []], [24, []], [23, []], [6, []], [4, []], [5, []], [25, [25, 26, 27, 29, 30, 31, 28]], [26, []], [27, []], [29, []], [30, []], [31, []], [28, []], [14, []], [10, []], [16, []], [45, [45, 46, 47]], [46, []], [47, []]]], [[[15, [15, 11, 12]], [9, [9]]], [[8, [20, 19, 17, 18, 8]]], [[13, [13, 22, 24, 23, 14, 10, 16]]], [[25, [25, 26, 27, 29, 30, 31, 28]]], [[32, [32, 33, 34, 35, 21]]], [[36, [36, 42, 41, 40, 37, 38, 43, 44]]], [[45, [45, 46, 47]]], [[39, [39, 48, 49, 50]]]]]",5.25,5.25,"[21.540659, 45.607017, 33.526109, 46.647615, 51.224994, 76.157731, 62.096699, 72.691127]",51.186494,"{9: 0.0, 15: 0.803509, 19: 13.763055, 21: 0.0, 32: 0.0, 36: 12.315811, 45: 0.0, 39: 0.0}","{9: 9.22967, 15: 0.0, 19: 0.0, 21: 20.439247, 32: 42.191012, 36: 0.0, 45: 130.755159, 39: 27.575571}",3.360297,28.773832,5.375,5.375,"[46.380087, 23.323808, 36.055513, 50.596443, 51.224994, 76.157731, 62.096699, 72.691127]",52.3158,"{9: 34.77033, 15: 0.77033, 8: 0.0, 13: 0.0, 25: 0.0, 32: 0.0, 36: 0.0, 45: 0.0, 39: 0.0}","{9: 0.0, 15: 0.0, 8: 39.108426, 13: 32.742573, 25: 165.039875, 32: 22.157833, 36: 72.308638, 45: 111.653429, 39: 35.575571}",3.948962,53.17626,OK,3598.538,cluster,C201_1.dat
test_data/data_demand_random_50_batch_all1_equal_cluster/C201_1.dat,8,90,2,4,588.2982213,"[[[[0, []], [11, [11, 12, 16, 14, 9, 15]], [12, []], [16, []], [14, []], [15, []], [25, [25, 28, 27, 26, 24, 23]], [24, []], [23, []], [36, [36]], [44, [44, 43, 42, 41, 40, 37, 38]], [43, []], [42, []], [41, []], [40, []], [37, []], [38, []], [39, [39, 29, 30, 31, 50, 49, 48]], [29, []], [30, []], [50, []], [49, []], [48, []], [31, []], [28, []], [27, []], [26, []], [9, []]], [[0, [7, 4, 5, 1, 3, 2, 6]], [1, []], [4, []], [5, []], [3, []], [2, []], [7, []], [6, []], [22, [22, 20, 21, 19, 17, 18, 13, 10]], [20, []], [21, []], [8, [35, 34, 33, 32, 8]], [19, []], [17, []], [18, []], [35, []], [34, []], [33, []], [32, []], [47, [47, 46, 45]], [46, []], [45, []], [13, []], [10, []]]], [[[11, [11, 12, 16, 14, 9, 15]]], [[22, [22, 20, 21, 19, 17, 18, 13, 10]]], [[25, [25, 28, 27, 26, 24, 23]]], [[8, [35, 34, 33, 32, 8]]], [[36, [36]]], [[44, [44, 43, 42, 41, 40, 37, 38]]], [[39, [39, 29, 30, 31, 50, 49, 48]]], [[47, [47, 46, 45]]]]]",590.0788655,"[[[[0, [4, 2, 5, 6, 1, 7, 8]], [5, []], [6, []], [4, []], [2, []], [1, []], [7, []], [8, []], [20, [20, 18, 22, 23, 24]], [18, []], [22, [29, 30, 27]], [24, []], [23, []], [36, [36, 44, 43, 42, 41, 40, 37, 38]], [44, []], [43, []], [42, []], [41, []], [40, []], [37, []], [38, []], [39, [39, 50, 49, 48, 31, 28, 26, 25]], [29, []], [30, []], [50, []], [49, []], [48, []], [31, []], [28, []], [27, []], [26, []], [25, []]], [[0, [3]], [3, []], [15, [15]], [21, [21, 14, 16]], [19, [19, 17, 9, 12, 11, 10, 13]], [35, [35, 34, 33, 32]], [34, []], [33, []], [32, []], [17, []], [9, []], [12, []], [11, []], [10, []], [13, []], [14, []], [16, []], [45, [45, 46, 47]], [46, []], [47, []]]], [[[15, [15]]], [[20, [20, 18, 22, 23, 24]], [21, [21, 14, 16]]], [[19, [19, 17, 9, 12, 11, 10, 13]]], [[22, [29, 30, 27]]], [[35, [35, 34, 33, 32]]], [[36, [36, 44, 43, 42, 41, 40, 37, 38]]], [[45, [45, 46, 47]]], [[39, [39, 50, 49, 48, 31, 28, 26, 25]]]]]",5.375,5.375,"[38.626416, 48.166378, 50.596443, 23.323808, 76.157731, 78.714675, 72.691127, 62.096699]",56.29666,"{11: 21.313208, 22: 0.0, 25: 13.985013, 8: 5.661904, 36: 0.0, 44: 0.0, 39: 0.0, 47: 0.0}","{11: 0.0, 22: 0.916811, 25: 0.0, 8: 0.0, 36: 40.622913, 44: 2.940884, 39: 32.575571, 47: 75.957996}",5.120016,19.126772,5.25,5.25,"[45.607017, 50.041758, 33.526109, 48.166378, 55.461698, 76.157731, 62.096699, 72.691127]",55.468565,"{15: 6.803509, 20: 0.0, 21: 0.0, 19: 0.0, 22: 3.210505, 35: 0.0, 36: 18.86836, 45: 0.0, 39: 0.0}","{15: 0.0, 20: 5.353117, 21: 19.592406, 19: 67.040454, 22: 0.0, 35: 7.506096, 36: 0.0, 45: 125.755159, 39: 27.575571}",3.209153,28.091423,OK,5172.881,cluster,C201_1.dat
test_data/data_demand_random_50_batch_all1_equal_cluster/C201_1.dat,8,120,2,1,590.0788655,"[[[[0, [7, 8]], [9, [9, 13, 10, 11, 16]], [13, []], [7, [21, 20, 17, 18, 19]], [21, []], [20, []], [17, []], [32, [32, 33, 34, 35]], [33, []], [34, []], [35, []], [18, []], [19, []], [8, []], [10, []], [11, []], [16, []], [45, [45, 46, 47]], [46, []], [47, []]], [[0, [1, 2, 4, 6, 5, 3]], [1, []], [14, [14, 15, 12]], [15, []], [12, []], [2, [22, 24, 23, 29, 30, 31, 28, 27]], [4, []], [6, []], [22, []], [24, []], [23, []], [36, [36, 44, 43, 42, 41, 40, 37, 38]], [44, []], [43, []], [42, []], [41, []], [40, []], [37, []], [38, []], [39, [39, 50, 49, 48, 26, 25]], [29, []], [30, []], [50, []], [49, []], [48, []], [31, []], [28, []], [27, []], [26, []], [25, []], [5, []], [3, []]]], [[[9, [9, 13, 10, 11, 16]]], [[14, [14, 15, 12]]], [[7, [21, 20, 17, 18, 19]]], [[2, [22, 24, 23, 29, 30, 31, 28, 27]]], [[36, [36, 44, 43, 42, 41, 40, 37, 38]]], [[32, [32, 33, 34, 35]]], [[39, [39, 50, 49, 48, 26, 25]]], [[45, [45, 46, 47]]]]]",719.0015475,"[[[[0, [3, 8, 2, 5, 4, 7]], [5, []], [4, []], [3, []], [2, []], [8, []], [22, [22, 24, 13, 20, 23, 18, 19, 17]], [20, []], [19, []], [17, []], [18, []], [32, [32, 33, 34, 35, 21]], [33, []], [34, []], [35, []], [23, [41, 40, 45, 46, 47]], [24, []], [41, []], [40, []], [21, []], [7, []], [13, []], [45, []], [46, []], [47, []]], [[0, [1, 6]], [1, []], [15, [15, 14, 16, 12, 11, 10, 9]], [14, []], [16, []], [12, []], [11, []], [10, []], [9, []], [25, [25, 26, 27, 28, 31, 30, 29]], [26, []], [27, []], [28, []], [31, []], [30, [36]], [29, []], [6, []], [42, [42, 44, 37, 38, 39, 48, 49, 50]], [36, []], [44, []], [43, [43]], [37, []], [38, []], [39, []], [48, []], [49, []], [50, []]]], [[[22, [22, 24, 13, 20, 23, 18, 19, 17]]], [[15, [15, 14, 16, 12, 11, 10, 9]]], [[25, [25, 26, 27, 28, 31, 30, 29]]], [[32, [32, 33, 34, 35, 21]]], [[30, [36]]], [[42, [42, 44, 37, 38, 39, 48, 49, 50]]], [[43, [43]], [23, [41, 40, 45, 46, 47]]]]]",5.25,5.25,"[21.540659, 44.72136, 23.323808, 24.33105, 76.157731, 51.224994, 72.691127, 62.096699]",47.010928,"{9: 34.77033, 14: 14.36068, 7: 0.0, 2: 3.804845, 36: 15.91334, 32: 0.0, 39: 0.0, 45: 0.0}","{9: 0.0, 14: 0.0, 7: 17.108426, 2: 0.0, 36: 0.0, 32: 12.157833, 39: 56.733302, 45: 75.564249}",8.606149,20.195476,6,6,"[48.166378, 45.607017, 50.596443, 51.224994, 70.710678, 72.111026, 81.315171]",59.961672,"{22: 0.0, 15: 10.803509, 25: 0.0, 32: 0.0, 30: 0.0, 42: 0.0, 23: 0.0, 43: 0.0}","{22: 4.916811, 15: 0.0, 25: 15.505287, 32: 12.387503, 30: 3.34644, 42: 23.747996, 23: 11.194156, 43: 7.49222}",1.350439,9.823802,OK,4961.387,cluster,C201_1.dat
test_data/data_demand_random_50_batch_all1_equal_cluster/C201_1.dat,8,120,2,2,590.0788655,"[[[[0, [8]], [14, [14, 10, 12, 11, 16, 9]], [10, []], [8, [19, 20, 18, 17]], [19, []], [20, []], [18, []], [33, [33, 32, 34, 35]], [32, []], [34, []], [35, []], [17, []], [12, []], [11, []], [16, []], [45, [45, 47, 46]], [47, []], [46, []], [9, []]], [[0, [2, 6, 5, 1, 4, 7, 3]], [1, []], [2, []], [4, []], [6, []], [5, []], [15, [15, 13]], [13, []], [7, [26, 27, 29, 25, 21, 22, 24, 23]], [21, []], [22, []], [24, []], [23, []], [36, [36, 44, 43, 42, 41, 40, 37, 38]], [44, []], [43, []], [42, []], [41, []], [40, []], [37, []], [38, []], [39, [39, 30, 31, 28, 50, 49, 48]], [30, []], [50, []], [49, []], [48, []], [31, []], [28, []], [26, []], [27, []], [29, []], [25, []], [3, []]]], [[[14, [14, 10, 12, 11, 16, 9]]], [[15, [15, 13]]], [[8, [19, 20, 18, 17]]], [[7, [26, 27, 29, 25, 21, 22, 24, 23]]], [[33, [33, 32, 34, 35]]], [[36, [36, 44, 43, 42, 41, 40, 37, 38]]], [[39, [39, 30, 31, 28, 50, 49, 48]]], [[45, [45, 47, 46]]]]]",590.0788655,"[[[[0, [6, 1]], [16, [16]], [13, [13, 22, 24, 23]], [1, []], [6, []], [22, []], [24, []], [23, []], [36, [36, 44, 43, 42, 41, 40, 37, 38, 31, 28, 26, 25]], [44, []], [43, []], [42, []], [41, []], [40, []], [37, []], [38, []], [39, [39, 29, 30, 50, 49, 48, 27]], [29, []], [30, []], [50, []], [49, []], [48, []], [31, []], [28, []], [27, []], [26, []], [25, []]], [[0, [2, 3, 7, 8, 4, 5]], [8, []], [2, []], [4, []], [5, []], [3, []], [7, []], [21, [21, 20, 19, 17, 18, 14, 15, 10]], [20, []], [19, []], [17, []], [18, []], [35, [35, 34, 33, 32]], [34, []], [33, []], [32, []], [47, [47, 46, 45, 12, 11, 9]], [46, []], [45, []], [14, []], [15, []], [10, []], [12, []], [11, []], [9, []]]], [[[16, [16]]], [[13, [13, 22, 24, 23]]], [[21, [21, 20, 19, 17, 18, 14, 15, 10]]], [[36, [31, 28, 26, 25]], [35, [35, 34, 33, 32]]], [[36, [36, 44, 43, 42, 41, 40, 37, 38]]], [[39, [39, 29, 30, 50, 49, 48, 27]]], [[47, [47, 46, 45, 12, 11, 9]]]]]",5.25,5.25,"[44.72136, 45.607017, 23.323808, 23.323808, 58.137767, 76.157731, 72.691127, 62.096699]",50.757415,"{14: 14.36068, 15: 0.0, 8: 0.0, 7: 0.0, 33: 5.708204, 36: 10.078866, 39: 0.0, 45: 0.0}","{14: 0.0, 15: 33.196491, 8: 32.698776, 7: 2.338096, 33: 0.0, 36: 0.0, 39: 56.733302, 45: 68.862803}",3.768469,24.228684,6,6,"[51.419841, 36.055513, 46.647615, 94.602075, 76.157731, 72.691127, 62.096699]",62.810086,"{16: 15.70992, 13: 10.317836, 21: 0.0, 35: 7.730849, 36: 60.703459, 39: 0.0, 47: 0.0}","{16: 0.0, 13: 0.0, 21: 12.256352, 35: 0.0, 36: 0.0, 39: 27.575571, 47: 14.923528}",13.494581,7.822207,OK,4837.13,cluster,C201_1.dat
test_data/data_demand_random_50_batch_all1_equal_cluster/C201_1.dat,8,120,2,3,590.0788655,"[[[[0, [1, 6, 2, 7]], [1, []], [6, []], [2, []], [7, []], [19, [19, 21, 20, 17, 16, 13, 12, 14]], [21, []], [20, []], [17, []], [35, [35, 33, 32, 34, 9, 10, 15, 11]], [33, []], [32, []], [34, []], [47, [47, 46, 45]], [46, []], [45, []], [16, []], [14, []], [15, []], [13, []], [11, []], [12, []], [10, []], [9, []]], [[0, [8, 3, 5, 4]], [8, []], [3, []], [5, []], [4, []], [18, [18, 22, 24, 23, 28, 31, 26, 27]], [22, []], [24, []], [23, []], [36, [36, 44, 43, 42, 41, 40, 37, 38]], [44, []], [43, []], [42, []], [41, []], [40, []], [37, []], [38, []], [39, [39, 50, 49, 48, 29, 25, 30]], [30, []], [50, []], [49, []], [48, []], [31, []], [28, []], [26, []], [27, []], [29, []], [25, []]]], [[[19, [19, 21, 20, 17, 16, 13, 12, 14]]], [[18, [18, 22, 24, 23, 28, 31, 26, 27]]], [[35, [35, 33, 32, 34, 9, 10, 15, 11]]], [[36, [36, 44, 43, 42, 41, 40, 37, 38]]], [[39, [39, 50, 49, 48, 29, 25, 30]]], [[47, [47, 46, 45]]]]]",598.0788655,"[[[[0, [1, 8, 7]], [8, []], [7, []], [1, []], [9, [9, 18, 16, 12, 15, 13, 10, 14]], [19, [19, 20, 11]], [20, []], [18, []], [35, [35, 34, 33, 32]], [34, []], [33, []], [32, []], [47, [47, 46, 45]], [46, []], [45, []], [14, []], [16, []], [12, []], [15, []], [13, []], [10, []], [11, []]], [[0, [5, 3, 4, 6, 2]], [2, []], [3, []], [5, []], [6, []], [4, []], [21, [21, 22, 17, 24, 23]], [22, []], [17, []], [24, []], [23, []], [36, [36, 44, 43, 42, 41, 40, 37, 38, 27, 26, 28]], [44, []], [43, []], [42, []], [41, []], [40, []], [37, []], [38, []], [39, [39, 50, 49, 48, 31, 30, 29, 25]], [50, []], [49, []], [48, []], [27, []], [26, []], [28, []], [31, []], [30, []], [29, []], [25, []]]], [[[9, [9, 18, 16, 12, 15, 13, 10, 14]]], [[21, [21, 22, 17, 24, 23]]], [[19, [19, 20, 11]]], [[36, [27, 26, 28]], [35, [35, 34, 33, 32]]], [[36, [36, 44, 43, 42, 41, 40, 37, 38]]], [[39, [39, 50, 49, 48, 31, 30, 29, 25]]], [[47, [47, 46, 45]]]]]",7,7,"[33.526109, 41.231056, 55.461698, 76.157731, 72.691127, 62.096699]",56.860737,"{19: 5.763055, 18: 5.615528, 35: 9.967795, 36: 1.463337, 39: 0.0, 47: 0.0}","{19: 0.0, 18: 0.0, 35: 0.0, 36: 0.0, 39: 56.733302, 47: 43.524769}",3.801619,16.709678,6,6,"[21.540659, 46.647615, 33.526109, 94.602075, 76.157731, 72.691127, 62.096699]",58.180288,"{9: 21.77033, 21: 10.323808, 19: 0.0, 35: 4.96052, 36: 14.111356, 39: 0.0, 47: 0.0}","{9: 0.0, 21: 0.0, 19: 26.466616, 35: 0.0, 36: 0.0, 39: 27.575571, 47: 14.923528}",7.30943,9.852245,OK,4532.988,cluster,C201_1.dat
test_data/data_demand_random_50_batch_all1_equal_cluster/C201_1.dat,8,120,2,5,590.0788655,"[[[[0, [8]], [8, []], [19, [19, 21, 20, 18, 14, 17, 12, 10]], [21, []], [20, []], [17, []], [32, [32, 33, 34, 35, 13, 16, 9, 11]], [33, []], [34, []], [35, []], [18, []], [9, []], [12, []], [14, []], [13, []], [10, []], [11, []], [16, []], [45, [45, 46, 47]], [46, []], [47, []]], [[0, [6, 1, 4, 7, 2, 5, 3]], [1, []], [7, []], [15, [15]], [6, [24]], [4, [29, 30, 31, 28, 26, 27, 25]], [2, []], [22, [22, 23]], [23, []], [24, []], [36, [36, 44, 43, 42, 41, 40, 37, 38]], [44, []], [43, []], [42, []], [41, []], [40, []], [37, []], [38, []], [39, [39, 50, 49, 48]], [29, []], [30, []], [50, []], [49, []], [48, []], [31, []], [28, []], [26, []], [27, []], [25, []], [5, []], [3, []]]], [[[15, [15]]], [[19, [19, 21, 20, 18, 14, 17, 12, 10]]], [[6, [24]]], [[4, [29, 30, 31, 28, 26, 27, 25]]], [[22, [22, 23]]], [[32, [32, 33, 34, 35, 13, 16, 9, 11]]], [[36, [36, 44, 43, 42, 41, 40, 37, 38]]], [[39, [39, 50, 49, 48]]], [[45, [45, 46, 47]]]]]",653.7099203,"[[[[0, [7, 3, 5, 1]], [5, [8]], [1, []], [7, []], [8, []], [20, [20, 19, 17, 18, 21, 27, 28, 26]], [19, []], [17, []], [18, []], [32, [32, 33, 34, 35, 31]], [33, []], [34, [37, 38, 39]], [35, []], [21, []], [37, []], [38, []], [39, []], [27, []], [26, []], [28, []], [31, []], [48, [48, 49, 50, 30, 29, 25]], [49, []], [50, []], [30, []], [29, []], [25, []], [3, []]], [[0, [6, 2, 4]], [16, [16, 12, 9, 13, 11, 10, 24, 23]], [12, []], [9, []], [13, []], [11, []], [10, []], [2, []], [4, []], [6, []], [36, [36, 40, 22, 15, 14]], [44, [44, 42, 43, 45, 46, 47, 41]], [43, []], [42, []], [41, []], [40, []], [24, []], [23, []], [22, []], [15, []], [14, []], [45, []], [46, []], [47, []]]], [[[16, [16, 12, 9, 13, 11, 10, 24, 23]]], [[5, [8]]], [[20, [20, 19, 17, 18, 21, 27, 28, 26]]], [[32, [32, 33, 34, 35, 31]]], [[34, [37, 38, 39]], [36, [36, 40, 22, 15, 14]]], [[44, [44, 42, 43, 45, 46, 47, 41]]], [[48, [48, 49, 50, 30, 29, 25]]]]]",4.666667,4.666667,"[45.607017, 33.526109, 41.231056, 34.234486, 48.166378, 51.224994, 76.157731, 72.691127, 62.096699]",51.659511,"{15: 0.0, 19: 73.763055, 6: 0.0, 4: 4.117243, 22: 0.0, 32: 9.849442, 36: 3.961623, 39: 0.0, 45: 0.0}","{15: 13.196491, 19: 0.0, 6: 14.580963, 4: 0.0, 22: 26.418525, 32: 0.0, 36: 0.0, 39: 56.733302, 45: 95.406416}",10.187929,22.926189,6.142857,6.142857,"[51.419841, 40.0, 39.293765, 51.224994, 101.235252, 78.714675, 78.587531]",62.925151,"{16: 66.70992, 5: 0.0, 20: 61.646883, 32: 0.0, 34: 4.260365, 36: 0.0, 44: 0.0, 48: 0.0}","{16: 0.0, 5: 20.0, 20: 0.0, 32: 23.034386, 34: 0.0, 36: 3.265557, 44: 5.352583, 48: 99.824697}",16.577146,18.934653,OK,4356.352,cluster,C201_1.dat
test_data/data_demand_random_50_batch_all1_equal_random/C201_1.dat,4,60,2,1,663.3238076,"[[[[0, [10, 12, 11, 9, 8]], [12, []], [11, []], [10, [25, 18, 15, 20]], [25, []], [18, []], [40, [40, 21, 19, 30]], [34, [34, 23, 26, 31]], [30, []], [20, []], [42, [42, 44, 50, 33]], [15, []], [21, []], [9, []], [44, []], [50, []], [19, []], [8, []], [23, []], [26, []], [33, []], [45, [45, 48, 22, 29]], [31, []], [48, []], [22, []], [29, []]], [[0, [3, 4]], [2, [2, 6, 5, 7, 16, 13, 14, 1]], [3, []], [6, []], [5, []], [28, [28, 27, 17, 24]], [1, []], [46, [46, 39, 43, 32]], [32, [49, 47, 35, 37]], [27, []], [49, []], [7, []], [16, []], [13, []], [39, []], [47, []], [14, []], [43, []], [17, []], [35, []], [4, []], [37, []], [24, []], [41, [41, 38, 36]], [38, []], [36, []]]], [[[2, [6, 7, 16, 13]]], [[2, [2, 5, 14, 1]]], [[10, [25, 18, 15, 20]]], [[28, [28, 27, 17, 24]]], [[40, [40, 21, 19, 30]]], [[46, [46, 39, 43, 32]]], [[34, [34, 23, 26, 31]]], [[32, [49, 47, 35, 37]]], [[41, [41, 38, 36]]], [[42, [42, 44, 50, 33]]], [[45, [45, 48, 22, 29]]]]]",778.4645996,"[[[[0, []], [2, [6, 5, 7, 16, 13, 15, 14, 9, 3, 2, 1]], [6, []], [5, []], [3, []], [7, []], [16, []], [13, []], [15, [27, 49, 32, 47, 39, 46, 34, 21]], [27, []], [49, []], [32, []], [14, []], [47, []], [39, []], [21, []], [9, []], [46, [44, 42, 20]], [44, []], [42, []], [34, []], [1, []], [20, []]], [[0, [11, 12, 8, 4]], [11, []], [12, []], [18, [18, 10, 19, 23]], [10, [25, 28, 26, 22]], [25, []], [31, [31, 30, 29, 40]], [29, []], [28, [50, 48, 36, 33, 45, 37, 17]], [50, []], [19, []], [8, []], [23, []], [26, []], [33, []], [40, []], [48, []], [22, []], [45, []], [30, []], [36, []], [41, [41, 38, 43, 24, 35]], [38, []], [37, []], [43, []], [17, []], [35, []], [4, []], [24, []]]], [[[2, [3, 2, 1]]], [[2, [13, 15, 14, 9]]], [[2, [6, 5, 7, 16]]], [[18, [18, 10, 19, 23]]], [[10, [25, 28, 26, 22]]], [[15, [27, 32, 34, 21]]], [[31, [31, 30, 29, 40]]], [[15, [49, 47, 39, 46]]], [[28, [33, 45, 17]]], [[28, [50, 48, 36, 37]]], [[41, [41, 43, 24, 35]]], [[41, [38]], [46, [44, 42, 20]]]]]",3.909091,3.909091,"[40.0, 40.0, 51.419841, 50.596443, 45.607017, 24.33105, 34.234486, 46.647615, 33.526109, 41.231056, 36.055513]",40.331739,"{2: 115.0, 10: 0.0, 28: 20.298221, 40: 3.803509, 46: 30.867304, 34: 0.0, 32: 1.158283, 41: 0.0, 42: 3.459635, 45: 0.0}","{2: 0.0, 10: 19.29008, 28: 0.0, 40: 0.0, 46: 0.0, 34: 6.079249, 32: 0.0, 41: 239.640002, 42: 0.0, 45: 157.356715}",17.458695,42.236605,3.833333,3.833333,"[40.0, 40.0, 40.0, 37.363083, 51.419841, 48.166378, 44.72136, 48.166378, 50.596443, 50.596443, 33.526109, 44.581056]",44.094757,"{2: 146.0, 18: 0.0, 10: 0.0, 15: 4.083189, 31: 10.36068, 28: 70.12465, 41: 0.0, 46: 0.0}","{2: 20.0, 18: 39.318458, 10: 5.29008, 15: 86.235269, 31: 0.0, 28: 0.0, 41: 190.640269, 46: 140.154843}",28.821065,60.204865,OK,5641.283,random,C201_1.dat
test_data/data_demand_random_50_batch_all1_equal_random/C201_1.dat,4,60,2,2,642.6370155,"[[[[0, [4]], [10, [10, 11, 7, 14, 13, 16, 12]], [11, []], [12, []], [20, [20, 24, 17]], [36, [36, 37, 35, 43]], [24, []], [37, []], [35, []], [4, []], [17, [47, 39, 49, 27]], [43, []], [14, []], [47, []], [39, []], [13, []], [16, []], [7, []], [49, []], [27, []], [32, [32, 38, 41]], [38, []], [41, []]], [[0, [2, 1, 3]], [2, []], [1, [9, 5, 6, 8]], [9, []], [3, []], [5, []], [6, []], [28, [28, 25, 26, 23, 15, 30, 22, 18]], [29, [29, 33, 34, 40]], [22, []], [40, []], [18, []], [48, [48, 45, 44, 21, 42, 46]], [25, []], [31, [31, 19, 50]], [45, []], [33, []], [26, []], [23, []], [8, []], [19, []], [50, []], [44, []], [21, []], [15, []], [42, []], [34, []], [46, []], [30, []]]], [[[10, [7, 14, 13, 16]]], [[1, [9, 5, 6, 8]]], [[10, [10, 11, 12]]], [[28, [26, 23, 15, 22]]], [[28, [28, 25, 30, 18]]], [[29, [29, 33, 34, 40]]], [[20, [20, 24, 17]]], [[36, [36, 37, 35, 43]]], [[48, [48, 45, 42, 46]]], [[48, [44, 21]]], [[17, [47, 39, 49, 27]]], [[31, [31, 19, 50]]], [[32, [32, 38, 41]]]]]",,None,3.538462,3.538462,"[51.419841, 30.0, 51.419841, 50.596443, 50.596443, 21.540659, 23.323808, 23.323808, 38.626416, 38.626416, 53.814496, 44.72136, 46.647615]",40.358242,"{10: 90.419841, 1: 0.0, 28: 2.298221, 29: 0.0, 20: 0.0, 36: 14.951984, 48: 9.353781, 17: 0.0, 31: 0.0, 32: 0.0}","{10: 0.0, 1: 4.0, 28: 28.701779, 29: 1.527892, 20: 1.451574, 36: 0.0, 48: 0.0, 17: 17.804432, 31: 5.64992, 32: 140.340401}",11.702383,19.9476,,,[],,{},{},,,OK,3426.383,random,C201_1.dat
test_data/data_demand_random_50_batch_all1_equal_random/C201_1.dat,4,60,2,3,635.7630546,"[[[[0, [3, 2]], [2, []], [1, [1, 6, 5, 10, 12, 8, 9]], [3, []], [6, []], [5, []], [29, [29, 25, 31, 22]], [10, []], [12, []], [25, []], [31, []], [22, []], [45, [45, 48, 40, 28]], [48, []], [40, []], [28, [33, 26, 23, 19, 50, 44, 21, 30]], [33, []], [26, []], [23, []], [8, []], [19, []], [50, []], [44, []], [9, []], [21, []], [42, [42, 34, 46]], [34, []], [46, []], [30, []]], [[0, [11, 14, 13, 7, 4]], [11, []], [18, [18, 20, 15, 16]], [20, [35, 37]], [36, [36, 41, 38]], [41, [32, 43, 17, 24]], [38, []], [32, []], [15, [47, 39, 49, 27]], [14, []], [47, []], [39, []], [13, []], [16, []], [7, []], [49, []], [27, []], [43, []], [17, []], [35, []], [4, []], [37, []], [24, []]]], [[[1, [6, 10, 12, 8]]], [[1, [1, 5, 9]]], [[18, [18, 20, 15, 16]]], [[29, [29, 25, 31, 22]]], [[20, [35, 37]]], [[36, [36, 41, 38]]], [[41, [32, 43, 17, 24]]], [[45, [45, 48, 40, 28]]], [[15, [47, 39, 49, 27]]], [[28, [33, 26, 23, 19]]], [[28, [50, 44, 21, 30]]], [[42, [42, 34, 46]]]]]",,None,3.583333,3.583333,"[30.0, 30.0, 37.363083, 21.540659, 23.323808, 23.323808, 33.526109, 36.055513, 48.166378, 50.596443, 50.596443, 41.231056]",35.476942,"{1: 27.0, 18: 0.0, 29: 0.0, 20: 0.0, 36: 0.0, 41: 4.763055, 45: 8.027756, 15: 0.0, 28: 0.0, 42: 0.0}","{1: 4.0, 18: 45.318458, 29: 8.22967, 20: 22.338096, 36: 12.338096, 41: 0.0, 45: 0.0, 15: 1.153756, 28: 24.557314, 42: 108.086251}",3.979081,22.602164,,,[],,{},{},,,OK,4539.011,random,C201_1.dat
test_data/data_demand_random_50_batch_all1_equal_random/C201_1.dat,4,60,2,4,646.132746,"[[[[0, [3, 5, 6]], [3, []], [5, []], [6, []], [22, [22, 24, 28, 26, 19, 23, 20]], [20, []], [36, [36, 15, 21, 33, 25, 31, 9, 8]], [24, [44, 41, 29]], [41, []], [15, [40, 50, 48, 45]], [21, []], [9, []], [44, []], [50, []], [19, []], [8, []], [23, []], [26, []], [33, []], [28, []], [40, []], [48, []], [25, []], [31, []], [45, []], [29, []]], [[0, [4, 2, 1]], [1, []], [2, []], [18, [18, 11, 13, 12, 17, 10]], [10, []], [12, []], [11, []], [4, [35, 43, 37, 46]], [35, []], [17, []], [43, []], [37, []], [38, [32, 14, 27, 38, 7, 47, 30]], [32, [39, 16, 49, 42, 34]], [14, []], [47, []], [39, []], [13, []], [16, []], [7, []], [49, []], [27, []], [42, []], [34, []], [46, []], [30, []]]], [[[18, [12, 17, 10]]], [[18, [18, 11, 13]]], [[22, [22, 24, 28, 20]]], [[22, [26, 19, 23]]], [[36, [15, 21, 33, 25]]], [[36, [36, 31, 9, 8]]], [[4, [35, 43, 37, 46]]], [[24, [44, 41, 29]]], [[15, [40, 50, 48, 45]]], [[38, [32, 14, 27, 7]]], [[38, [38, 47, 30]]], [[32, [39, 16]]], [[32, [49, 42, 34]]]]]",,None,3.384615,3.384615,"[37.363083, 37.363083, 33.105891, 33.105891, 23.323808, 23.323808, 51.224994, 30.265492, 48.166378, 39.293765, 39.293765, 46.647615, 46.647615]",37.625015,"{18: 11.363083, 22: 15.552945, 36: 0.0, 4: 9.930955, 24: 7.132746, 15: 0.0, 38: 0.0, 32: 53.941381}","{18: 0.0, 22: 15.447055, 36: 47.570302, 4: 0.0, 24: 0.0, 15: 2.784065, 38: 50.490299, 32: 0.0}",12.240139,14.536465,,,[],,{},{},,,OK,4542.641,random,C201_1.dat
test_data/data_demand_random_50_batch_all1_equal_random/C201_1.dat,4,90,2,1,608.7308492,"[[[[0, [1, 3, 2]], [2, []], [1, [4, 9]], [3, []], [9, []], [21, [21, 15, 7]], [15, []], [4, []], [35, [35, 16, 17, 14]], [17, []], [43, [43, 32, 13]], [14, []], [47, [47, 39, 27, 24]], [39, []], [13, []], [16, []], [7, []], [49, [49, 37, 41, 36]], [27, []], [32, []], [38, [38, 20, 30]], [37, []], [24, []], [41, []], [36, []], [20, []], [30, []]], [[0, []], [11, [11, 12, 8, 5, 6]], [12, []], [22, [22, 25, 23, 26]], [29, [29, 19, 10, 18]], [18, []], [10, [31, 28, 34]], [25, []], [31, []], [45, [45, 33, 42, 40]], [48, [48, 50, 44, 46]], [40, []], [28, []], [26, []], [33, []], [6, []], [5, []], [23, []], [8, []], [19, []], [50, []], [44, []], [42, []], [34, []], [46, []]]], [[[1, [4, 9]]], [[11, [6]]], [[11, [11, 12, 8, 5]]], [[21, [21, 15, 7]]], [[22, [22, 25, 23, 26]]], [[29, [29, 19, 10, 18]]], [[10, [31, 28, 34]]], [[35, [35, 16, 17, 14]]], [[43, [43, 32, 13]]], [[45, [45, 33, 42, 40]]], [[48, [48, 50, 44, 46]]], [[47, [47, 39, 27, 24]]], [[49, [49, 37, 41, 36]]], [[38, [38, 20, 30]]]]]",,None,3.357143,3.357143,"[30.0, 62.096699, 62.096699, 61.05735, 33.105891, 21.540659, 51.419841, 58.137767, 55.461698, 36.055513, 38.626416, 78.714675, 66.603303, 39.293765]",49.586448,"{1: 0.0, 11: 25.048349, 21: 1.528675, 22: 0.0, 29: 5.77933, 10: 2.882241, 35: 0.0, 43: 8.202174, 45: 17.915395, 48: 25.340964, 47: 0.0, 49: 0.0, 38: 0.0}","{1: 4.0, 11: 13.951651, 21: 0.0, 22: 2.495404, 29: 0.0, 10: 0.0, 35: 15.459791, 43: 0.0, 45: 0.0, 48: 0.0, 47: 12.911813, 49: 23.14971, 38: 31.99578}",6.66901,7.997242,,,[],,{},{},,,OK,6223,random,C201_1.dat
test_data/data_demand_random_50_batch_all1_equal_random/C201_1.dat,4,90,2,3,627.3573373,"[[[[0, [1]], [1, [4]], [12, [12, 11, 10, 18]], [11, []], [10, []], [31, [31, 25, 22, 29]], [25, []], [40, [40, 17, 20, 24]], [18, []], [29, []], [48, [48, 45, 35, 38]], [22, []], [45, []], [20, []], [24, []], [4, []], [35, []], [17, []], [43, [43, 37, 41, 36]], [37, []], [38, []], [41, []], [36, []]], [[0, [2, 3]], [2, []], [3, []], [6, [6, 5, 9, 7]], [5, []], [9, []], [7, [15, 13, 16, 14]], [16, []], [13, []], [32, [32, 27, 23, 26]], [15, []], [27, []], [14, []], [47, [47, 39, 49, 44]], [39, []], [49, []], [21, [21, 28, 19, 8]], [44, []], [50, [50, 33, 42, 34]], [19, []], [8, []], [23, []], [26, []], [33, []], [28, []], [42, []], [34, []], [46, [46, 30]], [30, []]]], [[[1, [4]]], [[6, [6, 5, 9, 7]]], [[12, [12, 11, 10, 18]]], [[7, [15, 13, 16, 14]]], [[31, [31, 25, 22, 29]]], [[32, [32, 27, 23, 26]]], [[40, [40, 17, 20, 24]]], [[48, [48, 45, 35, 38]]], [[47, [47, 39, 49, 44]]], [[21, [21, 28, 19, 8]]], [[50, [50, 33, 42, 34]]], [[43, [43, 37, 41, 36]]], [[46, [46, 30]]]]]",732.3455637,"[[[[0, []], [10, [10, 11, 12, 17]], [11, []], [12, []], [25, [25, 22, 18, 20]], [22, []], [40, [40, 36, 38, 37, 29, 31, 35, 4]], [29, []], [45, [45, 43, 32, 30]], [31, []], [18, []], [48, [48]], [36, []], [38, []], [37, []], [17, []], [35, []], [4, []], [43, []], [32, []], [30, []], [20, []]], [[0, []], [1, [1, 2, 3, 7]], [2, [5, 8, 6, 9]], [6, []], [5, []], [3, []], [8, []], [19, [19, 21, 26, 23]], [23, []], [9, []], [21, []], [44, [44, 50, 33, 42]], [50, []], [26, []], [33, []], [28, [28, 47, 27]], [34, [34, 16, 13, 14]], [42, []], [49, [49, 39, 15, 24, 41, 46]], [7, []], [16, []], [13, []], [39, []], [14, []], [47, []], [27, []], [15, []], [24, []], [41, []], [46, []]]], [[[1, [1, 2, 3, 7]]], [[2, [5, 8, 6, 9]]], [[10, [10, 11, 12, 17]]], [[19, [19, 21, 26, 23]]], [[25, [25, 22, 18, 20]]], [[40, [40, 38, 29, 4]]], [[40, [36, 37, 31, 35]]], [[45, [45, 43, 32, 30]]], [[44, [44, 50, 33, 42]]], [[48, [48]], [28, [28, 47, 27]]], [[34, [34, 16, 13, 14]]], [[49, [15, 24]]], [[49, [49, 39, 41, 46]]]]]",3.615385,3.615385,"[30.0, 67.082039, 64.498062, 70.710678, 44.72136, 46.647615, 45.607017, 38.626416, 78.714675, 61.05735, 70.710678, 55.461698, 24.33105]",53.70528,"{1: 0.0, 6: 0.0, 12: 4.249031, 7: 0.0, 31: 0.0, 32: 0.0, 40: 0.0, 48: 0.0, 47: 0.357337, 21: 0.0, 50: 0.0, 43: 0.0, 46: 0.0}","{1: 15.0, 6: 33.45898, 12: 0.0, 7: 41.103641, 31: 5.888351, 32: 9.066482, 40: 3.090183, 48: 12.935823, 47: 0.0, 21: 11.266423, 50: 48.287324, 43: 51.632169, 46: 64.479136}",0.354336,22.78527,3.846154,3.846154,"[30.0, 40.0, 51.419841, 80.622577, 62.096699, 45.607017, 45.607017, 36.055513, 72.691127, 64.334512, 34.234486, 66.603303, 66.603303]",53.528877,"{1: 16.0, 2: 0.0, 10: 56.70992, 19: 7.311289, 25: 0.0, 40: 16.809754, 45: 0.0, 44: 14.034275, 48: 9.340964, 28: 0.0, 34: 0.0, 49: 0.0}","{1: 0.0, 2: 10.0, 10: 0.0, 19: 0.0, 25: 15.661571, 40: 0.0, 45: 17.168735, 44: 0.0, 48: 0.0, 28: 10.280292, 34: 43.537194, 49: 41.981233}",10.017184,11.552419,OK,4996.919,random,C201_1.dat
test_data/data_demand_random_50_batch_all1_equal_random/C201_1.dat,4,90,2,5,642.6468827,"[[[[0, [4]], [11, [11, 12, 7]], [12, []], [36, [36, 16, 13, 14]], [38, [38, 17, 35, 32, 27, 24, 37]], [37, []], [43, [43, 39, 34, 41]], [17, []], [35, []], [4, []], [24, []], [41, []], [32, []], [27, []], [49, [49, 47, 46, 42]], [7, []], [16, []], [13, []], [39, []], [47, []], [14, []], [42, []], [34, []], [46, []]], [[0, [3, 2, 1]], [1, []], [2, []], [3, []], [6, [6, 8, 9, 5]], [8, []], [5, []], [23, [23, 18, 10, 22]], [19, [19, 21, 20, 15]], [9, []], [21, []], [15, []], [20, []], [44, [44, 33, 28, 31]], [50, [50, 26, 29, 30]], [26, []], [33, []], [28, [40, 45, 48, 25]], [45, []], [40, []], [31, []], [25, []], [10, []], [18, []], [48, []], [22, []], [29, []], [30, []]]], [[[11, [11, 12, 7]]], [[6, [6, 8, 9, 5]]], [[23, [23, 18, 10, 22]]], [[19, [19, 21, 20, 15]]], [[36, [36, 16, 13, 14]]], [[38, [17, 27, 24]]], [[38, [38, 35, 32, 37]]], [[43, [43, 39, 34, 41]]], [[44, [44, 33, 28, 31]]], [[50, [50, 26, 29, 30]]], [[28, [40, 45, 48, 25]]], [[49, [49, 47, 46, 42]]]]]",746.6155281,"[[[[0, [4]], [11, [11, 10, 12]], [12, []], [10, []], [36, [36, 25, 35, 22]], [38, [38, 17, 24]], [32, [32, 37]], [37, []], [17, []], [35, []], [4, []], [43, [43, 41, 46]], [24, []], [41, []], [46, []], [34, [34, 45, 40]], [40, []], [25, []], [45, []], [22, []]], [[0, [3]], [1, [1, 9, 6, 8, 2]], [6, [13, 14]], [3, []], [5, [5, 7, 16, 15]], [8, []], [26, [26, 23, 27, 19]], [23, []], [19, []], [2, []], [42, [42, 33, 44, 28]], [28, []], [33, []], [50, [50, 49, 21, 29]], [44, []], [9, []], [21, []], [7, []], [49, []], [16, []], [13, []], [39, [39, 47, 20, 31]], [14, []], [47, []], [27, []], [15, []], [20, []], [30, [30, 18]], [29, []], [18, []], [48, [48]], [31, []]]], [[[1, [2]]], [[1, [1, 9, 6, 8]]], [[11, [11, 10, 12]]], [[6, [13, 14]]], [[5, [5, 7, 16, 15]]], [[26, [26, 23, 27, 19]]], [[36, [36, 25, 35, 22]]], [[42, [42, 33, 44, 28]]], [[38, [38, 17, 24]]], [[32, [32, 37]]], [[50, [50, 49, 21, 29]]], [[43, [43, 41, 46]]], [[39, [39, 47, 20, 31]]], [[30, [30, 18]]], [[48, [48]], [34, [34, 45, 40]]]]]",3.833333,3.833333,"[62.096699, 67.082039, 78.587531, 80.622577, 23.323808, 39.293765, 39.293765, 55.461698, 72.691127, 70.710678, 50.596443, 66.603303]",58.86362,"{11: 17.048349, 6: 0.0, 23: 0.0, 19: 0.0, 36: 14.613554, 38: 13.984979, 43: 0.0, 44: 0.0, 50: 0.0, 28: 0.0, 49: 0.0}","{11: 0.0, 6: 33.45898, 23: 0.609536, 19: 11.147692, 36: 0.0, 38: 0.703732, 43: 11.916033, 44: 40.360671, 50: 9.266929, 28: 1.356215, 49: 1.989892}",4.149717,10.073607,3.2,3.2,"[30.0, 30.0, 62.096699, 67.082039, 76.157731, 67.052218, 23.323808, 41.231056, 39.293765, 46.647615, 70.710678, 55.461698, 80.622577, 20.0, 58.79113]",51.231401,"{1: 16.0, 11: 17.048349, 6: 0.0, 5: 1.175564, 26: 0.0, 36: 14.613554, 42: 0.439964, 38: 13.984979, 32: 26.97069, 50: 0.0, 43: 0.0, 39: 0.0, 30: 0.0, 34: 20.426487, 48: 0.0}","{1: 15.0, 11: 0.0, 6: 11.45898, 5: 0.0, 26: 19.649455, 36: 0.0, 42: 0.0, 38: 0.0, 32: 0.0, 50: 14.029133, 43: 62.945343, 39: 50.333372, 30: 135.267106, 34: 0.0, 48: 79.258261}",7.377306,25.862777,OK,5466.672,random,C201_1.dat
test_data/data_demand_random_50_batch_all1_equal_random/C201_1.dat,4,120,2,2,667.2690143,"[[[[0, [4]], [11, [11, 10, 12]], [10, []], [12, []], [25, [25, 17, 18, 24]], [18, []], [36, [36, 22, 31, 29, 38, 30]], [30, []], [29, []], [22, []], [48, [48, 40, 45, 41]], [40, []], [31, []], [45, []], [41, []], [38, []], [37, [37, 43, 35]], [43, []], [17, []], [35, []], [4, []], [24, []]], [[0, [3, 1]], [1, []], [2, [2, 9, 8, 5, 20, 7, 16, 6, 14, 13, 15]], [8, []], [19, [19, 23, 27, 28]], [23, []], [5, []], [6, []], [28, []], [33, [33, 21, 32, 26]], [26, []], [3, []], [50, [50, 44, 39, 49]], [44, []], [9, []], [21, []], [7, []], [16, []], [14, []], [47, [47, 42, 34, 46]], [39, []], [13, []], [49, []], [27, []], [32, []], [15, []], [42, []], [34, []], [46, []], [20, []]]], [[[2, [2, 9, 8, 5]]], [[11, [11, 10, 12]]], [[2, [14, 13, 15]]], [[2, [20, 7, 16, 6]]], [[25, [25, 17, 18, 24]]], [[19, [19, 23, 27, 28]]], [[36, [29, 38, 30]]], [[36, [36, 22, 31]]], [[33, [33, 21, 32, 26]]], [[50, [50, 44, 39, 49]]], [[48, [48, 40, 45, 41]]], [[47, [47, 42, 34, 46]]], [[37, [37, 43, 35]]]]]",,None,3.615385,3.615385,"[40.0, 62.096699, 40.0, 40.0, 62.096699, 80.622577, 23.323808, 23.323808, 63.245553, 70.710678, 38.626416, 78.714675, 41.231056]",51.076305,"{2: 193.096699, 11: 17.048349, 25: 20.0, 19: 2.21459, 36: 4.236132, 33: 14.021741, 50: 0.0, 48: 12.984533, 47: 0.0, 37: 0.0}","{2: 0.0, 11: 0.0, 25: 0.0, 19: 0.0, 36: 19.386446, 33: 0.0, 50: 6.977691, 48: 0.0, 47: 55.287324, 37: 96.071264}",26.360204,17.772272,,,[],,{},{},,,OK,4433.603,random,C201_1.dat
test_data/data_demand_random_50_batch_all1_equal_random/C201_1.dat,4,120,2,5,630.4108518,"[[[[0, []], [11, [11, 12, 6, 10]], [12, [16, 13, 15]], [22, [22, 8, 7, 9]], [18, [18, 25, 19, 26]], [10, []], [25, []], [31, [31, 33, 23]], [6, []], [33, []], [26, []], [23, []], [8, []], [19, []], [50, [50, 44, 21, 14]], [44, []], [9, []], [21, []], [7, []], [16, []], [13, []], [39, [39, 47, 27, 34]], [14, []], [47, []], [27, []], [49, [49, 42, 46, 30]], [15, []], [42, []], [34, []], [46, []], [30, []]], [[0, [2, 4, 3]], [1, [1, 5]], [2, []], [5, []], [3, []], [28, [28, 20, 24, 32]], [29, [29, 41, 38, 40]], [45, [45, 36, 37, 35]], [40, []], [48, [48, 43, 17]], [20, []], [36, []], [41, []], [38, []], [32, []], [37, []], [35, []], [4, []], [17, []], [43, []], [24, []]]], [[[11, [11, 12, 6, 10]]], [[1, [1, 5]]], [[12, [16, 13, 15]]], [[22, [22, 8, 7, 9]]], [[18, [18, 25, 19, 26]]], [[28, [28, 20, 24, 32]]], [[31, [31, 33, 23]]], [[29, [29, 41, 38, 40]]], [[45, [45, 36, 37, 35]]], [[48, [48, 43, 17]]], [[50, [50, 44, 21, 14]]], [[39, [39, 47, 27, 34]]], [[49, [49, 42, 46, 30]]]]]",702.3132079,"[[[[0, []], [11, [11, 15, 12, 17]], [12, []], [25, [25, 18, 14, 4]], [18, []], [36, [36, 38, 35, 41]], [41, []], [15, []], [7, [7, 13, 16]], [16, []], [47, [47]], [13, []], [39, [39, 43, 37, 24]], [14, []], [38, []], [35, []], [4, []], [17, []], [43, []], [37, []], [24, []]], [[0, []], [1, [1, 3]], [2, [2, 5, 6, 8]], [3, []], [5, []], [6, []], [8, []], [23, [23, 19, 10, 20]], [19, []], [28, [28, 22, 27, 21]], [40, [40, 31, 29, 33]], [31, []], [10, []], [48, [48, 30, 45, 32, 9]], [22, []], [45, []], [29, [49, 26, 34]], [30, []], [20, []], [32, []], [27, []], [49, []], [21, []], [9, []], [33, []], [26, []], [50, [50, 44, 42, 46]], [44, []], [42, []], [34, []], [46, []]]], [[[1, [1, 3]]], [[2, [2, 5, 6, 8]]], [[11, [11, 15, 12, 17]]], [[23, [23, 19, 10, 20]]], [[25, [25, 18, 14, 4]]], [[28, [28, 22, 27, 21]]], [[40, [40, 31, 29, 33]]], [[36, [36, 38, 35, 41]]], [[48, [45]], [7, [7, 13, 16]]], [[48, [48, 30, 32, 9]]], [[29, [49, 26, 34]]], [[47, [47]]], [[39, [39, 43, 37, 24]]], [[50, [50, 44, 42, 46]]]]]",3.615385,3.615385,"[62.096699, 30.0, 64.498062, 33.105891, 37.363083, 50.596443, 44.72136, 21.540659, 36.055513, 38.626416, 70.710678, 80.622577, 66.603303]",48.964668,"{11: 17.048349, 1: 16.0, 12: 0.0, 22: 0.0, 18: 0.0, 28: 48.899516, 31: 0.0, 29: 0.0, 45: 3.12824, 48: 0.0, 50: 5.362502, 39: 0.0, 49: 0.0}","{11: 0.0, 1: 0.0, 12: 0.799318, 22: 25.398705, 18: 4.069427, 28: 0.0, 31: 5.68767, 29: 7.931449, 45: 0.0, 48: 0.714548, 50: 0.0, 39: 79.758599, 49: 94.343009}",6.956816,16.823287,3.571429,3.571429,"[30.0, 40.0, 62.096699, 78.587531, 62.096699, 50.596443, 45.607017, 23.323808, 101.283995, 38.626416, 21.540659, 78.714675, 80.622577, 70.710678]",55.986228,"{1: 0.0, 2: 6.0, 11: 48.048349, 23: 3.293765, 25: 22.096699, 28: 12.591987, 40: 0.0, 36: 0.0, 48: 0.427456, 7: 19.356152, 29: 0.0, 47: 3.939675, 39: 8.726953, 50: 0.0}","{1: 15.0, 2: 0.0, 11: 0.0, 23: 0.0, 25: 0.0, 28: 0.0, 40: 7.082244, 36: 9.299171, 48: 8.765592, 7: 0.0, 29: 3.916462, 47: 0.0, 39: 0.0, 50: 90.159657}",8.891503,9.587366,OK,4438.312,random,C201_1.dat
test_data/data_demand_random_50_batch_all1_equal_random/C201_1.dat,8,60,2,2,604.3132079,"[[[[0, [9, 11, 8]], [11, []], [29, [29, 23, 19, 21, 28, 33, 26, 10, 25, 12, 18, 31, 22]], [25, []], [12, []], [10, []], [18, []], [31, []], [48, [48, 45, 40, 50, 44, 42, 46]], [22, []], [45, []], [40, []], [28, []], [33, []], [26, []], [23, []], [8, []], [19, []], [50, []], [44, []], [9, []], [21, []], [42, []], [46, []]], [[0, [1, 2, 3, 6, 5]], [6, []], [5, []], [3, []], [2, []], [1, []], [20, [20, 13, 36, 16, 7, 17, 14, 15]], [36, []], [41, [41, 24, 37, 32, 27, 35, 34, 30, 4, 43, 38, 47, 39, 49]], [24, []], [4, []], [35, []], [17, []], [43, []], [37, []], [38, []], [32, []], [14, []], [47, []], [39, []], [13, []], [16, []], [7, []], [49, []], [27, []], [15, []], [34, []], [30, []]]], [[[29, [28, 33, 26, 10, 12, 18, 22]]], [[29, [29, 23, 19, 21, 25, 31]]], [[20, [20, 13, 36, 16, 7, 17, 14, 15]]], [[41, [4, 43, 38, 47, 39, 49]]], [[41, [41, 24, 37, 32, 27, 35, 34, 30]]], [[48, [48, 45, 40, 50, 44, 42, 46]]]]]",664.6619038,"[[[[0, [12, 4, 2, 1]], [12, []], [10, [10, 20, 13, 16, 17, 14]], [30, [30]], [20, [36, 24, 35, 37, 32, 27, 34]], [36, []], [24, []], [4, []], [35, []], [17, [43, 39, 47, 7, 38, 41, 49]], [43, []], [37, []], [38, []], [41, []], [32, []], [27, []], [39, []], [47, []], [14, []], [13, []], [16, []], [7, []], [49, []], [42, [42]], [2, []], [1, []], [34, []]], [[0, [5, 6, 3]], [3, []], [5, []], [6, []], [22, [22, 23, 8, 9, 11, 18, 15]], [29, [29, 25, 31, 28, 26, 19, 21]], [11, []], [25, []], [31, []], [45, [45, 40, 33, 48, 50, 44, 46]], [18, []], [48, []], [40, []], [28, []], [33, []], [26, []], [23, []], [8, []], [19, []], [50, []], [44, []], [9, []], [21, []], [15, []], [46, []]]], [[[10, [10, 20, 13, 16, 17, 14]]], [[22, [22, 23, 8, 9, 11, 18, 15]]], [[29, [29, 25, 31, 28, 26, 19, 21]], [30, [30]]], [[20, [36, 24, 35, 37, 32, 27, 34]]], [[45, [45, 40, 33, 48, 50, 44, 46]]], [[17, [43, 39, 47, 7, 38, 41, 49]]], [[42, [42]]]]]",7,7,"[21.540659, 21.540659, 23.323808, 33.526109, 33.526109, 38.626416]",28.680627,"{29: 25.77033, 20: 6.432233, 41: 62.661642, 48: 4.313208}","{29: 5.22967, 20: 0.0, 41: 0.0, 48: 0.0}",24.794353,1.307418,6.142857,6.142857,"[51.419841, 33.105891, 32.432233, 23.323808, 36.055513, 53.814496, 41.231056]",38.768977,"{10: 0.0, 22: 0.0, 30: 0.0, 29: 29.088007, 20: 0.0, 45: 0.0, 17: 0.0, 42: 0.0}","{10: 2.29008, 22: 46.447055, 30: 19.0, 29: 0.0, 20: 3.338096, 45: 44.060251, 17: 0.092752, 42: 194.477224}",3.636001,38.713182,OK,4063.327,random,C201_1.dat
test_data/data_demand_random_50_batch_all1_equal_random/C201_1.dat,8,60,2,3,608.7684039,"[[[[0, [1, 2, 4, 3]], [2, [5, 6]], [3, []], [5, []], [6, []], [1, [17, 14, 13, 16, 7, 15]], [36, [36, 24, 35, 37, 32, 27, 34]], [41, [41]], [24, []], [4, []], [35, []], [17, [43, 38, 47, 39, 49, 46]], [43, []], [37, []], [38, []], [32, []], [14, []], [47, []], [39, []], [13, []], [16, []], [7, []], [49, []], [27, []], [15, []], [34, []], [46, []]], [[0, [11, 12, 10]], [11, []], [12, []], [18, [18, 8]], [29, [29, 25, 31, 28]], [10, [26, 19, 21, 20, 40, 23, 9]], [25, []], [31, []], [48, [48, 45, 22, 33, 50, 44, 42, 30]], [22, []], [45, []], [40, []], [28, []], [33, []], [26, []], [23, []], [8, []], [19, []], [50, []], [44, []], [9, []], [21, []], [42, []], [20, []], [30, []]]], [[[2, [5, 6]]], [[1, [17, 14, 13, 16, 7, 15]]], [[18, [18, 8]]], [[36, [36, 24, 35, 37, 32, 27, 34]]], [[29, [29, 25, 31, 28]]], [[10, [26, 19, 21, 20, 40, 23, 9]]], [[41, [41]]], [[48, [48, 45, 22, 33, 50, 44, 42, 30]]], [[17, [43, 38, 47, 39, 49, 46]]]]]",,None,4.777778,4.777778,"[40.0, 30.0, 37.363083, 23.323808, 21.540659, 51.419841, 33.526109, 38.626416, 53.814496]",36.623824,"{2: 11.0, 1: 0.0, 18: 0.0, 36: 0.0, 29: 11.451871, 10: 4.258049, 41: 16.763055, 48: 2.603288, 17: 0.0}","{2: 0.0, 1: 78.0, 18: 84.318458, 36: 0.338096, 29: 0.0, 10: 0.0, 41: 0.0, 48: 0.0, 17: 6.855807}",5.119585,18.834707,,,[],,{},{},,,OK,3238.333,random,C201_1.dat
test_data/data_demand_random_50_batch_all1_equal_random/C201_1.dat,8,60,2,5,625,"[[[[0, [4, 2]], [2, []], [18, [18, 14, 13, 17, 20]], [24, [24, 37, 16, 27, 15, 7, 35]], [4, []], [35, []], [17, [43]], [43, []], [37, []], [38, [38, 41, 32, 49, 47, 39, 36]], [41, []], [32, []], [49, []], [7, []], [16, []], [47, []], [14, []], [39, []], [13, []], [27, []], [15, []], [36, []], [20, []]], [[0, [1, 3]], [1, [5, 6]], [3, []], [5, []], [6, []], [22, [22, 11, 12, 10, 23, 8, 9]], [29, [29, 19, 25, 31, 26, 28, 21, 30]], [11, []], [12, []], [25, []], [10, []], [48, [48, 45, 40, 44, 33, 50, 42, 34]], [31, []], [45, []], [40, []], [28, []], [33, []], [26, []], [23, []], [8, []], [19, []], [50, []], [44, []], [9, []], [21, []], [42, []], [34, []], [46, [46]], [30, []]]], [[[1, [5, 6]]], [[18, [18, 14, 13, 17, 20]]], [[22, [22, 11, 12, 10, 23, 8, 9]]], [[29, [29, 19, 25, 31, 26, 28, 21, 30]]], [[24, [24, 37, 16, 27, 15, 7]]], [[24, [35]]], [[17, [43]]], [[48, [48, 45, 40, 44, 33, 50, 42, 34]]], [[38, [38, 41, 32, 49, 47, 39, 36]]], [[46, [46]]]]]",713.7522968,"[[[[0, [1, 2]], [1, []], [18, [18, 10, 11, 12]], [12, []], [11, []], [10, [25, 29, 30]], [25, []], [29, [34, 37, 35, 24, 22, 21, 15, 17]], [48, [48, 45, 46, 42, 41, 38, 43]], [22, []], [45, []], [46, []], [30, [4]], [2, []], [34, []], [42, []], [21, []], [15, []], [41, []], [38, []], [37, []], [17, []], [35, []], [4, []], [43, []], [24, []]], [[0, []], [20, [20, 26, 5, 6, 8, 9, 7, 16, 3]], [3, []], [26, []], [28, [28, 31, 33, 23, 19, 13, 14]], [31, []], [40, [40, 44, 49, 39, 47, 27, 32, 36, 50]], [5, []], [6, []], [33, []], [23, []], [8, []], [19, []], [50, []], [44, []], [9, []], [49, []], [7, []], [16, []], [13, []], [39, []], [47, []], [14, []], [27, []], [32, []], [36, []]]], [[[18, [18, 10, 11, 12]]], [[20, [3]]], [[20, [20, 26, 5, 6, 8, 9, 7, 16]]], [[28, [28, 31, 33, 23, 19, 13, 14]]], [[10, [25, 29, 30]]], [[29, [34, 37, 35, 24, 22, 21, 15, 17]]], [[40, [40, 44, 49, 39, 47, 27, 32, 36]]], [[40, [50]], [48, [48, 45, 46, 42, 41, 38, 43]]], [[30, [4]]]]]",4.6,4.6,"[30.0, 37.363083, 33.105891, 21.540659, 30.265492, 30.265492, 53.814496, 38.626416, 39.293765, 24.33105]",33.860634,"{1: 16.0, 18: 36.681542, 22: 0.0, 29: 0.0, 24: 8.902409, 17: 10.774502, 48: 0.0, 38: 0.0, 46: 0.0}","{1: 0.0, 18: 0.0, 22: 36.447055, 29: 1.22967, 24: 0.0, 17: 0.0, 48: 7.686792, 38: 21.445869, 46: 218.521267}",8.039828,31.703406,5.333333,5.333333,"[37.363083, 23.323808, 23.323808, 50.596443, 51.419841, 21.540659, 45.607017, 49.116716, 20.0]",35.810153,"{18: 25.681542, 20: 134.661904, 28: 0.0, 10: 0.0, 29: 0.0, 40: 16.090393, 48: 22.631666, 30: 0.0}","{18: 0.0, 20: 20.338096, 28: 25.363683, 10: 0.971621, 29: 25.51975, 40: 3.858395, 48: 0.0, 30: 17.847796}",24.883188,11.737418,OK,4178.597,random,C201_1.dat
test_data/data_demand_random_50_batch_all1_equal_random/C201_1.dat,8,90,2,2,597.3112887,"[[[[0, [1]], [1, []], [5, [5, 10, 12, 11, 8, 6]], [6, []], [29, [29, 28, 18, 31, 26, 30, 22, 25, 23, 19]], [10, []], [12, []], [11, []], [25, []], [31, []], [45, [45, 48, 40, 33, 44, 34, 46]], [22, []], [18, []], [48, []], [40, []], [28, []], [33, []], [26, []], [23, []], [8, []], [19, []], [50, [50, 42]], [44, []], [42, []], [34, []], [46, []], [30, []]], [[0, [4, 2, 3]], [2, []], [3, []], [15, [15, 21, 9, 20, 16, 7, 17, 14]], [21, []], [9, []], [20, []], [36, [36, 41, 38, 32, 37, 24, 35, 27]], [41, []], [38, []], [32, []], [14, []], [39, [39, 49, 43, 47, 13]], [47, []], [13, []], [16, []], [7, []], [49, []], [27, []], [43, []], [35, []], [4, []], [17, []], [37, []], [24, []]]], [[[5, [5, 10, 12, 11, 8, 6]]], [[15, [15, 21, 9, 20, 16, 7, 17, 14]]], [[29, [18, 22, 25, 23, 19]]], [[29, [29, 28, 31, 26, 30]]], [[36, [36, 41, 38, 32, 37, 24, 35, 27]]], [[45, [45, 48, 40, 33, 44, 34, 46]]], [[39, [39, 49, 43, 47, 13]]], [[50, [50, 42]]]]]",643.0483494,"[[[[0, [1]], [1, []], [6, [6]], [22, [22, 10, 23, 19, 8, 11, 12, 18]], [10, []], [11, []], [12, []], [25, [25, 31, 29, 28, 33, 26, 30, 34]], [31, []], [18, []], [29, []], [48, [48, 45, 40, 50, 44, 42, 46, 20]], [45, []], [40, []], [28, []], [33, []], [26, []], [23, []], [8, []], [19, []], [50, []], [44, []], [42, []], [34, []], [46, []], [30, []], [20, []], [38, [38]]], [[0, [3, 2]], [2, []], [3, []], [5, [5, 9, 7, 4]], [9, [16, 14, 21, 15]], [21, []], [41, [41, 39, 27, 35, 36, 32, 37, 24]], [15, []], [27, []], [14, []], [47, [47, 13, 49, 17, 43]], [39, []], [13, []], [16, []], [7, []], [49, []], [32, []], [37, []], [4, []], [35, []], [17, []], [43, []], [24, []], [36, []]]], [[[6, [6]], [5, [5, 9, 7, 4]]], [[22, [22, 10, 23, 19, 8, 11, 12, 18]]], [[9, [16, 14, 21, 15]]], [[25, [25, 31, 29, 28, 33, 26, 30, 34]]], [[41, [41, 39, 27, 35, 36, 32, 37, 24]]], [[48, [48, 45, 40, 50, 44, 42, 46, 20]]], [[47, [47, 13, 49, 17, 43]]], [[38, [38]]]]]",5.75,5.75,"[76.157731, 48.166378, 21.540659, 21.540659, 23.323808, 36.055513, 80.622577, 70.710678]",47.26475,"{5: 0.078866, 15: 4.083189, 29: 19.691464, 36: 0.0, 45: 0.0, 39: 2.2281, 50: 0.0}","{5: 0.0, 15: 0.0, 29: 11.308536, 36: 1.421285, 45: 19.742573, 39: 0.0, 50: 76.616905}",3.725945,15.584186,5.875,5.875,"[76.619885, 33.105891, 68.35203, 62.096699, 33.526109, 38.626416, 78.714675, 39.293765]",53.791934,"{6: 0.0, 5: 23.0, 22: 0.0, 9: 8.72896, 25: 2.048349, 41: 1.034094, 48: 0.0, 47: 3.594283, 38: 0.0}","{6: 25.45898, 5: 0.0, 22: 0.447055, 9: 0.0, 25: 0.0, 41: 0.0, 48: 1.735141, 47: 0.0, 38: 215.039909}",4.267299,26.964565,OK,3665.451,random,C201_1.dat
test_data/data_demand_random_50_batch_all1_equal_random/C201_1.dat,8,90,2,4,587.328408,"[[[[0, []], [11, [11, 12, 6, 5, 8, 10]], [10, []], [12, []], [25, [25, 26, 23, 19, 20, 22, 18]], [28, [28, 33, 34, 30, 29]], [26, []], [33, []], [6, []], [5, []], [23, []], [8, []], [19, []], [50, [50, 44, 42, 46, 45, 48, 40, 31]], [44, []], [42, []], [34, []], [46, []], [20, []], [30, []], [45, []], [40, []], [31, []], [18, []], [48, []], [22, []], [29, []]], [[0, [3]], [1, [1, 2, 9, 4, 7]], [2, []], [3, []], [9, []], [21, [21, 15, 17]], [15, []], [4, []], [35, [35, 24, 14, 13, 16, 27]], [17, []], [43, [43, 37, 41, 38, 32, 39, 36]], [37, []], [24, []], [41, []], [38, []], [32, []], [14, []], [47, [47, 49]], [39, []], [13, []], [16, []], [7, []], [49, []], [27, []], [36, []]]], [[[11, [11, 12, 6, 5, 8, 10]]], [[1, [1, 2, 9, 4, 7]]], [[21, [21, 15, 17]]], [[25, [25, 26, 23, 19, 20, 22, 18]]], [[35, [35, 24, 14, 13, 16, 27]]], [[28, [28, 33, 34, 30, 29]]], [[43, [43, 37, 41, 38, 32, 39, 36]]], [[50, [50, 44, 42, 46, 45, 48, 40, 31]]], [[47, [47, 49]]]]]",677.3132079,"[[[[0, []], [11, [11, 9, 7, 14, 10, 16, 12, 18]], [18, []], [22, [22, 21, 13, 15]], [29, [29, 25, 31, 27, 30]], [10, []], [12, []], [25, []], [31, []], [48, [48, 45, 33, 44, 50, 47]], [45, [39, 42, 49]], [33, []], [50, []], [44, []], [9, []], [21, []], [49, []], [7, []], [16, []], [13, []], [39, []], [14, []], [47, []], [27, []], [15, []], [42, []], [30, []]], [[0, [3, 4, 1]], [1, []], [2, [2, 5, 6, 8]], [3, []], [5, []], [6, []], [8, []], [19, [19, 23, 26, 24, 17, 20]], [23, []], [26, []], [28, [28, 32]], [40, [40, 37, 35, 38, 41, 36]], [32, []], [24, []], [37, []], [17, []], [4, []], [35, []], [43, [43, 34, 46]], [38, []], [41, []], [36, []], [46, []], [34, []], [20, []]]], [[[2, [2, 5, 6, 8]]], [[19, [19, 23, 26, 24, 17, 20]]], [[11, [11, 9, 7, 14, 10, 16, 12, 18]]], [[22, [22, 21, 13, 15]]], [[29, [29, 25, 31, 27, 30]], [28, [28, 32]]], [[40, [40, 37, 35, 38, 41, 36]]], [[48, [48, 45, 33, 44, 50, 47]]], [[45, [39, 42, 49]]], [[43, [43, 34, 46]]]]]",5.444444,5.444444,"[62.096699, 30.0, 61.05735, 62.096699, 58.137767, 50.596443, 55.461698, 70.710678, 78.714675]",58.763557,"{11: 17.048349, 1: 16.0, 21: 5.528675, 25: 20.0, 35: 0.0, 28: 0.0, 43: 24.799733, 50: 0.0, 47: 0.0}","{11: 0.0, 1: 0.0, 21: 0.0, 25: 0.0, 35: 15.459791, 28: 19.653429, 43: 0.0, 50: 10.69301, 47: 52.911813}",9.264084,10.968672,5.222222,5.222222,"[40.0, 80.622577, 62.096699, 33.105891, 56.168302, 45.607017, 38.626416, 36.055513, 55.461698]",49.749346,"{2: 11.0, 19: 29.311289, 11: 48.048349, 22: 0.0, 29: 11.323275, 28: 0.0, 40: 0.0, 48: 4.941584, 45: 0.0, 43: 0.0}","{2: 0.0, 19: 0.0, 11: 0.0, 22: 12.398705, 29: 0.0, 28: 0.216581, 40: 20.50778, 48: 0.0, 45: 9.170654, 43: 128.954024}",10.46245,17.124774,OK,6457.878,random,C201_1.dat
test_data/data_demand_random_50_batch_all1_equal_random/C201_1.dat,8,120,2,1,617.3573373,"[[[[0, [2]], [10, [10, 12, 11, 18]], [12, []], [11, []], [25, [25, 29, 30, 26, 22, 20, 31]], [18, []], [29, [33, 28, 34, 40, 36]], [22, []], [40, []], [48, [48, 45, 46, 44, 50, 42]], [31, []], [45, []], [30, []], [46, []], [42, []], [44, []], [50, []], [26, []], [33, []], [28, []], [2, []], [34, []], [20, []], [36, []]], [[0, [3, 1, 4]], [1, []], [5, [5, 6, 8, 9, 15, 14, 13]], [6, []], [23, [23, 19, 21, 27, 16, 7, 17]], [8, []], [19, []], [3, []], [9, []], [21, []], [15, []], [27, []], [14, []], [47, [47, 39, 49, 32, 41, 38, 37, 35]], [39, []], [13, []], [16, []], [7, []], [49, []], [32, []], [41, []], [38, []], [37, []], [43, [43, 24]], [17, []], [35, []], [4, []], [24, []]]], [[[10, [10, 12, 11, 18]]], [[5, [5, 6, 8, 9, 15, 14, 13]]], [[23, [23, 19, 21, 27, 16, 7, 17]]], [[25, [25, 29, 30, 26, 22, 20, 31]]], [[29, [33, 28, 34, 40, 36]]], [[48, [48, 45, 46, 44, 50, 42]]], [[47, [47, 39, 49, 32, 41, 38, 37, 35]]], [[43, [43, 24]]]]]",633.3573373,"[[[[0, [2]], [11, [11, 10, 12]], [10, []], [12, []], [25, [25, 22, 31, 20, 26, 29]], [40, [40]], [22, [28, 45, 30, 18]], [45, []], [31, []], [18, []], [48, [48, 46, 34, 42, 44, 33]], [29, []], [30, []], [20, []], [46, []], [2, []], [34, []], [42, []], [44, []], [50, [50]], [26, []], [33, []], [28, []]], [[0, [1]], [1, []], [9, [9, 4, 3]], [6, [6, 5, 8, 23, 19, 21, 15, 14, 13, 16, 7]], [5, []], [23, []], [8, []], [19, []], [3, []], [21, []], [15, []], [14, []], [47, [47, 39, 27, 32, 37, 35, 24, 36]], [39, []], [13, []], [16, []], [7, []], [49, [49, 38, 43, 41, 17]], [27, []], [32, []], [38, []], [37, []], [43, []], [17, []], [35, []], [4, []], [24, []], [41, []], [36, []]]], [[[9, [9, 4, 3]]], [[11, [11, 10, 12]], [6, [15, 14, 13, 16, 7]]], [[6, [6, 5, 8, 23, 19, 21]]], [[25, [25, 22, 31, 20, 26, 29]]], [[40, [40]]], [[22, [28, 45, 30, 18]]], [[47, [47, 39, 27, 32, 37, 35, 24, 36]]], [[48, [48, 46, 34, 42, 44, 33]]], [[49, [49, 38, 43, 41, 17]]], [[50, [50]]]]]",5.75,5.75,"[51.419841, 76.157731, 78.587531, 62.096699, 21.540659, 38.626416, 78.714675, 55.461698]",57.825656,"{10: 56.70992, 5: 31.078866, 23: 22.2149, 25: 15.338429, 29: 0.0, 48: 4.264859, 47: 0.063572, 43: 0.0}","{10: 0.0, 5: 0.0, 23: 0.0, 25: 0.0, 29: 11.27802, 48: 0.0, 47: 0.0, 43: 117.000072}",16.208818,16.034762,4.8,4.8,"[68.35203, 105.442765, 67.082039, 62.096699, 45.607017, 33.105891, 78.714675, 38.626416, 66.603303, 70.710678]",63.634151,"{9: 0.0, 11: 48.048349, 6: 14.392438, 25: 28.216423, 40: 4.538736, 22: 0.0, 47: 7.640303, 48: 1.866153, 49: 0.0, 50: 0.0}","{9: 22.823985, 11: 0.0, 6: 0.0, 25: 0.0, 40: 0.0, 22: 0.250563, 47: 0.0, 48: 0.0, 49: 0.072816, 50: 86.599648}",10.47024,10.974701,OK,6020.23,random,C201_1.dat
test_data/data_demand_random_50_batch_all1_equal_random/C201_1.dat,8,120,2,2,602.6619038,"[[[[0, [1, 2]], [1, []], [2, []], [15, [15, 9, 7, 16, 13, 17, 4, 14]], [9, []], [36, [36, 21, 32, 27, 24]], [21, []], [7, []], [16, []], [13, []], [14, []], [47, [47, 39, 49, 35, 43, 38, 41, 37]], [39, []], [49, []], [27, []], [32, []], [38, []], [41, []], [4, []], [35, []], [17, []], [43, []], [37, []], [24, []]], [[0, [3]], [11, [11, 10, 12]], [10, []], [12, [19, 8, 5, 6, 18]], [25, [25, 22, 20, 23, 26]], [22, []], [20, [30, 40, 28, 31, 33, 29]], [30, []], [46, [46, 34, 44, 45, 42]], [34, []], [42, []], [44, []], [3, []], [50, [50, 48]], [19, []], [8, []], [23, []], [5, []], [6, []], [26, []], [33, []], [28, []], [40, []], [45, []], [31, []], [48, []], [18, []], [29, []]]], [[[15, [15, 9, 7, 16, 13, 17, 4, 14]]], [[11, [11, 10, 12]]], [[12, [19, 8, 5, 6, 18]]], [[25, [25, 22, 20, 23, 26]]], [[36, [36, 21, 32, 27, 24]]], [[20, [30, 40, 28, 31, 33, 29]]], [[46, [46, 34, 44, 45, 42]]], [[47, [47, 39, 49, 35, 43, 38, 41, 37]]], [[50, [50, 48]]]]]",626.3016516,"[[[[0, [1]], [1, []], [16, [16, 7, 14, 17, 13, 9, 15, 4]], [7, []], [9, []], [21, [21]], [15, []], [36, [36, 32, 27, 24, 20, 30, 35, 41, 38]], [41, []], [38, []], [32, []], [27, []], [49, [49, 39, 47, 43, 37]], [13, []], [39, []], [47, []], [14, []], [43, []], [35, []], [4, []], [17, []], [37, []], [24, []], [20, []], [30, []]], [[0, [3]], [11, [11, 8, 5, 6, 10, 12, 2]], [10, []], [25, [25, 19, 23, 18, 26, 22]], [12, []], [18, []], [29, [29]], [46, [46, 34, 42, 28, 31, 40, 33]], [34, []], [42, []], [2, []], [28, []], [33, []], [26, []], [3, []], [50, [50, 44, 48, 45]], [44, []], [19, []], [8, []], [23, []], [5, []], [6, []], [48, []], [40, []], [31, []], [45, []], [22, []]]], [[[16, [16, 7, 14, 17, 13, 9, 15, 4]]], [[11, [11, 8, 5, 6, 10, 12, 2]]], [[25, [25, 19, 23, 18, 26, 22]]], [[21, [21]]], [[29, [29]], [36, [32, 27, 24, 20, 30]]], [[36, [36, 35, 41, 38]]], [[46, [46, 34, 42, 28, 31, 40, 33]]], [[49, [49, 39, 47, 43, 37]]], [[50, [50, 44, 48, 45]]]]]",5.222222,5.222222,"[48.166378, 62.096699, 64.498062, 62.096699, 23.323808, 23.323808, 24.33105, 78.714675, 70.710678]",50.806873,"{15: 41.083189, 11: 17.048349, 12: 7.29738, 25: 7.70262, 36: 14.578715, 20: 0.0, 46: 0.0, 47: 0.0, 50: 0.0}","{15: 0.0, 11: 0.0, 12: 0.0, 25: 0.0, 36: 0.0, 20: 11.386446, 46: 4.882824, 47: 2.304566, 50: 40.479136}",9.745584,6.561441,5.333333,5.333333,"[78.102497, 62.096699, 62.096699, 61.05735, 42.531985, 23.323808, 24.33105, 66.603303, 70.710678]",54.539341,"{16: 22.051248, 11: 17.048349, 25: 36.0, 21: 0.0, 29: 0.0, 36: 1.997101, 46: 0.0, 49: 8.250403, 50: 0.0}","{16: 0.0, 11: 0.0, 25: 0.0, 21: 0.420077, 29: 18.181321, 36: 4.389345, 46: 3.169672, 49: 0.0, 50: 44.479136}",9.483011,7.848839,OK,3988.512,random,C201_1.dat
test_data/data_demand_random_50_batch_all1_equal_random/C201_1.dat,8,120,2,3,624.3132079,"[[[[0, [4, 1, 3, 2]], [2, []], [3, []], [5, [5, 6]], [6, []], [34, [34, 30, 20, 17, 24]], [1, []], [40, [40, 31, 42, 36, 41, 35, 43, 37]], [31, []], [48, [48, 45, 46]], [45, []], [30, []], [46, []], [42, []], [20, []], [36, []], [41, []], [4, []], [35, []], [17, []], [43, []], [37, []], [24, []]], [[0, []], [11, [11, 15, 7, 16, 13, 14]], [12, [12, 10, 18, 22, 19, 21]], [25, [25, 23, 8, 9]], [10, []], [18, []], [22, []], [29, [29, 33, 28, 26, 27, 32]], [28, []], [33, []], [26, []], [23, []], [8, []], [19, []], [50, [50, 44, 49, 39, 47, 38]], [44, []], [9, []], [21, []], [15, []], [27, []], [49, []], [7, []], [16, []], [13, []], [39, []], [47, []], [14, []], [32, []], [38, []]]], [[[5, [5, 6]]], [[11, [11, 15, 7, 16, 13, 14]]], [[12, [12, 10, 18, 22, 19, 21]]], [[25, [25, 23, 8, 9]]], [[34, [34, 30, 20, 17, 24]]], [[29, [29, 33, 28, 26, 27, 32]]], [[40, [40, 31, 42, 36, 41, 35, 43, 37]]], [[48, [48, 45, 46]]], [[50, [50, 44, 49, 39, 47, 38]]]]]",652.3132079,"[[[[0, [3]], [3, []], [8, [8, 5, 6, 9, 15, 7, 16, 13]], [5, []], [6, []], [28, [28, 26, 23, 19, 21, 27, 14, 20]], [40, [40]], [33, [33, 44, 39, 32, 30]], [26, []], [23, []], [19, []], [50, [50, 49, 47]], [44, []], [9, []], [21, []], [15, []], [27, []], [49, []], [7, []], [16, []], [13, []], [39, []], [47, []], [14, []], [32, []], [20, []], [30, []]], [[0, [1, 2]], [1, []], [2, []], [18, [18, 10, 11, 12, 17, 4]], [10, []], [11, []], [12, []], [25, [25, 31]], [31, []], [29, [29, 22, 36, 37, 35, 24, 34]], [22, []], [45, [45]], [48, [48, 41, 38, 43, 42, 46]], [36, []], [41, []], [38, []], [37, []], [43, []], [17, []], [35, []], [4, []], [24, []], [42, []], [34, []], [46, []]]], [[[8, [8, 5, 6, 9, 15, 7, 16, 13]]], [[18, [18, 10, 11, 12, 17, 4]]], [[28, [28, 26, 23, 19, 21, 27, 14, 20]]], [[25, [25, 31]]], [[40, [40]]], [[29, [29, 22, 36, 37, 35, 24, 34]]], [[45, [45]], [33, [33, 44, 39, 32, 30]]], [[48, [48, 41, 38, 43, 42, 46]]], [[50, [50, 49, 47]]]]]",5.111111,5.111111,"[76.157731, 62.096699, 64.498062, 62.096699, 34.234486, 21.540659, 45.607017, 38.626416, 70.710678]",52.840938,"{5: 0.0, 11: 48.048349, 12: 18.279547, 25: 0.0, 34: 59.117243, 29: 0.0, 40: 16.686266, 48: 0.509699, 50: 6.63446}","{5: 30.921134, 11: 0.0, 12: 0.0, 25: 1.182848, 34: 0.0, 29: 14.181321, 40: 0.0, 48: 0.0, 50: 0.0}",16.586174,5.142812,5.222222,5.222222,"[82.462113, 37.363083, 50.596443, 62.096699, 45.607017, 21.540659, 70.266061, 38.626416, 70.710678]",53.25213,"{8: 34.231056, 18: 5.681542, 28: 16.067165, 25: 6.366808, 40: 14.505287, 29: 0.0, 45: 6.798086, 33: 17.394518, 48: 0.466773, 50: 2.783728}","{8: 0.0, 18: 0.0, 28: 0.0, 25: 0.0, 40: 0.0, 29: 14.181321, 45: 0.0, 33: 0.0, 48: 0.0, 50: 0.0}",10.429496,1.418132,OK,4942.334,random,C201_1.dat
test_data/data_demand_random_50_batch_all1_equal_random/C201_1.dat,8,120,2,5,604.0688837,"[[[[0, [2]], [5, [5, 6, 11, 10]], [6, []], [18, [18, 12, 8]], [11, []], [25, [25, 29, 22, 31, 28, 26, 23, 19]], [12, []], [10, []], [29, []], [48, [48, 45, 40, 33, 44, 34, 46, 42]], [22, []], [45, []], [31, []], [40, []], [28, []], [33, []], [26, []], [23, []], [8, []], [19, []], [50, [50, 30]], [44, []], [42, []], [2, []], [34, []], [46, []], [30, []]], [[0, [3, 1, 4]], [1, []], [3, []], [9, [9, 15, 17, 7, 16, 13, 14]], [21, [21, 24, 27]], [15, []], [24, []], [4, []], [35, [35, 43, 37, 39, 38, 41, 36]], [17, []], [43, []], [37, []], [27, []], [49, [49, 47, 32, 20]], [7, []], [16, []], [13, []], [39, []], [47, []], [14, []], [32, []], [38, []], [41, []], [36, []], [20, []]]], [[[5, [5, 6, 11, 10]]], [[9, [9, 15, 17, 7, 16, 13, 14]]], [[18, [18, 12, 8]]], [[21, [21, 24, 27]]], [[25, [25, 29, 22, 31, 28, 26, 23, 19]]], [[35, [35, 43, 37, 39, 38, 41, 36]]], [[48, [48, 45, 40, 33, 44, 34, 46, 42]]], [[49, [49, 47, 32, 20]]], [[50, [50, 30]]]]]",731.8985275,"[[[[0, [4]], [10, [10, 12]], [12, []], [18, [22, 14, 13, 16, 7, 18]], [22, []], [36, [36]], [41, [41, 27, 21, 15, 32, 17, 24]], [27, []], [14, []], [47, [47, 39, 38, 37, 43, 35]], [39, []], [13, []], [16, []], [49, [49]], [7, []], [21, []], [15, []], [32, []], [38, []], [37, []], [43, []], [17, []], [35, []], [4, []], [24, []]], [[0, [3, 2, 1]], [1, []], [2, []], [3, []], [5, [5, 6, 11, 8, 9]], [6, []], [29, [29, 26, 23, 19, 20, 31]], [25, [25, 28, 33, 34, 30]], [11, []], [48, [48, 40, 45, 50, 44, 42, 46]], [31, []], [40, []], [45, []], [28, []], [33, []], [26, []], [23, []], [8, []], [19, []], [50, []], [44, []], [9, []], [42, []], [34, []], [46, []], [20, []], [30, []]]], [[[10, [10, 12]]], [[5, [5, 6, 11, 8, 9]]], [[18, [22, 14, 13, 16, 7, 18]]], [[29, [29, 26, 23, 19, 20, 31]]], [[25, [25, 28, 33, 34, 30]]], [[36, [36]]], [[41, [41, 27, 21, 15, 32, 17, 24]]], [[47, [47, 39, 38, 37, 43, 35]]], [[49, [49]], [48, [48, 40, 45, 50, 44, 42, 46]]]]]",5.111111,5.111111,"[76.157731, 68.35203, 37.363083, 61.05735, 62.096699, 58.137767, 38.626416, 66.603303, 70.710678]",59.900562,"{5: 0.078866, 9: 19.176015, 18: 0.0, 21: 44.70469, 25: 0.0, 35: 0.188179, 48: 0.0, 49: 0.0, 50: 0.0}","{5: 0.0, 9: 0.0, 18: 9.239593, 21: 0.0, 25: 32.270109, 35: 0.0, 48: 19.765658, 49: 57.629465, 50: 75.331453}",7.127528,21.581809,5.111111,5.111111,"[51.419841, 76.157731, 37.363083, 21.540659, 62.096699, 23.323808, 33.526109, 78.714675, 98.15605]",53.588739,"{10: 25.70992, 5: 0.078866, 18: 1.971621, 29: 19.691464, 25: 0.0, 36: 18.980362, 41: 17.101151, 47: 3.594283, 48: 0.0, 49: 0.0}","{10: 0.0, 5: 0.0, 18: 0.0, 29: 0.0, 25: 1.72198, 36: 0.0, 41: 0.0, 47: 0.0, 48: 11.457122, 49: 15.285356}",8.712767,2.846446,OK,3822.574,random,C201_1.dat
test_data/data_demand_random_50_batch_all1_equal_cluster/C201_2.5.dat,4,60,2,1,982.0913307,"[[[[0, [5, 1, 3, 2]], [2, []], [12, [12, 7, 8, 11]], [5, []], [1, []], [3, []], [7, []], [8, []], [11, []], [24, [24, 10, 14]], [23, [23, 26, 25, 27]], [10, []], [26, []], [25, []], [27, []], [14, [44, 41, 38, 36, 40]], [44, []], [41, []], [38, []], [36, [39, 49, 50, 37, 45, 46]], [40, []], [45, []], [46, []], [49, []], [50, []], [39, []], [37, []]], [[0, [6]], [4, [4, 9]], [6, []], [9, []], [13, [13, 16]], [16, [19, 22, 21, 15, 20, 18]], [20, []], [19, []], [22, []], [21, []], [28, [28, 30, 31, 32]], [15, [33, 17, 35]], [30, []], [31, []], [32, []], [33, []], [18, []], [17, [43, 42, 29, 34]], [43, []], [42, []], [29, [48, 47]], [34, []], [35, []], [48, []], [47, []]]], [[[4, [4, 9]]], [[12, [12, 7, 8, 11]]], [[13, [13, 16]]], [[16, [19, 22, 21, 15]]], [[16, [20, 18]]], [[24, [24, 10, 14]]], [[23, [23, 26, 25, 27]]], [[28, [28, 30, 31, 32]]], [[15, [33, 17, 35]]], [[14, [44, 41, 38, 36]]], [[14, [40]]], [[17, [43, 42, 29, 34]]], [[36, [45, 46]]], [[36, [39, 49, 50, 37]]], [[29, [48, 47]]]]]",1079.77033,"[[[[0, [5, 1, 3, 2]], [2, []], [12, [12, 8, 11, 7]], [5, []], [1, []], [3, []], [10, [10, 26, 23, 24, 27]], [26, []], [8, []], [11, []], [23, []], [24, [25, 29, 28, 35]], [27, []], [25, []], [7, [42, 36, 34, 41]], [42, []], [29, []], [28, [47, 48, 43]], [47, []], [48, []], [35, []], [34, []], [43, []], [41, []], [36, []]], [[0, []], [4, [4, 9, 6]], [6, []], [9, []], [13, [13, 16, 14, 18]], [16, [19, 22, 21, 20, 17, 15]], [20, []], [19, []], [22, []], [21, []], [18, []], [17, [31, 30, 33, 32]], [33, []], [32, []], [30, []], [31, []], [15, []], [14, [45, 40, 49, 46, 50, 39, 37, 44, 38]], [44, []], [38, []], [37, []], [45, []], [49, []], [46, []], [50, []], [39, []], [40, []]]], [[[12, [12, 8, 11, 7]]], [[4, [4, 9, 6]]], [[10, [10]]], [[13, [13, 16, 14, 18]]], [[16, [19, 22, 21, 15]]], [[16, [20, 17]]], [[10, [26, 23, 24, 27]]], [[24, [25, 29, 28, 35]]], [[17, [31, 30, 33, 32]]], [[14, [45, 40, 46, 39]]], [[7, [42, 36, 34, 41]]], [[14, [37, 44, 38]]], [[28, [47, 43]]], [[28, [48]], [14, [49, 50]]]]]",3,3,"[34.234486, 44.72136, 23.323808, 39.293765, 39.293765, 51.419841, 45.607017, 46.647615, 33.526109, 23.323808, 23.323808, 30.265492, 50.596443, 50.596443, 48.166378]",38.956009,"{4: 76.117243, 12: 43.36068, 13: 0.0, 16: 49.05928, 24: 107.34924, 23: 0.0, 28: 8.676925, 15: 0.0, 14: 36.951984, 17: 0.0, 36: 30.588301, 29: 5.767523}","{4: 0.0, 12: 0.0, 13: 55.455339, 16: 0.0, 24: 0.0, 23: 37.906412, 28: 0.0, 15: 33.560753, 14: 60.048016, 17: 10.191062, 36: 38.087891, 29: 0.0}",29.822598,19.604123,3.285714,3.285714,"[44.72136, 34.234486, 37.363083, 23.323808, 39.293765, 39.293765, 37.363083, 51.419841, 30.265492, 23.323808, 21.540659, 23.323808, 46.647615, 49.127847]",35.80303,"{12: 43.36068, 4: 76.117243, 10: 136.320862, 13: 41.544661, 16: 11.308786, 24: 0.0, 17: 0.0, 14: 78.923086, 7: 35.088788, 28: 0.0}","{12: 0.0, 4: 0.0, 10: 115.444653, 13: 0.0, 16: 13.9728, 24: 20.971621, 17: 9.837944, 14: 22.308786, 7: 0.0, 28: 38.23114}",42.266411,22.076694,OK,3217.791,cluster,C201_2.5.dat
test_data/data_demand_random_50_batch_all1_equal_cluster/C201_2.5.dat,4,60,2,2,974.2982213,"[[[[0, [6, 4]], [9, [9, 10, 11, 12]], [10, [2, 8]], [2, []], [6, []], [11, []], [12, []], [4, []], [8, []], [24, [24, 25, 27, 26]], [25, []], [27, []], [26, []], [23, [23, 28, 14]], [14, []], [28, [40, 38, 41, 39, 37, 32, 45, 36]], [32, []], [40, []], [38, []], [36, [46, 49, 50]], [41, []], [45, []], [46, []], [49, []], [50, []], [39, []], [37, []]], [[0, [3, 5, 1]], [3, []], [15, [15, 16, 13, 17]], [16, []], [13, []], [17, []], [18, [18, 20, 22, 21, 7]], [20, []], [22, [19]], [21, []], [19, []], [7, [33, 34, 29, 31, 35]], [33, []], [34, []], [31, []], [5, [44, 43, 42, 30]], [44, []], [43, []], [42, []], [29, [48, 47]], [30, []], [35, []], [48, []], [47, []], [1, []]]], [[[9, [9, 10, 11, 12]]], [[10, [2, 8]]], [[15, [15, 16, 13, 17]]], [[18, [18, 20, 22, 21]]], [[18, [7]]], [[22, [19]]], [[24, [24, 25, 27, 26]]], [[7, [33, 34, 29, 35]]], [[7, [31]]], [[23, [23, 28, 14]]], [[28, [40, 38, 41, 45]]], [[28, [39, 37, 32, 36]]], [[5, [44, 43, 42, 30]]], [[36, [46, 49, 50]]], [[29, [48, 47]]]]]",,None,3,3,"[38.626416, 37.363083, 33.526109, 41.231056, 41.231056, 51.224994, 51.419841, 21.540659, 21.540659, 45.607017, 46.647615, 46.647615, 40.0, 50.596443, 48.166378]",41.024596,"{9: 66.313208, 10: 0.0, 15: 128.763055, 18: 27.852474, 22: 8.228025, 24: 3.396712, 7: 23.5585, 23: 0.0, 28: 68.613887, 5: 0.0, 36: 22.588301, 29: 0.0}","{9: 0.0, 10: 9.631666, 15: 0.0, 18: 30.621417, 22: 0.0, 24: 0.0, 7: 0.0, 23: 6.365753, 28: 28.386113, 5: 1.77033, 36: 0.0, 29: 5.68714}",29.109513,6.871868,,,[],,{},{},,,OK,4689.764,cluster,C201_2.5.dat
test_data/data_demand_random_50_batch_all1_equal_cluster/C201_2.5.dat,4,60,2,4,960.3238076,"[[[[0, [5, 6, 1, 4, 3, 2]], [2, []], [5, []], [6, []], [17, [17, 11, 8, 10]], [11, []], [8, [27, 26, 24, 9]], [27, []], [26, []], [10, [25, 23, 12, 14]], [24, []], [25, []], [9, []], [23, []], [12, [38, 40, 28, 35]], [38, []], [40, []], [1, []], [14, []], [28, [47, 48, 34]], [47, []], [48, []], [35, []], [34, []], [4, []], [3, []]], [[0, []], [15, [15, 16, 7, 13]], [16, []], [7, []], [18, [18, 20, 19, 21]], [20, []], [19, []], [21, []], [22, [22]], [13, [30, 31, 33, 32]], [30, []], [31, []], [33, []], [32, []], [29, [29, 42, 43, 44, 41, 37, 39, 50, 49, 46, 36, 45]], [42, []], [43, []], [44, []], [41, []], [37, []], [39, []], [50, []], [49, []], [46, []], [45, []], [36, []]]], [[[15, [15, 16, 7, 13]]], [[17, [17, 11, 8, 10]]], [[18, [18, 20, 19, 21]]], [[22, [22]]], [[8, [27, 26, 24, 9]]], [[10, [25, 23, 12, 14]]], [[13, [30, 31, 33, 32]]], [[29, [29, 41, 37, 36]]], [[12, [38, 40, 28, 35]]], [[29, [39, 50, 49, 46]]], [[29, [42, 43, 44, 45]]], [[28, [47, 48, 34]]]]]",1008.323808,"[[[[0, []], [13, [13]], [22, [22, 18, 19, 21]], [19, []], [20, [20, 4, 17, 11]], [21, []], [18, []], [17, []], [11, []], [29, [29, 32, 40, 38, 36, 37, 31, 33]], [31, []], [32, []], [33, []], [40, []], [38, []], [36, [39, 50, 49, 46, 45, 41, 44]], [37, []], [39, []], [50, []], [49, []], [46, []], [45, []], [41, []], [44, []], [4, []]], [[0, [2, 3, 1, 6]], [7, [7, 8, 9, 12, 5]], [8, []], [9, []], [12, []], [10, [10]], [1, [14, 16, 15]], [14, []], [2, []], [16, []], [15, []], [5, []], [3, []], [23, [23, 27, 25, 26]], [27, []], [25, []], [26, []], [24, [24, 30, 34, 28]], [6, []], [30, []], [34, []], [28, [47, 48, 35, 42, 43]], [47, []], [48, []], [35, []], [42, []], [43, []]]], [[[7, [5]]], [[7, [7, 8, 9, 12]]], [[10, [10]]], [[13, [13]], [1, [14, 16, 15]]], [[22, [22, 18, 19, 21]]], [[20, [20, 4, 17, 11]]], [[23, [23, 27, 25, 26]]], [[24, [24, 30, 34, 28]]], [[29, [29, 32, 31, 33]]], [[29, [40, 38, 36, 37]]], [[28, [42, 43]]], [[36, [39, 46, 45, 41]]], [[28, [47, 48, 35]]], [[36, [50, 49, 44]]]]]",3.666667,3.666667,"[33.526109, 30.265492, 41.231056, 51.224994, 33.105891, 37.363083, 23.323808, 48.166378, 44.72136, 48.166378, 48.166378, 46.647615]",40.492379,"{15: 168.763055, 17: 87.132746, 18: 0.0, 22: 0.0, 8: 100.420199, 10: 0.0, 13: 0.0, 29: 205.640269, 12: 0.0, 28: 7.770862}","{15: 0.0, 17: 0.0, 18: 48.147526, 22: 138.150558, 8: 0.0, 10: 82.765513, 13: 26.725599, 29: 42.679865, 12: 10.192266, 28: 0.0}",56.972713,34.866133,3.285714,3.285714,"[21.540659, 21.540659, 37.363083, 32.432233, 51.224994, 53.814496, 45.607017, 51.419841, 48.166378, 48.166378, 46.647615, 50.596443, 46.647615, 50.596443]",43.268847,"{7: 79.77033, 10: 0.0, 1: 0.0, 13: 211.890769, 22: 3.721728, 20: 0.0, 23: 8.033179, 24: 0.0, 29: 0.0, 28: 66.520299, 36: 55.596443}","{7: 17.22967, 10: 43.088788, 1: 5.77033, 13: 0.0, 22: 0.0, 20: 59.705249, 23: 0.0, 24: 35.093588, 29: 98.058616, 28: 30.479701, 36: 63.314276}",38.684795,32.067292,OK,5147.516,cluster,C201_2.5.dat
test_data/data_demand_random_50_batch_all1_equal_cluster/C201_2.5.dat,4,90,2,1,931.0788655,"[[[[0, [2]], [12, [12, 11]], [11, []], [14, [14, 15]], [2, []], [15, []], [22, [22]], [24, [24, 26, 27]], [26, []], [27, [25, 23]], [25, []], [23, []], [36, [36, 38, 39, 37]], [38, []], [39, []], [37, []], [43, [43, 44, 45, 46]], [44, []], [45, []], [46, []], [50, [50, 49, 41, 40]], [49, []], [41, []], [40, []]], [[0, [5, 3, 4, 1, 6]], [4, []], [1, []], [6, []], [5, []], [10, [10, 8, 7]], [8, []], [7, []], [9, [9, 13, 17, 16]], [3, []], [13, []], [17, []], [16, []], [21, [21, 20, 19, 18]], [20, []], [19, []], [18, []], [28, [28, 31, 30, 32]], [30, []], [32, []], [31, []], [35, [35, 34, 33, 29]], [34, []], [42, [42]], [33, []], [47, [47, 48]], [48, []], [29, []]]], [[[10, [10, 8, 7]]], [[12, [12, 11]]], [[14, [14, 15]]], [[9, [9, 13, 17, 16]]], [[21, [21, 20, 19, 18]]], [[22, [22]]], [[24, [24, 26, 27]]], [[28, [28, 31, 30, 32]]], [[27, [25, 23]]], [[35, [35, 34, 33, 29]]], [[36, [36, 38, 39, 37]]], [[42, [42]]], [[43, [43, 44, 45, 46]]], [[50, [50, 49, 41, 40]]], [[47, [47, 48]]]]]",948.2937654,"[[[[0, []], [13, [13]], [21, [21, 20, 19, 16, 15, 24]], [20, []], [22, [22, 18]], [19, []], [18, []], [16, []], [15, []], [24, [34, 28, 33]], [39, [39, 37, 36, 31]], [37, []], [36, []], [31, []], [42, [42]], [33, []], [34, []], [48, [48, 47]], [47, []], [28, []]], [[0, [2, 4, 6, 1, 3, 5]], [2, []], [4, []], [6, []], [1, []], [7, [7, 9, 8, 12]], [17, [17, 11, 10, 14]], [14, []], [3, []], [5, []], [11, []], [10, []], [9, []], [8, []], [27, [27, 26, 25, 23]], [26, []], [25, []], [23, [29, 32]], [12, []], [29, []], [30, [30, 35, 38, 41]], [35, []], [32, []], [43, [43, 44, 45, 46]], [44, []], [45, []], [46, []], [49, [49, 50, 40]], [38, []], [50, []], [41, []], [40, []]]], [[[7, [7, 9, 8, 12]]], [[17, [11, 10, 14]], [13, [13]]], [[17, [17]]], [[21, [21, 20, 19, 24]]], [[21, [16, 15]]], [[22, [22, 18]]], [[27, [27, 26, 25, 23]]], [[23, [29, 32]]], [[24, [34, 28, 33]]], [[30, [30, 35, 38, 41]]], [[39, [39, 37, 36, 31]]], [[42, [42]]], [[43, [43, 44, 45, 46]]], [[49, [49, 50, 40]]], [[48, [48, 47]]]]]",2.933333,2.933333,"[37.363083, 44.72136, 23.323808, 38.626416, 58.137767, 51.224994, 51.419841, 46.647615, 62.096699, 80.622577, 50.596443, 61.05735, 68.35203, 76.157731, 76.157731]",55.100363,"{10: 0.0, 12: 59.36068, 14: 29.301224, 9: 0.0, 21: 0.0, 22: 1.950593, 24: 0.0, 28: 1.323808, 27: 10.75827, 35: 0.0, 36: 0.0, 42: 75.204867, 43: 0.0, 50: 1.708099, 47: 39.55019}","{10: 46.318458, 12: 0.0, 14: 0.0, 9: 1.686792, 21: 91.931116, 22: 0.0, 24: 41.902577, 28: 0.0, 27: 0.0, 35: 2.364904, 36: 23.072545, 42: 0.0, 43: 14.194752, 50: 0.0, 47: 0.0}",14.610515,14.764743,2.933333,2.933333,"[21.540659, 36.228631, 30.265492, 58.137767, 58.137767, 51.224994, 62.096699, 45.607017, 51.419841, 61.611687, 67.082039, 61.05735, 68.35203, 78.587531, 78.714675]",55.337612,"{7: 0.0, 13: 173.661904, 17: 82.190728, 21: 132.40698, 22: 32.681381, 27: 0.0, 23: 2.670763, 24: 0.0, 30: 0.0, 39: 23.197735, 42: 0.0, 43: 0.0, 49: 16.490257, 48: 15.886012}","{7: 4.22967, 13: 0.0, 17: 0.0, 21: 4.402292, 22: 0.0, 27: 5.084397, 23: 0.0, 24: 8.633364, 30: 17.997665, 39: 0.0, 42: 33.012345, 43: 16.627494, 49: 0.0, 48: 0.0}",34.227554,6.427659,OK,2964.25,cluster,C201_2.5.dat
test_data/data_demand_random_50_batch_all1_equal_cluster/C201_2.5.dat,4,90,2,2,931.0788655,"[[[[0, [5, 1, 3, 6, 2, 4]], [3, []], [6, []], [5, []], [2, []], [4, []], [12, [12]], [1, []], [27, [27, 26, 25, 24]], [26, []], [25, []], [24, []], [23, [23, 29, 28, 30]], [29, []], [28, []], [30, []], [34, [34, 31, 32, 40]], [31, []], [32, []], [43, [43, 41, 45, 46]], [40, []], [41, []], [45, []], [46, []], [50, [50, 49]], [49, []]], [[0, [7]], [7, [8, 9, 11, 10, 14, 16, 15]], [8, []], [10, []], [9, []], [11, []], [14, []], [16, []], [15, []], [13, [13, 21, 18, 17]], [19, [19, 20, 22]], [20, []], [22, []], [21, []], [18, []], [17, []], [36, [36, 37, 39, 38]], [37, []], [39, []], [38, []], [44, [44, 42, 33, 35]], [42, []], [33, []], [35, []], [48, [48, 47]], [47, []]]], [[[12, [12]]], [[7, [8, 9, 11]]], [[7, [10, 14, 16, 15]]], [[13, [13, 21, 18, 17]]], [[19, [19, 20, 22]]], [[27, [27, 26, 25, 24]]], [[23, [23, 29, 28, 30]]], [[34, [34, 31, 32, 40]]], [[36, [36, 37, 39, 38]]], [[44, [44, 42, 33, 35]]], [[43, [43, 41, 45, 46]]], [[50, [50, 49]]], [[48, [48, 47]]]]]",,None,3.307692,3.307692,"[44.72136, 21.540659, 21.540659, 23.323808, 55.461698, 62.096699, 45.607017, 72.111026, 50.596443, 72.691127, 68.35203, 76.157731, 78.714675]",53.301149,"{12: 0.0, 7: 79.77033, 13: 0.0, 19: 0.0, 27: 130.048349, 23: 0.0, 34: 0.0, 36: 0.0, 44: 12.575234, 43: 10.231528, 50: 8.798988, 48: 0.0}","{12: 28.63932, 7: 17.22967, 13: 47.108426, 19: 102.03948, 27: 0.0, 23: 0.244841, 34: 26.992837, 36: 12.472108, 44: 0.0, 43: 0.0, 50: 0.0, 48: 0.988226}",20.118702,19.642909,,,[],,{},{},,,OK,2850.13,cluster,C201_2.5.dat
test_data/data_demand_random_50_batch_all1_equal_cluster/C201_2.5.dat,4,90,2,5,931.0788655,"[[[[0, [5, 1, 2]], [2, []], [5, []], [1, []], [9, [9]], [14, [14, 16, 17, 13]], [16, []], [17, []], [13, []], [27, [27, 25, 26, 24]], [25, []], [26, []], [24, []], [23, [23, 10, 15]], [10, []], [36, [36, 39, 37, 38]], [39, []], [37, []], [38, []], [42, [42, 28, 35, 29]], [28, []], [35, []], [47, [47, 48]], [48, []], [29, []], [15, []]], [[0, [3, 4, 6]], [4, []], [6, []], [8, [8, 11, 12]], [11, []], [12, []], [3, []], [7, [7]], [18, [18, 20, 19, 21]], [20, []], [19, []], [21, []], [22, [22]], [33, [33, 30, 32, 31]], [30, []], [32, []], [31, []], [34, [34, 41, 40]], [43, [43, 44, 45, 46]], [44, []], [41, []], [45, []], [46, []], [50, [50, 49]], [49, []], [40, []]]], [[[8, [8, 11, 12]]], [[7, [7]]], [[9, [9]]], [[14, [14, 16, 17, 13]]], [[18, [18, 20, 19, 21]]], [[22, [22]]], [[27, [27, 25, 26, 24]]], [[23, [23, 10, 15]]], [[33, [33, 30, 32, 31]]], [[34, [34, 41, 40]]], [[36, [36, 39, 37, 38]]], [[42, [42, 28, 35, 29]]], [[43, [43, 44, 45, 46]]], [[47, [47, 48]]], [[50, [50, 49]]]]]",,None,2.933333,2.933333,"[33.105891, 21.540659, 38.626416, 23.323808, 41.231056, 51.224994, 62.096699, 45.607017, 78.102497, 72.111026, 50.596443, 61.05735, 68.35203, 76.157731, 76.157731]",53.28609,"{8: 0.0, 7: 0.0, 9: 46.866153, 14: 0.0, 18: 0.0, 22: 0.0, 27: 6.182196, 23: 0.0, 33: 0.0, 34: 25.055513, 36: 10.249872, 42: 0.0, 43: 30.120502, 47: 0.780644, 50: 11.902851}","{8: 2.447055, 7: 121.22967, 9: 0.0, 14: 10.204249, 18: 0.384472, 22: 90.387503, 27: 0.0, 23: 55.632344, 33: 5.948752, 34: 0.0, 36: 0.0, 42: 6.769546, 43: 0.0, 47: 0.0, 50: 0.0}",8.743849,19.533573,,,[],,{},{},,,OK,3393.623,cluster,C201_2.5.dat
test_data/data_demand_random_50_batch_all1_equal_cluster/C201_2.5.dat,4,120,2,3,931.0788655,"[[[[0, []], [14, [14, 17, 15, 8, 1]], [17, []], [15, []], [22, [22, 21, 20, 19]], [21, []], [20, []], [19, []], [18, [18, 27, 26, 25]], [27, []], [26, []], [25, []], [24, [24, 7]], [8, []], [7, []], [36, [36, 39, 37, 38]], [39, []], [37, []], [38, []], [46, [46, 45, 44, 41]], [45, []], [44, []], [41, []], [50, [50, 49, 40]], [49, []], [40, []], [1, []]], [[0, [5, 4, 3]], [6, [6, 10, 9, 2]], [4, []], [16, [16, 12, 11]], [2, []], [5, []], [10, []], [23, [23]], [9, []], [12, []], [11, []], [29, [29, 13]], [13, []], [28, [28, 31, 32, 33]], [31, []], [43, [43, 42, 34, 35]], [42, []], [32, []], [33, []], [34, []], [35, []], [47, [47, 48, 30]], [48, []], [30, []], [3, []]]], [[[14, [1]]], [[6, [6, 10, 9, 2]]], [[14, [14, 17, 15, 8]]], [[16, [16, 12, 11]]], [[22, [22, 21, 20, 19]]], [[18, [18, 27, 26, 25]]], [[23, [23]]], [[24, [24, 7]]], [[29, [29, 13]]], [[28, [28, 31, 32, 33]]], [[36, [36, 39, 37, 38]]], [[46, [46, 45, 44, 41]]], [[43, [43, 42, 34, 35]]], [[50, [50, 49, 40]]], [[47, [47, 48, 30]]]]]",939.0788655,"[[[[0, [5, 3]], [14, [14]], [22, [22, 21, 20]], [21, []], [20, []], [17, [17, 18, 19]], [18, []], [19, []], [30, [30, 31, 29]], [31, []], [29, []], [40, [40, 41]], [5, [44, 46, 45]], [44, []], [41, []], [50, [50, 49]], [49, []], [46, []], [45, []], [3, []]], [[0, [1, 6, 4, 2]], [2, []], [1, []], [7, [7]], [13, [13, 9, 16, 15]], [6, [11, 8, 10, 12]], [4, []], [9, []], [11, []], [8, []], [27, [27, 26, 25, 24]], [26, []], [10, []], [25, []], [24, []], [12, []], [23, [23, 32, 33, 35]], [37, [37, 38, 36, 39]], [38, []], [36, []], [39, []], [43, [43, 42, 34, 28]], [42, []], [32, []], [33, []], [35, []], [34, []], [48, [48, 47]], [47, []], [28, []], [16, []], [15, []]]], [[[7, [7]]], [[14, [14]], [13, [13, 9]]], [[13, [16, 15]]], [[6, [11, 8, 10, 12]]], [[22, [22, 21, 20]]], [[17, [17, 18, 19]]], [[27, [27, 26, 25, 24]]], [[23, [23, 32, 33, 35]]], [[30, [30, 31, 29]]], [[37, [37, 38, 36, 39]]], [[40, [40, 41]]], [[5, [44, 46, 45]]], [[43, [43, 42, 34, 28]]], [[50, [50, 49]]], [[48, [48, 47]]]]]",3.133333,3.133333,"[23.323808, 41.231056, 23.323808, 39.293765, 51.224994, 41.231056, 45.607017, 51.419841, 48.166378, 46.647615, 50.596443, 82.462113, 68.35203, 76.157731, 76.157731]",51.013026,"{14: 173.661904, 6: 67.615528, 16: 21.031355, 22: 0.0, 18: 18.953624, 23: 40.156626, 24: 0.0, 29: 0.0, 28: 0.0, 36: 0.0, 46: 0.0, 43: 43.286256, 50: 7.463337, 47: 3.989101}","{14: 20.338096, 6: 0.0, 16: 0.0, 22: 2.049407, 18: 0.0, 23: 0.0, 24: 113.674552, 29: 18.720319, 28: 20.593003, 36: 30.991858, 46: 1.384472, 43: 0.0, 50: 0.0, 47: 0.0}",26.868409,14.839408,2.933333,2.933333,"[21.540659, 28.980662, 23.323808, 41.231056, 51.224994, 30.265492, 62.096699, 45.607017, 61.611687, 63.245553, 64.776539, 40.0, 68.35203, 76.157731, 78.714675]",50.47524,"{7: 39.77033, 13: 97.783148, 14: 184.318758, 6: 0.0, 22: 15.293739, 17: 0.0, 27: 15.386446, 23: 0.0, 30: 27.193347, 37: 4.574427, 40: 0.0, 5: 35.194156, 43: 0.0, 50: 26.078866, 48: 0.0}","{7: 0.0, 13: 0.0, 14: 0.0, 6: 5.722568, 22: 0.0, 17: 77.479751, 27: 0.0, 23: 48.244841, 30: 0.0, 37: 0.0, 40: 8.565716, 5: 0.0, 43: 13.446762, 50: 0.0, 48: 10.265439}",29.706214,10.915005,OK,3541.309,cluster,C201_2.5.dat
test_data/data_demand_random_50_batch_all1_equal_cluster/C201_2.5.dat,4,120,2,4,931.0788655,"[[[[0, [3, 6, 1]], [6, []], [1, []], [3, []], [14, [14, 11, 7]], [11, []], [7, []], [27, [27, 26, 25, 24]], [26, []], [24, []], [25, []], [23, [23, 30, 32, 33, 35]], [30, []], [44, [44, 43, 42, 34]], [43, []], [42, []], [32, []], [33, []], [34, []], [35, []], [48, [48, 47]], [47, []]], [[0, [2, 5, 4]], [2, []], [5, []], [4, []], [8, [8, 10, 12, 9]], [10, []], [12, []], [9, []], [13, [13, 15, 16, 17]], [15, []], [16, []], [17, []], [18, [18, 19, 20, 21]], [19, []], [20, []], [21, []], [22, [22]], [28, [28, 31]], [31, []], [29, [29, 36, 39, 38]], [36, [41, 37, 45, 46]], [41, []], [45, []], [46, []], [37, []], [39, []], [50, [50, 49, 40]], [49, []], [38, []], [40, []]]], [[[14, [14, 11, 7]]], [[8, [8, 10, 12, 9]]], [[13, [13, 15, 16, 17]]], [[18, [18, 19, 20, 21]]], [[22, [22]]], [[27, [27, 26, 25, 24]]], [[23, [23, 30, 32]]], [[23, [33, 35]]], [[28, [28, 31]]], [[29, [29, 36, 39, 38]]], [[36, [41, 37, 45, 46]]], [[44, [44, 43, 42, 34]]], [[50, [50, 49, 40]]], [[48, [48, 47]]]]]",962.9404674,"[[[[0, [5, 4, 3]], [3, []], [4, []], [5, []], [6, [6]], [12, [12, 9]], [9, []], [17, [17, 11, 13]], [21, [21, 19]], [20, [20, 22]], [22, []], [18, [18, 23]], [19, []], [13, []], [11, [33]], [23, []], [37, [37, 39, 36]], [39, []], [36, []], [44, [44, 43, 34, 35]], [43, []], [33, []], [34, []], [35, []], [48, [48, 47, 28]], [47, []], [28, []]], [[0, [1, 2, 10, 8]], [15, [15, 16, 14]], [16, []], [14, []], [10, []], [2, []], [8, []], [24, [24]], [25, [25, 27, 26, 7]], [27, []], [26, []], [7, []], [1, []], [29, [29, 30, 31, 32]], [32, []], [30, []], [31, []], [42, [42, 38, 46, 45]], [38, []], [50, [50, 49, 41, 40]], [49, []], [46, []], [45, []], [41, []], [40, []]]], [[[6, [6]]], [[15, [15, 16, 14]]], [[12, [12, 9]]], [[17, [17, 11, 13]]], [[21, [21, 19]]], [[20, [20, 22]]], [[18, [18, 23]], [24, [24]]], [[25, [25, 27, 26, 7]]], [[11, [33]]], [[29, [29, 30, 31, 32]]], [[37, [37, 39, 36]]], [[44, [44, 43, 34, 35]]], [[42, [42, 38, 46, 45]]], [[50, [50, 49, 41, 40]]], [[48, [48, 47, 28]]]]]",3.142857,3.142857,"[23.323808, 33.105891, 23.323808, 41.231056, 51.224994, 62.096699, 45.607017, 45.607017, 46.647615, 48.166378, 50.596443, 72.691127, 76.157731, 78.714675]",49.892447,"{14: 93.661904, 8: 1.552945, 13: 0.0, 18: 38.062583, 22: 0.0, 27: 80.386446, 23: 0.0, 28: 111.560137, 29: 0.0, 36: 7.122556, 44: 20.297214, 50: 16.780644, 48: 0.0}","{14: 0.0, 8: 0.0, 13: 4.891042, 18: 0.0, 22: 66.003031, 27: 0.0, 23: 24.489682, 28: 0.0, 29: 26.092476, 36: 0.0, 44: 0.0, 50: 0.0, 48: 0.988226}",28.417264,9.420343,2.866667,2.866667,"[41.231056, 33.526109, 44.72136, 30.265492, 58.137767, 53.814496, 92.650388, 62.096699, 36.055513, 48.166378, 63.245553, 72.691127, 61.05735, 76.157731, 78.714675]",56.835446,"{6: 0.0, 15: 71.763055, 12: 0.0, 17: 0.0, 21: 35.068884, 20: 0.0, 18: 18.546644, 24: 0.0, 25: 0.0, 11: 0.0, 29: 0.0, 37: 0.0, 44: 0.0, 42: 0.0, 50: 0.315811, 48: 0.0}","{6: 37.384472, 15: 0.0, 12: 13.63932, 17: 22.867254, 21: 0.0, 20: 17.161636, 18: 0.0, 24: 11.377197, 25: 35.714705, 11: 58.587772, 29: 128.868461, 37: 12.349467, 44: 4.269964, 42: 19.23438, 50: 0.0, 48: 5.258191}",7.8559,22.919551,OK,2856.509,cluster,C201_2.5.dat
test_data/data_demand_random_50_batch_all1_equal_cluster/C201_2.5.dat,4,120,2,5,939.0788655,"[[[[0, [2, 5, 6]], [2, []], [5, []], [18, [18, 17, 10, 12]], [17, []], [12, []], [24, [24, 25, 27]], [25, []], [27, [26, 23, 35, 28]], [26, []], [10, []], [23, []], [6, []], [44, [44, 43, 42]], [43, []], [42, []], [35, []], [48, [48, 47]], [47, []], [28, []]], [[0, [1, 3, 4]], [9, [9, 8, 7, 11]], [8, []], [14, [14, 13, 15, 16]], [13, []], [15, []], [16, []], [19, [19, 20, 21, 22]], [20, []], [21, []], [22, []], [7, []], [11, []], [1, []], [3, []], [4, []], [29, [29, 34, 33, 30]], [34, []], [33, []], [31, [31, 36, 38, 32]], [30, []], [32, []], [36, []], [38, []], [37, [37, 39, 41, 46]], [39, []], [41, []], [50, [50, 49, 45, 40]], [49, []], [46, []], [45, []], [40, []]]], [[[9, [9, 8, 7, 11]]], [[14, [14, 13, 15, 16]]], [[18, [18, 17, 10, 12]]], [[19, [19, 20, 21, 22]]], [[24, [24, 25, 27]]], [[29, [29, 34, 33, 30]]], [[27, [26, 23, 35, 28]]], [[31, [31, 36, 38, 32]]], [[37, [37, 39, 41, 46]]], [[44, [44, 43, 42]]], [[50, [50, 49, 45, 40]]], [[48, [48, 47]]]]]",970.335453,"[[[[0, []], [16, [16, 22, 21, 12]], [20, [20]], [22, [27, 26, 25]], [21, []], [27, []], [26, []], [25, []], [24, [24, 23]], [12, []], [23, []], [36, [36, 37, 38]], [37, [44]], [38, []], [44, []], [41, [41, 39, 46, 45]], [39, []], [50, [50, 49, 40]], [49, []], [46, []], [45, []], [40, []]], [[0, [3, 2, 1, 4, 6, 5]], [9, [9, 8, 10, 7]], [8, []], [10, []], [7, []], [11, [11, 13, 17, 15]], [3, [14]], [14, []], [15, []], [18, [18, 19]], [19, []], [13, []], [17, []], [2, []], [1, []], [4, []], [29, [29, 30, 34, 33]], [30, []], [34, []], [33, []], [31, [31, 32, 35, 28]], [32, []], [6, []], [5, []], [43, [43, 42]], [42, []], [35, []], [48, [48, 47]], [47, []], [28, []]]], [[[16, [16, 22, 21, 12]]], [[9, [9, 8, 10, 7]]], [[11, [11, 13, 17, 15]]], [[3, [14]]], [[18, [18, 19]]], [[20, [20]]], [[22, [27, 26, 25]]], [[24, [24, 23]]], [[29, [29, 30, 34, 33]]], [[31, [31, 32, 35, 28]]], [[36, [36, 37, 38]]], [[37, [44]], [43, [43, 42]]], [[41, [41, 39, 46, 45]]], [[50, [50, 49, 40]]], [[48, [48, 47]]]]]",3.666667,3.666667,"[38.626416, 23.323808, 41.231056, 55.461698, 51.419841, 48.166378, 62.096699, 66.603303, 63.245553, 72.691127, 76.157731, 78.714675]",56.47819,"{9: 66.313208, 14: 30.348696, 18: 173.615528, 19: 26.068945, 24: 0.0, 29: 0.0, 27: 20.432821, 31: 0.0, 37: 0.0, 44: 28.297214, 50: 1.348016, 48: 7.365399}","{9: 0.0, 14: 0.0, 18: 0.0, 19: 0.0, 24: 30.905608, 29: 56.64766, 27: 0.0, 31: 13.429198, 37: 37.108073, 44: 0.0, 50: 0.0, 48: 0.0}",29.482486,11.507545,2.933333,2.933333,"[39.293765, 38.626416, 36.055513, 30.0, 41.231056, 53.814496, 51.224994, 51.419841, 48.166378, 66.603303, 50.596443, 87.889514, 70.710678, 76.157731, 78.714675]",54.70032,"{16: 262.646883, 9: 66.313208, 11: 34.714548, 3: 0.0, 18: 0.0, 20: 0.0, 22: 32.965614, 24: 0.0, 29: 0.0, 31: 0.0, 36: 0.0, 37: 6.01028, 43: 0.0, 41: 0.0, 50: 7.65986, 48: 25.307697}","{16: 0.0, 9: 0.0, 11: 0.0, 3: 6.972244, 18: 30.412228, 20: 1.445869, 22: 0.0, 24: 187.348446, 29: 63.944567, 31: 0.615159, 36: 18.991858, 37: 0.0, 43: 22.142303, 41: 30.356719, 50: 0.0, 48: 0.0}",27.226131,22.639337,OK,2795.02,cluster,C201_2.5.dat
test_data/data_demand_random_50_batch_all1_equal_cluster/C201_2.5.dat,8,60,2,1,969.0277564,"[[[[0, [3, 5, 6, 2]], [20, [20, 21, 22, 19, 17, 15, 18, 14]], [21, []], [22, []], [19, []], [18, []], [17, []], [15, []], [6, []], [3, []], [14, []], [2, []], [28, [28, 31, 32, 33]], [31, []], [32, []], [33, []], [5, [44, 43, 42, 35, 29, 30, 34]], [44, []], [43, []], [42, []], [29, [48, 47]], [30, []], [34, []], [35, []], [48, []], [47, []]], [[0, [4, 1]], [9, [9, 11]], [7, [7]], [4, [16, 13, 12, 8, 10]], [1, []], [16, []], [13, []], [12, [25, 26, 24, 23, 27]], [8, []], [10, []], [27, []], [26, []], [24, []], [23, []], [36, [36, 37, 38, 39, 41]], [41, []], [37, []], [38, []], [25, []], [11, [50, 49, 46, 45, 40]], [39, []], [50, []], [49, []], [46, []], [45, []], [40, []]]], [[[9, [9, 11]]], [[20, [20, 21, 22, 19, 17, 15, 18, 14]]], [[7, [7]]], [[4, [16, 13, 12, 8, 10]]], [[12, [25, 26, 24, 23, 27]]], [[28, [28, 31, 32, 33]]], [[36, [36, 37, 38, 39, 41]]], [[5, [44, 43, 42, 35, 29, 30, 34]]], [[11, [50, 49, 46, 45, 40]]], [[29, [48, 47]]]]]",,None,4.4,4.4,"[38.626416, 53.814496, 21.540659, 34.234486, 44.72136, 46.647615, 50.596443, 40.0, 36.055513, 48.166378]",41.440337,"{9: 66.313208, 20: 241.907248, 7: 8.083538, 4: 4.720497, 12: 40.243437, 28: 0.0, 36: 0.0, 5: 3.092752, 11: 7.667077, 29: 0.0}","{9: 0.0, 20: 0.0, 7: 0.0, 4: 0.0, 12: 0.0, 28: 66.583441, 36: 0.062458, 5: 0.0, 11: 0.0, 29: 3.916811}",37.202776,7.056271,,,[],,{},{},,,OK,2958.01,cluster,C201_2.5.dat
test_data/data_demand_random_50_batch_all1_equal_cluster/C201_2.5.dat,8,60,2,2,905.6155281,"[[[[0, [6, 4, 3]], [4, []], [7, [7, 48, 47, 42, 43, 14, 50, 49]], [22, [22, 18, 17, 13, 19, 20, 21]], [20, []], [19, []], [21, []], [18, []], [17, []], [13, []], [14, []], [6, [33, 30, 28, 32, 31, 34, 35]], [34, []], [33, []], [32, []], [31, []], [30, []], [35, []], [48, []], [47, []], [28, [29, 40, 37, 39, 38, 36]], [29, []], [42, []], [43, []], [40, []], [37, []], [39, []], [50, []], [49, []], [38, []], [36, []], [3, []]], [[0, [5, 2, 1]], [11, [11, 8, 10]], [5, []], [12, [12, 16, 9, 15]], [8, []], [9, []], [15, []], [16, []], [24, [24, 27, 26, 25, 23]], [10, []], [27, []], [26, []], [25, []], [23, []], [2, [44, 46, 45, 41]], [44, []], [46, []], [45, []], [41, []], [1, []]]], [[[7, [48, 47, 42, 43, 14, 50, 49]]], [[11, [11, 8, 10]]], [[7, [7]]], [[12, [12, 16, 9, 15]]], [[22, [22, 18, 17, 13, 19, 20, 21]]], [[24, [24, 27, 26, 25, 23]]], [[6, [33, 30, 28, 32, 31, 34, 35]]], [[28, [29, 40, 37, 39, 38, 36]]], [[2, [44, 46, 45, 41]]]]]",962.2982213,"[[[[0, [6]], [7, [7, 48, 47, 34, 35, 33, 18, 16, 17, 15, 13]], [18, []], [15, []], [35, []], [34, []], [47, []], [33, []], [29, [29, 32, 31, 30]], [32, []], [31, []], [30, []], [48, []], [13, []], [16, []], [17, []], [28, [28, 41, 40, 38, 42, 43, 44]], [42, []], [43, []], [44, []], [41, []], [40, []], [38, []], [6, []]], [[0, [2, 4, 3, 1, 5]], [4, []], [8, [8, 10]], [3, []], [10, []], [12, [11, 14, 12, 9]], [9, []], [11, []], [2, []], [14, [19]], [19, []], [20, [20, 21, 22, 27, 24, 26, 25, 23]], [21, []], [22, []], [27, []], [24, []], [26, []], [25, []], [23, [37, 36, 39]], [5, []], [37, []], [36, [50, 49, 46, 45]], [39, []], [50, []], [49, []], [46, []], [45, []], [1, []]]], [[[7, [48, 47, 34, 35, 33, 18, 16, 17]]], [[8, [8, 10]]], [[12, [11, 14, 12, 9]], [7, [7, 15, 13]]], [[14, [19]]], [[20, [20, 21, 22, 27, 24, 26, 25, 23]]], [[29, [29, 32, 31, 30]]], [[23, [37, 36, 39]]], [[28, [28, 41, 40, 38, 42, 43, 44]]], [[36, [50, 49, 46, 45]]]]]",4.888889,4.888889,"[21.540659, 36.055513, 21.540659, 44.72136, 51.224994, 51.419841, 41.231056, 46.647615, 24.33105]",37.63475,"{7: 759.596172, 11: 65.027756, 12: 0.0, 22: 62.786655, 24: 0.0, 6: 2.003031, 28: 0.0, 2: 89.077104}","{7: 0.0, 11: 0.0, 12: 13.667077, 22: 0.0, 24: 11.317836, 6: 0.0, 28: 59.291721, 2: 0.0}",122.31134,10.534579,4.888889,4.888889,"[21.540659, 33.105891, 44.792913, 23.323808, 53.814496, 48.166378, 45.607017, 46.647615, 50.596443]",40.843913,"{7: 935.540659, 8: 21.552945, 12: 12.095562, 14: 0.0, 20: 0.0, 29: 23.31286, 23: 0.0, 28: 0.0, 36: 14.649714}","{7: 0.0, 8: 0.0, 12: 0.0, 14: 20.986604, 20: 17.741259, 29: 0.0, 23: 72.844999, 28: 5.307366, 36: 0.0}",111.905749,12.986692,OK,6931.3,cluster,C201_2.5.dat
test_data/data_demand_random_50_batch_all1_equal_cluster/C201_2.5.dat,8,60,2,3,954.2982213,"[[[[0, []], [16, [16, 21, 20, 18, 19, 17, 15, 13, 4, 44, 43, 42, 48, 47]], [21, []], [20, []], [18, []], [19, []], [17, []], [15, []], [28, [28, 29, 30, 31, 32, 33, 34, 35]], [13, []], [14, [14]], [4, []], [44, []], [43, []], [42, []], [29, []], [30, []], [31, []], [32, []], [33, []], [34, []], [35, []], [48, []], [47, []]], [[0, [2, 1, 3, 6, 5]], [10, [10, 9, 11, 7, 12]], [8, [8]], [7, []], [12, []], [9, []], [11, []], [2, []], [1, []], [22, [22, 27, 25, 26, 24, 23]], [27, []], [25, []], [26, []], [24, []], [23, []], [3, []], [6, []], [5, [40, 41, 45, 36, 38, 39, 37, 46]], [40, []], [41, []], [45, []], [46, []], [36, [49, 50]], [38, []], [49, []], [50, []], [39, []], [37, []]]], [[[16, [4, 44, 43, 42, 48, 47]]], [[10, [10, 9, 11, 7, 12]]], [[8, [8]]], [[16, [16, 21, 20, 18, 19, 17, 15, 13]]], [[22, [22, 27, 25, 26, 24, 23]]], [[28, [28, 29, 30, 31, 32, 33, 34, 35]]], [[14, [14]]], [[5, [40, 41, 45, 36, 38, 39, 37, 46]]], [[36, [49, 50]]]]]",,None,5,5,"[39.293765, 37.363083, 33.105891, 39.293765, 51.224994, 46.647615, 23.323808, 40.0, 50.596443]",40.094374,"{16: 1010.293765, 10: 69.681542, 8: 25.234487, 22: 44.696468, 28: 0.676925, 14: 0.0, 5: 4.387503, 36: 1.298221}","{16: 0.0, 10: 0.0, 8: 0.0, 22: 0.0, 28: 0.0, 14: 13.014289, 5: 0.0, 36: 0.0}",144.533614,1.626786,,,[],,{},{},,,OK,5077.664,cluster,C201_2.5.dat
test_data/data_demand_random_50_batch_all1_equal_cluster/C201_2.5.dat,8,90,2,1,931.0788655,"[[[[0, [5, 1, 6, 4]], [7, [7]], [6, []], [17, [17, 22, 21, 19, 20, 18]], [22, []], [21, []], [19, []], [20, []], [18, []], [1, []], [5, []], [31, [31, 30, 29]], [30, []], [29, [36, 40, 32, 33, 34]], [4, []], [36, []], [40, []], [43, [43, 42, 35, 28]], [42, []], [32, []], [33, []], [34, []], [35, []], [48, [48, 47]], [47, []], [28, []]], [[0, [3, 2]], [3, []], [2, []], [14, [14, 9, 13]], [9, []], [12, [12, 11, 10, 16, 15, 8]], [11, []], [27, [27, 25, 24, 23, 26]], [26, []], [25, []], [24, []], [10, []], [23, []], [8, []], [13, []], [16, []], [15, []], [44, [44, 38, 37, 39, 41, 45, 46]], [45, []], [46, []], [38, []], [37, []], [39, []], [50, [50, 49]], [49, []], [41, []]]], [[[7, [7]]], [[14, [14, 9, 13]]], [[17, [17, 22, 21, 19, 20, 18]]], [[12, [12, 11, 10, 16, 15, 8]]], [[27, [27, 25, 24, 23, 26]]], [[31, [31, 30, 29]]], [[29, [36, 40, 32, 33, 34]]], [[43, [43, 42, 35, 28]]], [[44, [44, 38, 37, 39, 41, 45, 46]]], [[50, [50, 49]]], [[48, [48, 47]]]]]",,None,4,4,"[21.540659, 23.323808, 30.265492, 44.72136, 62.096699, 66.603303, 48.166378, 68.35203, 72.691127, 76.157731, 78.714675]",53.875751,"{7: 79.77033, 14: 153.661904, 17: 67.362416, 12: 0.0, 27: 63.386446, 31: 0.0, 29: 0.0, 43: 0.0, 44: 21.297214, 50: 15.733302, 48: 0.0}","{7: 0.0, 14: 0.0, 17: 0.0, 12: 29.977416, 27: 0.0, 31: 64.831094, 29: 8.049557, 43: 25.956731, 44: 0.0, 50: 0.0, 48: 0.466648}",36.473783,11.752859,,,[],,{},{},,,OK,3117.941,cluster,C201_2.5.dat
test_data/data_demand_random_50_batch_all1_equal_cluster/C201_2.5.dat,8,90,2,2,931.0788655,"[[[[0, [2, 3, 6, 1]], [2, []], [3, []], [6, []], [1, []], [17, [17, 15, 14, 7, 9, 12, 8, 11]], [15, []], [14, []], [7, []], [9, []], [27, [27]], [12, [28, 29, 30, 31, 34, 33, 32]], [8, []], [11, []], [28, []], [29, []], [30, []], [31, []], [34, []], [33, []], [32, []], [43, [43, 42, 35, 16]], [42, []], [35, []], [48, [48, 47]], [47, []], [16, []]], [[0, [5, 4]], [4, []], [5, []], [13, [13, 18, 19, 20, 21, 22, 10]], [18, []], [19, []], [20, []], [21, []], [22, []], [26, [26, 25, 24, 23]], [25, []], [24, []], [10, []], [23, []], [36, [36]], [44, [44, 45, 46, 38, 37, 39, 41]], [45, []], [46, []], [38, []], [37, []], [39, []], [50, [50, 49, 40]], [49, []], [41, []], [40, []]]], [[[17, [17, 15, 14, 7, 9, 12, 8, 11]]], [[13, [13, 18, 19, 20, 21, 22, 10]]], [[26, [26, 25, 24, 23]]], [[27, [27]]], [[12, [28, 29, 30, 31, 34, 33, 32]]], [[36, [36]]], [[44, [44, 45, 46, 38, 37, 39, 41]]], [[43, [43, 42, 35, 16]]], [[50, [50, 49, 40]]], [[48, [48, 47]]]]]",,None,4.4,4.4,"[30.265492, 23.323808, 64.498062, 62.096699, 44.72136, 50.596443, 72.691127, 68.35203, 76.157731, 78.714675]",57.141743,"{17: 67.132746, 13: 206.661904, 26: 0.0, 27: 38.915603, 12: 27.31233, 36: 0.0, 44: 0.0, 43: 0.77546, 50: 11.416962, 48: 7.221197}","{17: 0.0, 13: 0.0, 26: 139.412873, 27: 0.0, 12: 0.0, 36: 57.363683, 44: 4.31634, 43: 0.0, 50: 0.0, 48: 0.0}",35.94362,20.10929,,,[],,{},{},,,OK,2973.138,cluster,C201_2.5.dat
test_data/data_demand_random_50_batch_all1_equal_cluster/C201_2.5.dat,8,90,2,3,931.0788655,"[[[[0, [4, 6, 5]], [12, [12, 1, 10]], [10, []], [9, [9]], [7, [7]], [11, [11]], [1, []], [8, [8, 14, 16]], [14, []], [16, []], [27, [27, 26, 25]], [26, []], [25, []], [24, [24, 23, 29]], [23, []], [4, []], [6, []], [29, []], [36, [36, 40, 45, 46, 38, 37, 39]], [40, []], [45, []], [46, []], [38, []], [37, []], [39, []], [50, [50, 49, 41]], [49, []], [41, []], [5, []]], [[0, [3]], [2, [2]], [13, [13, 15, 17, 22, 21, 20, 19, 18]], [15, []], [17, []], [22, []], [21, []], [20, []], [19, []], [18, []], [3, []], [30, [30, 31, 34, 32, 33, 35, 28]], [31, []], [34, []], [28, []], [44, [44, 43, 42]], [43, []], [42, []], [32, []], [33, []], [35, []], [48, [48, 47]], [47, []]]], [[[2, [2]]], [[12, [12, 1, 10]]], [[9, [9]]], [[7, [7]]], [[11, [11]]], [[13, [13, 15, 17, 22, 21, 20, 19, 18]]], [[8, [8, 14, 16]]], [[27, [27, 26, 25]]], [[24, [24, 23, 29]]], [[30, [30, 31, 34, 32, 33, 35, 28]]], [[36, [36, 40, 45, 46, 38, 37, 39]]], [[44, [44, 43, 42]]], [[50, [50, 49, 41]]], [[48, [48, 47]]]]]",931.0788655,"[[[[0, [3, 6, 4, 5, 12]], [7, [7, 16, 9, 10, 8, 13]], [10, []], [8, []], [16, []], [13, []], [3, []], [9, []], [25, [25, 27, 26, 24, 23]], [27, []], [26, []], [24, []], [12, []], [23, []], [6, []], [4, []], [36, [36, 40]], [40, []], [44, [44, 45, 46, 38, 37, 39, 41]], [45, []], [46, []], [38, []], [37, []], [39, []], [50, [50, 49]], [49, []], [41, []], [5, []]], [[0, [2, 1]], [11, [11, 17, 15, 14]], [17, []], [19, [19, 22, 21, 20, 18]], [22, []], [21, []], [20, []], [18, []], [15, []], [14, []], [2, []], [1, []], [28, [28, 30, 31, 34, 29, 32, 33, 35]], [30, []], [31, []], [34, []], [29, []], [43, [43, 42]], [42, []], [32, []], [33, []], [35, []], [48, [48, 47]], [47, []]]], [[[11, [11, 17, 15, 14]], [7, [7, 16, 9, 10, 8, 13]]], [[19, [19, 22, 21, 20, 18]]], [[25, [25, 27, 26, 24, 23]]], [[28, [28, 30, 31, 34, 29, 32, 33, 35]]], [[36, [36, 40]]], [[43, [43, 42]]], [[44, [44, 45, 46, 38, 37, 39, 41]]], [[50, [50, 49]]], [[48, [48, 47]]]]]",3.285714,3.285714,"[24.33105, 44.72136, 38.626416, 21.540659, 36.055513, 23.323808, 33.105891, 62.096699, 51.419841, 61.611687, 50.596443, 72.691127, 76.157731, 78.714675]",48.213778,"{2: 0.0, 12: 59.36068, 9: 0.0, 7: 0.0, 11: 0.0, 13: 241.661904, 8: 0.0, 27: 0.0, 24: 0.0, 30: 0.0, 36: 0.0, 44: 0.0, 50: 2.718186, 48: 0.0}","{2: 15.834475, 12: 0.0, 9: 26.047472, 7: 11.868991, 11: 11.659036, 13: 0.0, 8: 31.419298, 27: 61.31233, 24: 28.65076, 30: 30.447031, 36: 14.062458, 44: 3.31634, 50: 0.0, 48: 4.304566}",21.695769,17.065911,4.777778,4.777778,"[36.608336, 55.461698, 62.096699, 46.647615, 50.596443, 68.35203, 72.691127, 76.157731, 78.714675]",60.814039,"{7: 79.77033, 11: 174.903076, 19: 0.0, 25: 0.0, 28: 0.0, 36: 0.0, 43: 35.272939, 44: 11.643785, 50: 1.664751, 48: 23.181322}","{7: 0.0, 11: 0.0, 19: 35.172226, 25: 26.72198, 28: 52.579268, 36: 55.472108, 43: 0.0, 44: 0.0, 50: 0.0, 48: 0.0}",32.64362,16.994558,OK,2484.222,cluster,C201_2.5.dat
test_data/data_demand_random_50_batch_all1_equal_cluster/C201_2.5.dat,8,90,2,4,931.0788655,"[[[[0, [5, 1]], [16, [16, 12, 11, 8, 14]], [14, []], [25, [25, 24, 27, 23, 26]], [26, []], [24, []], [27, []], [12, []], [11, []], [8, []], [23, []], [36, [36, 40, 39]], [39, []], [40, []], [43, [43, 44, 45, 46, 38, 37]], [44, []], [45, []], [46, []], [50, [50, 49]], [49, []], [38, []], [37, []], [5, []], [1, []]], [[0, [4, 6, 3, 2]], [7, [7, 10, 9]], [10, [17, 15, 13]], [9, []], [4, []], [6, []], [19, [19, 20, 22, 21, 18]], [20, []], [22, []], [21, []], [18, []], [17, []], [15, []], [13, []], [3, []], [41, [41, 33, 31, 30, 34, 35, 29, 32]], [29, []], [42, [42]], [32, []], [33, []], [31, []], [30, []], [34, []], [35, []], [48, [48, 47, 28]], [47, []], [28, []], [2, []]]], [[[7, [7, 10, 9]]], [[10, [17, 15, 13]]], [[16, [16, 12, 11, 8, 14]]], [[19, [19, 20, 22, 21, 18]]], [[25, [25, 24, 27, 23, 26]]], [[41, [41, 33, 31, 30, 34, 35, 29, 32]]], [[36, [36, 40, 39]]], [[42, [42]]], [[43, [43, 44, 45, 46, 38, 37]]], [[50, [50, 49]]], [[48, [48, 47, 28]]]]]",,None,4,4,"[21.540659, 37.363083, 39.293765, 55.461698, 62.096699, 70.710678, 50.596443, 61.05735, 68.35203, 76.157731, 78.714675]",56.485892,"{7: 79.77033, 10: 81.911212, 16: 165.646883, 19: 0.0, 25: 88.401467, 41: 0.673797, 36: 0.0, 42: 0.0, 43: 0.127666, 50: 15.902851, 48: 14.001998}","{7: 0.0, 10: 0.0, 16: 0.0, 19: 78.950692, 25: 0.0, 41: 0.0, 36: 16.750128, 42: 4.826664, 43: 0.0, 50: 0.0, 48: 0.0}",40.585109,9.138862,,,[],,{},{},,,OK,3422.801,cluster,C201_2.5.dat
test_data/data_demand_random_50_batch_all1_equal_cluster/C201_2.5.dat,8,90,2,5,936.2937654,"[[[[0, [1, 6]], [14, [14, 17, 21, 22, 19]], [1, []], [6, []], [17, []], [18, [18, 23, 20]], [21, []], [20, []], [22, []], [19, []], [23, []], [36, [36, 37, 38, 41, 45, 46, 40, 44]], [37, []], [38, []], [40, []], [44, []], [41, []], [45, []], [46, []], [49, [49, 50, 39]], [50, []], [39, []]], [[0, [2, 4, 5, 3]], [3, []], [2, []], [4, []], [12, [12, 7, 10, 11, 9, 8]], [7, []], [11, []], [9, []], [16, [16, 15, 13]], [15, []], [13, []], [5, []], [8, []], [10, []], [27, [27, 26, 25, 24]], [26, []], [25, [28, 29, 30, 31]], [24, []], [28, []], [29, []], [30, []], [31, []], [43, [43, 42, 32, 33, 34, 35]], [42, []], [32, []], [33, []], [34, []], [35, []], [47, [47, 48]], [48, []]]], [[[12, [12, 7, 10, 11, 9, 8]]], [[14, [14, 17, 21, 22, 19]]], [[16, [16, 15, 13]]], [[18, [18, 23, 20]]], [[27, [27, 26, 25, 24]]], [[25, [28, 29, 30, 31]]], [[36, [36, 37, 38, 41, 45, 46, 40, 44]]], [[43, [43, 42, 32, 33, 34, 35]]], [[47, [47, 48]]], [[49, [49, 50, 39]]]]]",,None,4.4,4.4,"[44.72136, 23.323808, 39.293765, 41.231056, 62.096699, 62.096699, 50.596443, 68.35203, 76.157731, 78.587531]",54.645712,"{12: 11.36068, 14: 270.661904, 16: 0.0, 18: 0.0, 27: 0.0, 25: 13.68767, 36: 0.0, 43: 0.0, 47: 0.030516, 49: 1.631862}","{12: 0.0, 14: 0.0, 16: 54.713797, 18: 21.046376, 27: 38.31233, 25: 0.0, 36: 0.363683, 43: 15.872334, 47: 0.0, 49: 0.0}",29.737263,13.030852,,,[],,{},{},,,OK,2841.27,cluster,C201_2.5.dat
test_data/data_demand_random_50_batch_all1_equal_cluster/C201_2.5.dat,8,120,2,1,931.0788655,"[[[[0, [1]], [1, []], [7, [7, 8, 10, 12, 14, 16]], [8, []], [10, []], [12, []], [14, []], [16, []], [19, [19, 18, 21, 20, 22]], [18, []], [21, []], [20, []], [22, []], [30, [30, 32, 28, 29, 34, 31, 33, 35]], [32, []], [28, []], [29, []], [34, []], [31, []], [43, [43, 42]], [42, []], [33, []], [35, []], [48, [48, 47]], [47, []]], [[0, [6, 4, 5, 3, 2]], [6, []], [11, [11]], [9, [9, 13, 15, 17]], [4, []], [5, []], [3, []], [2, []], [13, []], [15, []], [17, []], [27, [27, 26, 25, 24, 23]], [26, []], [25, []], [24, []], [23, []], [36, [36, 39, 38]], [39, []], [38, []], [40, [40, 44, 41, 45, 46]], [44, []], [41, []], [45, []], [46, []], [50, [50, 49, 37]], [49, []], [37, []]]], [[[11, [11]]], [[7, [7, 8, 10, 12, 14, 16]]], [[9, [9, 13, 15, 17]]], [[19, [19, 18, 21, 20, 22]]], [[27, [27, 26, 25, 24, 23]]], [[30, [30, 32, 28, 29, 34, 31, 33, 35]]], [[36, [36, 39, 38]]], [[40, [40, 44, 41, 45, 46]]], [[43, [43, 42]]], [[50, [50, 49, 37]]], [[48, [48, 47]]]]]",936.2937654,"[[[[0, [4, 2, 1, 3, 5, 6]], [9, [9, 12, 11, 7, 10]], [12, []], [11, []], [4, []], [2, []], [7, []], [1, []], [3, []], [5, []], [6, []], [18, [18]], [10, [27, 26, 25, 24, 23]], [27, []], [26, []], [25, []], [24, []], [23, []], [39, [39, 40]], [40, []], [43, [43, 44, 41, 45, 46, 38]], [44, []], [41, []], [45, []], [46, []], [49, [49, 50, 37, 36]], [50, []], [38, []], [37, []], [36, []]], [[0, []], [8, [8, 14, 13, 16, 17, 15]], [14, []], [13, []], [16, []], [20, [20, 21, 22, 19]], [21, []], [17, []], [15, []], [22, []], [19, []], [28, [28, 34, 31, 32, 30, 29, 33, 35]], [34, []], [31, []], [32, []], [30, []], [29, []], [42, [42]], [33, []], [35, []], [48, [48, 47]], [47, []]]], [[[9, [9, 12, 11, 7, 10]]], [[8, [8, 14, 13, 16, 17, 15]]], [[20, [20, 21, 22, 19]]], [[18, [18]]], [[10, [27, 26, 25, 24, 23]]], [[28, [28, 34, 31, 32, 30, 29, 33, 35]]], [[39, [39, 40]]], [[43, [43, 44, 41, 45, 46, 38]], [42, [42]]], [[49, [49, 50, 37, 36]]], [[48, [48, 47]]]]]",4,4,"[36.055513, 21.540659, 38.626416, 55.461698, 62.096699, 61.611687, 50.596443, 64.776539, 68.35203, 76.157731, 78.714675]",55.817281,"{11: 5.027756, 7: 152.77033, 9: 81.285452, 19: 0.0, 27: 0.0, 30: 0.0, 36: 9.985013, 40: 49.090048, 43: 0.0, 50: 7.690596, 48: 4.587008}","{11: 0.0, 7: 0.0, 9: 0.0, 19: 65.03948, 27: 49.264859, 30: 48.964486, 36: 0.0, 40: 0.0, 43: 18.594315, 50: 0.0, 48: 0.0}",28.221473,16.533013,4.4,4.4,"[38.626416, 33.105891, 53.814496, 41.231056, 37.363083, 46.647615, 67.082039, 71.915793, 78.587531, 78.714675]",54.708859,"{9: 66.313208, 8: 166.552945, 20: 0.0, 18: 0.0, 10: 0.0, 28: 0.0, 39: 0.0, 42: 31.97573, 43: 19.141291, 49: 0.839266, 48: 51.459176}","{9: 0.0, 8: 0.0, 20: 29.645697, 18: 69.69768, 10: 75.631666, 28: 60.229138, 39: 43.772188, 42: 0.0, 43: 0.0, 49: 0.0, 48: 0.0}",30.571056,25.361488,OK,2810.97,cluster,C201_2.5.dat
test_data/data_demand_random_50_batch_all1_equal_cluster/C201_2.5.dat,8,120,2,2,931.0788655,"[[[[0, [3, 4, 5, 1, 2]], [2, []], [10, [10, 9, 14]], [9, []], [1, []], [13, [13, 16]], [3, []], [4, []], [16, []], [22, [22, 20, 21, 19]], [20, []], [21, []], [19, []], [30, [30, 31, 34, 29, 32, 33, 35, 28]], [31, []], [34, []], [29, []], [5, []], [44, [44, 43, 42]], [43, []], [42, []], [32, []], [33, []], [35, []], [48, [48, 47]], [47, []], [28, []], [14, []]], [[0, [6]], [18, [18, 17, 12, 11, 8, 15, 7]], [17, []], [27, [27, 25, 24, 23, 26]], [26, []], [25, []], [24, []], [23, []], [12, []], [11, []], [8, []], [7, []], [15, []], [6, []], [36, [36, 45, 46, 41, 40, 37, 39, 38]], [37, []], [39, []], [38, []], [45, []], [46, []], [50, [50, 49]], [49, []], [41, []], [40, []]]], [[[10, [10, 9, 14]]], [[13, [13, 16]]], [[18, [18, 17, 12, 11, 8, 15, 7]]], [[22, [22, 20, 21, 19]]], [[27, [27, 25, 24, 23, 26]]], [[36, [36, 45, 46, 41, 40, 37, 39, 38]]], [[30, [30, 31, 34, 29, 32, 33, 35, 28]]], [[44, [44, 43, 42]]], [[50, [50, 49]]], [[48, [48, 47]]]]]",954.3573373,"[[[[0, [5, 3, 1, 6]], [10, [10]], [5, []], [17, [17]], [21, [21, 22, 20, 13, 15, 9]], [22, []], [20, []], [13, []], [15, []], [3, []], [23, [23, 24]], [24, []], [9, [29, 36]], [36, []], [6, []], [29, []], [42, [42, 43, 44, 41, 45, 46, 39, 37]], [43, []], [44, []], [41, []], [45, []], [46, []], [49, [49, 50]], [50, []], [39, []], [37, []], [1, []]], [[0, [2, 4]], [8, [8, 7, 12, 11, 14]], [7, []], [19, [19, 18, 16]], [18, []], [16, []], [27, [27, 26, 25]], [26, []], [25, []], [12, []], [11, []], [40, [40, 38, 35, 28, 32, 31, 30, 34, 33]], [38, []], [32, []], [31, []], [30, []], [34, []], [33, []], [35, []], [48, [48, 47]], [47, []], [28, []], [14, []], [4, []], [2, []]]], [[[10, [10]]], [[8, [8, 7, 12, 11, 14]]], [[17, [17]]], [[19, [19, 18, 16]]], [[21, [21, 22, 20, 13, 15, 9]]], [[27, [27, 26, 25]]], [[23, [23, 24]]], [[9, [29, 36]], [40, [32, 31, 30, 34, 33]]], [[40, [40, 38, 35, 28]]], [[42, [42, 43, 44, 41, 45, 46, 39, 37]]], [[49, [49, 50]]], [[48, [48, 47]]]]]",4.4,4.4,"[37.363083, 23.323808, 41.231056, 51.224994, 62.096699, 50.596443, 61.611687, 72.691127, 76.157731, 78.714675]",55.50113,"{10: 130.681542, 13: 0.0, 18: 261.615528, 22: 0.0, 27: 0.0, 36: 0.0, 30: 0.0, 44: 2.664022, 50: 5.463337, 48: 0.0}","{10: 0.0, 13: 86.019638, 18: 0.0, 22: 122.725599, 27: 15.567179, 36: 3.317307, 30: 57.581659, 44: 0.0, 50: 0.0, 48: 0.988226}",40.042443,28.619961,3.666667,3.666667,"[37.363083, 33.105891, 30.265492, 55.461698, 58.137767, 62.096699, 45.607017, 79.879483, 64.776539, 61.05735, 78.587531, 78.714675]",57.087769,"{10: 69.681542, 8: 166.552945, 17: 0.0, 19: 0.0, 21: 6.387342, 27: 0.0, 23: 0.0, 9: 31.244324, 40: 0.0, 42: 0.0, 49: 0.0, 48: 2.804392}","{10: 0.0, 8: 0.0, 17: 51.548796, 19: 14.822096, 21: 0.0, 27: 89.504596, 23: 108.265375, 9: 0.0, 40: 60.564084, 42: 16.843318, 49: 14.019443, 48: 0.0}",23.055879,29.630642,OK,3135.166,cluster,C201_2.5.dat
test_data/data_demand_random_50_batch_all1_equal_cluster/C201_2.5.dat,8,120,2,3,935.3882695,"[[[[0, [5, 4, 2, 3, 1]], [16, [16, 15, 17, 14, 8, 12, 7]], [15, []], [17, []], [14, []], [4, []], [2, []], [5, []], [25, [25, 23]], [12, []], [23, []], [7, []], [8, []], [29, [29, 31, 30, 32, 41, 38, 37, 39]], [31, []], [30, []], [32, []], [44, [44, 45, 46, 36]], [41, []], [45, []], [46, []], [38, []], [37, []], [39, []], [50, [50, 49]], [49, []], [36, []], [3, []], [1, []]], [[0, [6]], [11, [11, 10, 9]], [6, []], [19, [19, 18, 13, 22, 21, 20]], [22, []], [21, []], [20, []], [18, []], [13, []], [10, []], [9, []], [27, [27, 26, 24, 33, 34, 35, 28]], [26, []], [24, []], [40, [40, 42, 43]], [43, []], [42, []], [33, []], [34, []], [35, []], [48, [48, 47]], [47, []], [28, []]]], [[[11, [11, 10, 9]]], [[16, [16, 15, 17, 14, 8, 12, 7]]], [[19, [19, 18, 13, 22, 21, 20]]], [[25, [25, 23]]], [[27, [27, 26, 24, 33, 34, 35, 28]]], [[29, [29, 31, 30, 32, 41, 38, 37, 39]]], [[40, [40, 42, 43]]], [[44, [44, 45, 46, 36]]], [[50, [50, 49]]], [[48, [48, 47]]]]]",1048.5428902,"[[[[0, [8]], [17, [17, 5]], [20, [20, 22, 21, 19, 18, 16, 15]], [22, []], [21, []], [19, []], [18, []], [16, []], [15, []], [13, [13, 7, 11, 23, 24]], [7, []], [5, []], [23, []], [24, []], [11, []], [8, []], [38, [38, 43, 44, 40, 41, 45, 46, 39]], [43, []], [44, []], [40, []], [41, []], [45, []], [46, []], [49, [49, 50, 37, 36]], [50, []], [39, []], [37, []], [36, []]], [[0, [1, 4, 6, 2, 3]], [9, [9]], [1, []], [12, [12, 14, 10]], [4, []], [14, []], [6, []], [10, []], [25, [25, 27, 26, 29, 30, 32, 31, 33]], [27, []], [26, []], [2, []], [3, []], [29, []], [30, []], [32, []], [31, []], [33, []], [42, [42, 34, 35, 28]], [34, []], [35, []], [48, [48, 47]], [47, []], [28, []]]], [[[17, [17, 5]]], [[9, [9]]], [[12, [12, 14, 10]]], [[20, [20, 22, 21, 19, 18, 16, 15]]], [[13, [13, 7, 11, 23, 24]]], [[25, [25, 27, 26, 29, 30, 32, 31, 33]]], [[38, [38, 43, 44, 40, 41, 45, 46, 39]]], [[49, [49, 50, 37, 36]], [42, [42, 34, 35, 28]]], [[48, [48, 47]]]]]",4.4,4.4,"[36.055513, 39.293765, 55.461698, 62.096699, 62.096699, 48.166378, 64.776539, 72.691127, 76.157731, 78.714675]",59.551082,"{11: 65.027756, 16: 165.646883, 19: 34.703093, 25: 0.401467, 27: 0.0, 29: 10.03484, 40: 6.65742, 44: 0.0, 50: 5.995676, 48: 0.0}","{11: 0.0, 16: 0.0, 19: 0.0, 25: 0.0, 27: 45.6825, 29: 0.0, 40: 0.0, 44: 5.737625, 50: 0.0, 48: 9.030932}",28.846714,6.045106,4.888889,4.888889,"[30.265492, 38.626416, 44.72136, 53.814496, 23.323808, 62.096699, 67.052218, 98.458083, 78.714675]",55.230361,"{17: 78.132746, 9: 66.313208, 12: 13.047472, 20: 61.774502, 13: 0.0, 25: 86.68767, 38: 0.0, 42: 9.480326, 49: 15.865716, 48: 0.0}","{17: 0.0, 9: 0.0, 12: 0.0, 20: 0.0, 13: 43.245344, 25: 0.0, 38: 3.381139, 42: 0.0, 49: 0.0, 48: 50.171338}",33.130164,9.679782,OK,3782.278,cluster,C201_2.5.dat
test_data/data_demand_random_50_batch_all1_equal_cluster/C201_2.5.dat,8,120,2,4,931.0788655,"[[[[0, [5, 1]], [16, [16, 12, 11, 8, 14]], [14, []], [25, [25, 24, 27, 23, 26]], [26, []], [24, []], [27, []], [12, []], [11, []], [8, []], [23, []], [36, [36, 40, 39]], [39, []], [40, []], [43, [43, 44, 45, 46, 38, 37]], [44, []], [45, []], [46, []], [50, [50, 49]], [49, []], [38, []], [37, []], [5, []], [1, []]], [[0, [4, 6, 3, 2]], [7, [7, 10, 9]], [10, [17, 15, 13]], [9, []], [4, []], [6, []], [19, [19, 20, 22, 21, 18]], [20, []], [22, []], [21, []], [18, []], [17, []], [15, []], [13, []], [3, []], [41, [41, 33, 31, 30, 34, 35, 29, 32]], [29, []], [42, [42]], [32, []], [33, []], [31, []], [30, []], [34, []], [35, []], [48, [48, 47, 28]], [47, []], [28, []], [2, []]]], [[[7, [7, 10, 9]]], [[10, [17, 15, 13]]], [[16, [16, 12, 11, 8, 14]]], [[19, [19, 20, 22, 21, 18]]], [[25, [25, 24, 27, 23, 26]]], [[41, [41, 33, 31, 30, 34, 35, 29, 32]]], [[36, [36, 40, 39]]], [[42, [42]]], [[43, [43, 44, 45, 46, 38, 37]]], [[50, [50, 49]]], [[48, [48, 47, 28]]]]]",,None,4,4,"[21.540659, 37.363083, 39.293765, 55.461698, 62.096699, 70.710678, 50.596443, 61.05735, 68.35203, 76.157731, 78.714675]",56.485892,"{7: 79.77033, 10: 81.911212, 16: 165.646883, 19: 0.0, 25: 88.401467, 41: 0.673797, 36: 0.0, 42: 0.0, 43: 0.127666, 50: 15.902851, 48: 14.001998}","{7: 0.0, 10: 0.0, 16: 0.0, 19: 78.950692, 25: 0.0, 41: 0.0, 36: 16.750128, 42: 4.826664, 43: 0.0, 50: 0.0, 48: 0.0}",40.585109,9.138862,,,[],,{},{},,,OK,3596.347,cluster,C201_2.5.dat
test_data/data_demand_random_50_batch_all1_equal_cluster/C201_2.5.dat,8,120,2,5,936.2937654,"[[[[0, [3, 2]], [2, []], [3, []], [7, [7, 9, 11, 13, 14, 17]], [9, []], [11, []], [13, []], [14, []], [17, []], [24, [24, 26, 25, 27, 23]], [26, []], [25, []], [27, []], [23, [31, 36, 38, 40]], [36, []], [38, []], [40, []], [31, []], [48, [48, 47]], [47, []]], [[0, [4, 6, 5, 1]], [5, []], [1, []], [4, [8, 10, 12]], [6, []], [8, []], [10, []], [12, []], [15, [16, 20, 21, 22, 15, 18, 19]], [18, []], [16, []], [19, []], [20, []], [21, []], [22, []], [28, [28, 30, 32, 34, 35, 33, 29]], [30, []], [32, []], [34, []], [35, []], [33, []], [29, []], [42, [42, 43, 44, 45, 46, 41]], [43, []], [44, []], [41, []], [45, []], [46, []], [49, [49, 50, 39, 37]], [50, []], [39, []], [37, []]]], [[[4, [8, 10, 12]]], [[7, [7, 9, 11, 13, 14, 17]]], [[15, [16, 20, 21, 22, 15, 18, 19]]], [[28, [28, 30, 32, 34, 35, 33, 29]]], [[24, [24, 26, 25, 27, 23]]], [[23, [31, 36, 38, 40]]], [[42, [42, 43, 44, 45, 46, 41]]], [[49, [49, 50, 39, 37]]], [[48, [48, 47]]]]]",976.2937654,"[[[[0, [5, 3, 1, 6]], [1, []], [12, [12]], [11, [11]], [3, []], [18, [18, 22, 21, 20, 19, 16, 15]], [16, []], [22, []], [21, []], [20, []], [19, []], [34, [34, 30, 31, 32, 35, 29, 33, 28]], [30, []], [31, []], [32, []], [33, []], [35, []], [29, []], [5, []], [6, []], [44, [44]], [42, [42, 48, 47]], [48, []], [47, []], [28, []], [15, []]], [[0, []], [4, [4, 10, 2, 9]], [13, [13, 14, 17, 8]], [8, []], [17, []], [24, [24, 7, 25, 27, 26, 23]], [25, []], [26, []], [27, []], [14, []], [2, []], [41, [41, 40, 38]], [38, []], [40, [43, 45, 46, 39, 37]], [43, []], [45, []], [46, []], [49, [49, 50, 36]], [50, []], [39, []], [37, []], [36, []], [23, []], [9, []], [10, []], [7, []]]], [[[4, [4, 10, 2, 9]]], [[12, [12]]], [[11, [11]]], [[13, [13, 14, 17, 8]]], [[24, [24, 7, 25, 27, 26, 23]]], [[18, [18, 22, 21, 20, 19, 16, 15]]], [[34, [34, 30, 31, 32, 35, 29, 33, 28]]], [[41, [41, 40, 38]]], [[40, [43, 45, 46, 39, 37]], [44, [44]]], [[49, [49, 50, 36]]], [[42, [42, 48, 47]]]]]",4.888889,4.888889,"[34.234486, 21.540659, 33.526109, 46.647615, 51.419841, 45.607017, 61.05735, 78.587531, 78.714675]",50.148365,"{4: 36.117243, 7: 124.77033, 15: 4.645812, 28: 0.0, 24: 0.0, 23: 14.033179, 42: 37.76562, 49: 12.76509, 48: 27.553829}","{4: 0.0, 7: 0.0, 15: 0.0, 28: 14.439247, 24: 42.060409, 23: 0.0, 42: 0.0, 49: 0.0, 48: 0.0}",28.6279,6.27774,4.181818,4.181818,"[34.234486, 44.72136, 36.055513, 23.323808, 51.419841, 41.231056, 72.111026, 70.710678, 79.504163, 78.587531, 61.05735]",53.905165,"{4: 76.117243, 12: 59.36068, 11: 19.901562, 13: 48.544661, 24: 0.0, 18: 32.353286, 34: 10.439985, 41: 0.0, 40: 4.726366, 44: 27.465503, 49: 0.905496, 42: 28.00766}","{4: 0.0, 12: 0.0, 11: 0.0, 13: 0.0, 24: 22.951984, 18: 0.0, 34: 0.0, 41: 58.306565, 40: 0.0, 44: 0.0, 49: 0.0, 42: 0.0}",25.65187,6.771546,OK,2674.989,cluster,C201_2.5.dat
test_data/data_demand_random_50_batch_all1_equal_random/C201_2.5.dat,4,60,2,1,1036.298221,"[[[[0, [1]], [3, [12, 7, 10, 13, 3]], [7, []], [10, []], [13, []], [1, []], [12, [22, 5, 6]], [22, []], [31, [31]], [5, []], [34, [34, 17, 29, 26]], [17, []], [29, [45, 32, 33, 40, 41, 36]], [40, []], [6, []], [45, []], [41, []], [26, []], [36, []], [32, []], [48, [48, 44, 43, 49]], [44, []], [43, []], [49, []], [33, []]], [[0, [4, 2]], [4, []], [16, [16, 15, 8, 9]], [15, []], [8, []], [2, [25, 24, 21, 19]], [25, []], [24, [28, 20, 11, 18, 30, 14]], [21, []], [28, []], [19, [38, 27, 37, 23]], [20, []], [37, []], [9, []], [11, [46, 39]], [46, []], [18, []], [39, [50, 35, 47, 42]], [50, []], [23, []], [35, []], [30, []], [14, []], [38, []], [27, []], [47, []], [42, []]]], [[[3, [3]]], [[16, [16, 15, 8, 9]]], [[3, [12, 7, 10, 13]]], [[2, [25, 24, 21, 19]]], [[24, [28, 20, 11, 18]]], [[12, [22, 5, 6]]], [[24, [30, 14]]], [[31, [31]]], [[34, [34, 17, 29, 26]]], [[19, [38, 27, 37, 23]]], [[29, [41, 36]]], [[29, [45, 32, 33, 40]]], [[11, [46, 39]]], [[39, [50, 35, 47, 42]]], [[48, [48, 44, 43, 49]]]]]",1126.083189,"[[[[0, [2, 7, 1]], [7, []], [1, []], [2, []], [16, [16, 17, 8, 6]], [17, []], [24, [24, 25, 10, 22]], [8, []], [37, [37, 9, 14]], [9, []], [27, [27, 38, 30, 36]], [38, []], [30, []], [14, []], [25, []], [39, [39, 50, 45, 41]], [50, []], [6, []], [45, []], [41, []], [10, []], [36, [43, 44]], [43, []], [22, []], [44, []]], [[0, [3]], [11, [11, 12, 4]], [4, []], [20, [20, 18, 5, 19, 13, 15]], [5, []], [29, [29, 28, 23, 35, 46, 21, 26, 34]], [26, []], [21, []], [28, []], [23, []], [35, []], [3, []], [46, []], [19, []], [18, []], [47, [47, 31, 32, 40]], [12, []], [31, []], [48, [48, 42, 33]], [32, []], [49, [49]], [13, []], [40, []], [15, []], [34, []], [42, []], [33, []]]], [[[16, [16, 17, 8, 6]]], [[11, [11, 12, 4]]], [[20, [18, 19, 13, 15]]], [[20, [20, 5]]], [[24, [24, 25, 10, 22]]], [[29, [35, 46, 26, 34]]], [[29, [29, 28, 23, 21]]], [[37, [37, 9, 14]]], [[27, [27, 38, 30, 36]]], [[47, [47, 31, 32, 40]]], [[39, [39, 50, 45, 41]]], [[48, [48, 42, 33]]], [[49, [49]], [36, [43, 44]]]]]",3.133333,3.133333,"[39.293765, 30.0, 39.293765, 23.323808, 41.231056, 38.626416, 41.231056, 44.72136, 34.234486, 30.265492, 50.596443, 50.596443, 53.814496, 48.166378, 51.419841]",41.120987,"{3: 183.646883, 16: 57.0, 2: 0.0, 24: 33.615528, 12: 0.0, 31: 0.0, 34: 0.0, 19: 2.517218, 29: 54.651339, 11: 3.719606, 39: 0.0, 48: 0.0}","{3: 28.353117, 16: 0.0, 2: 5.338096, 24: 37.384472, 12: 52.671771, 31: 4.670675, 34: 15.52964, 19: 0.0, 29: 15.348661, 11: 0.0, 39: 37.769163, 48: 83.588301}",27.929214,23.387825,3.538462,3.538462,"[30.0, 53.814496, 41.231056, 41.231056, 41.231056, 50.596443, 50.596443, 51.224994, 46.647615, 23.323808, 48.166378, 51.419841, 46.972227]",44.342724,"{16: 12.0, 11: 91.907248, 20: 0.0, 24: 0.0, 29: 275.397475, 37: 16.612497, 27: 0.0, 47: 0.0, 39: 16.470692, 48: 0.0, 49: 0.0, 36: 0.0}","{16: 0.0, 11: 0.0, 20: 37.58344, 24: 24.861696, 29: 0.0, 37: 0.0, 27: 16.288689, 47: 6.251846, 39: 0.0, 48: 48.628176, 49: 70.194426, 36: 25.365931}",34.365659,19.09785,OK,3816.066,random,C201_2.5.dat
test_data/data_demand_random_50_batch_all1_equal_random/C201_2.5.dat,4,60,2,2,1016.298221,"[[[[0, []], [24, [24, 5, 21, 28, 13, 12]], [21, []], [28, []], [13, []], [5, []], [19, [22, 19, 26, 17]], [22, []], [31, [31, 34, 36, 32]], [36, []], [12, []], [32, []], [33, [33, 29]], [34, []], [29, [44, 40, 45, 41]], [17, []], [40, []], [45, []], [41, []], [26, []], [49, [49, 48, 43]], [48, []], [43, []], [44, []]], [[0, [1, 4, 2, 3]], [1, [7, 6, 10, 8]], [7, []], [6, []], [10, []], [15, [15, 20, 9, 11]], [16, [16, 18]], [27, [27, 30, 38, 25, 23, 35, 14, 37]], [38, []], [25, []], [23, []], [35, []], [30, []], [8, []], [4, []], [14, []], [42, [42]], [2, []], [37, []], [9, []], [11, [46]], [46, []], [20, []], [3, []], [18, []], [39, [39, 50, 47]], [50, []], [47, []]]], [[[1, [7, 6, 10, 8]]], [[24, [24, 21, 28, 13]]], [[24, [5, 12]]], [[15, [15, 20, 9, 11]]], [[16, [16, 18]]], [[19, [22, 19, 26, 17]]], [[27, [30, 38, 35, 37]]], [[27, [27, 25, 23, 14]]], [[31, [31, 34, 36, 32]]], [[33, [33, 29]]], [[42, [42]]], [[29, [44, 40, 45, 41]]], [[11, [46]]], [[49, [49, 48, 43]]], [[39, [39, 50, 47]]]]]",,None,3.066667,3.066667,"[36.055513, 41.231056, 41.231056, 40.0, 30.0, 30.265492, 46.647615, 46.647615, 44.72136, 21.540659, 20.0, 50.596443, 53.814496, 33.105891, 48.166378]",38.934905,"{1: 109.027756, 24: 546.286569, 15: 0.0, 16: 25.0, 19: 14.461705, 27: 356.823159, 31: 1.227934, 33: 0.0, 42: 0.0, 29: 1.937542, 11: 0.0, 49: 0.0, 39: 0.0}","{1: 0.0, 24: 0.0, 15: 4.027756, 16: 0.0, 19: 0.0, 27: 0.0, 31: 0.0, 33: 14.868991, 42: 20.423854, 29: 0.0, 11: 70.647616, 49: 74.745276, 39: 49.009563}",81.135743,17.978697,,,[],,{},{},,,OK,3621.615,random,C201_2.5.dat
test_data/data_demand_random_50_batch_all1_equal_random/C201_2.5.dat,4,60,2,4,1035.681542,"[[[[0, [7, 6, 10]], [10, []], [6, []], [15, [15, 21, 17, 13]], [21, []], [29, [29, 31, 22, 26]], [17, []], [13, []], [26, []], [7, []], [31, []], [36, [36, 33, 32, 41]], [33, []], [32, [45, 44, 43, 40]], [44, []], [22, []], [43, []], [48, [48, 49]], [49, []], [41, []], [45, []], [40, []]], [[0, [1, 3, 2, 4]], [1, []], [12, [12, 8, 9, 14]], [2, []], [18, [18, 19, 5]], [19, []], [16, [16, 38, 35, 11, 20, 42, 30]], [42, []], [24, [24, 25, 23, 27]], [30, []], [4, []], [14, []], [35, []], [8, []], [38, []], [25, []], [23, []], [27, []], [9, []], [37, [37, 46, 34, 39]], [11, []], [46, []], [20, []], [3, []], [47, [47, 50, 28]], [5, []], [34, []], [28, []], [50, []], [39, []]]], [[[12, [12, 8, 9, 14]]], [[15, [15, 21, 17, 13]]], [[18, [18, 19, 5]]], [[16, [38, 35, 42, 30]]], [[16, [16, 11, 20]]], [[24, [24, 25, 23, 27]]], [[29, [29, 31, 22, 26]]], [[36, [36, 33, 32, 41]]], [[32, [45, 44, 43, 40]]], [[37, [37, 46, 34, 39]]], [[47, [47, 50, 28]]], [[48, [48, 49]]]]]",1085.35759,"[[[[0, [3]], [20, [20, 18, 6, 7, 19, 12, 5]], [3, []], [18, []], [6, []], [7, []], [5, []], [31, [31, 32, 33]], [32, []], [33, []], [37, [37, 46, 36, 43]], [46, []], [19, []], [47, [47, 49, 48, 22, 44]], [36, []], [49, []], [12, []], [48, []], [43, []], [22, []], [44, []]], [[0, [2, 4, 1]], [11, [11, 9]], [9, []], [2, [16, 15]], [16, []], [15, []], [24, [24, 21, 10]], [21, []], [10, []], [1, [26]], [26, []], [29, [29, 34, 27, 14]], [34, []], [27, [30, 25, 38, 23, 35, 8, 39, 28]], [4, []], [14, []], [30, []], [25, []], [38, []], [23, []], [35, []], [8, []], [39, [50, 40, 17, 41, 45, 42, 13]], [50, []], [28, []], [40, []], [13, []], [17, []], [41, []], [45, []], [42, []]]], [[[11, [11, 9]]], [[2, [16, 15]]], [[20, [20, 18, 6, 7]]], [[20, [19, 12, 5]]], [[24, [24, 21, 10]]], [[1, [26]]], [[31, [31, 32, 33]]], [[29, [29, 34, 27, 14]]], [[27, [30, 25, 23, 8]]], [[27, [38, 35, 39, 28]]], [[37, [37, 46, 36, 43]]], [[47, [44]], [39, [41, 45, 42]]], [[47, [47, 49, 48, 22]]], [[39, [50, 40, 17, 13]]]]]",3.583333,3.583333,"[38.626416, 40.0, 33.526109, 30.0, 30.0, 41.231056, 50.596443, 45.607017, 37.363083, 51.224994, 23.323808, 51.419841]",39.409897,"{12: 169.313208, 15: 80.0, 18: 0.0, 16: 252.373584, 24: 0.0, 29: 49.298221, 36: 17.505287, 32: 6.878033, 37: 13.612497, 47: 0.0, 48: 0.0}","{12: 0.0, 15: 0.0, 18: 21.550153, 16: 0.0, 24: 4.384472, 29: 0.0, 36: 0.0, 32: 0.0, 37: 0.0, 47: 47.950593, 48: 30.971621}",53.543712,9.53244,3.285714,3.285714,"[53.814496, 23.323808, 41.231056, 41.231056, 41.231056, 36.055513, 44.72136, 50.596443, 46.647615, 46.647615, 51.224994, 49.161501, 23.323808, 48.166378]",42.669764,"{11: 91.907248, 2: 0.0, 20: 512.800208, 24: 53.70828, 1: 0.0, 31: 0.0, 29: 7.682693, 27: 0.0, 37: 0.427817, 47: 0.0, 39: 83.790052}","{11: 0.0, 2: 49.245344, 20: 0.0, 24: 0.0, 1: 69.587772, 31: 76.824, 29: 0.0, 27: 47.352385, 37: 0.0, 47: 166.901186, 39: 0.0}",68.210573,37.264608,OK,4215.267,random,C201_2.5.dat
test_data/data_demand_random_50_batch_all1_equal_random/C201_2.5.dat,4,90,2,1,1016.730849,"[[[[0, [1, 4, 3]], [4, []], [3, []], [15, [15]], [16, [16, 8, 32, 33, 35, 29]], [29, []], [33, []], [26, [26, 17, 21, 24]], [17, []], [21, []], [35, []], [8, []], [24, []], [34, [34, 36, 31, 39]], [36, []], [31, []], [43, [43, 44, 22]], [22, []], [44, []], [48, [48, 49, 47]], [32, []], [49, []], [1, []], [39, []], [47, []]], [[0, [2]], [2, []], [12, [12]], [5, [5, 10, 7, 9]], [10, []], [7, []], [13, [13, 18, 14, 19]], [18, []], [19, []], [14, []], [30, [30, 20, 6, 11]], [27, [27, 28, 23]], [20, []], [37, [37, 42]], [9, []], [11, []], [46, [46, 40, 38, 25]], [38, []], [25, []], [23, []], [50, [50, 41, 45]], [28, []], [40, []], [41, []], [45, []], [6, []], [42, []]]], [[[12, [12]]], [[5, [5, 10, 7, 9]]], [[15, [15]]], [[16, [32, 33, 35, 29]]], [[16, [16, 8]]], [[13, [13, 18, 14, 19]]], [[26, [26, 17, 21, 24]]], [[30, [30, 20, 6, 11]]], [[27, [27, 28, 23]]], [[34, [34, 36, 31, 39]]], [[37, [37, 42]]], [[46, [46, 40, 38, 25]]], [[43, [43, 44, 22]]], [[48, [48, 49, 47]]], [[50, [50, 41, 45]]]]]",1028.730849,"[[[[0, [3, 2]], [2, []], [3, []], [8, [8, 7, 10, 6]], [16, [16, 24, 22, 32, 33]], [24, []], [6, []], [7, []], [26, [26, 17, 21]], [10, []], [17, []], [21, []], [35, [35]], [39, [39, 34, 36, 31]], [34, []], [36, []], [31, []], [43, [43, 44]], [22, []], [44, []], [48, [42, 49, 48, 47]], [49, []], [32, []], [33, []], [42, []], [47, []]], [[0, [4, 1]], [12, [12, 11, 9]], [5, [5, 15]], [1, []], [13, [13, 14, 19, 18]], [19, []], [18, []], [14, []], [30, [30, 20, 25, 23]], [4, []], [27, [27, 37, 29]], [20, []], [9, [38, 28]], [37, []], [11, []], [46, [46, 41, 45]], [38, []], [25, []], [23, []], [50, [50, 40]], [28, []], [40, []], [41, []], [45, []], [29, []], [15, []]]], [[[12, [12, 11, 9]]], [[8, [8, 7, 10, 6]]], [[16, [24, 22, 32, 33]]], [[16, [16]], [5, [5, 15]]], [[13, [13, 14, 19, 18]]], [[26, [26, 17, 21]]], [[30, [30, 20, 25, 23]]], [[35, [35]]], [[27, [27, 37, 29]]], [[39, [39, 34, 36, 31]]], [[9, [38, 28]]], [[46, [46, 41, 45]]], [[43, [43, 44]]], [[50, [50, 40]]], [[48, [42, 49, 48, 47]]]]]",3.066667,3.066667,"[38.626416, 24.33105, 40.0, 30.0, 30.0, 63.245553, 67.082039, 80.622577, 46.647615, 34.234486, 51.224994, 55.461698, 62.096699, 51.419841, 61.05735]",49.070021,"{12: 74.313208, 5: 0.0, 15: 12.0, 16: 357.0, 13: 0.0, 26: 39.54102, 30: 0.0, 27: 17.635096, 34: 0.0, 37: 0.0, 46: 0.782545, 43: 2.068131, 48: 0.0, 50: 0.0}","{12: 0.0, 5: 62.147683, 15: 0.0, 16: 0.0, 13: 8.690431, 26: 0.0, 30: 3.91988, 27: 0.0, 34: 5.423777, 37: 23.063695, 46: 0.0, 43: 0.0, 48: 27.89923, 50: 18.544674}",35.952857,10.692098,3.066667,3.066667,"[38.626416, 72.111026, 30.0, 30.771076, 63.245553, 67.082039, 80.622577, 78.102497, 46.647615, 48.166378, 58.137767, 55.461698, 62.096699, 61.05735, 51.419841]",56.236569,"{12: 110.313208, 8: 57.055513, 16: 258.193281, 5: 14.963343, 13: 0.0, 26: 98.236713, 30: 9.116777, 35: 0.0, 27: 17.635096, 39: 2.542169, 9: 3.632727, 46: 1.069697, 43: 0.0, 50: 0.0, 48: 0.0}","{12: 0.0, 8: 0.0, 16: 0.0, 5: 0.0, 13: 9.653774, 26: 0.0, 30: 0.0, 35: 6.489771, 27: 0.0, 39: 0.0, 9: 0.0, 46: 0.0, 43: 28.304804, 50: 25.202174, 48: 21.24173}",38.183902,6.059484,OK,4690.681,random,C201_2.5.dat
test_data/data_demand_random_50_batch_all1_equal_random/C201_2.5.dat,4,90,2,2,1006.8035085,"[[[[0, [1]], [7, [7]], [10, [10, 6, 12]], [6, []], [1, []], [18, [18, 15, 13]], [25, [25, 23]], [23, []], [26, [26, 17, 29]], [29, []], [36, [36, 32, 31]], [12, []], [32, []], [31, []], [42, [42, 5, 34, 40]], [5, []], [34, []], [15, []], [40, []], [45, [45, 41, 33, 22]], [41, []], [17, []], [13, []], [33, []], [49, [49, 48, 43, 44]], [48, []], [43, []], [22, []], [44, []]], [[0, [3]], [2, [2]], [9, [9, 4, 8, 11]], [3, []], [19, [19, 14, 16]], [14, []], [4, []], [16, []], [28, [28, 21, 24]], [21, []], [24, [20, 27]], [8, []], [30, [30, 35]], [35, []], [27, []], [20, []], [11, []], [37, [37, 46, 38, 39]], [46, []], [38, []], [39, []], [50, [50, 47]], [47, []]]], [[[7, [7]]], [[2, [2]]], [[9, [9, 4, 8, 11]]], [[10, [10, 6, 12]]], [[19, [19, 14, 16]]], [[18, [18, 15, 13]]], [[25, [25, 23]]], [[26, [26, 17, 29]]], [[28, [28, 21, 24]]], [[24, [20, 27]]], [[36, [36, 32, 31]]], [[30, [30, 35]]], [[42, [42, 5, 34, 40]]], [[37, [37, 46, 38, 39]]], [[45, [45, 41, 33, 22]]], [[49, [49, 48, 43, 44]]], [[50, [50, 47]]]]]",1054.763055,"[[[[0, [2, 1]], [1, []], [7, [7, 5, 12]], [5, []], [2, [21, 14, 22, 20]], [21, []], [28, [28]], [25, [25, 23, 31, 30]], [23, []], [30, []], [14, []], [20, []], [37, [37, 32, 33]], [46, [46, 43, 44]], [47, [47, 48]], [31, []], [43, []], [44, []], [22, []], [48, []], [12, []], [32, []], [33, []]], [[0, [4, 3]], [4, []], [16, [16, 11, 8]], [3, []], [19, [19, 15, 13]], [11, []], [9, [9, 10, 6]], [18, [18, 27, 24, 26, 29, 17]], [27, []], [24, []], [15, []], [26, []], [36, [36]], [42, [42, 34, 41, 40]], [34, []], [29, []], [13, []], [17, []], [10, []], [41, []], [45, [45, 35, 39]], [40, []], [6, []], [50, [50, 38, 49]], [35, []], [8, []], [38, []], [39, []], [49, []]]], [[[7, [7, 5, 12]]], [[16, [16, 11, 8]]], [[2, [21, 14, 22, 20]]], [[19, [19, 15, 13]]], [[9, [9, 10, 6]]], [[18, [26, 29, 17]]], [[18, [18, 27, 24]], [28, [28]]], [[25, [25, 23, 31, 30]]], [[36, [36]]], [[37, [37, 32, 33]]], [[42, [42, 34, 41, 40]]], [[46, [46, 43, 44]]], [[45, [45, 35, 39]]], [[47, [47, 48]]], [[50, [50, 38, 49]]]]]",2.823529,2.823529,"[76.157731, 23.323808, 58.137767, 78.587531, 30.265492, 33.526109, 66.603303, 67.082039, 68.35203, 41.231056, 45.607017, 80.622577, 20.0, 51.224994, 80.622577, 33.105891, 61.05735]",53.853369,"{7: 9.078866, 2: 0.0, 9: 43.068884, 10: 61.372631, 19: 46.063862, 18: 0.0, 25: 0.0, 26: 0.0, 28: 0.0, 24: 0.0, 36: 3.352012, 30: 0.926817, 42: 0.0, 37: 0.0, 45: 0.0, 49: 0.0, 50: 0.0}","{7: 0.0, 2: 20.338096, 9: 0.0, 10: 0.0, 19: 0.0, 18: 55.688442, 25: 25.149845, 26: 55.910477, 28: 32.203583, 24: 3.524702, 36: 0.0, 30: 0.0, 42: 18.803509, 37: 53.447066, 45: 1.49222, 49: 41.135766, 50: 71.858828}",9.639004,22.32662,3.066667,3.066667,"[76.157731, 30.0, 23.323808, 30.265492, 58.137767, 33.526109, 78.233758, 66.603303, 45.607017, 51.224994, 20.0, 55.461698, 80.622577, 23.323808, 61.05735]",48.903028,"{7: 79.078866, 16: 57.0, 2: 88.583038, 19: 0.0, 9: 0.0, 18: 11.526109, 28: 34.086862, 25: 0.0, 36: 0.0, 37: 0.0, 42: 0.0, 46: 3.982083, 45: 0.0, 47: 0.0, 50: 0.0}","{7: 0.0, 16: 0.0, 2: 0.0, 19: 14.867254, 9: 7.79837, 18: 0.0, 28: 0.0, 25: 3.447114, 36: 23.959546, 37: 95.085851, 42: 11.196491, 46: 0.0, 45: 2.090503, 47: 16.068945, 50: 11.160036}",18.283797,12.378274,OK,5754.319,random,C201_2.5.dat
test_data/data_demand_random_50_batch_all1_equal_random/C201_2.5.dat,4,90,2,5,1012.7308492,"[[[[0, [3]], [12, [12, 5]], [9, [9, 16, 15]], [20, [20, 19, 18]], [18, [11, 24, 22, 25]], [3, []], [19, []], [5, []], [16, []], [15, []], [24, []], [25, []], [30, [30, 35, 23, 33]], [35, []], [23, []], [46, [46, 44, 37]], [11, []], [37, []], [44, []], [22, []], [43, [43, 48, 49]], [48, []], [49, []], [33, []]], [[0, [2, 4, 1]], [14, [14, 8, 13, 7]], [4, []], [8, []], [2, []], [21, [21]], [28, [28, 17, 10, 6]], [17, []], [26, [26, 29]], [32, [32, 31, 34, 36]], [36, []], [31, []], [1, []], [29, []], [13, []], [7, []], [10, []], [41, [41, 45, 40, 42]], [45, []], [6, []], [40, []], [50, [50, 39, 38, 27]], [39, []], [38, []], [27, []], [47, [47]], [34, []], [42, []]]], [[[12, [12, 5]]], [[9, [9, 16, 15]]], [[14, [14, 8, 13, 7]]], [[20, [20, 19, 18]]], [[18, [11, 24, 22, 25]]], [[21, [21]]], [[28, [28, 17, 10, 6]]], [[26, [26, 29]]], [[32, [32, 31, 34, 36]]], [[30, [30, 35, 23, 33]]], [[41, [41, 45, 40, 42]]], [[46, [46, 44, 37]]], [[43, [43, 48, 49]]], [[50, [50, 39, 38, 27]]], [[47, [47]]]]]",1108.612497,"[[[[0, [4, 3, 2]], [2, []], [7, [7]], [14, [14, 8, 11]], [4, []], [19, [19, 23, 25]], [8, []], [18, [18, 20, 33]], [37, [37, 30, 35, 36]], [11, []], [20, []], [30, []], [35, []], [23, []], [25, []], [38, [38, 46, 44, 43]], [3, []], [46, []], [44, []], [43, []], [48, [48, 49]], [36, []], [49, []], [33, []]], [[0, [1]], [1, []], [9, [9, 5, 13, 12]], [5, []], [21, [21, 24, 15, 16]], [13, []], [29, [29, 17, 28, 10]], [31, [31, 32, 26, 22, 6]], [32, []], [22, []], [12, []], [15, []], [16, []], [42, [42, 34, 39, 27]], [40, [45, 40, 41]], [45, []], [41, []], [10, []], [6, []], [26, []], [17, []], [28, [47, 50]], [50, []], [39, []], [27, []], [47, []], [34, []], [24, []]]], [[[7, [7]]], [[9, [9, 5, 13, 12]]], [[14, [14, 8, 11]]], [[19, [19, 23, 25]]], [[21, [21, 24, 15, 16]]], [[29, [29, 17, 28, 10]]], [[18, [18, 20, 33]], [31, [22]]], [[31, [31, 32, 26, 6]]], [[37, [37, 30, 35, 36]]], [[42, [42, 34, 39, 27]]], [[38, [38, 46, 44, 43]]], [[40, [45, 40, 41]]], [[48, [48, 49]]], [[28, [47, 50]]]]]",3.066667,3.066667,"[38.626416, 58.137767, 78.714675, 41.231056, 33.526109, 72.691127, 68.35203, 67.082039, 37.363083, 80.622577, 82.462113, 55.461698, 62.096699, 61.05735, 23.323808]",57.383237,"{12: 110.313208, 9: 0.0, 14: 145.357337, 20: 0.0, 18: 0.0, 21: 0.0, 28: 25.818678, 26: 0.0, 32: 1.505527, 30: 47.998081, 41: 20.549515, 46: 19.419561, 43: 0.0, 50: 0.0, 47: 0.0}","{12: 0.0, 9: 56.244324, 14: 0.0, 20: 21.983005, 18: 1.550153, 21: 4.083038, 28: 0.0, 26: 40.932094, 32: 0.0, 30: 0.0, 41: 0.0, 46: 0.0, 43: 120.6825, 50: 8.240269, 47: 45.809421}",24.730794,19.96832,3.285714,3.285714,"[76.157731, 58.137767, 78.714675, 30.265492, 72.691127, 50.596443, 75.469298, 44.72136, 51.224994, 20.0, 61.611687, 64.776539, 51.419841, 68.35203]",57.438499,"{7: 0.0, 9: 59.068884, 14: 0.0, 19: 20.132746, 21: 0.0, 29: 0.0, 18: 5.630309, 31: 40.555669, 37: 23.849442, 42: 0.0, 38: 0.0, 40: 0.0, 48: 0.0, 28: 0.0}","{7: 14.921134, 9: 0.0, 14: 11.642663, 19: 0.0, 21: 12.72332, 29: 16.770662, 18: 0.0, 31: 4.341099, 37: 0.0, 42: 42.068884, 38: 20.806653, 40: 8.680614, 48: 200.445423, 28: 58.474528}",10.659789,27.919642,OK,5678.765,random,C201_2.5.dat
test_data/data_demand_random_50_batch_all1_equal_random/C201_2.5.dat,4,120,2,3,1023.528675,"[[[[0, [7, 6, 2]], [15, [15, 10, 13]], [10, []], [21, [21, 24, 18, 22]], [6, [16, 17, 29]], [7, []], [13, []], [17, []], [29, []], [24, []], [34, [34, 37]], [16, []], [2, []], [37, []], [46, [46, 43, 44]], [18, []], [47, [47, 49, 48]], [49, []], [48, []], [43, []], [22, []], [44, []]], [[0, [4, 1, 3]], [3, []], [4, []], [1, [5, 11, 9, 8]], [5, []], [20, [20, 19, 12]], [9, [14]], [11, []], [19, []], [27, [27, 23]], [32, [32, 31, 25, 28]], [31, []], [42, [42, 30, 40, 36, 35, 26, 33, 38]], [39, [39]], [38, []], [25, []], [23, []], [35, []], [8, []], [30, []], [14, []], [50, [50, 45, 41]], [28, []], [40, []], [45, []], [41, []], [26, []], [36, []], [12, []], [33, []]]], [[[15, [15, 10, 13]]], [[1, [5, 11, 9, 8]]], [[20, [20, 19, 12]]], [[9, [14]]], [[21, [21, 24, 18, 22]]], [[6, [16, 17, 29]]], [[27, [27, 23]]], [[32, [32, 31, 25, 28]]], [[34, [34, 37]]], [[42, [42, 30, 40, 38]]], [[42, [36, 35, 26, 33]]], [[39, [39]]], [[46, [46, 43, 44]]], [[50, [50, 45, 41]]], [[47, [47, 49, 48]]]]]",,None,2.933333,2.933333,"[40.0, 36.055513, 41.231056, 58.137767, 72.691127, 70.710678, 46.647615, 37.363083, 34.234486, 20.0, 20.0, 48.166378, 55.461698, 61.05735, 23.323808]",44.338704,"{15: 121.0, 1: 0.0, 20: 0.0, 9: 0.0, 21: 62.345564, 6: 42.009775, 27: 0.0, 32: 0.0, 34: 7.761904, 42: 32.234486, 39: 0.0, 46: 2.613606, 50: 15.29419, 47: 0.0}","{15: 0.0, 1: 50.972244, 20: 20.384472, 9: 77.931116, 21: 0.0, 6: 0.0, 27: 4.985065, 32: 41.318458, 34: 0.0, 42: 0.0, 39: 7.151296, 46: 0.0, 50: 0.0, 47: 16.068945}",20.232823,15.6294,,,[],,{},{},,,OK,6232.978,random,C201_2.5.dat
test_data/data_demand_random_50_batch_all1_equal_random/C201_2.5.dat,4,120,2,4,1035.528675,"[[[[0, [2]], [6, [6]], [9, [9, 11, 5, 12]], [11, []], [20, [20]], [5, []], [27, [27, 18, 17]], [18, []], [2, []], [33, [33, 32, 31, 22]], [32, []], [31, [36, 34, 29]], [36, []], [42, [42]], [34, []], [40, [40, 45, 41]], [45, []], [41, []], [17, []], [29, []], [49, [49, 48, 43, 44]], [12, []], [48, []], [43, []], [22, []], [44, []]], [[0, [3, 4, 1]], [3, []], [1, []], [7, [7, 10, 8]], [10, []], [14, [14, 16, 15, 13]], [4, []], [13, []], [26, [26, 21, 28]], [21, [25, 30, 19]], [28, []], [16, []], [15, [37, 24, 35, 23]], [24, []], [38, [38]], [25, []], [30, []], [8, []], [35, []], [23, []], [50, [50, 39, 47, 46]], [39, []], [47, []], [19, []], [37, []], [46, []]]], [[[6, [6]]], [[7, [7, 10, 8]]], [[9, [9, 11, 5, 12]]], [[14, [14, 16, 15, 13]]], [[20, [20]]], [[27, [27, 18, 17]]], [[26, [26, 21, 28]]], [[33, [33, 32, 31, 22]]], [[21, [25, 30, 19]]], [[31, [36, 34, 29]]], [[15, [37, 24, 35, 23]]], [[42, [42]]], [[38, [38]]], [[40, [40, 45, 41]]], [[49, [49, 48, 43, 44]]], [[50, [50, 39, 47, 46]]]]]",1044.051248,"[[[[0, [4]], [9, [9, 5, 14, 11]], [5, []], [18, [18, 19, 20, 7]], [19, []], [20, []], [11, []], [27, [27, 30, 25, 16]], [4, []], [14, []], [30, []], [35, [34, 36, 35, 23]], [23, []], [25, []], [34, [40, 42, 26]], [36, []], [26, []], [7, []], [40, []], [16, []], [42, []], [49, [49, 48, 43, 44]], [48, []], [43, []], [44, []]], [[0, [1, 3, 2]], [3, []], [2, []], [10, [10]], [8, [8, 15, 13]], [15, []], [24, [24, 17, 21, 12]], [21, []], [13, [29, 6]], [17, []], [33, [33, 31, 22, 32]], [22, []], [32, []], [12, []], [1, []], [31, []], [29, []], [6, []], [45, [45, 41, 28, 37, 38]], [41, []], [28, []], [50, [50, 39, 47, 46]], [39, []], [38, []], [46, []], [37, []], [47, []]]], [[[10, [10]]], [[9, [9, 5, 14, 11]]], [[8, [8, 15, 13]]], [[18, [18, 19, 20, 7]]], [[24, [24, 17, 21, 12]]], [[13, [29, 6]]], [[33, [33, 31, 22, 32]]], [[27, [27, 30, 25, 16]]], [[35, [34, 36, 35, 23]]], [[45, [45, 41, 28, 37]]], [[45, [38]], [34, [40, 42, 26]]], [[50, [50, 39, 47, 46]]], [[49, [49, 48, 43, 44]]]]]",2.875,2.875,"[70.710678, 76.157731, 58.137767, 78.714675, 41.231056, 46.647615, 67.082039, 21.540659, 72.691127, 44.72136, 40.0, 20.0, 61.611687, 64.776539, 33.105891, 61.05735]",53.636636,"{6: 26.355339, 7: 3.078866, 9: 0.0, 14: 0.0, 20: 13.684412, 27: 7.284057, 26: 0.0, 33: 0.0, 21: 17.886583, 31: 2.036872, 15: 0.0, 42: 0.0, 38: 0.0, 40: 23.02759, 49: 0.0, 50: 19.563226}","{6: 0.0, 7: 0.0, 9: 97.575777, 14: 68.563797, 20: 0.0, 27: 0.0, 26: 14.537846, 33: 42.553478, 21: 0.0, 31: 0.0, 15: 33.654436, 42: 2.36068, 38: 6.798926, 40: 0.0, 49: 59.835324, 50: 0.0}",7.057309,20.367516,3.538462,3.538462,"[78.587531, 58.137767, 72.111026, 33.526109, 41.231056, 63.245553, 21.540659, 46.647615, 78.102497, 80.622577, 81.470162, 61.05735, 33.105891]",57.645061,"{10: 8.293765, 9: 159.068884, 8: 0.0, 18: 0.0, 24: 0.0, 13: 0.0, 33: 0.0, 27: 4.254924, 35: 14.727441, 45: 34.256886, 34: 0.0, 50: 0.0, 49: 0.0}","{10: 0.0, 9: 0.0, 8: 40.650722, 18: 91.305829, 24: 2.678237, 13: 0.670989, 33: 15.523436, 27: 0.0, 35: 0.0, 45: 0.0, 34: 15.831509, 50: 8.004453, 49: 87.875726}",16.969377,20.195454,OK,5034.554,random,C201_2.5.dat
test_data/data_demand_random_50_batch_all1_equal_random/C201_2.5.dat,4,120,2,5,1009.7099203,"[[[[0, [11, 3, 1, 2]], [1, []], [20, [20, 9, 8, 14]], [11, []], [9, []], [19, [19, 28, 27, 25]], [27, []], [28, []], [35, [35, 30, 18, 23]], [8, []], [14, []], [30, []], [25, []], [23, []], [38, [38]], [46, [46, 37, 39]], [37, []], [3, []], [18, []], [39, []], [50, [50, 47, 34]], [34, []], [2, []], [47, []]], [[0, []], [4, [4, 7, 6, 10]], [5, [5, 15, 12, 13]], [13, []], [7, []], [6, []], [17, [17, 21, 24]], [21, []], [24, []], [29, [29, 31, 26, 33]], [15, []], [33, [32, 36, 22, 16]], [32, []], [36, []], [31, []], [22, []], [44, [44, 43, 42]], [43, []], [48, [48, 49]], [12, []], [49, []], [26, []], [10, []], [41, [41, 45, 40]], [45, []], [40, []], [16, []], [42, []]]], [[[4, [4, 7, 6, 10]]], [[20, [20, 9, 8, 14]]], [[5, [5, 15, 12, 13]]], [[19, [19, 28, 27, 25]]], [[17, [17, 21, 24]]], [[29, [29, 31, 26, 33]]], [[33, [32, 36, 22, 16]]], [[35, [35, 30, 18, 23]]], [[38, [38]]], [[44, [44, 43, 42]]], [[46, [46, 37, 39]]], [[48, [48, 49]]], [[41, [41, 45, 40]]], [[50, [50, 47, 34]]]]]",1056.048349,"[[[[0, [4, 3, 2]], [2, []], [12, [12, 8]], [3, []], [9, [9, 14, 18, 17]], [20, [20, 11, 19]], [8, []], [18, []], [14, []], [4, []], [30, [30, 35, 29]], [35, []], [38, [38, 37, 40]], [46, [46, 39]], [11, []], [37, []], [19, []], [47, [47, 50, 28]], [39, []], [50, []], [28, []], [40, []], [17, []], [29, []]], [[0, [1]], [1, []], [7, [7, 10, 6, 5]], [10, []], [6, []], [13, [13, 15]], [15, []], [5, []], [16, [16]], [24, [24, 21, 23, 25]], [21, []], [23, []], [25, []], [27, [27, 31, 22, 32]], [33, [33, 26]], [34, [34, 36, 42, 41]], [36, []], [31, []], [32, []], [22, []], [44, [44, 43, 48, 49, 45]], [43, []], [48, []], [49, []], [26, []], [41, []], [45, []], [42, []]]], [[[12, [12, 8]]], [[7, [7, 10, 6, 5]]], [[13, [13, 15]]], [[16, [16]]], [[9, [9, 14, 18, 17]]], [[20, [20, 11, 19]]], [[24, [24, 21, 23, 25]]], [[27, [27, 31, 22, 32]]], [[33, [33, 26]]], [[30, [30, 35, 29]]], [[38, [38, 37, 40]]], [[34, [34, 36, 42, 41]]], [[46, [46, 39]]], [[44, [45]], [47, [47, 50, 28]]], [[44, [44, 43, 48, 49]]]]]",3.285714,3.285714,"[76.157731, 41.231056, 24.33105, 30.265492, 67.052218, 50.596443, 21.540659, 78.102497, 61.611687, 62.096699, 55.461698, 51.419841, 82.462113, 61.05735]",54.52761,"{4: 79.078866, 20: 11.615528, 5: 0.0, 19: 46.517218, 17: 9.447244, 29: 23.772112, 33: 0.0, 35: 15.918502, 38: 0.0, 44: 18.750128, 46: 0.0, 48: 14.661571, 41: 0.0, 50: 0.0}","{4: 0.0, 20: 0.0, 5: 21.755609, 19: 0.0, 17: 0.0, 29: 0.0, 33: 25.527892, 35: 0.0, 38: 14.245405, 44: 0.0, 46: 1.463307, 48: 0.0, 41: 85.696766, 50: 25.102733}",15.697226,12.413694,3.066667,3.066667,"[38.626416, 76.157731, 63.245553, 30.0, 58.137767, 41.231056, 41.231056, 46.647615, 21.540659, 80.622577, 61.611687, 34.234486, 55.461698, 85.089493, 62.096699]",53.0623,"{12: 74.313208, 7: 79.078866, 13: 7.543911, 16: 0.0, 9: 13.755676, 20: 7.169421, 24: 29.992752, 27: 8.708279, 33: 0.0, 30: 32.072984, 38: 12.494555, 34: 13.416013, 46: 1.925006, 47: 0.0, 44: 75.347908}","{12: 0.0, 7: 0.0, 13: 0.0, 16: 81.465046, 9: 0.0, 20: 0.0, 24: 0.0, 27: 0.0, 33: 93.553478, 30: 0.0, 38: 0.0, 34: 0.0, 46: 0.0, 47: 48.068945, 44: 0.0}",23.721238,14.872498,OK,4639.815,random,C201_2.5.dat
test_data/data_demand_random_50_batch_all1_equal_random/C201_2.5.dat,8,60,2,1,1024.117243,"[[[[0, [2]], [2, []], [12, [12, 15, 7, 17, 6, 45, 36, 43, 44]], [7, []], [17, []], [6, []], [24, [24, 28, 23, 29, 26]], [28, []], [23, []], [34, [34, 40, 41, 42, 31, 33, 22, 32]], [42, []], [15, []], [29, []], [40, []], [45, []], [41, []], [26, []], [36, []], [31, []], [43, []], [44, []], [22, []], [48, [48, 49]], [32, []], [49, []], [33, []]], [[0, [1, 4]], [1, []], [4, []], [5, [5, 10, 8, 9, 11, 13, 14, 3]], [13, []], [10, []], [16, [16, 21, 18, 19, 20, 25]], [21, []], [18, []], [19, []], [20, []], [3, []], [27, [27, 35, 37, 30]], [25, []], [14, []], [30, []], [8, []], [35, []], [11, []], [9, []], [37, [46, 38, 39, 50, 47]], [46, []], [38, []], [39, []], [50, []], [47, []]]], [[[12, [12, 15, 7, 6, 45, 36, 43, 44]]], [[5, [5, 10, 8, 9, 11, 13, 14, 3]]], [[12, [17]]], [[16, [16, 21, 18, 19, 20, 25]]], [[24, [24, 28, 23, 29, 26]]], [[27, [27, 35, 37, 30]]], [[34, [34, 40, 41, 42, 31, 33, 22, 32]]], [[37, [46, 38, 39, 50, 47]]], [[48, [48, 49]]]]]",1047,"[[[[0, [1, 3, 4]], [1, []], [12, [12, 14]], [18, [18, 20, 11, 9, 16]], [3, []], [4, []], [14, []], [16, [21, 28, 24, 29, 25, 23]], [21, []], [28, []], [24, []], [29, []], [34, [34, 42, 37]], [42, []], [20, []], [11, []], [37, [46, 38, 50, 39, 47]], [9, []], [46, []], [38, []], [25, []], [23, []], [50, []], [39, []], [47, []]], [[0, [2]], [2, []], [5, [5, 13, 7]], [19, [19, 6, 8, 15, 10, 17, 30, 35, 32]], [6, []], [17, []], [13, []], [33, [33, 26, 22, 27]], [27, []], [30, []], [8, []], [35, []], [15, [45, 41, 36, 31, 43, 44, 40]], [40, []], [45, []], [41, []], [10, []], [7, []], [26, []], [36, [48, 49]], [31, []], [43, []], [22, []], [44, []], [48, []], [32, []], [49, []]]], [[[12, [12, 14]]], [[5, [5, 13, 7]]], [[19, [19, 6, 8, 15, 10, 30, 35, 32]]], [[19, [17]], [18, [18, 20, 11, 9, 16]]], [[16, [21, 28, 24, 29, 25, 23]]], [[33, [33, 26, 22, 27]]], [[34, [34, 42, 37]]], [[15, [45, 41, 36, 31, 43, 44, 40]]], [[36, [48, 49]]], [[37, [46, 38, 50, 39, 47]]]]]",5.222222,5.222222,"[38.626416, 24.33105, 38.626416, 30.0, 41.231056, 46.647615, 34.234486, 51.224994, 51.419841]",39.593541,"{12: 853.626416, 5: 0.0, 16: 0.0, 24: 0.0, 27: 0.0, 34: 56.804035, 37: 0.0, 48: 0.0}","{12: 0.0, 5: 7.834475, 16: 11.0, 24: 6.69768, 27: 2.676192, 34: 0.0, 37: 1.387503, 48: 147.407323}",113.803806,22.125397,4.6,4.6,"[38.626416, 24.33105, 30.265492, 38.966868, 30.0, 21.540659, 34.234486, 40.0, 45.607017, 51.224994]",35.479698,"{12: 169.313208, 5: 180.165525, 19: 309.934442, 18: 19.838762, 16: 0.0, 33: 16.637584, 34: 0.0, 15: 3.22967, 36: 0.0, 37: 12.460527}","{12: 0.0, 5: 0.0, 19: 0.0, 18: 0.0, 16: 35.15197, 33: 0.0, 34: 6.034727, 15: 0.0, 36: 59.196491, 37: 0.0}",71.157972,10.038319,OK,2398.454,random,C201_2.5.dat
test_data/data_demand_random_50_batch_all1_equal_random/C201_2.5.dat,8,60,2,2,1033.083189,"[[[[0, [1]], [12, [12, 13, 15, 14, 8, 10, 16]], [16, []], [1, []], [13, []], [10, []], [29, [29, 23, 28, 17, 26, 25, 21, 24]], [15, []], [25, []], [21, []], [24, []], [34, [34, 38, 30, 35, 39, 40, 41, 36]], [38, []], [14, []], [30, []], [8, []], [35, []], [23, []], [39, [50, 45, 49, 33]], [50, []], [28, []], [40, []], [45, []], [41, []], [17, []], [26, []], [36, []], [49, []], [33, []]], [[0, [3, 4, 7, 6, 2]], [7, []], [6, []], [5, [5]], [4, []], [19, [19, 9, 20, 46, 37, 11, 18]], [3, []], [11, []], [18, []], [9, []], [37, []], [46, []], [20, []], [27, [27, 22, 31, 32]], [2, []], [42, [42]], [47, [47, 43, 48, 44]], [32, []], [31, []], [43, []], [48, []], [22, []], [44, []]]], [[[5, [5]]], [[12, [12, 13, 15, 14, 8, 10, 16]]], [[19, [46, 37, 11, 18]]], [[19, [19, 9, 20]]], [[29, [29, 23, 28, 17, 26, 25, 21, 24]]], [[34, [34, 38, 30, 35, 39, 40, 41, 36]]], [[27, [27, 22, 31, 32]]], [[42, [42]]], [[47, [47, 43, 48, 44]]], [[39, [50, 45, 49, 33]]]]]",1101.117243,"[[[[0, [1, 2, 4, 5]], [1, []], [2, []], [5, [8, 18, 14]], [18, []], [4, []], [8, []], [24, [24, 25, 26, 20, 19, 28, 21, 17]], [28, []], [21, []], [34, [34, 30, 35, 23, 31, 32]], [25, []], [23, []], [35, []], [30, []], [14, []], [20, [46, 42, 40, 45, 41, 36]], [46, []], [19, []], [42, []], [40, []], [45, []], [41, []], [17, []], [26, []], [36, []], [31, []], [32, []]], [[0, [6, 3]], [16, [16, 13, 10, 7]], [13, []], [15, [15, 29, 22, 12, 9, 11]], [6, []], [29, []], [10, []], [7, []], [22, []], [12, []], [33, [33, 37, 27]], [37, []], [9, []], [11, []], [3, []], [27, [38, 39]], [38, []], [39, [50, 47, 49, 48, 43, 44]], [50, []], [47, []], [49, []], [48, []], [43, []], [44, []]]], [[[16, [16, 13, 10, 7]]], [[15, [29, 22, 9]]], [[15, [15, 12, 11]], [5, [8, 18, 14]]], [[24, [24, 25, 26, 20, 19, 28, 21, 17]]], [[33, [33, 37, 27]]], [[34, [34, 30, 35, 23, 31, 32]]], [[20, [46, 42, 40, 45, 41, 36]]], [[27, [38, 39]]], [[39, [50, 47, 49, 48, 43, 44]]]]]",4.4,4.4,"[24.33105, 38.626416, 30.265492, 30.265492, 50.596443, 34.234486, 46.647615, 20.0, 23.323808, 48.166378]",34.645718,"{5: 0.0, 12: 181.313208, 19: 318.132746, 29: 21.985013, 34: 8.819021, 27: 4.558293, 42: 0.0, 47: 8.103611, 39: 8.965946}","{5: 167.834475, 12: 0.0, 19: 104.867254, 29: 0.0, 34: 0.0, 27: 0.0, 42: 10.676192, 47: 0.0, 39: 0.0}",61.31976,31.486436,4.888889,4.888889,"[30.0, 40.0, 40.411736, 41.231056, 21.540659, 34.234486, 41.231056, 46.647615, 48.166378]",38.162554,"{16: 126.0, 15: 121.0, 5: 119.165525, 24: 0.0, 33: 0.0, 34: 2.951718, 20: 0.0, 27: 0.0, 39: 0.0}","{16: 0.0, 15: 17.834475, 5: 0.0, 24: 25.549997, 33: 20.22967, 34: 0.0, 20: 32.501715, 27: 125.676192, 39: 21.18404}",41.013027,26.997343,OK,3352.999,random,C201_2.5.dat
test_data/data_demand_random_50_batch_all1_equal_random/C201_2.5.dat,8,60,2,3,997.8035085,"[[[[0, [2, 7]], [7, []], [5, [5, 6, 16, 13, 10, 3, 12]], [6, []], [10, []], [3, []], [16, []], [2, []], [31, [31, 33, 22, 26, 17, 29]], [12, []], [33, []], [32, [32]], [22, []], [36, [36, 40, 45, 41, 39, 42]], [26, []], [17, []], [40, []], [45, []], [41, []], [13, []], [29, [50]], [50, []], [39, []], [42, []]], [[0, [1, 4]], [4, []], [1, [46, 35, 38, 37, 34, 21, 24, 28, 8]], [34, [15, 18, 19]], [15, []], [24, []], [21, []], [28, []], [18, []], [19, []], [20, [20, 9, 11, 25, 23, 30, 14, 27]], [9, []], [37, []], [11, []], [46, []], [25, []], [23, []], [35, []], [8, []], [30, []], [14, []], [38, []], [27, []], [47, [47, 49, 48, 43, 44]], [49, []], [48, []], [43, []], [44, []]]], [[[5, [5, 6, 16, 13, 10, 3, 12]]], [[1, [46, 35, 38, 37, 34, 21, 24, 28]]], [[1, [8]]], [[34, [15, 18, 19]]], [[20, [20, 9, 11, 25, 23, 30, 14, 27]]], [[31, [31, 33, 22, 26, 17, 29]]], [[32, [32]]], [[36, [36, 40, 45, 41, 39, 42]]], [[47, [47, 49, 48, 43, 44]]], [[29, [50]]]]]",1078.814288,"[[[[0, [3, 10]], [3, []], [5, [5, 16, 12, 6, 13]], [16, []], [12, [17]], [6, []], [17, []], [13, []], [32, [32, 33, 22, 31]], [33, []], [22, []], [31, []], [36, [36, 29, 7]], [10, []], [29, [40, 45, 41, 26]], [40, []], [45, []], [41, []], [7, []], [26, []], [48, [48, 44, 43, 42]], [44, []], [43, []], [42, []]], [[0, [1, 2, 4, 8]], [4, []], [8, []], [1, [46, 35, 38, 39, 37, 34, 24, 21, 15, 19, 20, 9, 11, 14, 18]], [34, []], [24, []], [15, []], [21, []], [19, [30, 27, 28, 25, 23]], [20, []], [9, []], [37, []], [11, []], [46, []], [25, []], [23, []], [35, []], [30, []], [14, []], [38, []], [27, []], [18, []], [39, [50, 49, 47]], [50, []], [28, []], [2, []], [49, []], [47, []]]], [[[5, [5, 16, 12, 6, 13]]], [[1, [46, 35, 38, 39, 37, 34, 24, 21]]], [[12, [17]], [1, [15, 19, 20, 9, 11, 14, 18]]], [[19, [30, 27, 28, 25, 23]]], [[32, [32, 33, 22, 31]]], [[36, [36, 29, 7]]], [[29, [40, 45, 41, 26]]], [[39, [50, 49, 47]]], [[48, [48, 44, 43, 42]]]]]",4.6,4.6,"[24.33105, 36.055513, 36.055513, 34.234486, 41.231056, 44.72136, 37.363083, 45.607017, 23.323808, 50.596443]",37.351933,"{5: 0.0, 1: 589.221038, 34: 0.0, 20: 2.422247, 31: 0.0, 32: 0.0, 36: 1.803509, 47: 6.046376, 29: 0.0}","{5: 26.834475, 1: 0.0, 34: 12.855001, 20: 0.0, 31: 25.408264, 32: 8.957779, 36: 0.0, 47: 0.0, 29: 55.505287}",66.610352,14.395645,4.888889,4.888889,"[24.33105, 36.055513, 41.583605, 30.265492, 37.363083, 45.607017, 50.596443, 48.166378, 51.419841]",40.598714,"{5: 0.0, 1: 422.027756, 12: 36.205263, 19: 0.0, 32: 39.609025, 36: 0.0, 29: 0.0, 39: 0.0, 48: 0.0}","{5: 12.834475, 1: 0.972244, 12: 0.0, 19: 4.867254, 32: 0.0, 36: 68.51495, 29: 38.516066, 39: 12.916811, 48: 94.991858}",55.315783,25.957073,OK,3077.896,random,C201_2.5.dat
test_data/data_demand_random_50_batch_all1_equal_random/C201_2.5.dat,8,90,2,1,1004.7099203,"[[[[0, [1, 2]], [6, [6, 7]], [7, []], [2, []], [19, [19, 16, 13, 10, 12]], [16, []], [13, []], [10, []], [1, []], [12, []], [33, [33, 29, 17, 22]], [29, []], [34, [34, 36, 31, 32, 26]], [36, []], [31, []], [32, []], [44, [44, 43]], [22, []], [43, []], [48, [48, 49, 41, 45, 40, 42]], [49, []], [26, []], [17, []], [41, []], [45, []], [40, []], [42, []]], [[0, [4]], [14, [14, 5, 3, 15, 11, 9, 8]], [4, []], [15, []], [5, []], [3, []], [28, [28, 21, 27, 20, 18, 23, 24, 25]], [21, []], [24, []], [25, []], [30, [30, 35, 37]], [8, []], [35, []], [27, []], [20, []], [46, [46, 38]], [11, []], [9, []], [37, []], [18, []], [38, []], [23, [50, 39, 47]], [50, []], [39, []], [47, []]]], [[[14, [14, 5, 3, 15, 11, 9, 8]]], [[6, [6, 7]]], [[19, [19, 16, 13, 10, 12]]], [[28, [28, 21, 27, 20, 18, 23, 24, 25]]], [[33, [33, 29, 17, 22]]], [[34, [34, 36, 31, 32, 26]]], [[30, [30, 35, 37]]], [[46, [46, 38]]], [[44, [44, 43]]], [[48, [48, 49, 41, 45, 40, 42]]], [[23, [50, 39, 47]]]]]",1072.1421356,"[[[[0, []], [13, [13, 9, 12, 16]], [12, []], [24, [24, 21]], [21, []], [16, []], [32, [32, 22, 33, 19, 20, 11]], [22, []], [33, []], [19, []], [20, []], [9, []], [37, [37, 46, 36, 31]], [11, []], [46, []], [49, [49, 48, 43, 44]], [36, []], [31, []], [48, []], [43, []], [44, []]], [[0, [1, 2, 4]], [4, []], [8, [8, 7, 5]], [15, [15, 10, 14, 6]], [7, []], [1, []], [2, []], [5, []], [26, [26, 17, 3, 29, 25, 23, 27, 18]], [10, []], [17, []], [29, []], [25, []], [23, []], [35, [35, 30]], [30, []], [14, []], [27, [38, 39, 28, 34]], [38, []], [39, []], [18, []], [3, []], [50, [50, 40, 41, 45, 42, 47]], [28, []], [6, []], [40, []], [41, []], [45, []], [34, []], [42, []], [47, []]]], [[[8, [8, 7, 5]]], [[15, [15, 10, 14, 6]], [13, [13, 9, 12, 16]]], [[26, [26, 17, 3, 29, 25, 23, 27, 18]]], [[24, [24, 21]]], [[32, [32, 22, 33, 19, 20, 11]]], [[35, [35, 30]]], [[27, [38, 39, 28, 34]]], [[37, [37, 46, 36, 31]]], [[49, [49, 48, 43, 44]]], [[50, [50, 40, 41, 45, 42, 47]]]]]",4.272727,4.272727,"[78.714675, 70.710678, 30.265492, 68.35203, 21.540659, 34.234486, 80.622577, 55.461698, 62.096699, 51.419841, 70.710678]",56.739047,"{14: 145.357337, 6: 26.355339, 19: 31.777407, 28: 0.0, 33: 0.0, 34: 0.0, 30: 0.0, 46: 0.0, 44: 0.0, 48: 0.577174, 23: 0.0}","{14: 0.0, 6: 0.0, 19: 0.0, 28: 21.181322, 33: 27.362416, 34: 34.015503, 30: 1.046049, 46: 1.626488, 44: 6.084397, 48: 0.0, 23: 75.820903}",18.551569,15.19428,4.7,4.7,"[72.111026, 65.764912, 67.082039, 41.231056, 37.363083, 78.102497, 46.647615, 51.224994, 33.105891, 61.05735]",55.369046,"{8: 0.0, 15: 47.0, 13: 162.0, 26: 0.0, 24: 0.0, 32: 0.0, 35: 0.0, 27: 0.0, 37: 1.612497, 49: 0.0, 50: 0.0}","{8: 12.944487, 15: 0.0, 13: 0.0, 26: 14.45898, 24: 7.384472, 32: 13.318458, 35: 16.948752, 27: 32.676192, 37: 0.0, 49: 95.059552, 50: 9.471325}",19.146591,18.387474,OK,4744.621,random,C201_2.5.dat
test_data/data_demand_random_50_batch_all1_equal_random/C201_2.5.dat,8,90,2,2,1015.8035085,"[[[[0, [2, 3, 4]], [4, []], [9, [9, 5, 11]], [2, []], [19, [19, 25, 21, 18]], [25, [27, 20]], [21, []], [5, []], [27, []], [20, []], [37, [37, 33]], [11, []], [46, [46]], [3, []], [18, [47, 49, 48, 43, 44]], [47, []], [33, []], [49, []], [48, []], [43, []], [44, []]], [[0, [1]], [15, [15, 7, 6, 13, 12, 16, 14, 8]], [7, []], [6, []], [13, []], [24, [24, 10]], [26, [26, 23, 17, 29, 22, 28]], [22, []], [1, []], [32, [32, 31, 30]], [31, []], [12, []], [36, [36, 34, 39, 38, 35]], [16, []], [34, []], [39, []], [38, []], [14, []], [30, []], [8, []], [35, []], [23, []], [50, [50, 40, 45, 41, 42]], [28, []], [40, []], [45, []], [41, []], [10, []], [17, []], [29, []], [42, []]]], [[[9, [9, 5, 11]]], [[15, [15, 7, 6, 13, 12, 16, 14, 8]]], [[19, [19, 25, 21, 18]]], [[24, [24, 10]]], [[25, [27, 20]]], [[26, [26, 23, 17, 29, 22, 28]]], [[32, [32, 31, 30]]], [[37, [37, 33]]], [[36, [36, 34, 39, 38, 35]]], [[46, [46]]], [[18, [47, 49, 48, 43, 44]]], [[50, [50, 40, 45, 41, 42]]]]]",1073.1389716,"[[[[0, []], [11, [11, 10, 7, 6]], [10, [13, 15, 16]], [7, []], [6, []], [13, []], [28, [28, 21, 24, 29, 26, 17, 18, 20]], [21, []], [24, []], [29, []], [26, []], [17, []], [15, []], [34, [34]], [16, []], [18, [46, 37, 39, 42, 33]], [20, []], [46, []], [37, []], [50, [50, 47, 49]], [39, []], [47, []], [42, []], [49, []], [33, []]], [[0, [3, 2, 4]], [3, []], [5, [5, 9, 14, 8]], [1, [1, 12]], [12, []], [9, []], [19, [19, 27, 23, 25, 22]], [2, []], [27, []], [23, []], [25, []], [14, []], [4, []], [30, [30]], [8, []], [38, [38, 35, 40, 41, 36, 31, 32]], [35, []], [40, []], [45, [45, 43, 44]], [41, []], [36, [48]], [31, []], [43, []], [22, []], [44, []], [48, []], [32, []]]], [[[11, [11, 10, 7, 6]]], [[5, [5, 9, 14, 8]]], [[1, [1, 12]]], [[10, [13, 15, 16]]], [[19, [19, 27, 23, 25, 22]]], [[28, [28, 21, 24, 29, 26, 17, 18, 20]]], [[30, [30]]], [[34, [34]], [38, [38, 35, 40, 41, 36, 31, 32]]], [[18, [46, 37, 39, 42, 33]]], [[45, [45, 43, 44]]], [[36, [48]]], [[50, [50, 47, 49]]]]]",3.833333,3.833333,"[58.137767, 40.0, 30.265492, 41.231056, 66.603303, 67.082039, 37.363083, 51.224994, 45.607017, 55.461698, 33.526109, 61.05735]",48.963326,"{9: 0.0, 15: 192.0, 19: 25.132746, 24: 0.0, 25: 15.168906, 26: 4.54102, 32: 0.0, 37: 0.0, 36: 5.262489, 46: 2.429198, 18: 3.032205, 50: 0.0}","{9: 35.931116, 15: 0.0, 19: 0.0, 24: 13.384472, 25: 0.0, 26: 0.0, 32: 96.256175, 37: 101.689155, 36: 0.0, 46: 0.0, 18: 0.0, 50: 24.274833}",20.630547,22.627979,3.916667,3.916667,"[53.814496, 24.33105, 36.055513, 78.587531, 30.265492, 68.35203, 80.622577, 70.944815, 33.526109, 80.622577, 45.607017, 61.05735]",55.315547,"{11: 91.907248, 5: 128.165525, 1: 0.0, 10: 0.0, 19: 0.0, 28: 3.268767, 30: 0.0, 34: 7.941228, 38: 14.763106, 18: 4.645812, 45: 0.0, 36: 0.0, 50: 0.0}","{11: 0.0, 5: 0.0, 1: 49.323272, 10: 64.282433, 19: 26.032779, 28: 0.0, 30: 94.854236, 34: 0.0, 38: 0.0, 18: 0.0, 45: 52.882868, 36: 86.125123, 50: 26.99446}",19.283976,30.807321,OK,3926.19,random,C201_2.5.dat
test_data/data_demand_random_50_batch_all1_equal_random/C201_2.5.dat,8,90,2,3,1026.1512525,"[[[[0, [2]], [5, [5, 3, 6]], [6, []], [7, [7, 11, 8]], [2, []], [11, []], [20, [20, 18, 19, 23, 14, 25]], [18, []], [19, []], [25, []], [8, [27, 16, 30]], [14, []], [30, []], [35, [35, 34, 36, 31, 32, 33]], [23, []], [3, []], [27, []], [34, []], [16, []], [36, []], [31, []], [43, [43, 44, 48, 49, 47, 42]], [44, []], [48, []], [32, []], [49, []], [33, []], [47, []], [42, []]], [[0, [4, 1]], [4, []], [9, [9]], [1, []], [22, [22, 12, 13, 10, 17, 15]], [12, []], [26, [26, 29, 28, 24, 21]], [13, []], [29, []], [10, []], [17, []], [28, []], [24, []], [15, []], [21, []], [41, [41]], [45, [45, 40, 39, 38, 46, 37]], [40, []], [50, [50]], [39, []], [38, []], [46, []], [37, []]]], [[[5, [5, 3, 6]]], [[9, [9]]], [[7, [7, 11, 8]]], [[20, [20, 18, 19, 23, 14, 25]]], [[22, [22, 12, 13, 10, 17, 15]]], [[8, [27, 16, 30]]], [[26, [26, 29, 28, 24, 21]]], [[35, [35, 34, 36, 31, 32, 33]]], [[41, [41]]], [[45, [45, 40, 39, 38, 46, 37]]], [[43, [43, 44, 48, 49, 47, 42]]], [[50, [50]]]]]",1083.3969696,"[[[[0, [2, 1]], [1, []], [2, []], [5, [5, 12, 11, 9, 7, 10]], [12, []], [11, []], [9, []], [20, [20, 21]], [21, [29, 22, 26, 13]], [29, []], [33, [33, 36]], [22, [41, 40, 32, 31]], [36, []], [26, []], [7, []], [10, []], [41, []], [45, [45, 49, 48, 43, 44]], [40, []], [13, []], [49, []], [32, []], [31, []], [48, []], [43, []], [44, []]], [[0, [4, 3]], [6, [6]], [24, [24, 17, 16, 15, 8, 14]], [17, []], [16, []], [15, []], [8, []], [14, []], [30, [30, 27, 18, 25, 23, 28, 19]], [4, []], [27, []], [18, []], [3, []], [38, [38, 35, 39, 34, 42]], [25, []], [35, []], [23, []], [28, []], [50, [50, 47, 46, 37]], [39, []], [34, []], [42, []], [47, []], [19, []], [46, []], [37, []]]], [[[6, [6]], [5, [5, 12, 11, 9, 7, 10]]], [[20, [20, 21]]], [[24, [24, 17, 16, 15, 8, 14]]], [[21, [29, 22, 26, 13]]], [[30, [30, 27, 18, 25, 23, 28, 19]]], [[33, [33, 36]]], [[38, [38, 35, 39, 34, 42]]], [[22, [41, 40, 32, 31]]], [[50, [50, 47, 46, 37]]], [[45, [45, 49, 48, 43, 44]]]]]",3.916667,3.916667,"[24.33105, 58.137767, 76.157731, 41.231056, 64.498062, 72.111026, 67.082039, 78.102497, 82.462113, 80.622577, 62.096699, 61.05735]",63.990831,"{5: 55.165525, 9: 0.0, 7: 10.91334, 20: 0.0, 22: 0.0, 8: 12.976647, 26: 0.0, 35: 29.995736, 41: 0.0, 45: 3.311289, 43: 0.0, 50: 0.839964}","{5: 0.0, 9: 35.931116, 7: 0.0, 20: 12.463337, 22: 3.750969, 8: 0.0, 26: 20.209949, 35: 0.0, 41: 50.768944, 45: 0.0, 43: 7.002899, 50: 0.0}",9.433542,10.843935,4.6,4.6,"[71.562495, 41.231056, 41.231056, 72.691127, 80.622577, 21.540659, 61.611687, 64.498062, 61.05735, 80.622577]",59.666865,"{5: 49.165525, 6: 125.335431, 20: 0.0, 24: 113.280097, 21: 0.0, 30: 0.0, 33: 0.0, 38: 0.0, 22: 22.083506, 50: 15.913147, 45: 18.062258}","{5: 0.0, 6: 0.0, 20: 6.549997, 24: 0.0, 21: 37.819961, 30: 40.304239, 33: 21.395195, 38: 25.809685, 22: 0.0, 50: 0.0, 45: 0.0}",31.258179,11.989007,OK,2709.392,random,C201_2.5.dat
test_data/data_demand_random_50_batch_all1_equal_random/C201_2.5.dat,8,90,2,4,1016.7308492,"[[[[0, [4]], [9, [9, 6, 7]], [6, [16, 15, 13, 14, 10, 17]], [16, []], [15, []], [29, [29, 23, 25, 28, 26]], [13, []], [26, []], [17, []], [7, []], [23, []], [35, [35, 30]], [30, []], [14, []], [4, []], [46, [46, 38, 40, 41, 42]], [38, []], [25, []], [50, [50, 45]], [28, []], [40, []], [10, []], [41, []], [45, []], [42, []]], [[0, [1, 3, 2]], [8, [8, 5]], [1, []], [19, [19]], [21, [21, 24, 11, 12]], [24, []], [5, []], [2, []], [27, [33, 27, 20, 18, 22]], [3, []], [20, []], [11, []], [37, [37]], [18, [39, 34, 36, 31, 32]], [39, []], [34, []], [36, []], [31, []], [12, []], [32, []], [22, []], [44, [44, 43, 48, 49, 47]], [43, []], [48, []], [49, []], [33, []], [47, []]]], [[[8, [8, 5]]], [[9, [9, 6, 7]]], [[6, [16, 15, 13, 14, 10, 17]]], [[19, [19]]], [[21, [21, 24, 11, 12]]], [[29, [29, 23, 25, 28, 26]]], [[27, [33, 27, 20, 18, 22]]], [[37, [37]]], [[35, [35, 30]]], [[18, [39, 34, 36, 31, 32]]], [[44, [44, 43, 48, 49, 47]]], [[46, [46, 38, 40, 41, 42]]], [[50, [50, 45]]]]]",,None,3.538462,3.538462,"[72.111026, 58.137767, 70.710678, 30.265492, 72.691127, 50.596443, 46.647615, 51.224994, 78.102497, 33.526109, 62.096699, 55.461698, 61.05735]",57.125346,"{8: 7.055513, 9: 88.068884, 6: 0.0, 19: 0.0, 21: 0.0, 29: 22.229338, 27: 7.268295, 37: 0.0, 35: 0.0, 18: 0.0, 44: 0.0, 46: 4.432628, 50: 0.0}","{8: 0.0, 9: 0.0, 6: 19.713545, 19: 8.922767, 21: 17.709949, 29: 0.0, 27: 0.0, 37: 8.711311, 35: 16.246973, 18: 1.560753, 44: 37.275458, 46: 0.0, 50: 25.202174}",9.927281,10.410995,,,[],,{},{},,,OK,3626.143,random,C201_2.5.dat
test_data/data_demand_random_50_batch_all1_equal_random/C201_2.5.dat,8,90,2,5,1017.3112887,"[[[[0, [1, 3]], [1, []], [5, [5, 15, 16, 11, 9]], [19, [19, 12, 20, 18]], [12, []], [24, [24, 29, 27]], [29, []], [15, []], [16, []], [27, []], [37, [37, 34, 42]], [11, []], [9, []], [46, [46, 39, 35, 38]], [20, []], [3, []], [18, []], [47, [47, 50]], [39, []], [50, []], [35, []], [38, []], [34, []], [42, []]], [[0, [4]], [6, [6, 7, 2, 10]], [7, []], [10, []], [13, [13, 14, 8]], [14, []], [2, []], [4, []], [8, []], [30, [30, 25, 23, 28, 21, 17, 26, 22]], [25, []], [23, []], [28, []], [21, []], [40, [40]], [17, []], [26, []], [45, [45, 41, 36, 31, 32, 33]], [41, []], [36, []], [31, []], [43, [43, 44, 48, 49]], [22, []], [44, []], [48, []], [32, []], [49, []], [33, []]]], [[[5, [5, 15, 16, 11, 9]]], [[6, [6, 7, 2, 10]]], [[13, [13, 14, 8]]], [[19, [19, 12, 20, 18]]], [[24, [24, 29, 27]]], [[30, [30, 25, 23, 28, 21, 17, 26, 22]]], [[37, [37, 34, 42]]], [[40, [40]]], [[46, [46, 39, 35, 38]]], [[45, [45, 41, 36, 31, 32, 33]]], [[43, [43, 44, 48, 49]]], [[47, [47, 50]]]]]",1078.6619038,"[[[[0, []], [7, [7, 10, 13, 15, 14, 8, 16, 6]], [15, []], [29, [29, 17, 26, 28, 25, 23, 27, 18]], [10, []], [17, []], [13, []], [26, []], [28, []], [25, []], [14, []], [30, [30, 35, 38, 42, 40, 41, 21]], [8, []], [35, []], [23, []], [38, []], [27, []], [18, []], [47, [47, 45, 50, 39]], [42, []], [16, []], [40, []], [6, []], [45, []], [41, []], [21, []], [50, []], [39, []]], [[0, [3, 2, 4, 1]], [4, []], [11, [11, 5, 12]], [3, []], [2, [9, 20]], [9, []], [19, [19, 24, 22]], [24, []], [1, []], [31, [31]], [5, [34, 36, 32, 33, 37]], [34, []], [36, []], [12, []], [32, []], [22, []], [44, [44, 43]], [43, []], [48, [48, 49, 46]], [49, []], [33, []], [20, []], [46, []], [37, []]]], [[[11, [11, 5, 12]]], [[7, [7, 10, 13, 15, 14, 8, 16, 6]]], [[2, [9, 20]]], [[19, [19, 24, 22]]], [[29, [29, 17, 26, 28, 25, 23, 27, 18]]], [[31, [31]]], [[5, [34, 36, 32, 33, 37]]], [[30, [30, 35, 38, 42, 40, 41, 21]]], [[44, [44, 43]]], [[47, [47, 45, 50, 39]], [48, [48, 49, 46]]]]]",3.916667,3.916667,"[24.33105, 70.710678, 63.245553, 30.265492, 41.231056, 80.622577, 51.224994, 64.776539, 55.461698, 80.622577, 62.096699, 23.323808]",53.992727,"{5: 136.165525, 6: 96.355339, 13: 14.978116, 19: 13.967221, 24: 0.0, 30: 0.0, 37: 11.479751, 40: 3.054815, 46: 13.118352, 45: 8.923019, 43: 0.0, 47: 0.0}","{5: 0.0, 6: 0.0, 13: 0.0, 19: 0.0, 24: 14.517218, 30: 5.022166, 37: 0.0, 40: 0.0, 46: 0.0, 45: 0.0, 43: 57.262939, 47: 1.446368}",24.836845,6.520724,4.6,4.6,"[53.814496, 76.157731, 23.323808, 30.265492, 50.596443, 44.72136, 24.33105, 80.622577, 62.096699, 72.371824]",51.830148,"{11: 0.0, 7: 150.078866, 2: 8.661904, 19: 0.0, 29: 109.219356, 31: 0.0, 5: 0.0, 30: 28.013067, 44: 0.0, 47: 5.350615, 48: 1.70992}","{11: 28.092752, 7: 0.0, 2: 0.0, 19: 68.529158, 29: 0.0, 31: 59.301224, 5: 52.496379, 30: 0.0, 44: 29.613554, 47: 0.0, 48: 0.0}",27.548521,21.63937,OK,5933.684,random,C201_2.5.dat
test_data/data_demand_random_50_batch_all1_equal_random/C201_2.5.dat,8,120,2,1,1035.528675,"[[[[0, [2]], [2, [12, 7, 8, 11]], [12, []], [7, []], [25, [25]], [27, [27, 17, 23, 18, 20, 19]], [17, []], [36, [36, 31]], [31, []], [42, [42, 38, 30, 35, 39, 37]], [38, []], [8, []], [30, []], [35, []], [23, []], [50, [50, 47, 46]], [39, []], [47, []], [18, []], [37, []], [11, []], [46, []], [20, []], [19, []]], [[0, [3, 4, 1]], [9, [9, 14, 6, 5, 15, 16, 13, 10]], [3, []], [4, []], [14, []], [6, []], [28, [28, 21, 24, 29, 26, 33, 32, 22]], [21, []], [24, []], [5, []], [15, []], [16, []], [34, [34]], [29, []], [26, []], [13, []], [40, [40, 45, 41, 43, 44]], [45, []], [41, []], [10, []], [33, []], [1, []], [49, [49, 48]], [32, []], [48, []], [43, []], [22, []], [44, []]]], [[[2, [12, 7, 8, 11]]], [[9, [9, 14, 6, 5, 15, 16, 13, 10]]], [[25, [25]]], [[27, [27, 17, 23, 18, 20, 19]]], [[28, [28, 21, 24, 29, 26, 33, 32, 22]]], [[34, [34]]], [[36, [36, 31]]], [[42, [42, 38, 30, 35, 39, 37]]], [[40, [40, 45, 41, 43, 44]]], [[49, [49, 48]]], [[50, [50, 47, 46]]]]]",1181.0546568,"[[[[0, [1, 2, 3]], [5, [5, 15, 8, 9]], [1, [11, 18]], [15, []], [2, []], [8, []], [27, [27, 30, 20, 19, 22]], [30, []], [3, []], [18, []], [20, []], [37, [37, 32, 33]], [9, []], [11, []], [46, [46]], [19, [47, 44, 43, 48]], [47, []], [22, []], [44, []], [43, []], [48, []], [32, []], [33, []]], [[0, []], [12, [12, 7, 4]], [7, []], [14, [14, 6, 16, 10, 17, 13]], [4, []], [24, [24, 23, 21, 28, 29, 25, 26]], [23, []], [21, []], [28, []], [29, [31, 36]], [16, [34, 39, 38, 35, 41, 40]], [34, []], [39, []], [38, []], [35, []], [25, []], [50, [50, 45, 42, 49]], [6, []], [10, []], [41, []], [45, []], [40, []], [17, []], [13, []], [26, []], [36, []], [31, []], [49, []], [42, []]]], [[[12, [12, 7, 4]]], [[14, [14, 6, 16, 10, 17, 13]]], [[5, [5, 15, 8, 9]]], [[1, [11, 18]]], [[24, [24, 23, 21, 28, 29, 25, 26]]], [[27, [27, 30, 20, 19, 22]]], [[37, [37, 32, 33]], [29, [31, 36]]], [[16, [34, 39, 38, 35, 41, 40]]], [[46, [46]]], [[50, [50, 45, 42, 49]]], [[19, [47, 44, 43, 48]]]]]",4.181818,4.181818,"[23.323808, 58.137767, 66.603303, 46.647615, 68.35203, 34.234486, 45.607017, 20.0, 64.776539, 33.105891, 61.05735]",47.440528,"{2: 120.661904, 9: 159.068884, 25: 6.639748, 27: 25.022156, 28: 16.107131, 34: 0.0, 36: 0.0, 42: 0.0, 40: 1.212255, 49: 0.0, 50: 1.204867}","{2: 0.0, 9: 0.0, 25: 0.0, 27: 0.0, 28: 0.0, 34: 66.058772, 36: 13.168269, 42: 15.323808, 40: 0.0, 49: 75.835324, 50: 0.0}",29.99245,15.489652,4.272727,4.272727,"[38.626416, 78.714675, 24.33105, 36.055513, 41.231056, 46.647615, 101.030575, 30.0, 55.461698, 61.05735, 30.265492]",49.401949,"{12: 110.313208, 14: 0.0, 5: 196.165525, 1: 32.862231, 24: 1.30232, 27: 26.296051, 29: 0.0, 37: 0.0, 16: 0.0, 46: 0.0, 50: 1.913147, 19: 2.863595}","{12: 0.0, 14: 39.955871, 5: 0.0, 1: 0.0, 24: 0.0, 27: 0.0, 29: 49.317307, 37: 20.224517, 16: 27.615528, 46: 16.592958, 50: 0.0, 19: 0.0}",30.97634,12.808848,OK,3471.198,random,C201_2.5.dat
test_data/data_demand_random_50_batch_all1_equal_random/C201_2.5.dat,8,120,2,2,1012.7308492,"[[[[0, [4, 1]], [4, []], [10, [10, 6, 12]], [6, []], [12, [14, 8, 11]], [1, []], [23, [23, 27, 24, 25, 22]], [27, []], [24, []], [30, [30, 35, 37, 33]], [14, []], [8, []], [35, []], [25, []], [46, [46, 44, 43]], [11, []], [37, []], [44, [48, 49]], [22, []], [43, []], [48, []], [49, []], [33, []]], [[0, [2, 3]], [2, []], [15, [15, 5, 9, 13, 7, 16]], [5, []], [19, [19, 20, 18]], [9, [29, 17, 26, 21, 28]], [20, []], [3, []], [18, []], [32, [32, 31, 36]], [31, []], [36, []], [29, [40, 41, 38, 39, 34]], [40, []], [13, []], [17, []], [26, []], [7, []], [41, []], [45, [45]], [21, []], [28, []], [50, [50, 42, 47]], [38, []], [39, []], [34, []], [16, []], [42, []], [47, []]]], [[[15, [15, 5, 9, 13, 7, 16]]], [[10, [10, 6, 12]]], [[12, [14, 8, 11]]], [[23, [23, 27, 24, 25, 22]]], [[19, [19, 20, 18]]], [[9, [29, 17, 26, 21, 28]]], [[32, [32, 31, 36]]], [[30, [30, 35, 37, 33]]], [[29, [40, 41, 38, 39, 34]]], [[45, [45]]], [[46, [46, 44, 43]]], [[50, [50, 42, 47]]], [[44, [48, 49]]]]]",1028.6619038,"[[[[0, []], [7, [7, 13, 10, 6]], [6, []], [29, [29, 28, 26, 17, 19]], [28, []], [33, [33, 32]], [32, []], [31, [31, 36]], [36, [41, 40, 39, 38, 37]], [26, []], [13, []], [17, []], [10, []], [41, []], [45, [45]], [40, []], [50, [50, 46]], [39, []], [38, []], [46, []], [37, []], [19, []]], [[0, [4, 3, 1]], [9, [9, 11, 2, 12]], [11, []], [2, []], [18, [18, 21, 24, 22]], [20, [20, 5, 16, 8, 14, 15]], [5, []], [16, []], [24, []], [21, []], [15, []], [34, [34, 35, 30, 25, 23, 27]], [25, []], [23, []], [35, []], [8, []], [30, []], [14, []], [4, []], [27, []], [3, []], [47, [47, 48, 44, 43, 49, 42]], [48, []], [22, []], [44, []], [43, []], [12, []], [49, []], [1, []], [42, []]]], [[[7, [7, 13, 10, 6]]], [[9, [9, 11, 2, 12]]], [[18, [18, 21, 24, 22]]], [[20, [20, 5, 16, 8, 14, 15]]], [[29, [29, 28, 26, 17, 19]]], [[33, [33, 32]]], [[34, [34, 35, 30, 25, 23, 27]]], [[31, [31, 36]]], [[36, [41, 40, 39, 38, 37]]], [[45, [45]]], [[47, [47, 48, 44, 43, 49, 42]], [50, [50, 46]]]]]",3.538462,3.538462,"[40.0, 78.587531, 38.626416, 70.710678, 30.265492, 58.137767, 37.363083, 80.622577, 50.596443, 80.622577, 55.461698, 61.05735, 62.096699]",57.242178,"{15: 168.0, 10: 0.0, 12: 0.0, 23: 0.0, 19: 67.445954, 9: 20.62293, 32: 0.0, 30: 0.0, 29: 0.229338, 45: 0.0, 46: 2.730849, 50: 0.0, 44: 0.0}","{15: 0.0, 10: 55.706235, 12: 62.686792, 23: 7.644661, 19: 0.0, 9: 0.0, 32: 6.387342, 30: 8.688711, 29: 0.0, 45: 13.986933, 46: 0.0, 50: 27.769546, 44: 52.07299}",19.925313,18.072555,4.272727,4.272727,"[76.157731, 58.137767, 33.526109, 41.231056, 50.596443, 21.540659, 34.234486, 44.72136, 45.607017, 80.622577, 63.071192]",49.949672,"{7: 150.078866, 9: 88.068884, 18: 70.694171, 20: 0.0, 29: 145.219356, 33: 0.0, 34: 0.0, 31: 0.0, 36: 0.0, 45: 0.0, 47: 16.898849, 50: 1.892358}","{7: 0.0, 9: 0.0, 18: 0.0, 20: 88.989795, 29: 0.0, 33: 104.527892, 34: 10.645812, 31: 10.057244, 36: 5.494713, 45: 0.986933, 47: 0.0, 50: 0.0}",39.404374,18.391866,OK,3739.961,random,C201_2.5.dat
test_data/data_demand_random_50_batch_all1_equal_random/C201_2.5.dat,8,120,2,3,1035.528675,"[[[[0, [1, 4, 3]], [1, []], [3, []], [4, []], [18, [18, 14, 15, 6, 16, 13, 10, 7]], [14, []], [15, []], [28, [28, 21, 29, 24, 17, 26]], [6, []], [21, []], [29, []], [24, []], [34, [34, 40]], [16, []], [13, []], [17, []], [40, [45, 41, 36, 31, 42]], [45, []], [41, []], [10, []], [7, []], [26, []], [36, []], [31, []], [43, [43, 44, 48, 49]], [44, []], [48, []], [49, []], [42, []]], [[0, [2]], [5, [5, 12, 9, 11, 8]], [12, []], [9, []], [11, []], [22, [22, 32, 30, 23, 25, 20, 27, 19]], [32, []], [33, [33]], [2, []], [27, []], [8, []], [30, []], [35, [35, 38, 39]], [23, []], [25, []], [38, []], [50, [50, 47, 46, 37]], [39, []], [20, []], [46, []], [37, []], [19, []], [47, []]]], [[[5, [5, 12, 9, 11, 8]]], [[18, [18, 14, 15, 6, 16, 13, 10, 7]]], [[28, [28, 21, 29, 24, 17, 26]]], [[22, [22, 32, 30, 23, 25, 20, 27, 19]]], [[33, [33]]], [[35, [35, 38, 39]]], [[34, [34, 40]]], [[40, [45, 41, 36, 31, 42]]], [[50, [50, 47, 46, 37]]], [[43, [43, 44, 48, 49]]]]]",1043.528675,"[[[[0, [4, 3]], [8, [8, 14, 7, 10, 6, 13]], [18, [18, 22]], [14, []], [4, []], [3, []], [33, [33, 32, 31, 36, 29, 26, 17]], [32, []], [22, []], [31, []], [36, []], [29, []], [26, []], [7, []], [41, [41, 40, 45]], [10, []], [45, []], [6, []], [40, []], [17, []], [13, [49, 48, 43, 44]], [49, []], [48, []], [43, []], [44, []]], [[0, [2, 1]], [1, []], [12, [12, 15, 16, 5, 11, 9]], [2, []], [15, []], [16, []], [5, []], [21, [21, 24]], [24, [28, 20, 19, 25, 23, 27]], [28, []], [20, []], [19, []], [42, [42, 34, 39, 38, 30, 35, 37]], [34, []], [39, []], [38, []], [25, []], [30, []], [35, []], [23, []], [50, [50, 46, 47]], [27, []], [46, []], [11, []], [9, []], [37, []], [47, []]]], [[[8, [8, 14, 7, 10, 6, 13]]], [[12, [12, 15, 16, 5, 11, 9]]], [[18, [18, 22]]], [[21, [21, 24]]], [[24, [28, 20, 19, 25, 23, 27]]], [[42, [42, 34, 39, 38, 30, 35, 37]]], [[33, [33, 32, 31, 36, 29, 26, 17]]], [[41, [41, 40, 45]]], [[50, [50, 46, 47]], [13, [49, 48, 43, 44]]]]]",4.6,4.6,"[24.33105, 33.526109, 68.35203, 64.498062, 21.540659, 78.102497, 34.234486, 64.776539, 61.05735, 62.096699]",51.251548,"{5: 125.165525, 18: 60.763055, 28: 0.0, 22: 28.083506, 33: 0.0, 35: 0.0, 34: 0.0, 40: 7.625215, 50: 17.279644, 43: 0.0}","{5: 0.0, 18: 0.0, 28: 32.58704, 22: 0.0, 33: 39.539632, 35: 52.197783, 34: 0.645812, 40: 0.0, 50: 0.0, 43: 65.33992}",23.891694,19.031019,5.111111,5.111111,"[72.111026, 38.626416, 33.526109, 72.691127, 41.231056, 20.0, 21.540659, 82.462113, 88.457345]",52.293983,"{8: 148.055513, 12: 169.313208, 18: 58.707542, 21: 0.0, 24: 10.30232, 42: 0.0, 33: 18.007275, 41: 0.0, 50: 6.913147, 13: 18.381122}","{8: 0.0, 12: 0.0, 18: 0.0, 21: 6.967644, 24: 0.0, 42: 1.615528, 33: 0.0, 41: 25.539273, 50: 0.0, 13: 0.0}",42.968013,3.412245,OK,3091.83,random,C201_2.5.dat
test_data/data_demand_random_50_batch_all1_equal_random/C201_2.5.dat,8,120,2,4,1016.7308492,"[[[[0, [4]], [9, [9, 6, 7]], [6, [16, 15, 13, 14, 10, 17]], [16, []], [15, []], [29, [29, 23, 25, 28, 26]], [13, []], [26, []], [17, []], [7, []], [23, []], [35, [35, 30]], [30, []], [14, []], [4, []], [46, [46, 38, 40, 41, 42]], [38, []], [25, []], [50, [50, 45]], [28, []], [40, []], [10, []], [41, []], [45, []], [42, []]], [[0, [1, 3, 2]], [8, [8, 5]], [1, []], [19, [19]], [21, [21, 24, 11, 12]], [24, []], [5, []], [2, []], [27, [33, 27, 20, 18, 22]], [3, []], [20, []], [11, []], [37, [37]], [18, [39, 34, 36, 31, 32]], [39, []], [34, []], [36, []], [31, []], [12, []], [32, []], [22, []], [44, [44, 43, 48, 49, 47]], [43, []], [48, []], [49, []], [33, []], [47, []]]], [[[8, [8, 5]]], [[9, [9, 6, 7]]], [[6, [16, 15, 13, 14, 10, 17]]], [[19, [19]]], [[21, [21, 24, 11, 12]]], [[29, [29, 23, 25, 28, 26]]], [[27, [33, 27, 20, 18, 22]]], [[37, [37]]], [[35, [35, 30]]], [[18, [39, 34, 36, 31, 32]]], [[44, [44, 43, 48, 49, 47]]], [[46, [46, 38, 40, 41, 42]]], [[50, [50, 45]]]]]",1016.7308492,"[[[[0, [3]], [7, [7, 14, 8, 12]], [19, [19, 23, 25, 24, 22]], [18, [18, 20, 27]], [20, []], [3, []], [27, []], [30, [30, 35, 34, 36, 31, 32, 33]], [14, []], [8, []], [35, []], [23, []], [25, []], [24, []], [34, []], [36, []], [31, []], [48, [48, 43, 44, 49, 47]], [43, []], [44, []], [22, []], [32, []], [12, []], [49, []], [33, []], [47, []]], [[0, [4, 2, 1]], [4, []], [6, [6, 9, 11, 10]], [13, [13, 5, 15, 16]], [5, []], [15, []], [16, []], [2, []], [1, []], [26, [26, 29, 17, 28, 21]], [29, []], [17, []], [9, []], [37, [37]], [11, []], [46, [46, 38, 39, 41, 45, 40, 42]], [38, []], [39, []], [50, [50]], [28, []], [21, []], [10, []], [41, []], [45, []], [40, []], [42, []]]], [[[6, [6, 9, 11, 10]]], [[13, [13, 5, 15, 16]], [7, [7, 14, 8, 12]]], [[19, [19, 23, 25, 24, 22]]], [[26, [26, 29, 17, 28, 21]]], [[18, [18, 20, 27]]], [[37, [37]]], [[30, [30, 35, 34, 36, 31, 32, 33]]], [[46, [46, 38, 39, 41, 45, 40, 42]]], [[48, [48, 43, 44, 49, 47]]], [[50, [50]]]]]",3.538462,3.538462,"[72.111026, 58.137767, 70.710678, 30.265492, 72.691127, 50.596443, 46.647615, 51.224994, 78.102497, 33.526109, 62.096699, 55.461698, 61.05735]",57.125346,"{8: 7.055513, 9: 88.068884, 6: 0.0, 19: 0.0, 21: 0.0, 29: 22.229338, 27: 7.268295, 37: 0.0, 35: 0.0, 18: 0.0, 44: 0.0, 46: 4.432628, 50: 0.0}","{8: 0.0, 9: 0.0, 6: 19.713545, 19: 8.922767, 21: 17.709949, 29: 0.0, 27: 0.0, 37: 8.711311, 35: 16.246973, 18: 1.560753, 44: 37.275458, 46: 0.0, 50: 25.202174}",9.927281,10.410995,4.6,4.6,"[70.710678, 76.77271, 30.265492, 67.082039, 33.526109, 51.224994, 80.622577, 55.461698, 51.419841, 61.05735]",57.814349,"{6: 0.0, 13: 0.0, 7: 155.0, 19: 0.0, 26: 12.54102, 18: 24.763055, 37: 0.0, 30: 47.548234, 46: 10.18983, 48: 16.398632, 50: 0.0}","{6: 43.644661, 13: 1.377223, 7: 0.0, 19: 25.867254, 26: 0.0, 18: 0.0, 37: 93.928523, 30: 0.0, 46: 0.0, 48: 0.0, 50: 25.202174}",24.221888,17.27453,OK,3761.094,random,C201_2.5.dat
test_data/data_demand_random_50_batch_all1_equal_random/C201_2.5.dat,8,120,2,5,1035.528675,"[[[[0, [4, 3, 1, 2]], [2, []], [9, [9, 8, 14]], [8, []], [4, [18, 5, 6, 7, 12]], [14, []], [18, []], [3, []], [33, [33, 32, 31]], [32, []], [31, []], [29, [29, 36, 34, 26, 22]], [36, []], [5, []], [42, [42, 40]], [34, []], [40, [45, 41, 43, 44]], [6, []], [45, []], [41, []], [7, []], [26, []], [1, [49, 48]], [49, []], [12, []], [48, []], [43, []], [22, []], [44, []]], [[0, []], [10, [10, 16, 15, 13, 11]], [16, []], [15, []], [24, [24, 28, 17, 21, 23, 27, 25, 19]], [28, []], [17, []], [13, []], [21, []], [23, []], [27, []], [38, [38, 35, 30, 39, 37, 20]], [25, []], [35, []], [30, []], [50, [50, 47, 46]], [39, []], [47, []], [19, []], [37, []], [11, []], [46, []], [20, []]]], [[[9, [9, 8, 14]]], [[10, [10, 16, 15, 13, 11]]], [[4, [18, 5, 6, 7, 12]]], [[24, [24, 28, 17, 21, 23, 27, 25, 19]]], [[33, [33, 32, 31]]], [[29, [29, 36, 34, 26, 22]]], [[38, [38, 35, 30, 39, 37, 20]]], [[42, [42, 40]]], [[40, [45, 41, 43, 44]]], [[50, [50, 47, 46]]], [[1, [49, 48]]]]]",1136.5228704,"[[[[0, [1]], [13, [13, 7, 15, 6, 16, 10, 11]], [7, []], [15, []], [16, []], [17, [17, 22, 19]], [6, []], [22, []], [32, [32]], [33, [33, 36, 31, 29, 26, 34]], [29, []], [36, []], [31, []], [1, []], [26, []], [10, []], [41, [41, 45, 40]], [45, []], [40, []], [34, [47, 37, 46]], [47, []], [37, []], [11, []], [46, []], [19, []]], [[0, [3, 2, 4]], [2, []], [12, [12, 9, 5]], [9, [8, 14]], [20, [20, 18, 24, 21]], [18, [27, 25, 23, 28]], [3, []], [5, []], [24, []], [27, []], [8, []], [30, [30]], [14, []], [4, []], [38, [38, 35, 39, 42]], [25, []], [35, []], [23, []], [28, []], [21, []], [50, [50, 49, 48, 43, 44]], [39, []], [42, []], [49, []], [48, []], [43, []], [44, []]]], [[[12, [12, 9, 5]]], [[13, [13, 7, 15, 6, 16, 10, 11]]], [[9, [8, 14]]], [[17, [17, 22, 19]]], [[20, [20, 18, 24, 21]]], [[18, [27, 25, 23, 28]]], [[32, [32]]], [[30, [30]], [33, [33, 36, 31, 29, 26, 34]]], [[38, [38, 35, 39, 42]]], [[50, [50, 49, 48, 43, 44]]], [[41, [41, 45, 40]]], [[34, [47, 37, 46]]]]]",4.181818,4.181818,"[58.137767, 78.587531, 76.157731, 41.231056, 21.540659, 50.596443, 61.611687, 20.0, 64.776539, 61.05735, 36.055513]",51.795661,"{9: 119.068884, 10: 155.293765, 4: 0.0, 24: 101.321763, 33: 0.0, 29: 0.0, 38: 0.0, 42: 0.0, 40: 0.0, 50: 10.913147, 1: 0.0}","{9: 0.0, 10: 0.0, 4: 51.990018, 24: 0.0, 33: 8.298554, 29: 12.770662, 38: 30.809685, 42: 54.068884, 40: 19.611731, 50: 0.0, 1: 45.583974}",35.145233,20.284864,3.833333,3.833333,"[38.626416, 63.245553, 58.137767, 67.052218, 41.231056, 33.526109, 37.363083, 98.841434, 61.611687, 61.05735, 82.462113, 34.234486]",56.449106,"{12: 74.313208, 13: 163.622777, 9: 0.0, 17: 0.0, 20: 35.30232, 18: 33.147526, 32: 0.0, 33: 0.0, 30: 24.104011, 38: 0.0, 50: 0.0, 41: 0.0, 34: 0.0}","{12: 0.0, 13: 0.0, 9: 56.244324, 17: 6.096667, 20: 0.0, 18: 0.0, 32: 46.941235, 33: 7.852447, 30: 0.0, 38: 12.061222, 50: 14.338391, 41: 8.718811, 34: 11.651701}",25.422296,12.608061,OK,4147.182,random,C201_2.5.dat
test_data/data_demand_random_50_batch_all1_equal_cluster/C201_2.dat,4,60,2,1,869.3238076,"[[[[0, [3]], [7, [7, 10, 9]], [21, [21, 26, 28, 30, 27, 29]], [30, []], [28, []], [27, []], [26, []], [10, []], [38, [38, 43, 42, 44, 41, 40, 39]], [41, []], [40, []], [39, []], [9, [49, 48]], [29, []], [42, []], [44, []], [43, []], [49, []], [48, []], [3, []]], [[0, [6, 1, 4, 5, 2]], [4, []], [5, []], [13, [13, 12, 11, 8]], [12, []], [11, []], [8, []], [1, []], [15, [15, 16, 17, 18]], [6, []], [14, [14]], [18, [22, 23, 24, 20]], [19, [19]], [16, []], [17, []], [22, []], [23, []], [24, []], [33, [33, 34, 31, 32, 35, 36, 37, 25]], [34, []], [31, []], [32, []], [20, [50, 45, 46, 47]], [35, []], [36, []], [37, []], [50, []], [25, []], [45, []], [46, []], [47, []], [2, []]]], [[[7, [7, 10, 9]]], [[13, [13, 12, 11, 8]]], [[15, [15, 16, 17, 18]]], [[14, [14]]], [[18, [22, 23, 24, 20]]], [[19, [19]]], [[21, [21, 30, 27, 29]]], [[21, [26, 28]]], [[33, [33, 34, 31, 32]]], [[33, [35, 36, 37, 25]]], [[38, [43, 42, 44, 41]]], [[38, [38, 40, 39]]], [[9, [49, 48]]], [[20, [50, 45, 46, 47]]]]]",,None,3.142857,3.142857,"[21.540659, 45.607017, 23.323808, 23.323808, 30.265492, 41.231056, 48.166378, 48.166378, 53.814496, 53.814496, 51.419841, 51.419841, 38.626416, 46.647615]",41.240521,"{7: 71.77033, 13: 15.803509, 15: 0.0, 14: 0.0, 18: 0.0, 19: 0.0, 21: 388.625719, 33: 0.0, 38: 0.0, 9: 0.0, 20: 6.520299}","{7: 0.0, 13: 0.0, 15: 4.141605, 14: 69.141605, 18: 7.670763, 19: 14.722568, 21: 0.0, 33: 51.792521, 38: 0.746538, 9: 26.769981, 20: 0.0}",43.883623,15.90778,,,[],,{},{},,,OK,5029.716,cluster,C201_2.dat
test_data/data_demand_random_50_batch_all1_equal_cluster/C201_2.dat,4,60,2,5,873.7099203,"[[[[0, [19, 18, 16, 25, 24, 22, 23, 14]], [22, []], [24, []], [23, []], [31, [31, 32, 33]], [32, []], [33, [34, 36, 37]], [34, []], [19, []], [18, []], [16, [50, 45, 46, 35]], [35, []], [36, []], [37, []], [50, []], [25, []], [45, []], [46, []], [14, []]], [[0, [1, 5, 6, 3, 4, 2]], [7, [7, 13]], [9, [9, 11, 12, 8]], [12, []], [1, [17, 15]], [17, []], [20, [20, 21, 10]], [21, []], [3, []], [4, []], [2, []], [15, []], [5, [27, 30, 28, 26]], [30, []], [28, []], [27, []], [26, []], [11, []], [8, []], [10, []], [38, [38, 41, 40, 39, 29, 42, 43]], [41, []], [40, []], [39, []], [13, [44, 49, 48, 47]], [29, []], [42, []], [43, []], [44, []], [49, []], [48, []], [47, []], [6, []]]], [[[31, [31, 32, 33]]], [[7, [7, 13]]], [[9, [9, 11, 12, 8]]], [[1, [17, 15]]], [[20, [20, 21, 10]]], [[5, [27, 30, 28, 26]]], [[33, [34, 36, 37]]], [[38, [38, 42, 43]]], [[38, [41, 40, 39, 29]]], [[13, [44, 49, 48, 47]]], [[16, [50, 45, 46, 35]]]]]",,None,3.272727,3.272727,"[51.224994, 21.540659, 38.626416, 20.0, 46.647615, 40.0, 53.814496, 51.419841, 51.419841, 45.607017, 33.526109]",41.256999,"{31: 0.0, 7: 71.77033, 9: 8.083538, 1: 0.0, 20: 30.46994, 5: 0.0, 33: 0.0, 38: 0.772225, 13: 0.0, 16: 55.763055}","{31: 4.387503, 7: 0.0, 9: 0.0, 1: 2.853867, 20: 0.0, 5: 39.323808, 33: 28.092752, 38: 0.0, 13: 32.906412, 16: 0.0}",16.685909,10.756434,,,[],,{},{},,,OK,3889.497,cluster,C201_2.dat
test_data/data_demand_random_50_batch_all1_equal_cluster/C201_2.dat,4,90,2,2,862.0555128,"[[[[0, [2, 3]], [19, [19, 16, 17, 14]], [16, []], [17, []], [14, []], [2, []], [30, [30, 28, 27, 29]], [28, []], [27, []], [29, []], [26, [26, 13, 12]], [13, []], [12, []], [41, [41, 40, 39, 38]], [40, []], [39, []], [38, []], [42, [42, 43, 44, 48]], [43, []], [44, []], [48, []], [49, [49]], [3, []]], [[0, [1, 5]], [4, [4, 9, 6, 11]], [1, []], [7, [7, 10, 8]], [10, []], [9, [18]], [11, []], [8, []], [6, []], [15, [15, 22, 23, 24]], [20, [20, 25, 21]], [22, []], [18, []], [31, [31, 32, 33, 34]], [32, []], [33, []], [34, []], [35, [35, 36, 37]], [36, []], [37, []], [23, []], [24, []], [25, []], [50, [50, 45, 47, 46]], [21, []], [45, []], [47, []], [46, []], [5, []]]], [[[4, [4, 9, 6, 11]]], [[7, [7, 10, 8]]], [[9, [18]]], [[19, [19, 16, 17, 14]]], [[15, [15, 22, 23, 24]]], [[20, [20, 25, 21]]], [[30, [30, 28, 27, 29]]], [[26, [26, 13, 12]]], [[31, [31, 32, 33, 34]]], [[35, [35, 36, 37]]], [[41, [41, 40, 39, 38]]], [[50, [50, 45, 47, 46]]], [[42, [42, 43, 44, 48]]], [[49, [49]]]]]",954.0555128,"[[[[0, [4, 3]], [2, [1, 11, 7, 2]], [1, []], [13, [13, 14, 18, 19]], [11, []], [7, []], [4, []], [3, []], [14, []], [21, [21, 20, 25, 24]], [31, [31, 33, 32, 35]], [33, []], [32, []], [20, []], [35, []], [37, [37, 36, 34]], [36, []], [50, [50, 45, 46, 47]], [25, []], [24, []], [45, []], [46, []], [47, []], [18, []], [19, []], [34, []]], [[0, [5, 6]], [12, [12, 10, 8]], [16, [16, 17, 15, 9]], [17, []], [15, []], [9, []], [10, []], [8, []], [22, [22, 23, 26, 29]], [23, []], [5, []], [6, []], [26, []], [42, [42, 43, 44, 30]], [29, []], [43, []], [44, []], [30, []], [49, [49, 48, 28, 27]], [48, []], [28, []], [27, []], [38, [38, 39, 40, 41]], [39, []], [40, []], [41, []]]], [[[2, [2]]], [[12, [10, 8]]], [[2, [1, 11, 7]], [12, [12]]], [[16, [16, 17, 15, 9]]], [[13, [13, 14, 18, 19]]], [[21, [21, 20, 25, 24]]], [[22, [22, 23, 26, 29]]], [[31, [31, 33, 32, 35]]], [[37, [37, 36, 34]]], [[42, [42, 43, 44, 30]]], [[50, [50, 45, 46, 47]]], [[49, [49, 48, 28, 27]]], [[38, [38, 39, 40, 41]]]]]",3.285714,3.285714,"[34.234486, 21.540659, 38.626416, 41.231056, 23.323808, 46.647615, 64.776539, 50.596443, 51.224994, 76.157731, 62.096699, 72.111026, 76.157731, 80.622577]",52.810556,"{4: 68.117243, 7: 0.0, 9: 8.195965, 19: 147.615528, 15: 0.0, 20: 0.0, 30: 48.772741, 26: 0.0, 31: 0.299289, 35: 0.0, 41: 7.66008, 50: 1.443016, 42: 0.0, 49: 0.0}","{4: 0.0, 7: 61.346913, 9: 0.0, 19: 0.0, 15: 29.651304, 20: 54.9894, 30: 0.0, 26: 44.453033, 31: 0.0, 35: 79.847141, 41: 0.0, 50: 0.0, 42: 28.278121, 49: 16.626035}",20.150276,22.513711,3.538462,3.538462,"[24.33105, 44.72136, 56.616927, 33.526109, 45.607017, 48.166378, 61.611687, 51.224994, 80.622577, 76.157731, 72.111026, 80.622577, 51.419841]",55.903021,"{2: 73.165525, 12: 101.998341, 16: 0.0, 13: 41.637983, 21: 0.0, 22: 0.0, 31: 15.808988, 37: 0.0, 42: 8.441205, 50: 21.443016, 49: 41.156209, 38: 0.0}","{2: 15.834475, 12: 0.0, 16: 3.874606, 13: 0.0, 21: 82.720319, 22: 28.831817, 31: 0.0, 37: 121.857704, 42: 0.0, 50: 0.0, 49: 0.0, 38: 87.414129}",25.304272,28.377754,OK,4303.213,cluster,C201_2.dat
test_data/data_demand_random_50_batch_all1_equal_cluster/C201_2.dat,4,90,2,4,816.9324957,"[[[[0, [1]], [14, [14, 11, 8, 12]], [16, [16, 13, 18, 15]], [18, []], [19, [19, 9, 10]], [15, []], [11, []], [8, []], [41, [41, 40, 39, 38, 27, 28, 26, 30]], [40, []], [39, []], [38, []], [12, []], [9, []], [10, []], [13, []], [26, []], [27, [42, 44, 43, 29]], [28, []], [30, []], [29, []], [42, []], [44, []], [43, [49, 48, 47]], [49, []], [48, []], [47, []], [1, []]], [[0, [5, 2, 6, 4, 3]], [6, []], [4, []], [7, [7]], [3, []], [2, []], [5, []], [25, [25, 23, 21, 22]], [23, []], [21, [20, 17, 24]], [22, []], [20, []], [17, []], [32, [32, 31, 33, 34]], [31, []], [33, []], [34, [36, 35, 37]], [35, []], [37, []], [36, []], [50, [50, 45, 46]], [24, []], [45, []], [46, []]]], [[[7, [7]]], [[14, [14, 11, 8, 12]]], [[16, [16, 13, 18, 15]]], [[19, [19, 9, 10]]], [[25, [25, 23, 21, 22]]], [[21, [20, 17, 24]]], [[41, [41, 40, 39, 38]]], [[41, [27, 28, 26, 30]]], [[32, [32, 31, 33, 34]]], [[34, [36, 35, 37]]], [[27, [42, 44, 43, 29]]], [[50, [50, 45, 46]]], [[43, [49, 48, 47]]]]]",,None,3.384615,3.384615,"[21.540659, 23.323808, 33.526109, 41.231056, 78.102497, 48.166378, 62.096699, 62.096699, 58.137767, 55.461698, 63.245553, 72.111026, 78.587531]",53.663652,"{7: 0.0, 14: 156.661904, 16: 0.0, 19: 0.0, 25: 46.051248, 21: 0.0, 41: 147.386446, 32: 13.727889, 34: 12.799733, 27: 26.270592, 50: 7.476643, 43: 0.0}","{7: 12.22967, 14: 0.0, 16: 13.898849, 19: 18.722568, 25: 0.0, 21: 57.690627, 41: 3.479117, 32: 0.0, 34: 0.0, 27: 0.0, 50: 0.0, 43: 1.083458}",34.197871,8.925357,,,[],,{},{},,,OK,4359.401,cluster,C201_2.dat
test_data/data_demand_random_50_batch_all1_equal_cluster/C201_2.dat,4,90,2,5,842,"[[[[0, [8, 13, 11, 5]], [11, []], [13, []], [18, [18, 16, 17, 12]], [16, []], [17, []], [12, []], [26, [26, 30, 27, 29, 28]], [30, []], [28, []], [27, []], [8, []], [41, [41, 40, 38, 39]], [40, []], [39, []], [38, []], [29, []], [42, [42, 43, 44, 49]], [43, []], [44, []], [49, []], [48, [48]], [5, []]], [[0, [2]], [6, [6, 4, 1, 3]], [3, []], [10, [10, 7, 9]], [7, []], [9, []], [1, []], [2, []], [15, [15, 14, 19]], [4, []], [14, []], [20, [20, 23, 21, 22]], [23, []], [21, []], [31, [31, 32, 33, 34, 25, 24]], [32, []], [33, []], [34, []], [19, []], [22, []], [36, [36, 35, 37]], [35, []], [37, []], [50, [50, 45, 46, 47]], [25, []], [24, []], [45, []], [46, []], [47, []]]], [[[6, [6, 4, 1, 3]]], [[18, [18, 16, 17, 12]]], [[10, [10, 7, 9]]], [[15, [15, 14, 19]]], [[20, [20, 23, 21, 22]]], [[26, [26, 30, 27, 29]]], [[26, [28]]], [[31, [31, 32, 33, 34]]], [[31, [25, 24]]], [[36, [36, 35, 37]]], [[41, [41, 40, 38, 39]]], [[50, [50, 45, 46, 47]]], [[42, [42, 43, 44, 49]]], [[48, [48]]]]]",1019.1687413,"[[[[0, [13, 11, 7]], [16, [16, 17, 10, 19]], [17, []], [18, [18]], [10, [22, 25, 24]], [13, []], [11, []], [7, []], [31, [31, 32, 33, 34]], [32, []], [33, []], [34, []], [19, []], [22, []], [36, [36, 35, 37, 42]], [35, []], [37, []], [50, [50, 43, 44, 49]], [25, []], [24, []], [42, []], [43, []], [44, []], [49, []], [48, [48]]], [[0, [2, 5, 1, 4, 6, 3]], [5, []], [12, [12, 9, 8]], [9, []], [1, []], [2, []], [15, [15, 14]], [4, []], [14, []], [20, [20, 23, 21]], [23, []], [21, []], [26, [26]], [30, [30, 28, 27, 29]], [28, []], [27, []], [8, []], [41, [41, 40, 39, 38]], [40, []], [39, []], [38, []], [29, []], [45, [45, 46, 47]], [46, []], [47, []], [6, []], [3, []]]], [[[12, [12, 9, 8]]], [[16, [16, 17, 10, 19]]], [[18, [18]], [15, [15, 14]]], [[10, [22, 25, 24]]], [[20, [20, 23, 21]]], [[26, [26]]], [[30, [30, 28, 27, 29]]], [[31, [31, 32, 33, 34]]], [[41, [41, 40, 39, 38]]], [[36, [36, 35, 37, 42]]], [[50, [50, 43, 44, 49]]], [[45, [45, 46, 47]]], [[48, [48]]]]]",3.214286,3.214286,"[41.231056, 30.265492, 37.363083, 23.323808, 46.647615, 50.596443, 50.596443, 51.224994, 51.224994, 78.714675, 62.096699, 72.111026, 76.157731, 70.710678]",53.01891,"{6: 0.0, 18: 0.0, 10: 0.0, 15: 0.0, 20: 0.0, 26: 0.0, 31: 3.821436, 36: 0.0, 41: 0.0, 50: 5.144795, 42: 0.0, 48: 0.0}","{6: 29.384472, 18: 58.867254, 10: 23.318458, 15: 49.338096, 20: 45.676192, 26: 67.07975, 31: 0.0, 36: 77.030166, 41: 11.951651, 50: 0.0, 42: 8.653079, 48: 23.533635}",0.747186,32.902729,3.153846,3.153846,"[44.72136, 33.526109, 41.79465, 37.363083, 46.647615, 50.596443, 64.776539, 51.224994, 62.096699, 78.714675, 72.111026, 61.05735, 70.710678]",55.026248,"{12: 11.36068, 16: 62.763055, 15: 0.301224, 18: 0.0, 10: 0.0, 20: 3.661904, 26: 0.0, 30: 0.0, 31: 0.0, 41: 0.0, 36: 0.0, 50: 8.292458, 45: 0.0, 48: 0.0}","{12: 0.0, 16: 0.0, 15: 0.0, 18: 18.235082, 10: 27.081513, 20: 0.0, 26: 30.025586, 30: 49.935538, 31: 1.150558, 41: 9.275458, 36: 46.405717, 50: 0.0, 45: 76.674741, 48: 88.589148}",6.169951,24.812382,OK,3649.925,cluster,C201_2.dat
test_data/data_demand_random_50_batch_all1_equal_cluster/C201_2.dat,4,120,2,1,851.0555128,"[[[[0, [5, 4]], [4, []], [14, [14, 9]], [17, [17, 12, 16]], [16, []], [21, [21, 23]], [23, []], [5, []], [26, [26, 27, 30, 28]], [27, []], [30, []], [28, []], [12, []], [41, [41, 40, 39]], [40, [38, 29]], [39, []], [38, []], [9, []], [29, []], [42, [42, 43, 44, 49]], [43, []], [44, []], [49, []]], [[0, [2, 6, 1, 3]], [6, []], [2, []], [7, [7, 13, 11, 10]], [13, []], [11, []], [10, []], [8, [8, 18, 15, 19]], [1, []], [18, []], [15, []], [20, [20, 22, 25]], [19, []], [32, [32, 33, 31, 34]], [33, [24, 35, 36, 37]], [31, []], [34, []], [22, []], [35, []], [36, []], [37, []], [50, [50, 45, 46, 47]], [25, []], [24, []], [45, []], [46, []], [47, []], [48, [48]], [3, []]]], [[[7, [7, 13, 11, 10]]], [[8, [8, 18, 15, 19]]], [[14, [14, 9]]], [[17, [17, 12, 16]]], [[20, [20, 22, 25]]], [[21, [21, 23]]], [[26, [26, 27, 30, 28]]], [[32, [32, 33, 31, 34]]], [[33, [24, 35, 36, 37]]], [[41, [41, 40, 39]]], [[40, [38, 29]]], [[50, [50, 45, 46, 47]]], [[42, [42, 43, 44, 49]]], [[48, [48]]]]]",936.3283742,"[[[[0, [5]], [5, []], [18, [18, 16, 17, 14]], [16, []], [17, []], [14, []], [7, [7, 13, 11, 12]], [26, [26]], [30, [30, 28, 27, 29]], [28, []], [27, []], [13, []], [11, []], [41, [41, 40, 39, 38]], [40, []], [39, []], [38, []], [12, []], [29, []], [43, [43, 44, 49, 48]], [44, []], [49, []], [48, []], [42, [42]]], [[0, [1, 2, 6, 3]], [1, []], [2, []], [6, []], [9, [9]], [10, [10, 8]], [8, []], [23, [23, 21, 20, 22]], [21, [15, 19]], [15, []], [20, []], [19, []], [32, [32, 33, 31, 34]], [33, []], [31, []], [34, []], [22, []], [35, [35, 36, 37, 25]], [36, []], [37, []], [50, [50, 24]], [25, []], [24, []], [45, [45, 46, 47]], [46, []], [47, []], [4, [4]], [3, []]]], [[[9, [9]]], [[18, [18, 16, 17, 14]]], [[10, [10, 8]]], [[7, [7, 13, 11, 12]]], [[23, [23, 21, 20, 22]]], [[21, [15, 19]]], [[26, [26]]], [[30, [30, 28, 27, 29]]], [[32, [32, 33, 31, 34]]], [[35, [35, 36, 37, 25]]], [[41, [41, 40, 39, 38]]], [[50, [50, 24]]], [[43, [43, 44, 49, 48]]], [[42, [42]], [45, [45, 46, 47]]], [[4, [4]]]]]",3.142857,3.142857,"[21.540659, 33.105891, 23.323808, 39.293765, 46.647615, 48.166378, 50.596443, 58.137767, 53.814496, 62.096699, 64.498062, 72.111026, 76.157731, 70.710678]",51.44293,"{7: 0.0, 8: 0.552945, 14: 112.661904, 17: 11.308786, 20: 0.0, 21: 28.112499, 26: 0.0, 32: 35.515938, 33: 0.0, 41: 0.0, 40: 0.0, 50: 11.986629, 42: 0.0, 48: 0.0}","{7: 12.22967, 8: 0.0, 14: 0.0, 17: 0.0, 20: 73.229138, 21: 0.0, 26: 18.784968, 32: 0.0, 33: 17.161636, 41: 1.03484, 40: 32.834158, 50: 0.0, 42: 33.672103, 48: 32.589148}",14.295622,15.823976,3,3,"[38.626416, 30.265492, 37.363083, 21.540659, 66.603303, 48.166378, 50.596443, 64.776539, 58.137767, 76.157731, 62.096699, 72.111026, 78.587531, 100.887565, 34.234486]",56.010075,"{9: 0.0, 18: 78.132746, 10: 33.99475, 7: 0.0, 23: 9.306902, 21: 0.0, 26: 48.165475, 30: 0.0, 32: 0.0, 35: 0.0, 41: 8.750128, 50: 11.753861, 43: 0.0, 45: 26.584188, 42: 0.0, 4: 0.0}","{9: 13.686792, 18: 0.0, 10: 0.0, 7: 83.686125, 23: 0.0, 21: 7.315387, 26: 0.0, 30: 15.525111, 32: 0.232768, 35: 137.536295, 41: 0.0, 50: 0.0, 43: 13.374067, 45: 0.0, 42: 6.649812, 4: 42.180343}",13.543003,20.011669,OK,4824.993,cluster,C201_2.dat
test_data/data_demand_random_50_batch_all1_equal_cluster/C201_2.dat,4,120,2,2,830.0483494,"[[[[0, [2, 3, 6]], [6, []], [2, []], [14, [14, 15, 8, 11]], [15, []], [3, []], [11, []], [8, []], [26, [26, 30, 28, 27]], [30, []], [28, []], [27, []], [29, [29, 13, 12]], [13, []], [12, []], [41, [41, 40, 39, 38]], [40, []], [39, []], [38, []], [42, [42, 43, 44, 49]], [43, []], [44, []], [49, []], [48, [48]]], [[0, [5, 4, 1]], [4, []], [1, []], [5, []], [10, [10, 7, 9]], [7, []], [9, []], [21, [21, 22, 23, 25]], [20, [20, 19, 17, 16]], [19, []], [17, []], [16, []], [18, [18, 24]], [31, [31, 32, 33, 34]], [32, []], [33, []], [34, []], [35, [35, 36, 37]], [36, []], [37, []], [22, []], [23, []], [50, [50, 45, 46, 47]], [25, []], [24, []], [45, []], [46, []], [47, []]]], [[[10, [10, 7, 9]]], [[14, [14, 15, 8, 11]]], [[21, [21, 22, 23, 25]]], [[20, [20, 19, 17, 16]]], [[18, [18, 24]]], [[26, [26, 30, 28, 27]]], [[29, [29, 13, 12]]], [[31, [31, 32, 33, 34]]], [[35, [35, 36, 37]]], [[41, [41, 40, 39, 38]]], [[50, [50, 45, 46, 47]]], [[42, [42, 43, 44, 49]]], [[48, [48]]]]]",830.0555128,"[[[[0, [3]], [7, [7, 10, 12, 8]], [8, []], [10, []], [12, []], [11, [11, 17, 18, 16, 14, 9]], [14, []], [18, []], [16, []], [17, []], [20, [20]], [26, [26, 27, 28]], [27, []], [28, []], [29, [29, 30]], [9, []], [41, [41, 40, 39, 38]], [40, []], [39, []], [38, []], [42, [42, 43, 44, 49]], [43, []], [44, []], [49, []], [48, [48]], [30, []], [3, []]], [[0, [5, 6, 4]], [2, [2, 1]], [13, [13]], [1, []], [5, []], [6, [19, 15]], [4, []], [23, [23, 21, 24, 22]], [21, []], [24, []], [19, []], [32, [32, 31, 33, 34]], [31, []], [33, []], [34, []], [22, []], [35, [35, 36, 37, 25]], [36, []], [37, []], [25, []], [50, [50, 45, 46, 47]], [45, []], [46, []], [47, []], [15, []]]], [[[2, [2, 1]]], [[7, [7, 10, 12, 8]]], [[13, [13]]], [[11, [11, 17, 18, 9]]], [[11, [16, 14]], [6, [19, 15]]], [[20, [20]]], [[23, [23, 21, 24, 22]]], [[26, [26, 27, 28]]], [[29, [29, 30]]], [[32, [32, 31, 33, 34]]], [[35, [35, 36, 37, 25]]], [[41, [41, 40, 39, 38]]], [[50, [50, 45, 46, 47]]], [[42, [42, 43, 44, 49]]], [[48, [48]]]]]",3.384615,3.384615,"[37.363083, 23.323808, 48.166378, 46.647615, 30.265492, 50.596443, 67.082039, 51.224994, 76.157731, 62.096699, 72.111026, 76.157731, 70.710678]",54.761824,"{10: 0.0, 14: 88.661904, 21: 13.083189, 20: 0.0, 18: 0.0, 26: 54.636317, 29: 12.839241, 31: 28.529308, 35: 0.0, 41: 7.910887, 50: 5.443016, 42: 0.0, 48: 0.0}","{10: 34.318458, 14: 0.0, 21: 0.0, 20: 25.759382, 18: 63.784065, 26: 0.0, 29: 0.0, 31: 0.0, 35: 69.85515, 41: 0.0, 50: 0.0, 42: 28.278121, 48: 11.581985}",16.238759,17.967474,3.066667,3.066667,"[24.33105, 21.540659, 45.607017, 36.055513, 61.003964, 46.647615, 66.603303, 50.596443, 67.082039, 58.137767, 76.157731, 62.096699, 72.111026, 76.157731, 70.710678]",55.655949,"{2: 0.0, 7: 71.77033, 13: 34.803509, 11: 80.514854, 6: 26.224248, 20: 0.0, 23: 9.273895, 26: 0.0, 29: 0.0, 32: 4.767232, 35: 0.0, 41: 6.020593, 50: 3.986629, 42: 0.0, 48: 0.0}","{2: 15.834475, 7: 0.0, 13: 0.0, 11: 0.0, 6: 0.0, 20: 32.703949, 23: 0.0, 26: 26.729535, 29: 57.486737, 32: 0.0, 35: 85.421242, 41: 0.0, 50: 0.0, 42: 10.821735, 48: 11.581985}",15.824086,16.038644,OK,3697.839,cluster,C201_2.dat
test_data/data_demand_random_50_batch_all1_equal_cluster/C201_2.dat,4,120,2,3,826.0555128,"[[[[0, [4]], [8, [8, 12, 7, 10, 1]], [12, []], [4, []], [7, []], [10, []], [29, [29, 28, 30, 13]], [28, []], [30, []], [27, [27, 26, 9, 11]], [26, []], [13, []], [9, []], [41, [41, 40, 39, 38, 42, 43, 44]], [40, []], [39, []], [38, []], [11, []], [42, []], [43, []], [44, []], [49, [49, 48]], [48, []], [1, []]], [[0, [6, 3, 5, 2]], [5, []], [2, []], [6, []], [3, []], [15, [15, 14, 18, 17]], [14, []], [18, []], [17, []], [20, [20, 21, 16, 22]], [21, []], [16, []], [19, [19, 23, 25]], [31, [31, 32, 33, 34]], [32, [24, 35, 36, 37]], [33, []], [34, []], [22, []], [23, []], [35, []], [36, []], [37, []], [50, [50, 45, 46, 47]], [25, []], [24, []], [45, []], [46, []], [47, []]]], [[[8, [1]]], [[15, [15, 14, 18, 17]]], [[8, [8, 12, 7, 10]]], [[20, [20, 21, 16, 22]]], [[19, [19, 23, 25]]], [[29, [29, 28, 30, 13]]], [[27, [27, 26, 9, 11]]], [[31, [31, 32, 33, 34]]], [[32, [24, 35, 36, 37]]], [[41, [41, 40, 39]]], [[41, [38, 42, 43, 44]]], [[50, [50, 45, 46, 47]]], [[49, [49, 48]]]]]",941.8956687,"[[[[0, [5, 3, 2]], [7, [7]], [12, [12, 11, 8]], [11, []], [8, []], [3, []], [2, []], [14, [14, 17, 16, 13]], [17, []], [16, []], [27, [27, 29, 28, 30]], [29, []], [28, []], [30, []], [26, [26, 10]], [13, []], [10, []], [41, [41, 40, 39, 38]], [40, []], [39, []], [38, []], [49, [49, 44, 43, 42]], [44, []], [43, []], [42, []], [48, [48]], [5, []]], [[0, [6, 4, 1]], [4, []], [6, []], [1, []], [9, [9, 15, 18, 19]], [15, []], [23, [23, 20, 21, 22]], [20, []], [21, []], [18, []], [31, [31, 32, 33, 34]], [32, []], [33, []], [34, []], [19, []], [22, []], [36, [36, 35, 37, 25]], [35, []], [37, []], [50, [50, 24]], [25, []], [24, []], [45, [45, 46, 47]], [46, []], [47, []]]], [[[7, [7]]], [[9, [9, 15, 18, 19]]], [[12, [12, 11, 8]]], [[14, [14, 17, 16, 13]]], [[23, [23, 20, 21, 22]]], [[27, [27, 29, 28, 30]]], [[26, [26, 10]]], [[31, [31, 32, 33, 34]]], [[36, [36, 35, 37, 25]]], [[41, [41, 40, 39, 38]]], [[50, [50, 24]]], [[49, [49, 44, 43, 42]]], [[48, [48]], [45, [45, 46, 47]]]]]",3.461538,3.461538,"[33.105891, 23.323808, 33.105891, 46.647615, 41.231056, 67.082039, 63.245553, 51.224994, 58.137767, 62.096699, 62.096699, 72.111026, 80.622577]",53.387047,"{8: 61.552945, 15: 64.661904, 20: 15.661904, 19: 0.0, 29: 79.988074, 27: 0.0, 31: 58.288689, 32: 12.620183, 41: 5.014659, 50: 0.822833, 49: 0.0}","{8: 27.447055, 15: 0.0, 20: 0.0, 19: 81.708279, 29: 0.0, 27: 5.978907, 31: 0.0, 32: 0.0, 41: 0.0, 50: 0.0, 49: 68.737061}",27.146472,16.715573,3.384615,3.384615,"[21.540659, 38.626416, 44.72136, 23.323808, 66.603303, 63.245553, 50.596443, 51.224994, 78.714675, 62.096699, 72.111026, 80.622577, 88.731333]",57.089142,"{7: 71.77033, 9: 74.313208, 12: 1.131009, 14: 0.0, 23: 0.0, 27: 10.721438, 26: 0.0, 31: 17.299289, 36: 0.0, 41: 2.425573, 50: 9.443016, 49: 0.0, 45: 26.584188, 48: 0.0}","{7: 0.0, 9: 0.0, 12: 0.0, 14: 54.239435, 23: 18.011556, 27: 0.0, 26: 66.709696, 31: 0.0, 36: 99.334162, 41: 0.0, 50: 0.0, 49: 28.767226, 45: 0.0, 48: 16.05331}",15.263432,20.222528,OK,4773.349,cluster,C201_2.dat
test_data/data_demand_random_50_batch_all1_equal_cluster/C201_2.dat,4,120,2,4,850.0483494,"[[[[0, [5, 4]], [4, []], [13, [13, 8]], [8, []], [29, [29, 28, 27, 26]], [30, [30]], [41, [41, 39, 38, 40]], [40, []], [39, []], [38, []], [42, [42, 49, 48, 44]], [48, []], [49, []], [44, []], [43, [43]], [28, []], [27, []], [26, []], [5, []]], [[0, [2, 3, 6, 1]], [3, []], [6, []], [1, []], [12, [12, 7, 10]], [7, []], [10, []], [9, [9, 11, 15]], [11, []], [15, []], [2, []], [20, [20, 18, 22, 19]], [19, []], [17, [17, 16, 14]], [16, []], [14, []], [18, []], [32, [32, 31, 33, 34]], [31, [37, 35, 36]], [33, []], [34, []], [22, []], [23, [23, 24, 25, 21]], [24, []], [25, []], [37, []], [35, []], [36, []], [50, [50, 45, 46, 47]], [21, []], [45, []], [46, []], [47, []]]], [[[12, [12, 7, 10]]], [[13, [13, 8]]], [[9, [9, 11, 15]]], [[20, [20, 18, 22, 19]]], [[17, [17, 16, 14]]], [[29, [29, 28, 27, 26]]], [[30, [30]]], [[32, [32, 31, 33, 34]]], [[31, [37, 35, 36]]], [[23, [23, 24, 25, 21]]], [[41, [41, 39, 38, 40]]], [[50, [50, 45, 46, 47]]], [[42, [42, 49, 48, 44]]], [[43, [43]]]]]",1005.7727954,"[[[[0, [6, 1, 3]], [3, []], [7, [7, 16, 15, 14]], [16, []], [15, []], [6, []], [21, [21, 18, 19, 9]], [14, []], [18, []], [19, []], [34, [34, 33, 32, 31]], [33, []], [32, []], [31, []], [41, [41, 40, 39, 38]], [40, []], [39, []], [38, []], [9, []], [13, [13]], [42, [42, 44, 49, 48]], [44, []], [49, []], [48, []], [1, []]], [[0, [2, 4, 5]], [2, []], [11, [11, 12, 10]], [4, []], [12, []], [10, []], [8, [8, 17]], [17, []], [22, [22, 20, 25, 23]], [20, []], [25, []], [23, []], [5, [27, 29, 28, 24]], [26, [26, 30, 36]], [30, []], [27, []], [29, []], [28, []], [43, [43]], [47, [47, 46, 45]], [46, []], [45, []], [24, []], [50, [50, 37, 35]], [37, []], [36, []], [35, []]]], [[[7, [7, 16, 15, 14]]], [[11, [11, 12, 10]]], [[8, [8, 17]]], [[22, [22, 20, 25, 23]]], [[21, [21, 18, 19, 9]]], [[34, [34, 33, 32, 31]]], [[5, [27, 29, 28, 24]]], [[26, [26, 30, 36]]], [[41, [41, 40, 39, 38]]], [[43, [43]]], [[47, [47, 46, 45]]], [[50, [50, 37, 35]], [13, [13]]], [[42, [42, 44, 49, 48]]]]]",3.142857,3.142857,"[44.72136, 45.607017, 38.626416, 46.647615, 39.293765, 67.082039, 64.776539, 58.137767, 51.224994, 66.603303, 62.096699, 72.111026, 76.157731, 78.587531]",57.9767,"{12: 0.0, 13: 27.803509, 9: 17.313208, 20: 0.0, 17: 0.0, 29: 205.737511, 30: 3.80734, 32: 9.755676, 31: 0.0, 23: 0.0, 41: 6.699989, 50: 0.0, 42: 0.0, 43: 0.0}","{12: 8.63932, 13: 0.0, 9: 0.0, 20: 13.9894, 17: 124.039909, 29: 0.0, 30: 0.0, 32: 0.0, 31: 3.719757, 23: 54.629465, 41: 0.0, 50: 9.013371, 42: 28.598949, 43: 2.630188}",19.365517,17.518597,3.384615,3.384615,"[21.540659, 36.055513, 33.105891, 61.611687, 48.166378, 55.461698, 40.0, 50.596443, 62.096699, 78.587531, 72.691127, 107.232568, 76.157731]",57.177225,"{7: 115.77033, 11: 41.027756, 8: 0.0, 22: 0.0, 21: 0.0, 34: 39.96052, 5: 0.0, 26: 0.732163, 41: 0.0, 43: 0.0, 47: 41.639329, 13: 0.0, 50: 1.765765, 42: 0.0}","{7: 0.0, 11: 0.0, 8: 48.474811, 22: 60.221913, 21: 34.68714, 34: 0.0, 5: 87.194156, 26: 0.0, 41: 71.6825, 43: 7.408013, 47: 0.0, 13: 30.148142, 50: 0.0, 42: 9.907171}",17.206847,24.980275,OK,4310.089,cluster,C201_2.dat
test_data/data_demand_random_50_batch_all1_equal_cluster/C201_2.dat,8,60,2,1,846.2982213,"[[[[0, [5]], [15, [15, 14, 17, 1, 50, 45, 46, 47, 49, 48, 20, 18, 19, 25]], [14, []], [5, []], [18, []], [31, [31, 32, 34, 35, 36, 37, 30, 33]], [32, []], [33, []], [34, []], [19, []], [17, []], [20, []], [35, []], [36, []], [37, []], [50, []], [25, []], [45, []], [46, []], [47, []], [49, []], [48, []], [30, []], [1, []]], [[0, [6, 3, 2, 4]], [7, [7]], [11, [11, 12, 10, 16, 13, 9, 8]], [12, []], [10, []], [2, []], [4, []], [3, []], [16, []], [21, [21, 24, 22, 28, 27, 26, 29, 23]], [23, []], [24, []], [22, []], [6, []], [28, []], [27, []], [26, [44, 43, 42, 40, 41, 39, 38]], [44, []], [43, []], [42, []], [29, []], [13, []], [39, []], [40, []], [41, []], [38, []], [9, []], [8, []]]], [[[7, [7]]], [[11, [11, 12, 10, 16, 13, 9, 8]]], [[15, [1, 50, 45, 46, 47, 49, 48]]], [[15, [15, 14, 17, 20, 18, 19, 25]]], [[21, [21, 24, 22, 28, 27, 26, 29, 23]]], [[31, [31, 32, 34, 35, 36, 37, 30, 33]]], [[26, [44, 43, 42, 40, 41, 39, 38]]]]]",882.0831892,"[[[[0, [2, 6]], [6, []], [9, [9]], [8, [8, 10]], [10, []], [2, []], [20, [20, 25, 24, 17, 16, 18, 19, 21, 22]], [22, []], [24, []], [17, []], [16, []], [18, []], [19, []], [31, [31, 32, 33, 34, 37, 35, 36]], [32, []], [33, []], [34, []], [35, []], [36, []], [37, []], [21, [50, 45, 46, 47, 49, 48]], [50, []], [25, []], [45, []], [46, []], [47, []], [49, []], [48, []]], [[0, [1, 5, 4, 3]], [1, []], [5, []], [4, []], [11, [11, 14, 7, 13, 12, 15]], [7, []], [15, []], [14, [23]], [23, []], [26, [26, 29, 30, 27, 28]], [29, []], [30, []], [3, []], [13, []], [12, [39, 41, 40, 38, 42, 44, 43]], [39, []], [41, []], [40, []], [38, []], [42, []], [44, []], [43, []], [27, []], [28, []]]], [[[9, [9]]], [[8, [8, 10]]], [[11, [11, 14, 7, 13, 12, 15]]], [[14, [23]], [20, [20, 25, 22]]], [[20, [24, 17, 16, 18, 19, 21]]], [[26, [26, 29, 30, 27, 28]]], [[31, [31, 32, 33, 34, 37, 35, 36]]], [[12, [39, 41, 40, 38, 42, 44, 43]]], [[21, [50, 45, 46, 47, 49, 48]]]]]",6.428571,6.428571,"[21.540659, 36.055513, 23.323808, 23.323808, 48.166378, 51.224994, 50.596443]",36.3188,"{7: 71.77033, 11: 68.257427, 15: 846.323808, 21: 5.055433, 31: 10.950593, 26: 9.215032}","{7: 0.0, 11: 0.0, 15: 0.0, 21: 0.0, 31: 0.0, 26: 0.0}",168.595437,0,4.888889,4.888889,"[38.626416, 33.105891, 36.055513, 46.647615, 46.647615, 50.596443, 51.224994, 44.72136, 48.166378]",43.976914,"{9: 0.0, 8: 0.0, 11: 97.027756, 14: 0.0, 20: 130.814656, 26: 0.0, 31: 11.288689, 12: 0.0, 21: 2.470692}","{9: 13.686792, 8: 27.447055, 11: 0.0, 14: 4.365853, 20: 0.0, 26: 38.729535, 31: 0.0, 12: 13.667077, 21: 0.0}",26.844644,10.877368,OK,4007.122,cluster,C201_2.dat
test_data/data_demand_random_50_batch_all1_equal_cluster/C201_2.dat,8,60,2,2,834.6124969,"[[[[0, [4, 2, 1, 5]], [17, [17, 19, 9, 18, 12]], [18, []], [19, [22, 21]], [22, []], [21, []], [4, [29, 28, 27, 26]], [2, []], [1, []], [26, []], [28, []], [27, []], [9, [41, 40, 42, 38, 39]], [38, []], [41, []], [40, []], [39, []], [12, []], [29, []], [42, []], [5, []]], [[0, [6, 3]], [6, []], [3, []], [11, [11, 10, 13, 7, 8]], [8, []], [7, []], [10, []], [13, []], [15, [15, 16, 14]], [14, [24, 23, 20, 25]], [16, []], [24, []], [23, []], [20, [30]], [31, [31, 32, 33, 34, 35, 36, 37, 50, 45, 46, 49, 47, 48, 44, 43]], [32, []], [33, []], [34, []], [35, []], [36, []], [37, []], [50, []], [25, []], [45, []], [46, []], [47, []], [48, []], [49, []], [44, []], [43, []], [30, []]]], [[[17, [17, 19, 9, 18, 12]]], [[11, [11, 10, 13, 7, 8]]], [[15, [15, 16, 14]]], [[14, [24, 23, 20, 25]]], [[19, [22, 21]]], [[4, [29, 28, 27, 26]]], [[20, [30]]], [[31, [50, 45, 46, 49, 47, 48, 44, 43]]], [[31, [31, 32, 33, 34, 35, 36, 37]]], [[9, [41, 40, 42, 38, 39]]]]]",,None,4.4,4.4,"[39.293765, 36.055513, 23.323808, 23.323808, 41.231056, 34.234486, 46.647615, 51.224994, 51.224994, 38.626416]",38.518645,"{17: 148.646883, 11: 0.0, 15: 0.0, 14: 27.661904, 19: 46.968645, 4: 0.0, 20: 0.0, 31: 180.901186, 9: 2.69768}","{17: 0.0, 11: 2.972244, 15: 40.338096, 14: 0.0, 19: 0.0, 4: 23.498285, 20: 12.338096, 31: 0.0, 9: 0.0}",45.208478,8.79408,,,[],,{},{},,,OK,4544.907,cluster,C201_2.dat
test_data/data_demand_random_50_batch_all1_equal_cluster/C201_2.dat,8,60,2,5,882.0831892,"[[[[0, [4, 3, 1]], [4, []], [1, []], [12, [12, 11, 14, 19, 9, 15]], [11, []], [15, []], [3, []], [9, []], [14, []], [19, []], [31, [31, 32, 33, 34, 35, 36, 37, 21]], [32, []], [33, []], [34, []], [35, []], [36, []], [37, []], [21, [22, 50, 23, 45, 46, 47, 49, 48]], [22, []], [50, []], [23, []], [45, []], [46, []], [47, []], [49, []], [48, []]], [[0, [2, 5, 6]], [2, []], [8, [8, 10, 13, 7, 18, 16, 17]], [10, []], [13, []], [7, []], [18, []], [20, [20, 24, 25, 26, 27, 30, 28, 29]], [16, []], [17, []], [24, []], [25, []], [5, []], [6, []], [26, [43, 44, 42, 38, 39, 40, 41]], [27, []], [30, []], [28, []], [43, []], [44, []], [42, []], [29, []], [38, []], [39, []], [40, []], [41, []]]], [[[12, [12, 11, 14, 19, 9, 15]]], [[8, [8, 10, 13, 7, 18, 16, 17]]], [[20, [20, 24, 25, 26, 27, 30, 28, 29]]], [[31, [31, 32, 33, 34, 35, 36, 37, 21]]], [[21, [22, 23]]], [[26, [43, 44, 42, 38, 39, 40, 41]]], [[21, [50, 45, 46, 47, 49, 48]]]]]",,None,6.285714,6.285714,"[44.72136, 33.105891, 46.647615, 51.224994, 48.166378, 50.596443, 48.166378]",46.089866,"{12: 103.36068, 8: 121.552945, 20: 15.770862, 31: 1.251817, 21: 2.470692, 26: 0.0}","{12: 0.0, 8: 0.0, 20: 0.0, 31: 0.0, 21: 211.881693, 26: 30.025586}",40.734499,40.31788,,,[],,{},{},,,OK,3455.27,cluster,C201_2.dat
test_data/data_demand_random_50_batch_all1_equal_cluster/C201_2.dat,8,90,2,1,846.0555128,"[[[[0, [1]], [7, [7, 11, 13, 10, 9]], [11, []], [13, []], [10, []], [9, []], [16, [16, 17, 14, 20, 25, 24, 12]], [20, []], [25, []], [24, []], [17, []], [14, []], [41, [41, 40, 39, 38, 29, 28, 26, 27]], [40, []], [39, []], [38, []], [12, []], [29, []], [42, [42, 49, 44, 43]], [49, []], [44, []], [43, []], [28, []], [27, []], [26, []], [1, []]], [[0, [5, 3, 6, 2, 4]], [5, []], [3, []], [6, []], [2, []], [8, [8, 15, 18, 19]], [15, []], [4, []], [18, []], [21, [21, 22, 23]], [22, []], [23, []], [19, [30, 33, 32, 31, 34, 36, 35, 37]], [33, []], [32, []], [31, []], [34, []], [35, []], [37, []], [36, []], [50, [50, 45, 46, 47, 48]], [45, []], [46, []], [47, []], [48, []], [30, []]]], [[[7, [7, 11, 13, 10, 9]]], [[8, [8, 15, 18, 19]]], [[16, [16, 17, 14, 20, 25, 24, 12]]], [[21, [21, 22, 23]]], [[19, [30, 33, 32, 31, 34, 36, 35, 37]]], [[41, [41, 40, 39, 38, 29, 28, 26, 27]]], [[50, [50, 45, 46, 47, 48]]], [[42, [42, 49, 44, 43]]]]]",,None,5.5,5.5,"[21.540659, 33.105891, 33.526109, 48.166378, 41.231056, 62.096699, 72.111026, 76.157731]",48.491944,"{7: 71.77033, 8: 57.552945, 16: 47.992725, 21: 0.0, 19: 0.0, 41: 17.285295, 50: 0.502567, 42: 0.0}","{7: 0.0, 8: 0.0, 16: 0.0, 21: 84.469756, 19: 4.937417, 41: 0.0, 50: 0.0, 42: 40.969484}",24.387983,16.297082,,,[],,{},{},,,OK,3008.451,cluster,C201_2.dat
test_data/data_demand_random_50_batch_all1_equal_cluster/C201_2.dat,8,90,2,2,858.0555128,"[[[[0, [4, 2, 6, 3]], [6, []], [15, [15, 13, 18, 17, 8, 16]], [2, []], [4, []], [13, []], [16, []], [17, []], [18, []], [3, []], [8, []], [41, [41, 40, 39, 38, 42, 29, 27, 28]], [40, []], [39, []], [38, []], [42, []], [29, []], [27, []], [28, []], [44, [44, 43, 49, 30]], [43, []], [49, []], [30, []]], [[0, [5]], [1, [1, 11, 9, 12, 10, 7]], [5, []], [11, []], [9, []], [12, []], [10, []], [7, []], [14, [14, 21, 22, 25, 24, 20, 19]], [21, []], [22, []], [25, []], [24, []], [20, []], [19, []], [33, [33, 32, 31, 34, 37, 35, 36, 23]], [32, []], [31, []], [34, []], [37, []], [35, []], [36, []], [50, [50, 45, 46, 47, 48, 26]], [23, []], [45, []], [46, []], [47, []], [48, []], [26, []]]], [[[1, [1, 11, 9, 12, 10, 7]]], [[15, [15, 13, 18, 17, 8, 16]]], [[14, [14, 21, 22, 25, 24, 20, 19]]], [[33, [33, 32, 31, 34, 37, 35, 36, 23]]], [[41, [41, 40, 39, 38, 42, 29, 27, 28]]], [[44, [44, 43, 49, 30]]], [[50, [50, 45, 46, 47, 48, 26]]]]]",,None,6.428571,6.428571,"[20.0, 23.323808, 23.323808, 53.814496, 62.096699, 82.462113, 72.111026]",48.161707,"{1: 79.0, 15: 116.661904, 14: 5.661904, 33: 4.245344, 41: 17.386446, 44: 0.0, 50: 13.148265}","{1: 0.0, 15: 0.0, 14: 0.0, 33: 0.0, 41: 0.0, 44: 77.817293, 50: 0.0}",33.729123,11.116756,,,[],,{},{},,,OK,3118.17,cluster,C201_2.dat
test_data/data_demand_random_50_batch_all1_equal_cluster/C201_2.dat,8,90,2,3,826.0555128,"[[[[0, [2, 3, 1, 4, 5]], [19, [19]], [14, [14, 16, 7, 10, 9, 12]], [16, []], [20, [20]], [2, []], [3, []], [4, []], [26, [26, 28, 30, 27, 13]], [28, []], [30, []], [27, []], [7, []], [10, []], [9, []], [41, [41, 40, 39, 38, 29]], [40, []], [39, []], [38, []], [12, []], [13, []], [29, []], [42, [42, 43, 44, 49, 48]], [43, []], [44, []], [49, []], [48, []], [5, []], [1, []]], [[0, [6]], [11, [11, 8, 15, 17, 18]], [8, []], [15, []], [6, []], [21, [21, 22, 24, 25, 23]], [17, []], [18, []], [31, [31, 32, 33, 34, 37, 36, 35]], [32, []], [33, []], [34, []], [22, []], [24, []], [25, []], [37, []], [36, []], [35, []], [50, [50, 45, 46, 47]], [23, []], [45, []], [46, []], [47, []]]], [[[19, [19]]], [[14, [14, 16, 7, 10, 9, 12]]], [[11, [11, 8, 15, 17, 18]]], [[20, [20]]], [[21, [21, 22, 24, 25, 23]]], [[26, [26, 28, 30, 27, 13]]], [[31, [31, 32, 33, 34, 37, 36, 35]]], [[41, [41, 40, 39, 38, 29]]], [[50, [50, 45, 46, 47]]], [[42, [42, 43, 44, 49, 48]]]]]",,None,4.4,4.4,"[41.231056, 23.323808, 36.055513, 46.647615, 48.166378, 50.596443, 51.224994, 62.096699, 72.111026, 76.157731]",50.761126,"{19: 147.615528, 14: 0.0, 11: 191.258813, 20: 3.708279, 21: 0.0, 26: 0.0, 31: 24.353684, 41: 3.724542, 50: 6.443016, 42: 0.0}","{19: 0.0, 14: 55.953624, 11: 0.0, 20: 0.0, 21: 58.175623, 26: 2.025586, 31: 0.0, 41: 0.0, 50: 0.0, 42: 40.969484}",37.710386,15.712432,,,[],,{},{},,,OK,3576.096,cluster,C201_2.dat
test_data/data_demand_random_50_batch_all1_equal_cluster/C201_2.dat,8,90,2,4,886.0555128,"[[[[0, [3, 6, 4, 5]], [5, []], [13, [13, 9, 14]], [9, []], [3, []], [6, []], [14, []], [4, []], [23, [23, 20, 22, 25, 24, 28, 30]], [20, []], [22, []], [34, [34, 35, 37, 36]], [35, []], [37, []], [36, []], [50, [50, 45, 46, 47, 48, 49, 44, 43]], [25, []], [24, []], [45, []], [46, []], [47, []], [48, []], [49, []], [44, []], [43, []], [28, []], [30, []]], [[0, [2, 1]], [2, []], [8, [8, 12]], [12, []], [11, [11, 15, 7, 10, 16, 17, 18, 19]], [15, []], [1, []], [7, []], [10, []], [16, []], [17, []], [18, []], [19, []], [31, [31, 32, 33, 21, 26, 27, 29]], [32, []], [33, []], [21, []], [26, []], [27, []], [29, []], [42, [42, 38, 41, 39, 40]], [38, []], [39, []], [40, []], [41, []]]], [[[8, [8, 12]]], [[13, [13, 9, 14]]], [[11, [11, 15, 7, 10, 16, 17, 18, 19]]], [[23, [23, 20, 22, 25, 24, 28, 30]]], [[31, [31, 32, 33, 21, 26, 27, 29]]], [[34, [34, 35, 37, 36]]], [[42, [42, 38, 41, 39, 40]]], [[50, [50, 45, 46, 47, 48, 49, 44, 43]]]]]",918.7458446,"[[[[0, [1]], [1, []], [10, [10]], [7, [7]], [15, [15, 11, 8, 17, 16]], [11, []], [8, []], [17, []], [16, []], [20, [20, 24, 22, 23, 25, 21]], [23, []], [25, []], [24, [26, 27, 28, 30, 29]], [22, []], [21, []], [26, []], [27, []], [28, []], [30, []], [38, [38, 40, 41, 39, 42, 43, 44]], [40, []], [41, [49]], [39, []], [29, []], [42, []], [43, []], [44, []], [49, []]], [[0, [5, 3, 6, 2, 4]], [2, []], [5, []], [12, [12, 13, 9]], [13, []], [9, []], [3, []], [6, []], [14, [14, 18, 19]], [4, []], [18, []], [19, []], [37, [37, 36, 35, 31, 32, 33, 34]], [36, []], [35, []], [31, []], [32, []], [33, []], [34, []], [50, [50, 45, 46, 47, 48]], [45, []], [46, []], [47, []], [48, []]]], [[[12, [12, 13, 9]], [10, [10]]], [[7, [7]]], [[14, [14, 18, 19]]], [[15, [15, 11, 8, 17, 16]]], [[20, [20, 24, 22, 23, 25, 21]]], [[24, [26, 27, 28, 30, 29]]], [[37, [37, 36, 35, 31, 32, 33, 34]]], [[38, [38, 40, 41, 39, 42, 43, 44]]], [[41, [49]]], [[50, [50, 45, 46, 47, 48]]]]]",5.5,5.5,"[33.105891, 45.607017, 36.055513, 66.603303, 51.224994, 55.461698, 76.157731, 72.111026]",54.540897,"{8: 33.552945, 13: 111.803509, 11: 58.474811, 23: 0.0, 31: 15.584741, 34: 0.0, 42: 0.0, 50: 10.252004}","{8: 0.0, 13: 0.0, 11: 0.0, 23: 34.501857, 31: 0.0, 34: 50.967499, 42: 100.533631, 50: 0.0}",28.708501,23.250373,4.4,4.4,"[46.427386, 21.540659, 23.323808, 23.323808, 46.647615, 70.710678, 80.622577, 51.419841, 62.096699, 72.111026]",49.82241,"{10: 41.681542, 12: 16.343445, 7: 0.0, 14: 0.0, 15: 8.980362, 20: 0.0, 24: 0.0, 37: 15.967843, 38: 0.0, 41: 0.0, 50: 0.0}","{10: 0.0, 12: 0.0, 7: 30.911212, 14: 76.681542, 15: 0.0, 20: 52.338096, 24: 12.306565, 37: 0.0, 38: 63.951984, 41: 20.613554, 50: 34.883952}",7.543018,26.516991,OK,2772.138,cluster,C201_2.dat
test_data/data_demand_random_50_batch_all1_equal_cluster/C201_2.dat,8,90,2,5,826.0555128,"[[[[0, [6, 2, 4, 3]], [6, []], [2, []], [4, []], [3, []], [14, [14, 18, 15]], [18, []], [15, [22, 21, 23, 20, 19]], [22, []], [21, []], [23, []], [20, []], [19, []], [31, [31, 32, 33, 34, 35, 37, 36, 25]], [32, []], [33, []], [34, []], [35, []], [37, []], [36, []], [50, [50, 24, 1, 45, 46, 47]], [25, []], [24, []], [45, []], [46, []], [47, []], [1, []]], [[0, [5]], [7, [7, 12, 13]], [12, []], [13, [8, 9, 11, 17, 16]], [8, []], [9, []], [11, []], [17, []], [16, []], [5, []], [26, [26, 27, 28, 10]], [27, []], [28, []], [10, []], [41, [41, 40, 39, 38, 29, 30]], [40, []], [39, []], [38, []], [29, []], [42, [42, 43, 44, 49, 48]], [43, []], [44, []], [49, []], [48, []], [30, []]]], [[[14, [14, 18, 15]]], [[7, [7, 12, 13]]], [[13, [8, 9, 11, 17, 16]]], [[15, [22, 21, 23, 20, 19]]], [[26, [26, 27, 28, 10]]], [[31, [31, 32, 33, 34, 35, 37, 36, 25]]], [[50, [50, 24, 1, 45, 46, 47]]], [[41, [41, 40, 39, 38, 29, 30]]], [[42, [42, 43, 44, 49, 48]]]]]",,None,5,5,"[23.323808, 21.540659, 45.607017, 23.323808, 50.596443, 51.224994, 72.111026, 62.096699, 76.157731]",47.331354,"{14: 60.661904, 7: 71.77033, 13: 51.033179, 15: 16.0, 26: 0.0, 31: 0.0, 50: 25.393609, 41: 5.244841, 42: 0.0}","{14: 0.0, 7: 0.0, 13: 0.0, 15: 0.0, 26: 32.505287, 31: 13.049407, 50: 0.0, 41: 0.0, 42: 40.969484}",25.567096,9.613798,,,[],,{},{},,,OK,3279.768,cluster,C201_2.dat
test_data/data_demand_random_50_batch_all1_equal_cluster/C201_2.dat,8,120,2,1,826.0555128,"[[[[0, [2, 4, 6]], [4, []], [2, []], [16, [16]], [17, [17, 15, 19]], [19, []], [14, [14, 20, 11, 10]], [20, []], [15, []], [6, []], [26, [26, 28, 27, 29, 30]], [28, []], [27, []], [29, []], [11, []], [10, []], [41, [41, 40, 39, 38, 42, 43, 44]], [40, []], [39, []], [38, []], [42, [49, 48]], [43, []], [44, []], [49, []], [48, []], [30, []]], [[0, [5, 1, 3]], [5, []], [7, [7, 8, 13, 9, 12, 18]], [8, []], [13, []], [9, []], [12, []], [3, []], [21, [21, 22, 23, 25, 24]], [18, []], [31, [31, 32, 33, 34, 37, 36, 35]], [32, []], [33, []], [34, []], [22, []], [23, []], [25, []], [37, []], [36, []], [35, []], [50, [50, 45, 46, 47]], [24, []], [45, []], [46, []], [47, []], [1, []]]], [[[7, [7, 8, 13, 9, 12, 18]]], [[16, [16]]], [[17, [17, 15, 19]]], [[14, [14, 20, 11, 10]]], [[21, [21, 22, 23, 25, 24]]], [[26, [26, 28, 27, 29, 30]]], [[31, [31, 32, 33, 34, 37, 36, 35]]], [[41, [41, 40, 39, 38, 42, 43, 44]]], [[50, [50, 45, 46, 47]]], [[42, [49, 48]]]]]",,None,4.4,4.4,"[21.540659, 33.526109, 39.293765, 23.323808, 48.166378, 50.596443, 51.224994, 62.096699, 72.111026, 76.157731]",47.803761,"{7: 95.77033, 16: 103.763055, 17: 18.424487, 14: 0.0, 21: 0.0, 26: 0.0, 31: 43.842167, 41: 0.860807, 50: 6.443016, 42: 0.0}","{7: 0.0, 16: 0.0, 17: 0.0, 14: 14.525638, 21: 50.68714, 26: 36.889321, 31: 0.0, 41: 0.0, 50: 0.0, 42: 40.969484}",26.910386,14.307158,,,[],,{},{},,,OK,3285.567,cluster,C201_2.dat
test_data/data_demand_random_50_batch_all1_equal_cluster/C201_2.dat,8,120,2,2,845.0483494,"[[[[0, [3, 2, 1]], [2, []], [1, []], [9, [9, 13]], [11, [11]], [3, []], [13, []], [8, [8, 10, 14, 15]], [10, []], [20, [20]], [14, [18, 30, 28, 27, 26]], [15, []], [18, []], [41, [41, 40, 39, 38, 29]], [40, []], [39, []], [38, []], [29, []], [42, [42, 43, 44, 49, 48]], [43, []], [44, []], [49, []], [48, []], [30, []], [28, []], [27, []], [26, []]], [[0, [6, 4, 5]], [7, [7, 12]], [12, []], [6, []], [4, []], [5, []], [16, [16, 25, 22, 21, 19, 17, 23, 24]], [25, []], [22, []], [21, []], [31, [31, 32, 33, 34, 35, 36, 37]], [32, []], [33, []], [34, []], [19, []], [17, []], [35, []], [36, []], [37, []], [50, [50, 45, 46, 47]], [23, []], [24, []], [45, []], [46, []], [47, []]]], [[[7, [7, 12]]], [[9, [9, 13]]], [[11, [11]]], [[8, [8, 10, 14, 15]]], [[16, [16, 25, 22, 21, 19, 17, 23, 24]]], [[20, [20]]], [[14, [18, 30, 28, 27, 26]]], [[31, [31, 32, 33, 34, 35, 36, 37]]], [[41, [41, 40, 39, 38, 29]]], [[50, [50, 45, 46, 47]]], [[42, [42, 43, 44, 49, 48]]]]]",882.0555128,"[[[[0, [4, 1, 3, 5]], [4, []], [1, []], [3, []], [5, []], [7, [7, 13]], [13, []], [8, [8, 10, 12, 14, 16, 17]], [10, []], [12, []], [14, []], [16, []], [17, []], [22, [22, 24, 25]], [24, []], [25, []], [31, [31, 32, 33, 34, 35, 36, 37]], [32, []], [33, []], [34, []], [35, []], [36, []], [37, []], [50, [50, 45, 46, 48, 49, 47]], [45, []], [46, []], [48, []], [49, []], [47, []]], [[0, [2, 6]], [2, []], [6, []], [9, [9, 11, 15, 18, 19]], [11, []], [15, []], [18, []], [19, []], [20, [20, 21, 23]], [21, []], [23, [30, 27, 29, 28, 26]], [30, []], [27, []], [41, [41, 40, 39, 38, 42, 44, 43]], [40, []], [39, []], [38, []], [29, []], [42, []], [44, []], [43, []], [28, []], [26, []]]], [[[7, [7, 13]]], [[9, [9, 11, 15, 18, 19]]], [[8, [8, 10, 12, 14, 16, 17]]], [[20, [20, 21, 23]], [22, [22, 24, 25]]], [[23, [30, 27, 29, 28, 26]]], [[31, [31, 32, 33, 34, 35, 36, 37]]], [[41, [41, 40, 39, 38, 42, 44, 43]]], [[50, [50, 45, 46, 48, 49, 47]]]]]",4,4,"[21.540659, 38.626416, 36.055513, 33.105891, 33.526109, 46.647615, 23.323808, 51.224994, 62.096699, 72.111026, 76.157731]",44.946951,"{7: 71.77033, 9: 30.313208, 11: 8.255208, 8: 0.0, 16: 0.0, 20: 0.0, 14: 0.0, 31: 0.0, 41: 19.479934, 50: 10.285183, 42: 0.0}","{7: 0.0, 9: 0.0, 11: 0.0, 8: 43.01547, 16: 8.007275, 20: 52.244608, 14: 11.906512, 31: 12.157833, 41: 0.0, 50: 0.0, 42: 40.969484}",12.736715,15.300107,5.5,5.5,"[21.540659, 38.626416, 33.105891, 61.939901, 66.603303, 51.224994, 62.096699, 72.111026]",50.906111,"{7: 0.0, 9: 74.313208, 8: 4.552945, 20: 0.0, 22: 7.760263, 23: 0.0, 31: 0.0, 41: 0.0, 50: 12.742305}","{7: 28.22967, 9: 0.0, 8: 0.0, 20: 57.9894, 22: 0.0, 23: 10.011556, 31: 33.700711, 41: 50.264859, 50: 0.0}",11.040969,20.0218,OK,2783.536,cluster,C201_2.dat
test_data/data_demand_random_50_batch_all1_equal_cluster/C201_2.dat,8,120,2,3,826.0555128,"[[[[0, []], [9, [9, 8, 11]], [8, []], [16, [16, 18, 17]], [14, [14, 19]], [18, []], [19, []], [17, []], [30, [30, 27, 29]], [28, [28, 26]], [26, []], [27, []], [11, []], [41, [41, 40, 39, 38]], [40, []], [39, []], [38, []], [29, []], [42, [42, 43, 44, 49, 48]], [43, []], [44, []], [49, []], [48, []]], [[0, [2, 1, 6, 4, 3, 5]], [2, []], [3, []], [13, [13, 7]], [7, []], [10, [10, 12]], [12, []], [15, [15, 21, 22, 23, 24, 20, 25]], [1, []], [6, []], [4, []], [21, []], [22, []], [23, []], [24, []], [20, []], [33, [33, 31, 32, 34, 35, 36, 37]], [31, []], [32, []], [34, []], [35, []], [36, []], [37, []], [50, [50, 45, 46, 47]], [25, []], [45, []], [46, []], [47, []], [5, []]]], [[[9, [9, 8, 11]]], [[13, [13, 7]]], [[10, [10, 12]]], [[16, [16, 18, 17]]], [[14, [14, 19]]], [[15, [15, 21, 22, 23, 24, 20, 25]]], [[30, [30, 27, 29]]], [[28, [28, 26]]], [[33, [33, 31, 32, 34, 35, 36, 37]]], [[41, [41, 40, 39, 38]]], [[50, [50, 45, 46, 47]]], [[42, [42, 43, 44, 49, 48]]]]]",932.8035085,"[[[[0, [6, 4, 3, 1]], [1, []], [8, [8]], [6, []], [19, [19, 14]], [17, [17, 16, 25]], [16, []], [14, []], [25, []], [4, []], [26, [26, 29, 28, 27, 30]], [39, [39, 42]], [41, [41, 40, 38]], [40, []], [38, []], [29, []], [42, [48, 43, 44, 49]], [28, []], [27, []], [48, []], [43, []], [44, []], [49, []], [30, []], [3, []]], [[0, [5]], [13, [13, 11, 9, 12, 7, 10, 2]], [11, []], [9, []], [12, []], [5, []], [7, []], [10, []], [2, []], [15, [15, 21, 18, 20, 22, 23]], [21, []], [18, []], [31, [31, 34, 36, 32, 33, 35]], [32, []], [33, []], [34, []], [20, []], [35, []], [22, []], [23, []], [46, [46, 45, 37, 24, 50]], [47, [47]], [45, []], [24, []], [36, []], [37, []], [50, []]]], [[[8, [8]]], [[13, [13, 11, 9, 12, 7, 10, 2]]], [[19, [19, 14]]], [[17, [17, 16, 25]]], [[15, [15, 21, 18, 20, 22, 23]]], [[26, [26, 29, 28, 27, 30]]], [[31, [31, 34, 36, 32, 33, 35]]], [[39, [39, 42]]], [[41, [41, 40, 38]]], [[46, [46, 45, 37, 24, 50]]], [[47, [47]], [42, [48, 43, 44, 49]]]]]",3.666667,3.666667,"[38.626416, 45.607017, 37.363083, 33.526109, 23.323808, 23.323808, 64.776539, 67.052218, 53.814496, 62.096699, 72.111026, 76.157731]",49.814912,"{9: 58.313208, 13: 35.803509, 10: 0.0, 16: 8.449847, 14: 0.0, 15: 35.858395, 30: 3.625215, 28: 0.0, 33: 0.0, 41: 3.66008, 50: 9.393609, 42: 0.0}","{9: 0.0, 13: 0.0, 10: 19.495551, 16: 0.0, 14: 6.616101, 15: 0.0, 30: 0.0, 28: 13.86216, 33: 23.754656, 41: 0.0, 50: 0.0, 42: 40.969484}",12.925322,8.724829,4.090909,4.090909,"[33.105891, 45.607017, 41.231056, 39.293765, 23.323808, 50.596443, 51.224994, 62.096699, 62.096699, 68.35203, 94.449414]",51.943438,"{8: 49.552945, 13: 47.803509, 19: 0.0, 17: 2.093937, 15: 0.0, 26: 0.0, 31: 0.0, 39: 0.0, 41: 0.0, 46: 0.0, 47: 0.0, 42: 19.235491}","{8: 0.0, 13: 0.0, 19: 58.937417, 17: 0.0, 15: 54.973131, 26: 114.348661, 31: 0.191012, 39: 12.598533, 41: 49.598533, 46: 35.627494, 47: 32.762713, 42: 0.0}",9.89049,29.919791,OK,4366.248,cluster,C201_2.dat
test_data/data_demand_random_50_batch_all1_equal_cluster/C201_2.dat,8,120,2,5,826.0555128,"[[[[0, [3, 2, 4]], [3, []], [8, [8, 11, 14, 18, 19]], [11, []], [14, []], [2, []], [21, [21, 22, 23, 24, 20, 25]], [22, []], [23, []], [24, []], [20, []], [18, []], [33, [33, 31, 32, 34, 35, 36, 37]], [31, []], [32, []], [34, []], [19, []], [35, []], [36, []], [37, []], [50, [50, 45, 46, 47]], [25, []], [45, []], [46, []], [47, []], [4, []]], [[0, [6, 1, 5]], [6, []], [10, [10, 16, 17, 15, 12, 7, 9, 13]], [16, []], [17, []], [15, []], [1, []], [27, [27, 28, 26]], [28, []], [26, []], [12, []], [7, []], [41, [41, 40, 39, 38, 29]], [40, []], [39, []], [38, []], [9, []], [13, []], [29, []], [42, [42, 43, 44, 49, 48, 30]], [43, []], [44, []], [49, []], [48, []], [30, []], [5, []]]], [[[10, [10, 16, 17, 15, 12, 7, 9, 13]]], [[8, [8, 11, 14, 18, 19]]], [[21, [21, 22, 23, 24, 20, 25]]], [[27, [27, 28, 26]]], [[33, [33, 31, 32, 34, 35, 36, 37]]], [[41, [41, 40, 39, 38, 29]]], [[42, [42, 43, 44, 49, 48, 30]]], [[50, [50, 45, 46, 47]]]]]",,None,5.5,5.5,"[37.363083, 33.105891, 48.166378, 63.245553, 53.814496, 62.096699, 76.157731, 72.111026]",55.757607,"{10: 69.681542, 8: 117.552945, 21: 0.0, 27: 3.941235, 33: 0.0, 41: 0.0, 42: 0.0, 50: 0.502567}","{10: 0.0, 8: 0.0, 21: 40.469756, 27: 0.0, 33: 12.645697, 41: 0.574427, 42: 41.543911, 50: 0.0}",23.959786,11.904224,,,[],,{},{},,,OK,3027.444,cluster,C201_2.dat
test_data/data_demand_random_50_batch_all1_equal_random/C201_2.dat,4,60,2,1,857.4029012,"[[[[0, [7, 6, 2]], [7, [12]], [12, []], [6, []], [2, []], [15, [15, 10, 9, 18]], [10, []], [9, []], [18, [35, 24, 27, 8]], [35, []], [42, [42, 38, 40, 39]], [38, []], [47, [47, 46, 48, 44, 30]], [40, []], [46, []], [8, []], [48, []], [24, []], [27, []], [39, []], [44, []], [30, [45]], [45, []]], [[0, [1, 4, 5, 3]], [11, [11, 13]], [3, []], [13, []], [4, []], [1, []], [22, [22, 23, 21]], [23, []], [21, []], [28, [28, 34, 16, 14, 17, 19, 20]], [17, []], [5, []], [16, []], [34, []], [14, []], [36, [36, 29, 33, 31]], [29, []], [41, [41, 25, 37, 32]], [33, []], [31, []], [32, [50, 49, 43, 26]], [20, []], [50, []], [25, []], [19, []], [49, []], [43, []], [37, []], [26, []]]], [[[11, [11, 13]]], [[7, [12]]], [[15, [15, 10, 9, 18]]], [[22, [22, 23, 21]]], [[28, [34, 16, 17, 19]]], [[28, [28, 14, 20]]], [[18, [35, 24, 27, 8]]], [[36, [36, 29, 33, 31]]], [[41, [41, 25, 37, 32]]], [[42, [42, 38, 40, 39]]], [[47, [47, 46, 48, 44]]], [[47, [30]]], [[30, [45]]], [[32, [50, 49, 43, 26]]]]]",935.6709133,"[[[[0, [4, 13, 12, 6, 7, 5]], [13, []], [12, []], [4, []], [6, []], [7, []], [17, [17, 20, 19, 16]], [29, [29, 28, 14]], [28, []], [16, []], [5, [34, 32, 25, 37]], [14, []], [34, []], [36, [41, 36, 43, 33]], [41, []], [45, [45, 50, 49]], [32, []], [20, []], [50, []], [25, []], [19, []], [49, []], [43, []], [37, []], [33, []]], [[0, [3, 9, 1, 2]], [9, []], [15, [15, 18, 8, 11]], [3, []], [11, []], [23, [23, 21, 10]], [21, []], [22, [22, 24, 27, 26]], [1, []], [2, []], [27, []], [24, []], [30, [30, 35]], [42, [42, 38, 39, 31]], [38, []], [35, []], [18, []], [47, [47, 44, 48, 46]], [40, [40]], [44, []], [39, []], [48, []], [8, []], [46, []], [10, []], [31, []], [26, []]]], [[[15, [15, 18, 8, 11]]], [[23, [23, 21, 10]]], [[17, [17, 20, 19, 16]]], [[22, [22, 24, 27, 26]]], [[29, [29, 28, 14]]], [[30, [30, 35]]], [[5, [34, 32, 25, 37]]], [[42, [42, 38, 39, 31]]], [[36, [41, 36, 43, 33]]], [[47, [47, 44, 48, 46]]], [[40, [40]], [45, [45, 50, 49]]]]]",3.071429,3.071429,"[30.0, 45.607017, 33.526109, 20.0, 44.72136, 44.72136, 53.814496, 37.363083, 21.540659, 30.265492, 41.231056, 41.231056, 48.166378, 50.596443]",38.770322,"{11: 74.0, 7: 47.803509, 15: 0.0, 22: 25.0, 28: 169.72136, 18: 0.0, 36: 0.042221, 41: 0.0, 42: 14.41368, 47: 9.398339, 30: 0.0, 32: 0.0}","{11: 0.0, 7: 0.0, 15: 121.040454, 22: 0.0, 28: 0.0, 18: 2.89626, 36: 0.0, 41: 0.632572, 42: 0.0, 47: 40.251726, 30: 101.301283, 32: 3.873624}",28.364926,22.49966,3.636364,3.636364,"[33.526109, 24.33105, 38.626416, 20.0, 33.105891, 48.166378, 51.419841, 30.265492, 37.363083, 41.231056, 40.364172]",36.218135,"{15: 0.0, 23: 0.0, 17: 0.0, 22: 2.0, 29: 14.552945, 30: 0.0, 5: 14.156975, 42: 0.0, 36: 0.0, 47: 3.615528, 45: 0.0, 40: 0.0}","{15: 21.236945, 23: 11.834475, 17: 85.686792, 22: 0.0, 29: 0.0, 30: 33.916811, 5: 0.0, 42: 1.867254, 36: 20.028379, 47: 0.0, 45: 5.048016, 40: 6.258725}",2.860454,15.489783,OK,5966.579,random,C201_2.dat
test_data/data_demand_random_50_batch_all1_equal_random/C201_2.dat,4,60,2,5,892.132746,"[[[[0, [14, 1, 2, 9, 8, 16, 18]], [14, []], [16, []], [17, [17]], [1, []], [2, [24, 27, 10]], [10, []], [24, []], [27, []], [30, [30, 15]], [15, []], [42, [42, 38, 35, 26]], [38, []], [35, []], [18, []], [9, []], [47, [47, 40, 46, 44]], [40, [48, 39, 31]], [46, []], [8, []], [48, []], [44, []], [39, []], [31, []], [26, []]], [[0, [13, 4, 6, 12, 7, 3]], [4, []], [6, []], [12, []], [13, []], [11, [11, 5, 20]], [7, []], [21, [21, 29, 28, 23]], [29, []], [28, []], [5, [19, 34, 36, 22]], [34, []], [36, []], [41, [41, 32, 25, 33]], [45, [45, 49, 43, 37]], [33, []], [32, [50]], [20, []], [50, []], [25, []], [19, []], [49, []], [43, []], [37, []], [3, []], [23, []], [22, []]]], [[[17, [17]]], [[2, [24, 27, 10]]], [[11, [11, 5, 20]]], [[21, [21, 29, 28, 23]]], [[5, [19, 34, 36, 22]]], [[30, [30, 15]]], [[41, [41, 32, 25, 33]]], [[42, [42, 38, 35, 26]]], [[45, [45, 49, 43, 37]]], [[47, [47, 40, 46, 44]]], [[40, [48, 39, 31]]], [[32, [50]]]]]",,None,3.083333,3.083333,"[38.626416, 46.647615, 30.0, 36.055513, 51.419841, 48.166378, 21.540659, 30.265492, 23.323808, 41.231056, 39.293765, 50.596443]",38.097249,"{17: 0.0, 2: 0.0, 11: 31.313208, 21: 0.0, 5: 17.396712, 30: 0.0, 41: 2.060409, 42: 5.132746, 45: 40.891574, 47: 0.0, 40: 0.0, 32: 0.0}","{17: 114.686792, 2: 23.676192, 11: 0.0, 21: 18.972244, 5: 0.0, 30: 26.916811, 41: 0.0, 42: 0.0, 45: 0.0, 47: 14.517218, 40: 14.162056, 32: 2.615408}",8.066221,17.962227,,,[],,{},{},,,OK,3188.737,random,C201_2.dat
test_data/data_demand_random_50_batch_all1_equal_random/C201_2.dat,4,90,2,2,876.2982213,"[[[[0, [4, 2]], [9, [9, 10, 16, 14]], [10, []], [2, []], [28, [28, 19, 25, 13]], [16, []], [14, []], [34, [34, 36, 30, 15]], [36, []], [41, [41, 31, 40, 43]], [19, []], [25, []], [50, [50, 49, 37]], [37, []], [43, []], [49, []], [13, []], [4, []], [31, []], [30, []], [40, []], [15, []], [45, [45]]], [[0, [7, 5, 1, 3, 6]], [3, []], [1, []], [7, []], [5, []], [11, [11, 8, 12]], [6, []], [12, []], [20, [20, 21, 17, 18]], [21, []], [17, []], [29, [29, 26, 27, 23]], [32, [32, 35, 24, 33]], [26, []], [33, []], [42, [42, 38, 39, 22]], [38, []], [35, []], [18, []], [47, [47, 46, 48, 44]], [46, []], [8, []], [48, []], [24, []], [27, []], [39, []], [44, []], [23, []], [22, []]]], [[[9, [9, 10, 16, 14]]], [[11, [11, 8, 12]]], [[20, [20, 21, 17, 18]]], [[29, [29, 26, 27, 23]]], [[28, [28, 19, 25, 13]]], [[32, [32, 35, 24, 33]]], [[34, [34, 36, 30, 15]]], [[41, [41, 31, 40, 43]]], [[42, [42, 38, 39, 22]]], [[47, [47, 46, 48, 44]]], [[50, [50, 49, 37]]], [[45, [45]]]]]",1017.803509,"[[[[0, [4, 7, 3, 5, 6]], [11, [11]], [14, [14]], [7, [16, 12, 10, 19, 8]], [3, []], [20, [20, 29, 25, 27]], [4, []], [34, [34, 43, 24, 22]], [16, []], [5, []], [29, []], [25, []], [12, []], [19, []], [49, [49, 50, 48, 46]], [43, []], [6, []], [50, []], [27, []], [24, []], [10, []], [48, []], [8, []], [46, []], [44, [44]], [22, []]], [[0, [2, 1]], [13, [13]], [2, [18, 17, 15, 9]], [15, []], [9, []], [1, []], [23, [23, 26, 21, 28]], [37, [37, 32, 33, 31]], [32, []], [26, []], [33, []], [31, []], [30, [30, 39, 40, 42]], [39, []], [40, []], [45, [45, 35, 38, 41]], [42, []], [18, []], [35, []], [38, []], [47, [47, 36]], [41, []], [36, []], [21, []], [28, []], [17, []]]], [[[11, [11]]], [[13, [13]]], [[2, [18, 17, 15, 9]]], [[14, [14]]], [[7, [16, 12, 10]]], [[7, [19, 8]]], [[23, [23, 26, 21, 28]]], [[20, [20, 29, 25, 27]]], [[37, [37, 32, 33, 31]]], [[30, [30, 39, 40, 42]]], [[34, [34, 43, 24, 22]]], [[45, [45, 35, 38, 41]]], [[49, [49, 50, 48, 46]]], [[44, [44]], [47, [47, 36]]]]]",3.583333,3.583333,"[55.461698, 30.0, 63.245553, 33.105891, 44.72136, 50.596443, 64.498062, 21.540659, 30.265492, 41.231056, 67.082039, 23.323808]",43.756005,"{9: 130.730849, 11: 0.0, 20: 0.0, 29: 0.0, 28: 0.0, 32: 42.298221, 34: 0.0, 41: 0.0, 42: 0.0, 47: 0.0, 50: 1.81017, 45: 0.0}","{9: 0.0, 11: 110.0, 20: 3.377223, 29: 2.447055, 28: 26.370169, 32: 0.0, 34: 16.481818, 41: 2.96052, 42: 25.165475, 47: 19.682693, 50: 0.0, 45: 138.965366}",14.569937,28.787527,3.071429,3.071429,"[30.0, 72.691127, 46.647615, 62.096699, 45.607017, 45.607017, 24.33105, 63.245553, 64.776539, 48.166378, 64.498062, 23.323808, 80.622577, 74.958576]",53.326573,"{11: 74.0, 13: 43.345564, 2: 0.0, 14: 0.0, 7: 0.803509, 23: 0.0, 20: 0.0, 37: 36.042706, 30: 0.0, 34: 0.0, 45: 0.0, 49: 0.0, 47: 0.0, 44: 0.0}","{11: 0.0, 13: 0.0, 2: 8.021756, 14: 6.951651, 7: 28.52712, 23: 14.180039, 20: 3.180732, 37: 0.0, 30: 31.30508, 34: 22.554478, 45: 51.726366, 49: 61.43968, 47: 93.722568, 44: 75.609395}",11.013698,28.372776,OK,4838.49,random,C201_2.dat
test_data/data_demand_random_50_batch_all1_equal_random/C201_2.dat,4,90,2,4,861.6155281,"[[[[0, [4, 1, 3, 7]], [1, []], [4, []], [3, []], [7, []], [16, [16, 14]], [14, []], [22, [22, 18, 11]], [11, []], [26, [26, 27, 24]], [27, []], [24, []], [30, [30, 15]], [15, []], [42, [42, 35, 40, 38]], [38, []], [35, []], [18, []], [47, [47, 46, 48, 45]], [40, []], [46, []], [48, []], [44, [44, 39]], [39, []], [45, []]], [[0, [2, 5, 6]], [2, []], [9, [9]], [10, [10, 8, 12]], [8, []], [12, [17, 19, 20, 21]], [19, []], [20, []], [28, [28, 29, 23]], [21, []], [29, []], [17, []], [5, []], [34, [34, 36, 32, 31]], [36, []], [41, [41, 25, 37, 13]], [32, []], [6, []], [25, []], [50, [50, 43, 49, 33]], [37, []], [43, []], [49, []], [13, []], [31, []], [33, []], [23, []]]], [[[9, [9]]], [[10, [10, 8, 12]]], [[16, [16, 14]]], [[12, [17, 19, 20, 21]]], [[22, [22, 18, 11]]], [[26, [26, 27, 24]]], [[28, [28, 29, 23]]], [[30, [30, 15]]], [[34, [34, 36, 32, 31]]], [[42, [42, 35, 40, 38]]], [[41, [41, 25, 37, 13]]], [[50, [50, 43, 49, 33]]], [[47, [47, 46, 48, 45]]], [[44, [44, 39]]]]]",956.1655251,"[[[[0, [4, 3, 7, 6, 1]], [6, []], [1, []], [13, [13, 17, 14, 10]], [4, []], [3, []], [22, [22]], [23, [23, 21, 29]], [17, []], [7, []], [21, []], [29, []], [14, []], [34, [34, 36, 32]], [36, []], [41, [41, 39, 33]], [50, [50, 24, 27]], [32, []], [27, []], [24, []], [10, []], [48, [48, 46, 44, 45]], [46, []], [44, []], [39, []], [33, []], [45, []]], [[0, [2]], [5, [5]], [8, [8, 11, 16, 9]], [11, []], [16, []], [28, [28, 18, 15, 12, 19]], [2, [37, 31, 30, 20]], [9, []], [18, []], [38, [38, 35, 42, 40]], [35, []], [47, [47, 49, 43, 26]], [42, []], [15, []], [40, []], [30, []], [31, []], [20, []], [25, [25]], [12, []], [19, []], [49, []], [43, []], [37, []], [26, []]]], [[[13, [13, 17, 14, 10]]], [[5, [5]]], [[8, [8, 11, 16, 9]]], [[22, [22]]], [[28, [28, 18, 15, 12]]], [[28, [19]], [23, [23, 21, 29]]], [[2, [37, 31, 30, 20]]], [[34, [34, 36, 32]]], [[38, [38, 35, 42, 40]]], [[41, [41, 39, 33]]], [[50, [50, 24, 27]]], [[47, [47, 49, 43, 26]]], [[25, [25]]], [[48, [48, 46, 44, 45]]]]]",3.071429,3.071429,"[55.461698, 72.111026, 62.096699, 78.587531, 20.0, 40.0, 44.72136, 48.166378, 64.498062, 30.265492, 21.540659, 67.082039, 41.231056, 61.611687]",50.526692,"{9: 0.0, 10: 0.0, 16: 0.0, 12: 0.0, 22: 0.0, 26: 10.0, 28: 0.0, 30: 0.0, 34: 0.0, 42: 0.0, 41: 0.0, 50: 6.54102, 47: 0.615528, 44: 0.0}","{9: 5.269151, 10: 75.944487, 16: 11.951651, 12: 44.706235, 22: 77.0, 26: 0.0, 28: 22.345555, 30: 36.916811, 34: 1.390289, 42: 2.784065, 41: 4.980639, 50: 0.0, 47: 0.0, 44: 56.578628}",1.225468,24.276251,3.142857,3.142857,"[72.691127, 51.419841, 78.714675, 20.0, 44.72136, 56.616927, 46.647615, 64.498062, 51.224994, 21.540659, 67.082039, 41.231056, 76.157731, 80.622577]",55.226333,"{13: 0.0, 5: 0.0, 8: 5.357337, 22: 0.0, 28: 0.0, 23: 45.165525, 2: 0.0, 34: 0.0, 38: 0.0, 41: 0.0, 50: 0.0, 47: 9.258191, 25: 0.0, 48: 0.0}","{13: 0.654436, 5: 36.29008, 8: 0.0, 22: 33.0, 28: 27.772062, 23: 0.0, 2: 17.03353, 34: 67.916494, 38: 23.74484, 41: 4.980639, 50: 9.624505, 47: 0.0, 25: 107.305606, 48: 50.147692}",4.270075,27.033563,OK,4350.067,random,C201_2.dat
test_data/data_demand_random_50_batch_all1_equal_random/C201_2.dat,4,90,2,5,856.6155281,"[[[[0, [4, 2]], [15, [15, 13, 18, 9]], [9, []], [10, [10, 8]], [4, []], [13, []], [31, [31, 30, 27, 24]], [30, []], [42, [42, 38, 35, 40]], [38, [39]], [35, []], [18, []], [47, [47, 44, 48, 46]], [44, []], [39, []], [27, []], [24, []], [48, []], [8, []], [46, []], [2, []], [40, []]], [[0, [5, 3, 7, 1, 6]], [3, []], [6, []], [7, []], [17, [17, 14, 11, 16]], [5, []], [16, []], [14, []], [23, [23, 22, 21, 12]], [1, [29, 28, 19, 26]], [22, []], [11, []], [21, []], [29, []], [34, [34, 25, 20, 32]], [41, [41, 36, 43, 37]], [36, []], [28, []], [25, []], [50, [50, 49, 45, 33]], [20, []], [12, []], [19, []], [49, []], [43, []], [37, []], [32, []], [26, []], [33, []], [45, []]]], [[[15, [15, 13, 18, 9]]], [[17, [17, 14, 11, 16]]], [[10, [10, 8]]], [[23, [23, 22, 21, 12]]], [[1, [29, 28, 19, 26]]], [[31, [31, 30, 27, 24]]], [[34, [34, 25, 20, 32]]], [[42, [42, 38, 35, 40]]], [[41, [41, 36, 43, 37]]], [[38, [39]]], [[47, [47, 44, 48, 46]]], [[50, [50, 49, 45, 33]]]]]",918.7703296,"[[[[0, [1, 2, 6, 7, 5]], [1, []], [2, []], [6, []], [7, []], [21, [21, 14, 16]], [17, [17, 8]], [5, []], [14, []], [16, []], [28, [28]], [34, [34, 36, 29]], [36, []], [29, []], [41, [41, 40, 31, 39]], [15, [15, 10, 27, 24]], [40, []], [31, [44, 47]], [10, []], [39, []], [27, []], [24, []], [48, [48, 46, 30]], [8, []], [46, []], [44, []], [30, []], [47, []]], [[0, [4]], [9, [9, 12, 13, 3, 18, 11]], [3, []], [12, []], [20, [20]], [22, [22, 23, 26, 19]], [23, []], [11, []], [26, []], [13, []], [4, []], [38, [38, 35, 42]], [35, []], [18, []], [42, []], [45, [45, 33, 32, 25]], [33, []], [32, []], [50, [50, 49, 43, 37]], [25, []], [19, []], [49, []], [43, []], [37, []]]], [[[9, [3, 18, 11]]], [[9, [9, 12, 13]]], [[21, [21, 14, 16]], [20, [20]]], [[17, [17, 8]]], [[22, [22, 23, 26, 19]]], [[28, [28]]], [[34, [34, 36, 29]]], [[41, [41, 40, 31, 39]]], [[15, [15, 10, 27, 24]]], [[38, [38, 35, 42]]], [[45, [45, 33, 32, 25]]], [[31, [44, 47]]], [[48, [48, 46, 30]]], [[50, [50, 49, 43, 37]]]]]",3.583333,3.583333,"[33.526109, 38.626416, 72.111026, 24.33105, 23.323808, 61.05735, 64.498062, 30.265492, 21.540659, 51.224994, 41.231056, 67.082039]",44.068172,"{15: 151.763055, 17: 38.313208, 10: 0.0, 23: 0.0, 1: 0.0, 31: 20.76562, 34: 0.0, 42: 9.604071, 41: 0.0, 38: 0.0, 47: 0.482782, 50: 1.227812}","{15: 0.0, 17: 0.0, 10: 73.181433, 23: 89.147683, 1: 6.832737, 31: 0.0, 34: 21.064177, 42: 0.0, 41: 0.980639, 38: 2.436711, 47: 0.0, 50: 0.0}",18.513046,16.136948,3.142857,3.142857,"[55.461698, 55.461698, 70.266061, 38.626416, 20.0, 44.72136, 64.498062, 21.540659, 33.526109, 51.224994, 23.323808, 61.05735, 80.622577, 67.082039]",49.100917,"{9: 173.461698, 21: 54.027756, 20: 5.648498, 17: 0.0, 22: 0.0, 28: 0.0, 34: 19.221275, 41: 5.521299, 15: 0.0, 38: 0.0, 45: 0.0, 31: 0.0, 48: 0.0, 50: 0.0}","{9: 0.0, 21: 0.0, 20: 0.0, 17: 44.25285, 22: 13.379348, 28: 38.667077, 34: 0.0, 41: 0.0, 15: 71.509213, 38: 3.226192, 45: 47.717444, 31: 6.70827, 48: 19.160036, 50: 52.797077}",18.420038,21.244108,OK,4941.409,random,C201_2.dat
test_data/data_demand_random_50_batch_all1_equal_random/C201_2.dat,4,120,2,1,865.6155281,"[[[[0, [4, 3, 2, 1]], [3, []], [1, []], [2, []], [8, [8, 10, 9, 13]], [10, []], [4, []], [13, []], [23, [23]], [27, [27, 15, 18]], [9, []], [15, []], [42, [42, 38, 35, 40]], [38, [30]], [35, []], [18, []], [47, [47, 46, 48, 24]], [40, []], [46, []], [48, []], [24, []], [39, [39, 44, 45]], [44, []], [30, []], [45, []]], [[0, [5, 7, 6]], [6, []], [14, [14, 16, 12, 11]], [16, []], [5, []], [17, [17, 19, 22]], [21, [21, 20, 25]], [34, [34, 28, 36, 37, 29]], [7, []], [28, [26, 32, 31, 33]], [36, []], [29, []], [41, [41]], [32, []], [37, []], [43, [43, 49, 50]], [49, []], [19, []], [12, []], [25, []], [50, []], [20, []], [31, []], [33, []], [26, []], [11, []], [22, []]]], [[[8, [8, 10, 9, 13]]], [[14, [14, 16, 12, 11]]], [[23, [23]]], [[17, [17, 19, 22]]], [[21, [21, 20, 25]]], [[27, [27, 15, 18]]], [[34, [34, 28, 36, 37]]], [[34, [29]]], [[28, [26, 32, 31, 33]]], [[42, [42, 38, 35, 40]]], [[38, [30]]], [[41, [41]]], [[43, [43, 49, 50]]], [[47, [47, 46, 48, 24]]], [[39, [39, 44, 45]]]]]",906.3553391,"[[[[0, [2]], [2, []], [14, [14, 9, 18]], [22, [22, 20]], [20, [23]], [23, []], [9, []], [38, [38, 35, 42, 37]], [35, []], [18, []], [42, []], [45, [45, 43, 49, 50]], [26, [26, 25, 32, 41]], [37, []], [43, []], [49, []], [25, []], [50, []], [32, []], [41, []]], [[0, [1, 7, 5, 3, 6, 4]], [4, []], [1, []], [13, [13, 17, 12, 10]], [6, []], [19, [19]], [12, []], [7, []], [29, [29, 28, 21, 16]], [17, []], [28, []], [5, []], [16, []], [34, [34, 36, 11, 31, 27, 24, 8, 30]], [36, []], [21, []], [11, []], [3, []], [33, [33, 40, 15]], [31, []], [27, [39, 44, 46, 48]], [39, []], [24, []], [10, []], [44, []], [8, []], [46, []], [48, []], [30, []], [40, []], [15, []], [47, [47]]]], [[[13, [13, 17, 12, 10]]], [[14, [14, 9, 18]]], [[19, [19]], [22, [22, 20]]], [[20, [23]]], [[29, [29, 28, 21, 16]]], [[34, [34, 36, 11, 8]]], [[34, [31, 27, 24, 30]]], [[38, [38, 35, 42, 37]]], [[33, [33, 40, 15]]], [[27, [39, 44, 46, 48]]], [[45, [45, 43, 49, 50]]], [[26, [26, 25, 32, 41]]], [[47, [47]]]]]",2.866667,2.866667,"[78.714675, 62.096699, 24.33105, 38.626416, 36.055513, 70.710678, 64.498062, 64.498062, 44.72136, 30.265492, 51.224994, 21.540659, 70.710678, 41.231056, 66.603303]",51.055246,"{8: 0.0, 14: 4.048349, 23: 0.0, 17: 10.264859, 21: 70.714548, 27: 24.355339, 34: 91.153227, 28: 0.0, 42: 9.777407, 38: 0.0, 41: 5.076112, 43: 1.319518, 47: 0.482782, 39: 0.0}","{8: 5.642663, 14: 0.0, 23: 10.834475, 17: 0.0, 21: 0.0, 27: 0.0, 34: 0.0, 28: 5.390289, 42: 0.0, 38: 9.19986, 41: 0.0, 43: 0.0, 47: 0.0, 39: 66.08282}",15.513724,6.939293,3.307692,3.307692,"[72.691127, 62.096699, 82.853833, 63.245553, 33.105891, 64.498062, 64.498062, 51.224994, 41.231056, 70.710678, 23.323808, 40.0, 41.231056]",54.670063,"{13: 15.345564, 14: 4.048349, 22: 0.0, 19: 51.702786, 20: 0.0, 29: 0.0, 34: 0.0, 38: 0.0, 33: 0.0, 27: 4.30699, 45: 0.0, 26: 0.0, 47: 0.0}","{13: 0.0, 14: 0.0, 22: 33.048349, 19: 0.0, 20: 76.425573, 29: 30.215998, 34: 11.598637, 38: 9.435852, 33: 40.432821, 27: 0.0, 45: 27.386446, 26: 16.338096, 47: 134.029133}",5.800284,29.146993,OK,4932.509,random,C201_2.dat
test_data/data_demand_random_50_batch_all1_equal_random/C201_2.dat,4,120,2,2,881.0788655,"[[[[0, [1, 2]], [1, []], [9, [9, 10, 18, 8]], [10, []], [15, [15]], [18, []], [30, [30, 27, 35]], [2, []], [27, []], [31, [31, 39, 24]], [39, []], [24, []], [8, []], [46, [46, 48, 44, 38]], [48, []], [44, []], [40, [40, 42, 47]], [47, []], [35, []], [38, []], [42, []]], [[0, [4, 6, 3, 7]], [3, []], [4, []], [13, [13, 12, 11]], [6, []], [11, []], [7, []], [14, [14, 16, 21, 20]], [17, [17, 29, 5, 19, 23]], [29, []], [16, []], [5, []], [21, []], [36, [36, 28, 34, 32]], [28, []], [34, [25, 37, 33, 26]], [41, [41, 43, 22]], [32, [50, 49, 45]], [20, []], [50, []], [25, []], [12, []], [19, []], [49, []], [43, []], [37, []], [33, []], [26, []], [23, []], [22, []], [45, []]]], [[[9, [9, 10, 18, 8]]], [[13, [13, 12, 11]]], [[15, [15]]], [[14, [14, 16, 21, 20]]], [[17, [5]]], [[17, [17, 29, 19, 23]]], [[36, [36, 28, 34, 32]]], [[30, [30, 27, 35]]], [[31, [31, 39, 24]]], [[34, [25, 37, 33, 26]]], [[41, [41, 43, 22]]], [[32, [50, 49, 45]]], [[46, [46, 48, 44, 38]]], [[40, [40, 42, 47]]]]]",909.0788655,"[[[[0, [5]], [9, [9]], [5, [14, 10, 8]], [14, []], [32, [32, 33, 27, 24]], [33, []], [27, []], [39, [39, 18, 15]], [24, []], [10, []], [8, []], [46, [46, 48, 44]], [48, []], [44, []], [47, [47, 38, 35]], [18, []], [38, []], [35, []], [15, []]], [[0, [6, 7, 2, 1, 3]], [7, []], [2, []], [1, []], [3, []], [6, []], [13, [13, 11, 12, 17, 4]], [22, [22, 23, 21]], [11, []], [26, [26, 19, 16]], [23, []], [21, []], [16, [34, 20, 31, 29]], [34, []], [41, [41, 25, 36, 28]], [29, []], [17, []], [36, []], [28, [43, 37, 30, 40]], [20, []], [50, [50, 49, 45, 42]], [25, []], [12, []], [19, []], [49, []], [43, []], [37, []], [4, []], [31, []], [30, []], [45, []], [40, []], [42, []]]], [[[9, [9]]], [[5, [14, 10, 8]], [13, [4]]], [[13, [13, 11, 12, 17]]], [[22, [22, 23, 21]]], [[26, [26, 19, 16]]], [[16, [34, 20, 31, 29]]], [[32, [32, 33, 27, 24]]], [[39, [39, 18, 15]]], [[41, [41, 25, 36, 28]]], [[28, [43, 37, 30, 40]]], [[46, [46, 48, 44]]], [[50, [50, 49, 45, 42]]], [[47, [47, 38, 35]]]]]",3.142857,3.142857,"[55.461698, 72.691127, 33.526109, 62.096699, 38.626416, 38.626416, 37.363083, 48.166378, 61.05735, 64.498062, 21.540659, 50.596443, 76.157731, 39.293765]",49.97871,"{9: 90.730849, 13: 15.345564, 15: 0.0, 14: 0.0, 17: 0.0, 36: 0.0, 30: 0.0, 31: 0.797826, 34: 0.930573, 41: 0.0, 32: 4.022085, 46: 19.55019, 40: 0.0}","{9: 0.0, 13: 0.0, 15: 147.967795, 14: 31.297214, 17: 8.176895, 36: 25.664022, 30: 12.64766, 31: 0.0, 34: 0.0, 41: 0.980639, 32: 0.0, 46: 0.0, 40: 39.83554}",10.10593,20.505367,3.384615,3.384615,"[55.461698, 104.481891, 72.691127, 20.0, 40.0, 62.096699, 50.596443, 66.603303, 21.540659, 44.72136, 76.157731, 67.082039, 41.231056]",55.589539,"{9: 42.730849, 5: 0.0, 13: 0.0, 22: 0.0, 26: 0.0, 16: 0.0, 32: 60.567372, 39: 1.00343, 41: 2.77033, 28: 0.0, 46: 42.777214, 50: 0.0, 47: 0.0}","{9: 0.0, 5: 55.020929, 13: 86.231781, 22: 15.654436, 26: 7.0, 16: 3.951651, 32: 0.0, 39: 0.0, 41: 0.0, 28: 6.868991, 46: 0.0, 50: 8.22931, 47: 32.151988}",11.526861,16.546853,OK,6065.382,random,C201_2.dat
test_data/data_demand_random_50_batch_all1_equal_random/C201_2.dat,4,120,2,3,877.0788655,"[[[[0, [5]], [9, [9, 12, 14, 17, 13]], [14, [16, 15]], [17, []], [16, []], [5, []], [21, [21, 29, 25, 28]], [28, []], [29, []], [36, [36, 34, 19]], [34, []], [41, [41, 33, 40, 43]], [43, []], [25, []], [50, [50, 49, 45]], [12, []], [19, []], [49, []], [13, []], [33, []], [45, []], [15, []], [40, []]], [[0, [3, 2, 1, 7, 6, 4]], [6, []], [7, []], [4, []], [1, [20, 10, 8]], [2, []], [22, [22, 23, 24, 11]], [23, []], [11, []], [3, []], [26, [26]], [20, []], [32, [32, 37, 30, 27]], [37, []], [31, [31, 39, 35, 42]], [30, []], [39, []], [27, []], [24, []], [10, []], [46, [46, 48, 44, 38]], [8, []], [48, []], [44, []], [47, [47, 18]], [18, []], [35, []], [38, []], [42, []]]], [[[9, [12, 14, 17, 13]]], [[9, [9]]], [[14, [16, 15]]], [[1, [20, 10, 8]]], [[22, [22, 23, 24, 11]]], [[21, [21, 29, 25, 28]]], [[26, [26]]], [[32, [32, 37, 30, 27]]], [[36, [36, 34, 19]]], [[31, [31, 39, 35, 42]]], [[41, [41, 33, 40, 43]]], [[50, [50, 49, 45]]], [[46, [46, 48, 44, 38]]], [[47, [47, 18]]]]]",951.6242088,"[[[[0, [4, 2]], [13, [13, 9, 12]], [4, []], [2, []], [9, []], [22, [22, 20, 19, 26, 25]], [30, [30, 27, 24, 31]], [27, []], [24, []], [31, []], [39, [39, 33, 32, 37]], [33, []], [26, []], [45, [45, 43, 49]], [32, [6]], [20, []], [6, []], [37, []], [43, []], [49, []], [19, []], [12, []], [25, []], [50, [50, 29]], [29, []]], [[0, [5, 7, 1]], [7, [3]], [3, []], [8, [8, 11]], [10, [10, 14, 16]], [11, []], [23, [23, 17, 21]], [17, [15, 18]], [16, []], [14, []], [5, []], [34, [34, 36, 28]], [36, []], [28, []], [21, []], [41, [41, 40, 38, 35]], [40, []], [46, [46, 48, 47, 42]], [48, []], [44, [44]], [1, []], [15, []], [38, []], [35, []], [18, []], [47, []], [42, []]]], [[[13, [13, 9, 12]]], [[7, [3]]], [[8, [8, 11]]], [[10, [10, 14, 16]]], [[22, [22, 20, 19]]], [[23, [23, 17, 21]]], [[17, [15, 18]]], [[22, [26, 25]]], [[30, [30, 27, 24, 31]]], [[34, [34, 36, 28]]], [[41, [41, 40, 38, 35]]], [[39, [39, 33, 32, 37]]], [[46, [46, 48, 47, 42]]], [[44, [44]], [45, [45, 43, 49]]], [[32, [6]]], [[50, [50, 29]]]]]",3.071429,3.071429,"[55.461698, 55.461698, 62.096699, 23.323808, 20.0, 36.055513, 40.0, 50.596443, 37.363083, 61.05735, 21.540659, 67.082039, 76.157731, 41.231056]",46.244841,"{9: 173.461698, 14: 0.0, 1: 0.0, 22: 0.0, 21: 6.296907, 26: 0.0, 32: 0.0, 36: 48.653785, 31: 10.528675, 41: 1.088788, 50: 4.77069, 46: 3.55019, 47: 0.0}","{9: 0.0, 14: 31.6825, 1: 10.338096, 22: 4.0, 21: 0.0, 26: 6.0, 32: 1.701779, 36: 0.0, 31: 0.0, 41: 0.0, 50: 0.0, 46: 0.0, 47: 40.381298}",19.103903,7.238744,2.8125,2.8125,"[72.691127, 45.607017, 78.714675, 72.111026, 20.0, 24.33105, 38.626416, 20.0, 48.166378, 64.498062, 21.540659, 66.603303, 76.157731, 61.67712, 50.596443, 67.082039]",51.77519,"{13: 43.345564, 7: 0.0, 8: 0.0, 10: 11.055513, 22: 25.0, 23: 0.0, 17: 0.0, 30: 29.737625, 34: 4.193518, 41: 0.0, 39: 0.0, 46: 0.0, 45: 0.0, 44: 3.375178, 32: 0.0, 50: 0.0}","{13: 0.0, 7: 41.196491, 8: 51.839154, 10: 0.0, 22: 84.345564, 23: 19.889988, 17: 18.521267, 30: 0.0, 34: 0.0, 41: 14.478701, 39: 5.781538, 46: 15.170165, 45: 45.421285, 44: 0.0, 32: 12.457071, 50: 60.112117}",7.294212,23.075834,OK,5338.386,random,C201_2.dat
test_data/data_demand_random_50_batch_all1_equal_random/C201_2.dat,4,120,2,4,853.6155281,"[[[[0, [4, 5]], [4, []], [9, [9, 17, 16, 14]], [14, []], [29, [29, 28, 21, 20]], [17, []], [16, []], [5, []], [28, []], [34, [34, 36, 25, 37]], [36, []], [41, [41, 32, 19, 26]], [21, []], [32, []], [20, []], [50, [50, 49, 43, 33]], [25, []], [19, []], [49, []], [43, []], [37, []], [33, []], [26, []], [11, [11]]], [[0, [1, 6, 2, 7, 3]], [1, []], [13, [13, 12, 8, 10]], [12, []], [6, []], [7, []], [3, []], [23, [23, 22, 18]], [22, []], [2, []], [27, [27, 24]], [24, []], [31, [31, 15, 30]], [15, []], [42, [42, 38, 35, 39]], [38, []], [35, []], [18, []], [47, [47, 46, 40, 45]], [40, []], [46, [48, 44]], [8, []], [48, []], [10, []], [39, []], [44, []], [30, []], [45, []]]], [[[9, [9, 17, 16, 14]]], [[13, [13, 12, 8, 10]]], [[23, [23, 22, 18]]], [[29, [29, 28, 21, 20]]], [[27, [27, 24]]], [[31, [31, 15, 30]]], [[34, [34, 36, 25, 37]]], [[42, [42, 38, 35, 39]]], [[41, [41, 32, 19, 26]]], [[50, [50, 49, 43, 33]]], [[47, [47, 46, 40, 45]]], [[46, [48, 44]]], [[11, [11]]]]]",949.0509032,"[[[[0, [2, 1]], [1, []], [9, [9, 8, 11, 12]], [10, [10]], [8, []], [2, []], [12, [16, 17, 22]], [19, [19, 21, 20]], [21, []], [29, [29, 34, 28, 36]], [34, []], [16, []], [28, []], [17, []], [36, []], [41, [41, 26, 37, 33]], [11, []], [26, []], [37, []], [43, [43, 49, 25, 32]], [49, []], [25, []], [50, [50, 45]], [20, []], [32, []], [33, []], [22, []], [45, []]], [[0, [6, 5, 7, 4, 3]], [6, []], [14, [14, 18, 13, 15]], [5, []], [7, []], [23, [23]], [3, []], [4, []], [13, []], [31, [31, 24, 27, 30]], [42, [42, 38, 40]], [38, []], [35, [35, 39]], [18, []], [47, [47, 44, 48, 46]], [40, []], [44, []], [39, []], [48, []], [46, []], [24, []], [27, []], [30, []], [15, []]]], [[[9, [9, 8, 11, 12]]], [[10, [10]]], [[14, [14, 18, 13, 15]]], [[12, [16, 17, 22]], [23, [23]]], [[19, [19, 21, 20]]], [[29, [29, 34, 28, 36]]], [[31, [31, 24, 27, 30]]], [[41, [41, 26, 37, 33]]], [[42, [42, 38, 40]]], [[35, [35, 39]]], [[47, [47, 44, 48, 46]]], [[43, [43, 49, 25, 32]]], [[50, [50, 45]]]]]",3.307692,3.307692,"[55.461698, 72.691127, 24.33105, 33.105891, 70.710678, 61.05735, 64.498062, 30.265492, 21.540659, 67.082039, 41.231056, 76.157731, 30.0]",49.856372,"{9: 2.730849, 13: 39.345564, 23: 0.0, 29: 0.0, 27: 13.009775, 31: 39.173336, 34: 0.0, 42: 9.604071, 41: 0.0, 50: 13.81017, 47: 5.482782, 46: 0.0, 11: 0.0}","{9: 0.0, 13: 0.0, 23: 6.180039, 29: 16.177904, 27: 0.0, 31: 0.0, 34: 16.481818, 42: 0.0, 41: 2.96052, 50: 0.0, 47: 0.0, 46: 15.305606, 11: 71.45898}",9.473581,9.889605,3.307692,3.307692,"[55.461698, 72.111026, 62.096699, 80.094933, 82.462113, 33.105891, 61.05735, 21.540659, 30.265492, 58.137767, 41.231056, 70.710678, 67.082039]",56.565954,"{9: 2.730849, 10: 0.0, 14: 4.048349, 23: 0.0, 12: 0.0, 19: 0.0, 29: 1.822096, 31: 20.480326, 41: 0.0, 42: 9.604071, 35: 0.0, 47: 0.482782, 43: 0.0, 50: 0.0}","{9: 0.0, 10: 70.675336, 14: 0.0, 23: 46.882824, 12: 10.046858, 19: 70.499793, 29: 0.0, 31: 0.0, 41: 30.782616, 42: 0.0, 35: 3.79837, 47: 0.0, 43: 0.995977, 50: 24.780869}",2.797748,18.461617,OK,5230.959,random,C201_2.dat
test_data/data_demand_random_50_batch_all1_equal_random/C201_2.dat,8,60,2,1,869.6155281,"[[[[0, [9, 4, 3]], [9, []], [4, []], [3, []], [23, [23, 13, 15, 18, 10, 8]], [13, []], [33, [33, 31, 30, 35, 27, 24]], [31, []], [30, []], [15, []], [42, [42, 38]], [38, []], [35, []], [18, []], [47, [47, 40, 44, 39, 48, 46, 45]], [40, []], [44, []], [39, []], [27, []], [24, []], [10, []], [48, []], [8, []], [46, []], [45, []]], [[0, [5, 2, 7, 1, 6]], [5, []], [1, []], [2, []], [11, [11, 14, 16, 17, 12]], [7, []], [14, []], [16, []], [17, []], [28, [28, 29, 21, 20, 25, 19, 26, 22]], [12, []], [6, []], [41, [41, 34, 36, 32, 37, 43]], [34, []], [36, []], [29, []], [21, []], [32, [50, 49]], [20, []], [37, []], [50, []], [25, []], [19, []], [49, []], [43, []], [26, []], [22, []]]], [[[11, [11, 14, 16, 17, 12]]], [[23, [23, 13, 15, 18, 10, 8]]], [[28, [28, 29, 21, 20, 25, 19, 26, 22]]], [[33, [33, 31, 30, 35, 27, 24]]], [[41, [41, 34, 36, 32, 37, 43]]], [[42, [42, 38]]], [[47, [47, 40, 44, 39, 48, 46, 45]]], [[32, [50, 49]]]]]",869.6155281,"[[[[0, [4, 12, 6, 13, 7]], [12, []], [13, []], [4, []], [6, []], [17, [17, 21, 22, 23, 11]], [21, []], [29, [29]], [23, []], [11, []], [32, [32, 20, 14, 16, 37]], [20, []], [41, [41, 36, 34, 25, 19]], [36, []], [34, []], [14, []], [16, []], [7, [50, 49, 43]], [50, []], [25, []], [19, []], [49, []], [43, []], [37, []], [22, []]], [[0, [1, 9, 3, 5]], [9, []], [3, [2]], [1, []], [5, []], [28, [28, 26, 15, 18, 10, 8]], [26, []], [33, [33, 31, 30, 27, 24]], [31, []], [30, []], [15, []], [42, [42, 35, 40, 38]], [38, []], [35, []], [18, []], [47, [47, 44, 39, 48, 46, 45]], [2, []], [44, []], [39, []], [27, []], [24, []], [10, []], [48, []], [8, []], [46, []], [40, []], [45, []]]], [[[17, [17, 21, 22, 23, 11]]], [[3, [2]]], [[29, [29]], [28, [28, 26, 15, 18, 10, 8]]], [[33, [33, 31, 30, 27, 24]]], [[32, [32, 20, 14, 16, 37]]], [[42, [42, 35, 40, 38]]], [[41, [41, 36, 34, 25, 19]]], [[7, [50, 49, 43]]], [[47, [47, 44, 39, 48, 46, 45]]]]]",5.25,5.25,"[30.0, 24.33105, 44.72136, 41.231056, 21.540659, 30.265492, 41.231056, 50.596443]",35.489639,"{11: 0.0, 23: 0.0, 28: 0.0, 33: 36.615528, 41: 4.77033, 42: 0.0, 47: 0.0, 32: 0.0}","{11: 18.0, 23: 58.834475, 28: 11.63932, 33: 0.0, 41: 0.0, 42: 14.482782, 47: 9.0, 32: 33.472108}",5.173232,18.178586,4.555556,4.555556,"[38.626416, 34.234486, 44.744577, 41.231056, 50.596443, 30.265492, 21.540659, 45.607017, 41.231056]",38.675245,"{17: 0.0, 3: 0.0, 29: 0.0, 28: 15.439089, 33: 0.0, 32: 2.298221, 42: 0.0, 41: 0.472108, 7: 0.0, 47: 0.0}","{17: 65.686792, 3: 249.882757, 29: 2.447055, 28: 0.0, 33: 7.823561, 32: 0.0, 42: 22.306343, 41: 0.0, 7: 47.966821, 47: 16.823561}",1.820942,41.293689,OK,2952.655,random,C201_2.dat
test_data/data_demand_random_50_batch_all1_equal_random/C201_2.dat,8,60,2,2,860.6155281,"[[[[0, [4]], [4, []], [15, [15, 18, 8, 10, 11, 13, 6]], [13, []], [6, []], [11, []], [23, [23]], [30, [30, 31, 35, 24, 27]], [31, []], [42, [42, 2, 38]], [38, []], [35, []], [18, []], [47, [47, 40, 46, 48, 39, 45, 44]], [40, []], [2, []], [46, []], [8, []], [48, []], [10, []], [24, []], [27, []], [39, []], [44, []], [45, []]], [[0, [5, 1, 3, 9, 7]], [9, []], [3, []], [1, []], [22, [22, 14, 20, 12, 16, 17]], [7, []], [28, [28, 29, 21]], [17, []], [14, []], [16, []], [29, []], [21, []], [36, [36, 34, 32, 25, 19, 26]], [34, []], [5, []], [41, [41, 37, 33]], [32, [50, 49, 43]], [20, []], [50, []], [25, []], [12, []], [19, []], [49, []], [43, []], [37, []], [26, []], [33, []]]], [[[22, [22, 14, 20, 12, 16, 17]]], [[15, [15, 18, 8, 10, 11, 13, 6]]], [[28, [28, 29, 21]]], [[23, [23]]], [[36, [36, 34, 32, 25, 19, 26]]], [[30, [30, 31, 35, 24, 27]]], [[42, [42, 2, 38]]], [[41, [41, 37, 33]]], [[47, [47, 40, 46, 48, 39, 45, 44]]], [[32, [50, 49, 43]]]]]",907.7703296,"[[[[0, [4, 2, 1, 6]], [2, [9, 13, 12]], [9, []], [23, [23, 15, 18]], [22, [22, 8, 10, 24, 27, 26, 30, 33, 35]], [1, []], [30, []], [4, []], [8, []], [10, []], [24, []], [27, []], [26, [40, 38, 42]], [6, []], [12, []], [13, []], [33, []], [15, []], [40, []], [47, [47]], [18, []], [35, []], [38, []], [42, []]], [[0, [5, 3]], [3, []], [11, [11, 16, 14, 17, 7]], [7, []], [16, []], [14, []], [29, [29, 25, 20]], [17, []], [21, [28, 21, 19]], [28, []], [5, [34, 36, 31, 32, 37]], [34, []], [36, []], [41, [41, 43, 49, 50, 44, 48, 46, 45, 39]], [32, []], [37, []], [43, []], [49, []], [19, []], [25, []], [50, []], [20, []], [31, []], [39, []], [44, []], [48, []], [46, []], [45, []]]], [[[11, [11, 16, 14, 17, 7]]], [[2, [9, 13, 12]]], [[23, [23, 15, 18]]], [[22, [24, 27, 26, 30, 33, 35]]], [[22, [22, 8, 10]]], [[29, [29, 25, 20]]], [[21, [28, 21, 19]]], [[5, [34, 36, 31, 32, 37]]], [[41, [43, 49, 50, 44, 48, 46, 45, 39]]], [[26, [40, 38, 42]], [41, [41]]], [[47, [47]]]]]",4.4,4.4,"[20.0, 33.526109, 44.72136, 24.33105, 37.363083, 48.166378, 30.265492, 21.540659, 41.231056, 50.596443]",35.174163,"{22: 0.0, 15: 43.763055, 28: 15.36068, 23: 0.0, 36: 0.0, 30: 38.320135, 42: 0.049557, 41: 0.0, 47: 5.482782, 32: 0.0}","{22: 25.0, 15: 0.0, 28: 0.0, 23: 56.59753, 36: 69.679138, 30: 0.0, 42: 0.0, 41: 52.548129, 47: 0.0, 32: 7.931449}",10.297621,21.175625,4,4,"[30.0, 46.647615, 24.33105, 20.0, 20.0, 33.105891, 36.055513, 51.419841, 21.540659, 49.638292, 41.231056]",33.997265,"{11: 146.0, 2: 48.323808, 23: 8.841717, 22: 177.0, 29: 8.552945, 21: 16.580702, 5: 25.576273, 41: 93.120819, 26: 5.439279, 47: 0.0}","{11: 0.0, 2: 0.0, 23: 0.0, 22: 0.0, 29: 0.0, 21: 0.0, 5: 0.0, 41: 0.0, 26: 0.0, 47: 133.154801}",52.943554,13.31548,OK,3988.988,random,C201_2.dat
test_data/data_demand_random_50_batch_all1_equal_random/C201_2.dat,8,60,2,5,860.6155281,"[[[[0, [4, 6, 3, 2, 1]], [3, []], [2, []], [4, []], [6, []], [1, [15, 10, 8, 18, 9]], [18, []], [9, []], [15, []], [30, [30, 31, 24, 27, 35]], [31, []], [42, [42, 39, 40, 38]], [38, []], [35, []], [47, [47, 48, 46, 45, 44]], [44, []], [39, []], [27, []], [24, []], [10, []], [48, []], [8, []], [46, []], [40, []], [45, []]], [[0, [5]], [5, [14, 16, 12, 7]], [14, []], [16, []], [23, [23, 22, 19, 20, 25]], [22, [28, 29, 21, 26]], [11, [11, 13, 17]], [7, []], [28, []], [17, []], [29, [34, 36, 33, 32, 37]], [34, []], [36, []], [21, []], [32, []], [26, []], [33, [43, 49, 41, 50]], [13, []], [37, []], [43, []], [49, []], [19, []], [12, []], [25, []], [50, []], [20, []], [41, []]]], [[[5, [14, 16, 12, 7]]], [[1, [15, 10, 8, 18, 9]]], [[23, [23, 22, 19, 20, 25]]], [[22, [28, 29, 21, 26]]], [[11, [11, 13, 17]]], [[29, [34, 36, 33, 32, 37]]], [[30, [30, 31, 24, 27, 35]]], [[42, [42, 39, 40, 38]]], [[47, [47, 48, 46, 45, 44]]], [[33, [43, 49, 41, 50]]]]]",1000.2729905,"[[[[0, [6, 3, 9]], [9, []], [15, [15, 18, 11, 17, 12]], [18, []], [23, [23, 22, 21, 20, 19]], [3, []], [26, [26]], [22, [25]], [11, []], [21, [34, 36, 30, 33, 32, 37]], [17, []], [34, []], [36, []], [41, [41, 42]], [42, [49, 43, 50]], [30, []], [33, []], [32, []], [49, []], [6, []], [20, []], [37, []], [43, []], [19, []], [12, []], [25, []], [50, []]], [[0, [7, 2, 5, 1]], [7, []], [2, []], [5, [14, 16, 10, 8, 13, 4]], [14, []], [16, []], [29, [29, 28]], [28, []], [1, [31, 35, 24, 27]], [13, []], [4, []], [31, []], [47, [47, 38, 39, 48, 46, 44, 40, 45]], [35, []], [38, []], [39, []], [24, []], [10, []], [48, []], [46, []], [8, []], [44, []], [27, []], [40, []], [45, []]]], [[[5, [14, 16, 10, 8, 13, 4]]], [[15, [15, 18, 11, 17, 12]]], [[29, [29, 28]], [23, [23, 22, 21, 20, 19]]], [[26, [26]]], [[22, [25]]], [[1, [31, 35, 24, 27]]], [[21, [34, 36, 30, 33, 32, 37]]], [[41, [41, 42]]], [[42, [49, 43, 50]]], [[47, [47, 38, 39, 48, 46, 44, 40, 45]]]]]",4.4,4.4,"[51.419841, 23.323808, 24.33105, 20.0, 30.0, 33.105891, 48.166378, 30.265492, 41.231056, 41.231056]",34.307457,"{5: 140.70992, 1: 0.0, 23: 17.455605, 22: 0.0, 11: 4.165525, 29: 0.0, 30: 19.083189, 42: 0.049557, 47: 5.482782, 33: 4.284478}","{5: 0.0, 1: 71.338096, 23: 0.0, 22: 15.165525, 11: 0.0, 29: 9.778105, 30: 0.0, 42: 0.0, 47: 0.0, 33: 0.0}",19.123106,9.628173,4.3,4.3,"[51.419841, 33.526109, 46.438516, 40.0, 20.0, 23.323808, 36.055513, 21.540659, 30.265492, 41.231056]",34.380099,"{5: 0.0, 15: 0.0, 23: 0.0, 29: 41.849433, 26: 0.0, 22: 6.402379, 1: 0.0, 21: 0.0, 41: 0.0, 42: 0.0, 47: 2.766095}","{5: 43.29008, 15: 21.236945, 23: 2.834475, 29: 0.0, 26: 20.0, 22: 0.0, 1: 12.187529, 21: 19.374622, 41: 37.632049, 42: 11.269633, 47: 0.0}",4.637992,15.256848,OK,3441.145,random,C201_2.dat
test_data/data_demand_random_50_batch_all1_equal_random/C201_2.dat,8,90,2,1,848.6155281,"[[[[0, [6, 5, 1, 2]], [6, []], [10, [10]], [9, [9, 17, 16, 14, 12]], [2, []], [1, []], [22, [22, 28, 29, 21, 20, 25, 19, 26]], [28, []], [17, []], [16, []], [5, []], [14, []], [34, [34]], [41, [41, 36, 32, 43, 37, 33]], [36, []], [29, []], [21, []], [32, []], [20, []], [50, [50, 49]], [25, []], [12, []], [19, []], [49, []], [43, []], [37, []], [33, []], [26, []]], [[0, [7, 3, 4]], [7, []], [4, []], [13, [13]], [3, [18, 8, 23, 11, 15]], [11, []], [23, []], [24, [24, 27]], [27, []], [31, [31, 30]], [15, []], [42, [42, 38, 35, 40, 39]], [38, []], [35, []], [18, []], [47, [47, 46, 48, 44, 45]], [40, []], [46, []], [8, []], [48, []], [39, []], [44, []], [30, []], [45, []]]], [[[10, [10]]], [[13, [13]]], [[3, [18, 8, 23, 11, 15]]], [[9, [9, 17, 16, 14, 12]]], [[22, [22, 28, 29, 21, 20, 25, 19, 26]]], [[24, [24, 27]]], [[31, [31, 30]]], [[34, [34]]], [[42, [42, 38, 35, 40, 39]]], [[41, [41, 36, 32, 43, 37, 33]]], [[47, [47, 46, 48, 44, 45]]], [[50, [50, 49]]]]]",,None,3.583333,3.583333,"[72.111026, 72.691127, 34.234486, 55.461698, 20.0, 78.102497, 61.05735, 64.498062, 30.265492, 21.540659, 41.231056, 67.082039]",51.522958,"{10: 0.0, 13: 0.0, 3: 52.117243, 9: 0.0, 22: 0.0, 24: 5.934006, 31: 45.477427, 34: 0.0, 42: 9.604071, 41: 0.0, 47: 5.482782, 50: 0.0}","{10: 62.944487, 13: 56.654436, 3: 0.0, 9: 10.213638, 22: 9.0, 24: 0.0, 31: 0.0, 34: 58.750969, 42: 0.0, 41: 5.964178, 47: 0.0, 50: 36.45898}",9.884627,19.998891,,,[],,{},{},,,OK,5348.936,random,C201_2.dat
test_data/data_demand_random_50_batch_all1_equal_random/C201_2.dat,8,90,2,2,848.6155281,"[[[[0, [3, 1, 7, 2]], [7, []], [11, [11, 10, 9]], [1, []], [9, []], [22, [22]], [3, [26, 24, 27, 18, 8]], [26, []], [10, []], [24, []], [27, []], [31, [31, 30]], [30, []], [42, [42, 38, 35, 40, 39]], [38, []], [35, []], [18, []], [47, [47, 46, 48, 45, 44]], [40, []], [44, []], [39, []], [48, []], [8, []], [46, []], [2, []], [45, []]], [[0, [6, 4]], [13, [13]], [4, []], [15, [15, 14, 16, 17, 12, 5]], [14, []], [21, [21, 23]], [16, []], [5, []], [34, [34, 36, 28, 29, 20, 25, 19]], [36, []], [17, []], [28, []], [29, []], [41, [41, 37, 32, 33]], [6, []], [20, []], [50, [50, 49, 43]], [25, []], [19, []], [12, []], [49, []], [43, []], [37, []], [32, []], [33, []], [23, []]]], [[[11, [11, 10, 9]]], [[13, [13]]], [[15, [15, 14, 16, 17, 12, 5]]], [[22, [22]]], [[21, [21, 23]]], [[3, [26, 24, 27, 18, 8]]], [[31, [31, 30]]], [[34, [34, 36, 28, 29, 20, 25, 19]]], [[42, [42, 38, 35, 40, 39]]], [[41, [41, 37, 32, 33]]], [[47, [47, 46, 48, 45, 44]]], [[50, [50, 49, 43]]]]]",,None,3.666667,3.666667,"[30.0, 72.691127, 33.526109, 20.0, 36.055513, 34.234486, 61.05735, 64.498062, 30.265492, 21.540659, 41.231056, 67.082039]",42.681824,"{11: 2.0, 13: 43.345564, 15: 0.0, 22: 0.0, 21: 0.0, 3: 42.117243, 31: 0.0, 34: 1.903467, 42: 0.0, 41: 0.0, 47: 2.498285, 50: 22.291989}","{11: 0.0, 13: 0.0, 15: 20.582509, 22: 31.0, 21: 119.317807, 3: 0.0, 31: 12.588568, 34: 0.0, 42: 2.984497, 41: 14.478701, 47: 0.0, 50: 0.0}",9.513046,16.746007,,,[],,{},{},,,OK,4072.771,random,C201_2.dat
test_data/data_demand_random_50_batch_all1_equal_random/C201_2.dat,8,90,2,3,856.6155281,"[[[[0, [3, 1, 4, 2]], [4, []], [2, []], [1, []], [15, [15, 10, 8, 13, 18]], [10, []], [8, []], [13, []], [3, []], [31, [31, 24, 27, 30]], [30, []], [42, [42, 38, 35, 39, 40]], [38, []], [35, []], [18, []], [47, [47, 48, 46, 44]], [46, []], [48, []], [24, []], [27, []], [39, []], [44, []], [40, []]], [[0, [6, 7, 5]], [9, [9]], [14, [14, 11, 12, 16, 17]], [5, []], [16, []], [7, []], [23, [23, 21, 28, 22]], [21, []], [28, []], [17, []], [34, [34, 36, 29, 20, 25, 26, 33]], [36, []], [29, []], [41, [41, 37, 19]], [22, []], [11, []], [26, []], [37, []], [6, []], [20, []], [50, [50, 49, 43, 32, 45]], [25, []], [12, []], [19, []], [49, []], [43, []], [32, []], [33, []], [45, []]]], [[[9, [9]]], [[15, [15, 10, 8, 13, 18]]], [[14, [14, 11, 12, 16, 17]]], [[23, [23, 21, 28, 22]]], [[31, [31, 24, 27, 30]]], [[34, [34, 36, 29, 20, 25, 26, 33]]], [[42, [42, 38, 35, 39, 40]]], [[41, [41, 37, 19]]], [[50, [50, 49, 43, 32, 45]]], [[47, [47, 48, 46, 44]]]]]",,None,4.3,4.3,"[55.461698, 33.526109, 62.096699, 24.33105, 61.05735, 64.498062, 30.265492, 21.540659, 67.082039, 41.231056]",46.109022,"{9: 42.730849, 15: 0.0, 14: 0.0, 23: 0.0, 31: 5.528675, 34: 2.518182, 42: 9.604071, 41: 5.521299, 50: 0.0, 47: 5.482782}","{9: 0.0, 15: 12.236945, 14: 31.6825, 23: 9.565324, 31: 0.0, 34: 0.0, 42: 0.0, 41: 0.0, 50: 3.22931, 47: 0.0}",7.138586,5.671408,,,[],,{},{},,,OK,3002.514,random,C201_2.dat
test_data/data_demand_random_50_batch_all1_equal_random/C201_2.dat,8,90,2,4,872.0788655,"[[[[0, [1, 7, 5]], [7, []], [11, [11, 14, 16, 17, 12]], [1, []], [15, [15, 21, 19]], [14, []], [16, []], [21, []], [28, [28, 34, 36, 29, 25, 37, 31, 30]], [5, []], [34, []], [36, []], [17, []], [29, []], [41, [41, 32, 43, 40]], [32, []], [50, [50, 49, 45]], [25, []], [12, []], [19, []], [49, []], [43, []], [37, []], [31, []], [30, []], [40, []], [45, []]], [[0, [2, 4, 6, 3]], [2, []], [9, [9, 13, 10, 8, 18]], [4, []], [13, []], [6, []], [20, [20, 22, 23, 26, 27, 24]], [22, []], [3, []], [23, []], [26, []], [33, [33, 39, 35, 38, 42]], [39, []], [27, []], [24, []], [10, []], [46, [46, 48, 44, 47]], [8, []], [48, []], [44, []], [47, []], [18, []], [35, []], [38, []], [42, []]]], [[[11, [11, 14, 16, 17, 12]]], [[9, [9, 13, 10, 8, 18]]], [[15, [15, 21, 19]]], [[20, [20, 22, 23, 26, 27, 24]]], [[28, [28, 34, 36, 29, 25, 37, 31, 30]]], [[33, [33, 39, 35, 38, 42]]], [[41, [41, 32, 43, 40]]], [[50, [50, 49, 45]]], [[46, [46, 48, 44, 47]]]]]",900.0788655,"[[[[0, [2, 3, 1]], [3, []], [1, []], [9, [9, 11, 10, 8, 16, 18, 15]], [11, []], [21, [21, 20]], [16, []], [20, []], [32, [32]], [26, [26, 27, 24, 30, 31]], [30, []], [31, [39, 35, 38, 42]], [39, []], [27, []], [24, []], [10, []], [46, [46, 48, 44, 47, 45]], [48, []], [8, []], [44, []], [2, []], [47, []], [18, []], [35, []], [38, []], [42, []], [15, []], [45, []]], [[0, [7, 4, 5, 6]], [4, []], [7, []], [22, [22, 13, 14, 17, 12]], [23, [23, 19]], [13, []], [6, []], [12, []], [28, [28, 29, 25]], [5, []], [14, []], [34, [34, 36, 41, 43, 37, 33, 40]], [36, []], [17, []], [29, []], [41, []], [50, [50, 49]], [25, []], [19, []], [49, []], [43, []], [37, []], [33, []], [40, []]]], [[[22, [22, 13, 14, 17, 12]]], [[9, [9, 11, 10, 8, 16, 18, 15]]], [[23, [23, 19]], [21, [21, 20]]], [[28, [28, 29, 25]]], [[32, [32]]], [[26, [26, 27, 24, 30, 31]]], [[34, [34, 36, 41, 43, 37, 33, 40]]], [[31, [39, 35, 38, 42]]], [[50, [50, 49]]], [[46, [46, 48, 44, 47, 45]]]]]",4.777778,4.777778,"[30.0, 55.461698, 33.526109, 63.245553, 44.72136, 41.231056, 21.540659, 67.082039, 76.157731]",48.107356,"{11: 90.0, 9: 82.730849, 15: 33.763055, 20: 0.0, 28: 0.0, 33: 41.884679, 41: 0.0, 50: 0.777965, 46: 11.463337}","{11: 0.0, 9: 0.0, 15: 0.0, 20: 1.108073, 28: 15.402375, 33: 0.0, 41: 35.992725, 50: 0.0, 46: 0.0}",28.957765,5.833686,4.3,4.3,"[20.0, 55.461698, 47.310524, 44.72136, 50.596443, 40.0, 64.498062, 61.05735, 67.082039, 76.157731]",52.688521,"{22: 48.0, 9: 62.730849, 23: 0.0, 21: 0.0, 28: 0.0, 32: 0.0, 26: 0.0, 34: 1.249031, 31: 0.0, 50: 0.0, 46: 3.348016}","{22: 0.0, 9: 0.0, 23: 10.834475, 21: 54.730849, 28: 96.63932, 32: 23.432628, 26: 0.370169, 34: 0.0, 31: 1.471325, 50: 32.708011, 46: 0.0}",10.484354,20.01698,OK,4446.842,random,C201_2.dat
test_data/data_demand_random_50_batch_all1_equal_random/C201_2.dat,8,90,2,5,872.0788655,"[[[[0, [7, 6]], [9, [9, 14, 8, 18, 16, 17]], [14, []], [16, []], [17, []], [7, []], [6, []], [32, [32, 26, 27, 24, 31, 30]], [26, []], [31, [35, 39, 38, 42]], [30, []], [39, []], [27, []], [24, []], [46, [46, 48, 44, 47]], [48, []], [8, []], [44, []], [47, []], [18, []], [35, []], [38, []], [42, []]], [[0, [1, 2, 3, 4, 5]], [3, []], [4, []], [2, []], [10, [10, 11]], [13, [13, 12]], [22, [22]], [11, []], [1, [15, 23, 20, 25, 29, 21, 28]], [23, []], [29, []], [21, []], [28, [19, 34, 36]], [5, []], [34, []], [36, []], [41, [41, 43, 37, 40, 33]], [20, []], [12, []], [25, []], [50, [50, 49, 45]], [19, []], [49, []], [43, []], [37, []], [33, []], [45, []], [40, []], [15, []]]], [[[9, [9, 14, 8, 18, 16, 17]]], [[10, [10, 11]]], [[13, [13, 12]]], [[22, [22]]], [[1, [15, 23, 20, 25, 29, 21, 28]]], [[28, [19, 34, 36]]], [[32, [32, 26, 27, 24, 31, 30]]], [[31, [35, 39, 38, 42]]], [[41, [41, 43, 37, 40, 33]]], [[50, [50, 49, 45]]], [[46, [46, 48, 44, 47]]]]]",909,"[[[[0, [5, 2, 6, 4, 1]], [13, [13, 11, 10, 8]], [2, []], [1, []], [28, [28, 26, 27, 24, 18]], [5, []], [11, []], [26, []], [6, []], [4, []], [31, [31, 30, 39, 40, 35, 38, 42]], [30, []], [39, []], [27, []], [24, []], [10, []], [46, [46, 48, 44, 47]], [48, []], [8, []], [44, []], [40, []], [47, []], [18, []], [35, []], [38, []], [42, []]], [[0, [7, 3]], [9, [9, 14, 16, 17, 12, 15]], [15, []], [22, [22]], [21, [21, 29, 25, 19, 20, 23]], [14, []], [16, []], [34, [34]], [41, [41, 36, 43, 37, 32, 33]], [36, []], [7, []], [17, []], [29, []], [50, [50, 49, 45]], [25, []], [12, []], [19, []], [49, []], [43, []], [37, []], [20, []], [32, []], [33, []], [3, []], [23, []], [45, []]]], [[[13, [13, 11, 10, 8]]], [[9, [9, 14, 16, 17, 12, 15]]], [[22, [22]], [28, [28, 26, 27, 24, 18]]], [[21, [21, 29, 25, 19, 20, 23]]], [[34, [34]]], [[41, [41, 36, 43, 37, 32, 33]]], [[31, [31, 30, 39, 40, 35, 38, 42]]], [[50, [50, 49, 45]]], [[46, [46, 48, 44, 47]]]]]",3.909091,3.909091,"[55.461698, 72.111026, 72.691127, 20.0, 23.323808, 44.72136, 50.596443, 61.05735, 21.540659, 67.082039, 76.157731]",51.340295,"{9: 130.730849, 10: 0.0, 13: 0.0, 22: 0.0, 1: 0.0, 28: 18.36068, 32: 0.0, 31: 17.797826, 41: 0.0, 50: 0.18034, 46: 3.55019}","{9: 0.0, 10: 54.944487, 13: 9.598924, 22: 58.0, 1: 4.338096, 28: 0.0, 32: 2.432628, 31: 0.0, 41: 12.59035, 50: 0.0, 46: 0.0}",15.510899,12.900408,4.777778,4.777778,"[72.691127, 55.461698, 52.36068, 36.055513, 64.498062, 21.540659, 61.05735, 67.082039, 76.157731]",56.322762,"{13: 43.345564, 9: 130.730849, 22: 61.269151, 28: 82.654436, 21: 0.0, 34: 0.0, 41: 0.0, 31: 0.0, 50: 0.0, 46: 0.0}","{13: 0.0, 9: 0.0, 22: 0.0, 28: 0.0, 21: 26.972244, 34: 38.750969, 41: 21.22967, 31: 1.222294, 50: 16.45898, 46: 17.921134}",31.8,12.255529,OK,4901.688,random,C201_2.dat
test_data/data_demand_random_50_batch_all1_equal_random/C201_2.dat,8,120,2,1,876.0788655,"[[[[0, [5, 3]], [9, [9, 8, 10]], [5, []], [14, [18, 14, 17]], [17, [28, 29, 21, 24, 27]], [28, []], [29, []], [21, []], [3, []], [31, [31]], [24, []], [39, [39, 30, 40, 35, 38, 42]], [27, []], [30, []], [46, [46, 48, 44, 47]], [8, []], [48, []], [10, []], [44, []], [40, []], [47, []], [18, []], [35, []], [38, []], [42, []]], [[0, [4, 6, 2, 1, 7]], [13, [13]], [4, []], [6, []], [23, [23, 15, 22, 20, 19, 16, 11, 12]], [2, []], [1, []], [15, []], [7, []], [36, [36, 34]], [16, []], [34, []], [41, [41, 32, 25, 37, 26, 33]], [22, []], [11, []], [32, []], [20, []], [50, [50, 49, 43, 45]], [25, []], [12, []], [19, []], [49, []], [43, []], [37, []], [26, []], [33, []], [45, []]]], [[[13, [13]]], [[9, [9, 8, 10]]], [[23, [23, 15, 22, 20, 19, 16, 11, 12]]], [[14, [18, 14, 17]]], [[17, [28, 29, 21, 24, 27]]], [[36, [36, 34]]], [[31, [31]]], [[39, [39, 30, 40, 35, 38, 42]]], [[41, [41, 32, 25, 37, 26, 33]]], [[50, [50, 49, 43, 45]]], [[46, [46, 48, 44, 47]]]]]",892.3112887,"[[[[0, [6]], [6, []], [13, [13]], [9, [9, 15, 12, 17]], [15, []], [24, [24, 26, 23, 20, 25, 19, 22]], [26, []], [33, [33]], [23, []], [41, [41, 34, 36, 43, 37, 32]], [34, []], [36, []], [17, []], [20, []], [50, [50, 49, 45]], [25, []], [12, []], [19, []], [49, []], [43, []], [37, []], [32, []], [22, []], [45, []]], [[0, [2, 4, 7, 5, 1]], [3, [3, 10, 11, 8]], [2, []], [10, []], [4, [16, 14, 18]], [11, []], [7, []], [28, [28, 29, 21, 27]], [16, []], [14, []], [5, []], [29, []], [21, []], [1, []], [30, [30, 31, 40, 38, 35, 42, 39]], [31, []], [27, []], [39, []], [48, [48, 46, 44, 47]], [8, []], [46, []], [44, []], [40, []], [38, []], [35, []], [18, []], [47, []], [42, []]]], [[[3, [3, 10, 11, 8]], [13, [13]]], [[9, [9, 15, 12, 17]]], [[4, [16, 14, 18]]], [[28, [28, 29, 21, 27]]], [[24, [24, 26, 23, 20, 25, 19, 22]]], [[33, [33]]], [[30, [30, 31, 40, 38, 35, 42, 39]]], [[41, [41, 34, 36, 43, 37, 32]]], [[50, [50, 49, 45]]], [[48, [48, 46, 44, 47]]]]]",3.909091,3.909091,"[72.691127, 55.461698, 24.33105, 62.096699, 38.626416, 37.363083, 61.05735, 66.603303, 21.540659, 67.082039, 76.157731]",53.001014,"{13: 43.345564, 9: 42.730849, 23: 17.819961, 14: 0.0, 17: 19.582359, 36: 0.0, 31: 0.0, 39: 8.988444, 41: 0.0, 50: 0.0, 46: 6.777214}","{13: 0.0, 9: 0.0, 23: 0.0, 14: 87.6825, 17: 0.0, 36: 22.483983, 31: 30.784533, 39: 0.0, 41: 24.553312, 50: 28.624505, 46: 0.0}",12.658581,17.648076,4.4,4.4,"[72.698191, 55.461698, 68.35203, 44.72136, 78.102497, 41.231056, 48.166378, 21.540659, 67.082039, 80.622577]",57.797849,"{3: 68.117243, 13: 0.0, 9: 0.0, 4: 0.0, 28: 11.243437, 24: 6.051248, 33: 0.0, 30: 0.0, 41: 0.0, 50: 0.0, 48: 7.950609}","{3: 0.0, 13: 2.820499, 9: 58.269151, 4: 41.941228, 28: 0.0, 24: 0.0, 33: 14.43572, 30: 26.277491, 41: 3.280919, 50: 46.510229, 48: 0.0}",8.487503,17.594112,OK,4511.097,random,C201_2.dat
test_data/data_demand_random_50_batch_all1_equal_random/C201_2.dat,8,120,2,2,848.6155281,"[[[[0, [4, 6, 7]], [4, [3, 13, 12, 1]], [13, []], [1, []], [15, [15]], [22, [22, 23, 14, 16, 20, 19, 17, 21]], [3, []], [23, []], [14, []], [16, []], [34, [34, 33, 32, 37, 25, 29, 28, 36]], [33, []], [32, []], [20, []], [6, []], [37, []], [43, [43, 49, 50, 41]], [49, []], [19, []], [12, []], [25, []], [50, []], [7, []], [28, []], [17, []], [36, []], [21, []], [29, []], [41, []]], [[0, [2, 5]], [5, []], [2, []], [9, [9, 18, 8, 10, 11]], [11, []], [26, [26, 24, 27]], [24, []], [27, []], [31, [31]], [42, [42, 38, 35, 40, 39, 30]], [38, []], [35, []], [18, []], [47, [47, 46, 48, 44, 45]], [40, []], [46, []], [8, []], [48, []], [10, []], [39, []], [44, []], [30, []], [45, []]]], [[[4, [3, 13, 12, 1]]], [[15, [15]]], [[9, [9, 18, 8, 10, 11]]], [[22, [22, 23, 14, 16, 20, 19, 17, 21]]], [[26, [26, 24, 27]]], [[34, [34, 33, 32, 37, 25, 29, 28, 36]]], [[31, [31]]], [[42, [42, 38, 35, 40, 39, 30]]], [[43, [43, 49, 50, 41]]], [[47, [47, 46, 48, 44, 45]]]]]",933,"[[[[0, [1, 6, 5, 7]], [1, [27, 24, 4, 13, 8, 10, 17, 11, 12]], [7, []], [17, []], [5, []], [15, [15]], [8, []], [10, []], [27, []], [24, []], [13, []], [26, [26, 20, 23, 28, 25, 19, 29]], [11, []], [32, [32, 37, 31, 33, 34, 36]], [20, []], [6, []], [37, []], [4, []], [31, []], [33, []], [23, []], [29, []], [36, []], [34, []], [28, []], [50, [50, 49, 43]], [25, []], [12, []], [19, []], [49, []], [43, []]], [[0, []], [14, [14, 9, 16, 18, 3, 2]], [21, [21, 22]], [16, []], [22, []], [3, []], [2, []], [9, []], [18, []], [35, [35, 38, 40, 39, 42, 30, 41]], [38, []], [42, []], [47, [47, 44, 46, 48, 45]], [40, []], [30, []], [39, []], [44, []], [46, []], [48, []], [45, []], [41, []]]], [[[1, [27, 24, 13, 8, 10, 17, 11, 12]]], [[1, [4]]], [[15, [15]], [14, [14, 9, 16, 18, 3, 2]]], [[21, [21, 22]]], [[26, [26, 20, 23, 28, 25, 19, 29]]], [[32, [32, 37, 31, 33, 34, 36]]], [[35, [35, 38, 40, 39, 42, 30, 41]]], [[47, [47, 44, 46, 48, 45]]], [[50, [50, 49, 43]]]]]",4.5,4.5,"[68.35203, 33.526109, 55.461698, 20.0, 40.0, 64.498062, 61.05735, 30.265492, 70.710678, 41.231056]",48.510248,"{4: 35.176015, 15: 0.0, 9: 0.0, 22: 0.0, 26: 34.0, 34: 14.073016, 31: 0.0, 42: 4.132746, 43: 0.0, 47: 5.482782}","{4: 0.0, 15: 40.41296, 9: 17.269151, 22: 5.176015, 26: 0.0, 34: 0.0, 31: 5.471325, 42: 0.0, 43: 0.893692, 47: 0.0}",9.286456,6.922314,5.111111,5.111111,"[23.323808, 23.323808, 95.613078, 36.055513, 40.0, 50.596443, 58.137767, 41.231056, 67.082039]",48.373723,"{1: 334.661904, 15: 0.0, 14: 177.036569, 21: 0.0, 26: 0.0, 32: 0.0, 35: 0.0, 47: 0.0, 50: 0.0}","{1: 20.338096, 15: 13.236945, 14: 0.0, 21: 16.923894, 26: 59.0, 32: 13.701779, 35: 19.967685, 47: 8.421041, 50: 143.45898}",56.855386,32.783158,OK,4664.978,random,C201_2.dat
test_data/data_demand_random_50_batch_all1_equal_random/C201_2.dat,8,120,2,3,856.6155281,"[[[[0, []], [11, [11, 15, 1, 12, 13, 18, 8, 10]], [12, []], [19, [19]], [13, []], [1, []], [31, [31, 30, 35, 27]], [30, []], [42, [42, 38, 24]], [38, []], [35, []], [18, []], [47, [47, 46, 48, 39, 44, 40]], [46, []], [8, []], [48, []], [10, []], [24, []], [27, []], [39, []], [44, []], [40, []], [15, []]], [[0, [2, 6, 3, 4, 7, 5]], [3, []], [4, []], [2, []], [9, [9, 17, 16, 14]], [23, [23, 22, 21]], [22, []], [7, []], [21, []], [29, [29, 28, 25, 26, 20]], [17, []], [28, []], [16, []], [14, []], [34, [34]], [5, []], [36, [41, 43, 32, 33, 36, 37]], [41, []], [20, []], [6, []], [37, []], [43, []], [49, [49, 50, 45]], [25, []], [50, []], [32, []], [26, []], [33, []], [45, []]]], [[[9, [9, 17, 16, 14]]], [[11, [11, 15, 1, 12, 13, 18, 8, 10]]], [[23, [23, 22, 21]]], [[19, [19]]], [[29, [29, 28, 25, 26, 20]]], [[31, [31, 30, 35, 27]]], [[34, [34]]], [[42, [42, 38, 24]]], [[36, [41, 43, 32, 33, 36, 37]]], [[47, [47, 46, 48, 39, 44, 40]]], [[49, [49, 50, 45]]]]]",,None,4,4,"[55.461698, 30.0, 24.33105, 82.462113, 33.105891, 61.05735, 64.498062, 30.265492, 37.363083, 41.231056, 80.622577]",49.127125,"{9: 2.730849, 11: 162.0, 23: 0.0, 19: 40.231056, 29: 0.0, 31: 18.297619, 34: 0.0, 42: 9.604071, 36: 25.950692, 47: 5.482782, 49: 5.629747}","{9: 0.0, 11: 0.0, 23: 25.565324, 19: 0.0, 29: 9.177904, 31: 0.0, 34: 9.481818, 42: 0.0, 36: 0.0, 47: 0.0, 49: 0.0}",24.538802,4.020459,,,[],,{},{},,,OK,3624.415,random,C201_2.dat
test_data/data_demand_random_50_batch_all1_equal_random/C201_2.dat,8,120,2,5,868.3112887,"[[[[0, [3, 2, 6, 7]], [3, []], [2, []], [9, [9]], [15, [15, 13, 12, 17, 16, 11]], [13, []], [6, []], [12, []], [7, [19, 25, 20, 26]], [17, []], [36, [36, 29, 21, 28, 34]], [29, []], [21, []], [28, []], [16, []], [34, []], [41, [41, 32, 37, 43, 31, 30, 33]], [32, []], [37, []], [43, []], [49, [49, 50]], [19, []], [25, []], [50, []], [20, []], [31, []], [30, []], [33, []], [26, []], [11, []]], [[0, [4, 1, 5]], [4, []], [8, [8, 10, 14, 18]], [10, []], [1, []], [23, [23, 22]], [22, []], [5, []], [14, []], [38, [38, 35, 42, 40, 39, 27, 24]], [35, []], [18, []], [42, []], [47, [47, 44, 48, 46, 45]], [40, []], [44, []], [39, []], [27, []], [24, []], [48, []], [46, []], [45, []]]], [[[9, [9]]], [[8, [8, 10, 14, 18]]], [[15, [15, 13, 12, 17, 16, 11]]], [[23, [23, 22]]], [[7, [19, 25, 20, 26]]], [[36, [36, 29, 21, 28, 34]]], [[38, [38, 35, 42, 40, 39, 27, 24]]], [[41, [41, 32, 37, 43, 31, 30, 33]]], [[47, [47, 44, 48, 46, 45]]], [[49, [49, 50]]]]]",900.7703296,"[[[[0, [7, 5, 1, 3]], [5, []], [1, [2, 11]], [3, []], [11, []], [7, []], [14, [14, 18, 17, 10, 8, 15]], [16, [16, 22, 21]], [21, []], [22, []], [28, [28]], [34, [34, 36, 29]], [36, []], [17, []], [29, []], [41, [41, 38, 35, 40, 42]], [15, []], [42, []], [38, []], [35, []], [18, []], [47, [47, 44, 48, 46, 45]], [40, []], [2, []], [44, []], [10, []], [48, []], [8, []], [46, []], [45, []]], [[0, [6, 4]], [9, [9, 12, 13]], [23, [23]], [13, []], [6, []], [20, [20, 19, 25, 27, 26]], [4, []], [30, [30, 24, 32, 37, 31]], [24, []], [33, [33, 43, 39]], [32, []], [37, []], [43, []], [49, [49, 50]], [19, []], [12, []], [25, []], [50, []], [31, []], [27, []], [39, []], [26, []]]], [[[9, [9, 12, 13]]], [[1, [2, 11]]], [[14, [14, 18, 17, 10, 8, 15]]], [[23, [23]], [16, [16, 22, 21]]], [[20, [20, 19, 25, 27, 26]]], [[28, [28]]], [[30, [30, 24, 32, 37, 31]]], [[34, [34, 36, 29]]], [[41, [41, 38, 35, 40, 42]]], [[33, [33, 43, 39]]], [[47, [47, 44, 48, 46, 45]]], [[49, [49, 50]]]]]",4.3,4.3,"[55.461698, 78.714675, 33.526109, 24.33105, 45.607017, 37.363083, 51.224994, 21.540659, 41.231056, 80.622577]",46.962292,"{9: 0.0, 8: 54.357337, 15: 0.0, 23: 0.0, 7: 0.0, 36: 37.681542, 38: 17.25516, 41: 0.0, 47: 1.003031, 49: 0.629747}","{9: 25.269151, 8: 0.0, 15: 5.236945, 23: 37.191812, 7: 24.196491, 36: 0.0, 38: 0.0, 41: 30.911212, 47: 0.0, 49: 0.0}",11.092682,12.280561,3.666667,3.666667,"[55.461698, 23.323808, 62.096699, 75.462905, 63.245553, 44.72136, 48.166378, 64.498062, 21.540659, 41.231056, 41.231056, 80.622577]",51.800151,"{9: 42.730849, 1: 0.0, 14: 0.0, 23: 62.434676, 16: 2.897663, 20: 7.457252, 28: 0.0, 30: 0.0, 34: 18.609711, 41: 0.262956, 33: 0.0, 47: 0.0, 49: 1.688512}","{9: 0.0, 1: 31.338096, 14: 64.951651, 23: 0.0, 16: 0.0, 20: 0.0, 28: 44.536983, 30: 7.539587, 34: 0.0, 41: 0.0, 33: 30.007248, 47: 60.154801, 49: 0.0}",10.467817,18.348336,OK,3020.172,random,C201_2.dat
test_data/data_demand_random_50_batch_all1_equal_cluster/C201_3.dat,4,60,2,1,1098.298221,"[[[[0, []], [6, [6, 17, 18, 11]], [11, []], [17, [27, 19, 20, 26]], [27, []], [18, []], [19, []], [38, [38, 36, 37, 39]], [36, []], [37, []], [39, []], [20, [43, 45, 28, 35]], [43, []], [45, []], [26, []], [28, [46, 50, 33, 32]], [46, []], [50, []], [35, []], [33, []], [32, []]], [[0, [5, 1, 4, 3, 2]], [7, [7, 8, 9, 12]], [8, []], [1, []], [4, []], [3, []], [9, []], [12, []], [2, []], [14, [14, 15, 21, 10]], [15, []], [22, [22, 24, 25, 23]], [24, []], [5, [29, 34, 31, 30, 16, 13]], [29, []], [34, []], [31, []], [30, []], [25, []], [23, []], [21, []], [16, [44, 40, 41, 42]], [40, []], [44, []], [41, []], [42, []], [10, []], [13, [47, 48, 49]], [47, []], [48, []], [49, []]]], [[[6, [6, 17, 18, 11]]], [[7, [7, 8, 9, 12]]], [[14, [14, 15, 21, 10]]], [[17, [27, 19, 20, 26]]], [[22, [22, 24, 25, 23]]], [[5, [29, 34, 31, 30]]], [[5, [16, 13]]], [[16, [44, 40, 42]]], [[38, [38, 36, 37, 39]]], [[16, [41]]], [[20, [43, 45, 28, 35]]], [[28, [46, 50, 33, 32]]], [[13, [47, 48, 49]]]]]",,None,3.461538,3.461538,"[21.540659, 33.105891, 23.323808, 39.293765, 41.231056, 40.0, 40.0, 33.526109, 53.814496, 33.526109, 46.647615, 50.596443, 51.419841]",39.078907,"{6: 248.77033, 7: 105.552945, 14: 0.0, 17: 16.876553, 22: 2.062583, 5: 42.384472, 16: 114.109549, 38: 113.260365, 20: 12.416559, 28: 5.974414, 13: 0.0}","{6: 0.0, 7: 0.0, 14: 96.891042, 17: 0.0, 22: 0.0, 5: 45.384472, 16: 0.0, 38: 0.0, 20: 0.0, 28: 0.0, 13: 4.867631}",60.127979,13.376649,,,[],,{},{},,,OK,4645.211,cluster,C201_3.dat
test_data/data_demand_random_50_batch_all1_equal_cluster/C201_3.dat,4,60,2,2,1098.298221,"[[[[0, [2, 5, 4, 1]], [2, []], [4, []], [7, [7, 12, 11, 10]], [12, []], [5, []], [11, []], [10, []], [6, [6, 16, 14, 17]], [16, []], [14, []], [17, [24, 18, 19, 15]], [24, []], [18, []], [38, [38, 36, 37, 39, 8, 13]], [36, []], [37, []], [19, [40, 9]], [39, []], [40, []], [15, []], [1, []], [9, []], [8, []], [13, [47, 48, 49]], [47, []], [48, []], [49, []]], [[0, [3]], [3, []], [20, [20, 25, 22, 23]], [25, []], [22, [29, 31, 34, 32, 27, 21, 26]], [29, []], [31, []], [34, []], [32, []], [23, []], [27, []], [21, [42, 44, 43, 28, 30, 35, 45, 41]], [42, []], [45, []], [44, []], [43, []], [41, []], [26, []], [28, [46, 50, 33]], [30, []], [46, []], [50, []], [35, []], [33, []]]], [[[7, [7, 12, 11, 10]]], [[6, [6, 16, 14, 17]]], [[17, [24, 18, 19, 15]]], [[20, [20, 25, 22, 23]]], [[22, [27, 21, 26]]], [[22, [29, 31, 34, 32]]], [[38, [38, 36, 37, 39]]], [[38, [8, 13]]], [[19, [40, 9]]], [[21, [42, 44, 43, 45]]], [[21, [28, 30, 35, 41]]], [[28, [46, 50, 33]]], [[13, [47, 48, 49]]]]]",1187.615528,"[[[[0, [14, 10]], [12, [12, 15, 21]], [15, []], [17, [17, 24, 23, 25]], [21, []], [23, []], [24, []], [28, [34, 31, 30, 35, 33, 22, 28]], [34, []], [31, []], [30, []], [35, []], [33, []], [25, []], [14, []], [20, [42, 20, 44, 43]], [42, []], [44, []], [43, []], [22, []], [10, []], [7, [7, 8, 47, 48, 49]], [8, []], [47, []], [48, []], [49, []]], [[0, [4, 5, 2, 3]], [9, [9, 6, 13, 11, 1]], [1, []], [4, []], [5, []], [2, []], [6, []], [13, []], [11, []], [18, [18, 27, 16, 19]], [27, []], [16, []], [38, [38, 39, 36, 37]], [39, []], [36, [40, 41, 26, 29]], [37, []], [19, [45, 32]], [40, []], [41, []], [45, []], [26, []], [3, [46, 50]], [32, []], [29, []], [46, []], [50, []]]], [[[9, [1]]], [[12, [12, 15, 21]]], [[9, [9, 6, 13, 11]]], [[18, [18, 27, 16, 19]]], [[17, [17, 24, 23, 25]]], [[28, [34, 31, 30, 35]]], [[28, [33, 22, 28]]], [[38, [38, 39, 36, 37]]], [[36, [40, 41, 26, 29]]], [[19, [45, 32]]], [[20, [42, 20, 44, 43]]], [[3, [46, 50]], [7, [7, 8]]], [[7, [47, 48, 49]]]]]",3.461538,3.461538,"[33.105891, 21.540659, 39.293765, 46.647615, 41.231056, 41.231056, 53.814496, 53.814496, 41.231056, 48.166378, 48.166378, 50.596443, 51.419841]",43.866087,"{7: 57.552945, 6: 0.0, 17: 11.093937, 20: 346.323808, 22: 16.291721, 38: 85.260365, 19: 15.968645, 21: 62.467661, 28: 3.682693, 13: 22.094392}","{7: 0.0, 6: 37.782616, 17: 0.0, 20: 0.0, 22: 73.414514, 38: 1.508578, 19: 0.0, 21: 11.717843, 28: 0.0, 13: 0.0}",62.073617,12.442355,3.384615,3.384615,"[37.363083, 45.607017, 37.363083, 30.265492, 39.293765, 50.596443, 50.596443, 53.814496, 51.224994, 41.231056, 46.647615, 48.552945, 33.105891]",43.512486,"{9: 105.681542, 12: 0.0, 18: 0.0, 17: 0.0, 28: 4.596443, 38: 77.225706, 36: 0.0, 19: 14.70828, 20: 39.025586, 3: 0.0, 7: 26.844666}","{9: 27.318458, 12: 41.196491, 18: 22.548796, 17: 8.353117, 28: 0.0, 38: 0.0, 36: 62.294751, 19: 0.0, 20: 0.0, 3: 57.615528, 7: 50.770862}",24.371111,24.554364,OK,4058.292,cluster,C201_3.dat
test_data/data_demand_random_50_batch_all1_equal_cluster/C201_3.dat,4,60,2,3,1203.907248,"[[[[0, [2]], [2, []], [13, [13, 44, 45, 11, 36, 18, 43, 21]], [36, [27, 26, 23]], [27, []], [26, []], [23, []], [45, []], [44, []], [43, []], [21, []], [18, [37, 38, 39, 40]], [37, []], [38, [42, 41]], [39, []], [42, []], [41, []], [40, []], [11, [47, 48, 49]], [47, []], [48, []], [49, []]], [[0, [4, 1, 5, 3]], [15, [15, 14, 17, 16]], [14, []], [1, []], [17, []], [22, [22, 20, 9, 19]], [16, []], [19, []], [20, [30, 29, 32, 35]], [4, []], [10, [10]], [9, [33, 24, 25, 28]], [30, []], [29, []], [32, []], [35, []], [33, []], [24, []], [25, []], [28, [50, 46, 31, 34]], [50, []], [46, []], [34, []], [31, []], [12, [12, 8, 7, 6]], [8, []], [7, []], [6, []], [5, []], [3, []]]], [[[15, [15, 14, 17, 16]]], [[13, [44, 45, 36, 43]]], [[13, [13, 11, 18, 21]]], [[22, [22, 20, 9, 19]]], [[36, [27, 26, 23]]], [[20, [30, 29, 32, 35]]], [[10, [10]]], [[9, [33, 24, 25, 28]]], [[18, [37, 38, 39, 40]]], [[38, [42, 41]]], [[11, [47, 48, 49]]], [[28, [50, 46, 31, 34]]], [[12, [12, 8, 7, 6]]]]]",,None,3.461538,3.461538,"[23.323808, 51.419841, 51.419841, 41.231056, 51.224994, 46.647615, 36.055513, 37.363083, 30.265492, 53.814496, 44.72136, 50.596443, 45.607017]",43.360812,"{15: 245.661904, 13: 956.743648, 22: 0.0, 36: 24.856201, 20: 4.661904, 10: 0.0, 9: 20.709298, 18: 0.0, 38: 12.017319, 11: 0.0, 28: 29.265116, 12: 0.0}","{15: 0.0, 13: 0.0, 22: 13.046376, 36: 0.0, 20: 0.0, 10: 52.648436, 9: 0.0, 18: 15.042536, 38: 0.0, 11: 104.546568, 28: 0.0, 12: 55.89827}",107.826282,20.098515,,,[],,{},{},,,OK,2788.021,cluster,C201_3.dat
test_data/data_demand_random_50_batch_all1_equal_cluster/C201_3.dat,4,60,2,4,1098.298221,"[[[[0, [3, 4]], [4, []], [9, [9, 10, 8, 7]], [8, []], [22, [22, 24, 23, 16]], [24, []], [23, []], [16, [27, 11, 13]], [27, []], [36, [36, 37, 38, 39, 14]], [37, []], [38, []], [39, []], [14, []], [3, []], [10, []], [11, []], [7, []], [13, [47, 48, 49]], [47, []], [48, []], [49, []]], [[0, [1, 2, 5]], [19, [19, 18, 15, 20]], [17, [17, 12, 21, 6]], [18, []], [15, []], [20, []], [12, []], [1, []], [2, []], [5, [30, 34, 31, 32, 35, 33, 25, 26]], [30, []], [34, []], [31, []], [32, []], [35, []], [33, []], [25, []], [21, [42, 40, 44, 43, 41, 45, 28, 29]], [42, []], [44, []], [43, []], [41, []], [40, []], [45, []], [26, []], [28, [50, 46]], [50, []], [46, []], [29, []], [6, []]]], [[[9, [9, 10, 8, 7]]], [[19, [19, 18, 15, 20]]], [[17, [17, 12, 21, 6]]], [[22, [22, 24, 23, 16]]], [[16, [27, 11, 13]]], [[5, [30, 34, 31, 32]]], [[5, [35, 33, 25, 26]]], [[36, [14]]], [[36, [36, 37, 38, 39]]], [[21, [42, 44, 43, 45]]], [[21, [40, 41, 28, 29]]], [[28, [50, 46]]], [[13, [47, 48, 49]]]]]",1148.661904,"[[[[0, [2]], [8, [8, 9, 3, 10]], [3, [18, 15, 14, 20]], [9, []], [18, []], [15, []], [22, [22, 16, 19]], [20, []], [2, []], [16, []], [19, []], [36, [36, 37, 38, 39]], [37, []], [38, []], [39, []], [14, [42, 43]], [43, []], [42, []], [10, [47, 48, 49]], [47, []], [48, []], [49, []]], [[0, [1, 4, 5]], [12, [12, 11, 6, 7]], [7, []], [13, [13]], [11, []], [4, []], [1, [24, 21]], [17, [17, 23, 25, 27]], [23, []], [24, []], [28, [28, 34, 29, 31, 32, 35, 33, 26]], [34, []], [29, []], [31, []], [32, []], [35, []], [33, []], [25, []], [27, []], [21, [44, 45, 30, 41, 40]], [41, []], [40, []], [44, []], [45, []], [26, []], [5, [50, 46]], [30, []], [50, []], [46, []], [6, []]]], [[[12, [12, 11, 6, 7]]], [[8, [3, 10]]], [[8, [8, 9]]], [[13, [13]]], [[3, [18, 15, 14, 20]]], [[1, [24, 21]]], [[17, [17, 23, 25, 27]]], [[22, [22, 16, 19]]], [[28, [28, 34, 29, 31]]], [[28, [32, 35, 33, 26]]], [[36, [36, 37, 38, 39]]], [[14, [42, 43]], [21, [40]]], [[21, [44, 45, 30, 41]]], [[10, [47, 48, 49]]], [[5, [50, 46]]]]]",3.461538,3.461538,"[37.363083, 41.231056, 39.293765, 41.231056, 33.526109, 40.0, 40.0, 51.224994, 51.224994, 48.166378, 48.166378, 50.596443, 51.419841]",44.111084,"{9: 49.681542, 19: 236.615528, 17: 0.0, 22: 186.933986, 16: 0.0, 5: 0.0, 36: 7.996969, 21: 51.467661, 28: 0.682693, 13: 27.097423}","{9: 0.0, 19: 0.0, 17: 27.968645, 22: 0.0, 16: 108.852474, 5: 13.852474, 36: 66.387503, 21: 25.307345, 28: 0.0, 13: 0.0}",56.04758,24.236844,3.066667,3.066667,"[45.607017, 38.626416, 38.626416, 51.419841, 30.0, 20.0, 39.293765, 41.231056, 50.596443, 50.596443, 51.224994, 49.161501, 48.166378, 36.055513, 40.0]",42.040385,"{12: 91.803509, 8: 248.252832, 13: 6.513429, 3: 28.060376, 1: 100.683063, 17: 0.0, 22: 0.0, 28: 0.0, 36: 10.612497, 14: 6.049407, 21: 19.677525, 10: 0.0, 5: 0.0}","{12: 0.0, 8: 0.0, 13: 0.0, 3: 0.0, 1: 0.0, 17: 43.353117, 22: 41.384472, 28: 65.403557, 36: 0.0, 14: 0.0, 21: 4.916811, 10: 43.634147, 5: 25.0}",39.357895,17.207085,OK,5145.763,cluster,C201_3.dat
test_data/data_demand_random_50_batch_all1_equal_cluster/C201_3.dat,4,60,2,5,1109.083189,"[[[[0, [3]], [8, [8, 9, 11, 17]], [9, []], [11, []], [3, []], [17, []], [16, [16, 19, 27, 20]], [19, [23]], [23, []], [20, []], [36, [36, 37, 38, 39, 10]], [37, []], [38, [41, 40]], [39, []], [41, []], [40, []], [27, []], [10, [47, 48, 49]], [47, []], [48, []], [49, []]], [[0, [2, 4, 5, 1]], [6, [6, 12, 7, 13]], [1, []], [12, []], [7, []], [13, []], [14, [24, 22, 26, 14, 18, 15, 21, 25]], [18, []], [2, []], [4, [35, 33, 28, 29, 30, 34, 31]], [25, []], [35, []], [33, []], [34, []], [31, []], [24, []], [22, []], [15, []], [21, [42, 44, 43, 45]], [42, []], [44, []], [43, []], [45, []], [26, []], [28, [46, 50, 32]], [29, []], [46, []], [50, []], [30, []], [32, []], [5, []]]], [[[6, [6, 12, 7, 13]]], [[14, [14, 18, 15, 21]]], [[8, [8, 9, 11, 17]]], [[14, [24, 22, 26, 25]]], [[16, [16, 19, 27, 20]]], [[19, [23]]], [[4, [35, 33, 34, 31]]], [[4, [28, 29, 30]]], [[36, [36, 37, 38, 39]]], [[36, [10]]], [[38, [41, 40]]], [[21, [42, 44, 43, 45]]], [[28, [46, 50, 32]]], [[10, [47, 48, 49]]]]]",,None,3.214286,3.214286,"[21.540659, 23.323808, 38.626416, 23.323808, 33.526109, 41.231056, 34.234486, 34.234486, 51.224994, 51.224994, 53.814496, 48.166378, 50.596443, 36.055513]",38.651689,"{6: 115.77033, 14: 73.891574, 8: 235.313208, 16: 0.0, 19: 0.0, 4: 88.910678, 36: 53.299289, 38: 32.519745, 21: 1.965946, 28: 0.0, 10: 3.194803}","{6: 0.0, 14: 59.108426, 8: 0.0, 16: 6.550153, 19: 7.373872, 4: 0.0, 36: 40.466225, 38: 0.0, 21: 0.0, 28: 10.784968, 10: 0.0}",54.987779,11.298513,,,[],,{},{},,,OK,3764.84,cluster,C201_3.dat
test_data/data_demand_random_50_batch_all1_equal_cluster/C201_3.dat,4,90,2,1,1085.8058436,"[[[[0, [3, 2, 5, 4]], [5, []], [10, [10, 13, 11, 12]], [13, []], [16, [16, 18, 9, 17]], [18, []], [20, [20]], [3, []], [9, []], [11, []], [12, []], [7, [7, 6, 15, 19]], [6, []], [15, []], [4, []], [2, []], [17, []], [19, []], [36, [36, 37, 38, 40]], [37, []], [38, []], [39, [39, 26, 25]], [40, []], [41, [41, 44, 43, 45]], [44, []], [43, []], [45, []], [26, []], [25, []], [50, [50, 46]], [46, []]], [[0, [1]], [8, [8, 21]], [14, [14]], [21, []], [24, [24, 23, 27, 22]], [23, []], [27, []], [22, []], [30, [30, 31, 29, 32]], [31, []], [29, []], [32, []], [34, [34, 33, 35, 28]], [33, []], [35, []], [28, []], [42, [42]], [1, []], [47, [47, 48, 49]], [48, []], [49, []]]], [[[8, [8, 21]]], [[10, [10, 13, 11, 12]]], [[16, [16, 18, 9, 17]]], [[20, [20]]], [[7, [7, 6, 15, 19]]], [[14, [14]]], [[24, [24, 23, 27, 22]]], [[30, [30, 31, 29, 32]]], [[34, [34, 33, 35, 28]]], [[36, [36, 37, 38, 40]]], [[39, [39, 26, 25]]], [[42, [42]]], [[41, [41, 44, 43, 45]]], [[47, [47, 48, 49]]], [[50, [50, 46]]]]]",1122.805844,"[[[[0, [2, 1, 10]], [1, []], [11, [11, 15, 21, 19]], [15, []], [2, []], [23, [23, 26, 24, 9]], [24, []], [21, []], [27, [27]], [19, []], [36, [36, 37, 38, 39]], [37, []], [38, []], [39, []], [26, []], [42, [42]], [10, [13]], [13, []], [49, [49, 48, 47]], [48, []], [47, []], [9, []]], [[0, [5, 3]], [20, [20, 18, 6, 7, 4]], [18, []], [14, [14, 17, 8, 16]], [17, []], [6, [22, 12]], [7, []], [8, []], [12, []], [4, []], [31, [31, 29, 30, 34]], [29, []], [30, []], [34, []], [32, [32, 33, 35, 28]], [33, []], [35, []], [28, []], [5, []], [22, []], [16, []], [41, [41, 40, 44, 43]], [40, []], [44, []], [43, []], [45, [45, 25]], [25, []], [50, [50, 46]], [46, []], [3, []]]], [[[11, [11, 15, 21, 19]]], [[20, [4]]], [[20, [20, 18, 6, 7]]], [[14, [14, 17, 8, 16]]], [[23, [23, 26, 24, 9]]], [[6, [22, 12]]], [[27, [27]]], [[31, [31, 29, 30, 34]]], [[32, [32, 33, 35, 28]]], [[36, [36, 37, 38, 39]]], [[41, [41, 40, 44, 43]]], [[42, [42]], [45, [45, 25]]], [[10, [13]]], [[49, [49, 48, 47]]], [[50, [50, 46]]]]]",3,3,"[38.626416, 36.055513, 33.526109, 46.647615, 33.105891, 23.323808, 68.35203, 67.052218, 76.157731, 51.224994, 55.461698, 61.611687, 78.714675, 62.096699, 82.462113]",54.294613,"{8: 235.313208, 10: 61.027756, 16: 14.735298, 20: 0.0, 7: 0.0, 14: 33.435558, 24: 0.0, 30: 0.0, 34: 0.0, 36: 0.0, 39: 0.795426, 42: 2.057078, 41: 5.798857, 47: 0.0, 50: 0.0}","{8: 0.0, 10: 0.0, 16: 0.0, 20: 13.913138, 7: 168.583693, 14: 0.0, 24: 25.572751, 30: 41.222657, 34: 105.6699, 36: 8.150558, 39: 0.0, 42: 0.0, 41: 0.0, 47: 1.757494, 50: 4.126281}",23.544212,24.599765,3,3,"[44.72136, 46.647615, 46.647615, 23.323808, 61.05735, 21.540659, 66.603303, 67.082039, 64.776539, 51.224994, 78.714675, 78.459417, 36.055513, 62.096699, 82.462113]",55.42758,"{11: 95.36068, 20: 225.323808, 14: 0.0, 23: 16.167995, 6: 0.0, 27: 0.0, 31: 0.0, 32: 0.0, 36: 68.083822, 41: 0.0, 42: 3.193347, 45: 0.0, 10: 0.0, 49: 0.0, 50: 0.0}","{11: 0.0, 20: 40.676192, 14: 30.940544, 23: 0.0, 6: 33.553478, 27: 24.132886, 31: 23.782788, 32: 64.105211, 36: 0.0, 41: 21.96647, 42: 0.0, 45: 19.083799, 10: 8.096942, 49: 25.382438, 50: 21.259151}",27.208643,20.865327,OK,3624.405,cluster,C201_3.dat
test_data/data_demand_random_50_batch_all1_equal_cluster/C201_3.dat,4,90,2,2,1085.8058436,"[[[[0, [3]], [13, [13, 11, 7, 10]], [10, []], [11, []], [7, []], [8, [8, 9]], [9, [14, 16]], [3, []], [14, []], [16, []], [18, [18, 19, 20, 23]], [19, []], [20, []], [23, []], [25, [25, 35, 28, 33]], [35, []], [33, []], [34, [34]], [28, []], [31, [31, 40, 41]], [40, []], [41, []], [44, [44, 43, 45, 32]], [43, []], [45, []], [32, []], [46, [46, 50, 30, 29]], [50, []], [30, []], [29, []]], [[0, [2, 1, 4, 5]], [12, [12, 15, 21, 6]], [6, []], [1, []], [2, []], [22, [22]], [4, []], [5, []], [15, []], [24, [24, 26, 27, 17]], [21, []], [26, []], [27, []], [17, []], [36, [36, 37, 38, 39]], [37, []], [38, []], [39, []], [42, [42]], [47, [47, 48, 49]], [48, []], [49, []]]], [[[12, [12, 15, 21, 6]]], [[13, [13, 11, 7, 10]]], [[8, [8, 9]]], [[9, [14, 16]]], [[18, [18, 19, 20, 23]]], [[22, [22]]], [[24, [24, 26, 27, 17]]], [[25, [25, 35, 28, 33]]], [[34, [34]]], [[31, [31, 40, 41]]], [[36, [36, 37, 38, 39]]], [[42, [42]]], [[44, [44, 43, 45, 32]]], [[47, [47, 48, 49]]], [[46, [46, 50, 30, 29]]]]]",,None,3,3,"[45.607017, 51.419841, 38.626416, 37.363083, 30.265492, 41.231056, 68.35203, 72.691127, 76.157731, 67.082039, 51.224994, 61.611687, 80.622577, 62.096699, 78.587531]",57.529288,"{12: 224.803509, 13: 96.70992, 8: 0.0, 9: 51.971621, 18: 0.451204, 22: 27.81202, 24: 0.0, 25: 22.212818, 34: 0.0, 31: 0.195456, 36: 0.0, 42: 7.190315, 44: 0.0, 47: 0.0, 46: 0.0}","{12: 0.0, 13: 0.0, 8: 14.976872, 9: 0.0, 18: 0.0, 22: 0.0, 24: 66.174021, 25: 0.0, 34: 20.475155, 31: 0.0, 36: 14.578602, 42: 0.0, 44: 5.229731, 47: 1.757494, 46: 4.247254}",28.756458,8.495942,,,[],,{},{},,,OK,2964.896,cluster,C201_3.dat
test_data/data_demand_random_50_batch_all1_equal_cluster/C201_3.dat,4,90,2,3,1085.8058436,"[[[[0, [2, 1, 5]], [12, [12, 11, 10, 7]], [1, []], [2, []], [11, []], [10, []], [7, []], [15, [15, 18, 19, 14]], [18, []], [19, []], [14, []], [17, [17, 20, 26, 27]], [20, []], [26, []], [27, []], [22, [22, 32, 29, 30]], [5, []], [32, []], [29, []], [30, []], [31, [31, 34, 33, 35]], [34, []], [33, []], [35, []], [28, [28, 40, 41]], [40, []], [41, []], [44, [44, 43, 45, 46]], [43, []], [45, []], [46, []], [50, [50]]], [[0, [3, 4]], [3, []], [9, [9, 13, 8, 6]], [13, []], [8, []], [6, []], [4, []], [23, [23, 25, 24, 21]], [25, []], [24, []], [21, []], [16, [16]], [36, [36, 37, 38, 39]], [37, []], [38, []], [39, []], [42, [42]], [47, [47, 48, 49]], [48, []], [49, []]]], [[[9, [9, 13, 8, 6]]], [[12, [12, 11, 10, 7]]], [[15, [15, 18, 19, 14]]], [[17, [17, 20, 26, 27]]], [[23, [23, 25, 24, 21]]], [[16, [16]]], [[22, [22, 32, 29, 30]]], [[31, [31, 34, 33, 35]]], [[28, [28, 40, 41]]], [[36, [36, 37, 38, 39]]], [[42, [42]]], [[44, [44, 43, 45, 46]]], [[47, [47, 48, 49]]], [[50, [50]]]]]",1119.078866,"[[[[0, []], [10, [10]], [7, [7, 17, 21, 20]], [17, []], [21, []], [22, [22, 27, 26, 19]], [27, []], [26, []], [20, []], [19, []], [18, [18, 16, 23]], [16, []], [28, [28, 29, 30, 31]], [29, []], [30, []], [31, []], [34, [34, 33, 32, 41]], [33, []], [32, []], [41, []], [44, [44, 43, 45, 35]], [43, []], [45, []], [23, []], [35, []], [50, [50, 46]], [46, []]], [[0, [2, 3]], [1, [1, 5, 12, 8, 4, 11]], [5, []], [4, []], [2, [13, 6, 9]], [13, []], [6, []], [9, []], [8, []], [12, []], [15, [15, 14]], [14, []], [25, [25, 24]], [24, []], [3, []], [36, [36, 37, 38, 39]], [37, []], [38, []], [39, []], [40, [40, 42]], [42, []], [11, []], [47, [47, 48, 49]], [48, []], [49, []]]], [[[1, [5, 12, 8, 4]]], [[1, [1, 11]]], [[2, [13, 6, 9]], [10, [10]]], [[15, [15, 14]]], [[7, [7, 17, 21, 20]]], [[22, [22, 27, 26, 19]]], [[18, [18, 16, 23]]], [[25, [25, 24]]], [[28, [28, 29, 30, 31]]], [[36, [36, 37, 38, 39]]], [[34, [34, 33, 32, 41]]], [[40, [40, 42]]], [[44, [44, 43, 45, 35]]], [[47, [47, 48, 49]]], [[50, [50, 46]]]]]",3.214286,3.214286,"[37.363083, 45.607017, 23.323808, 39.293765, 61.05735, 33.526109, 41.231056, 67.082039, 50.596443, 51.224994, 61.611687, 80.622577, 62.096699, 82.462113]",52.64991,"{9: 65.681542, 12: 91.803509, 15: 0.0, 17: 0.0, 23: 122.847133, 16: 0.0, 22: 0.0, 31: 0.0, 28: 0.0, 36: 86.42835, 42: 20.848818, 44: 0.0, 47: 0.0, 50: 0.0}","{9: 0.0, 12: 0.0, 15: 47.141605, 17: 31.156626, 23: 0.0, 16: 78.70827, 22: 3.18798, 31: 21.970759, 28: 29.505287, 36: 0.0, 42: 0.0, 44: 0.49222, 47: 1.757494, 50: 1.572452}",27.686382,15.392335,3.2,3.2,"[20.0, 20.0, 47.310524, 23.323808, 33.105891, 41.231056, 30.265492, 72.691127, 50.596443, 51.224994, 76.157731, 76.157731, 80.622577, 62.096699, 82.462113]",51.149746,"{1: 246.0, 2: 0.0, 10: 164.0, 15: 0.0, 7: 57.552945, 22: 2.062583, 18: 0.0, 25: 5.57662, 28: 0.0, 36: 23.035877, 34: 19.377087, 40: 24.466369, 44: 0.0, 47: 0.0, 50: 0.0}","{1: 0.0, 2: 17.834475, 10: 0.0, 15: 107.338096, 7: 0.0, 22: 0.0, 18: 143.820878, 25: 0.0, 28: 109.317307, 36: 0.0, 34: 0.0, 40: 0.0, 44: 39.681326, 47: 35.030516, 50: 40.761559}",36.138099,32.918944,OK,2812.857,cluster,C201_3.dat
test_data/data_demand_random_50_batch_all1_equal_cluster/C201_3.dat,4,90,2,4,1093.805844,"[[[[0, [5, 1, 4]], [1, []], [4, []], [12, [12, 9, 6]], [9, []], [6, []], [5, []], [15, [15, 19, 18, 14, 17]], [19, [26, 25]], [18, []], [14, []], [17, []], [27, [27, 23, 24]], [23, []], [24, []], [36, [36, 37, 38, 39]], [37, []], [38, []], [39, []], [42, [42, 44, 43, 45]], [44, []], [43, []], [45, []], [26, []], [25, []], [50, [50, 46]], [46, []]], [[0, [3]], [13, [13, 7, 8, 11]], [7, []], [3, []], [8, []], [21, [21, 16, 10]], [16, []], [22, [22]], [11, []], [31, [31, 34, 33, 32]], [34, []], [33, []], [32, []], [35, [35, 30, 29, 28]], [30, [2, 20]], [29, []], [28, []], [20, []], [40, [40, 41]], [41, []], [2, []], [10, []], [47, [47, 48, 49]], [48, []], [49, []]]], [[[12, [12, 9, 6]]], [[13, [13, 7, 8, 11]]], [[15, [15, 19, 14, 17]]], [[15, [18]]], [[21, [21, 16, 10]]], [[19, [26, 25]]], [[22, [22]]], [[27, [27, 23, 24]]], [[31, [31, 34, 33, 32]]], [[35, [35, 30, 29, 28]]], [[30, [2, 20]]], [[36, [36, 37, 38, 39]]], [[40, [40, 41]]], [[42, [42, 44, 43, 45]]], [[47, [47, 48, 49]]], [[50, [50, 46]]]]]",,None,2.875,2.875,"[45.607017, 51.419841, 23.323808, 23.323808, 48.166378, 41.231056, 41.231056, 66.603303, 67.082039, 80.622577, 67.052218, 51.224994, 76.157731, 61.611687, 62.096699, 82.462113]",55.57602,"{12: 71.803509, 13: 96.70992, 15: 0.0, 21: 0.0, 19: 75.81202, 22: 0.0, 27: 0.0, 31: 0.0, 35: 0.0, 30: 0.0, 36: 14.018178, 40: 0.0, 42: 13.172138, 47: 0.0, 50: 0.0}","{12: 0.0, 13: 0.0, 15: 6.283209, 21: 52.161319, 19: 0.0, 22: 33.301283, 27: 54.08282, 31: 15.168901, 35: 27.481452, 30: 15.932871, 36: 0.0, 40: 64.395025, 42: 0.0, 47: 8.661571, 50: 15.574787}",18.101051,19.536216,,,[],,{},{},,,OK,3276.62,cluster,C201_3.dat
test_data/data_demand_random_50_batch_all1_equal_cluster/C201_3.dat,4,90,2,5,1085.8058436,"[[[[0, [1, 2, 5, 4]], [1, []], [2, []], [6, [6, 8, 12]], [8, []], [15, [15, 14, 20, 17]], [14, []], [20, []], [24, [24, 16, 27, 26]], [23, [23]], [27, []], [26, []], [5, []], [17, []], [16, []], [18, [18, 19]], [19, []], [36, [36, 37, 38, 39]], [37, []], [38, []], [39, []], [42, [42]], [4, []], [12, []], [47, [47, 48, 49]], [48, []], [49, []]], [[0, [3]], [13, [13, 9]], [9, [21, 10, 11]], [11, []], [3, []], [21, []], [22, [22, 25, 7]], [10, []], [7, []], [30, [30, 34, 33, 32]], [34, []], [33, []], [25, []], [32, []], [31, [31, 29, 35, 40]], [29, []], [40, []], [41, [41, 44, 43, 45]], [44, []], [43, []], [45, []], [35, []], [50, [50, 46, 28]], [46, []], [28, []]]], [[[6, [6, 8, 12]]], [[15, [15, 14, 20, 17]]], [[13, [13, 9]]], [[9, [21, 10, 11]]], [[22, [22, 25, 7]]], [[24, [24, 16, 27, 26]]], [[23, [23]]], [[18, [18, 19]]], [[30, [30, 34, 33, 32]]], [[31, [31, 29, 35, 40]]], [[36, [36, 37, 38, 39]]], [[41, [41, 44, 43, 45]]], [[42, [42]]], [[47, [47, 48, 49]]], [[50, [50, 46, 28]]]]]",1180.0006929,"[[[[0, []], [13, [13, 12, 17, 20]], [12, []], [22, [22, 23, 27, 15]], [17, []], [23, []], [27, []], [20, []], [15, []], [14, [14, 18, 19, 26]], [18, []], [19, []], [36, [36, 37, 38, 39]], [37, []], [38, []], [39, []], [44, [44, 45, 35, 41]], [41, []], [43, [43]], [45, []], [26, []], [35, []], [50, [50, 46, 28]], [46, []], [28, []]], [[0, [4, 3, 2, 5]], [3, [1]], [2, []], [8, [8, 9, 10, 6]], [9, []], [10, []], [6, []], [16, [16, 7, 21, 11]], [7, []], [1, []], [4, []], [21, []], [24, [24]], [5, [30, 25, 32]], [30, []], [25, []], [32, []], [33, [33, 34, 31, 29]], [34, []], [31, []], [29, []], [42, [42, 40]], [40, []], [11, []], [47, [47, 48, 49]], [48, []], [49, []]]], [[[13, [13, 12, 17, 20]]], [[3, [1]]], [[8, [8, 9, 10, 6]]], [[16, [16, 7, 21, 11]]], [[22, [22, 23, 27, 15]]], [[14, [14, 18, 19, 26]]], [[24, [24]]], [[5, [30, 25, 32]]], [[33, [33, 34, 31, 29]]], [[36, [36, 37, 38, 39]]], [[44, [44, 45, 35, 41]]], [[43, [43]], [42, [42, 40]]], [[47, [47, 48, 49]]], [[50, [50, 46, 28]]]]]",3,3,"[21.540659, 23.323808, 51.419841, 37.363083, 41.231056, 68.35203, 61.05735, 30.265492, 67.052218, 67.082039, 51.224994, 78.714675, 61.611687, 62.096699, 82.462113]",53.653183,"{6: 75.77033, 15: 52.891574, 13: 123.250579, 9: 78.430962, 22: 1.933986, 24: 46.514111, 23: 17.583716, 18: 0.0, 30: 15.910581, 31: 18.01491, 36: 0.0, 41: 0.0, 42: 1.046112, 47: 0.0, 50: 0.0}","{6: 0.0, 15: 0.0, 13: 0.0, 9: 0.0, 22: 0.0, 24: 0.0, 23: 0.0, 18: 175.274955, 30: 0.0, 31: 0.0, 36: 13.254757, 41: 2.183682, 42: 0.0, 47: 1.757494, 50: 6.309963}",28.756458,13.252057,3.285714,3.285714,"[51.419841, 30.0, 38.626416, 33.526109, 41.231056, 23.323808, 68.35203, 40.0, 70.710678, 51.224994, 80.622577, 72.246521, 62.096699, 82.462113]",53.274489,"{13: 229.70992, 3: 0.0, 8: 57.313208, 16: 29.449847, 22: 34.905608, 14: 0.0, 24: 5.644017, 5: 20.592929, 33: 0.0, 36: 0.0, 44: 0.0, 42: 16.805844, 43: 22.37855, 47: 0.0, 50: 0.0}","{13: 0.0, 3: 15.0, 8: 0.0, 16: 0.0, 22: 0.0, 14: 223.953624, 24: 0.0, 5: 0.0, 33: 60.644661, 36: 28.003031, 44: 11.304239, 42: 0.0, 43: 0.0, 47: 41.757494, 50: 42.713431}",27.786661,28.225099,OK,3514.333,cluster,C201_3.dat
test_data/data_demand_random_50_batch_all1_equal_cluster/C201_3.dat,4,120,2,1,1085.8058436,"[[[[0, []], [11, [11]], [13, [13, 7, 9, 6]], [7, []], [9, []], [6, []], [18, [18, 10, 8, 17]], [10, []], [8, []], [17, []], [20, [20, 19, 26, 27]], [19, []], [26, []], [27, []], [36, [36, 37, 38, 39]], [37, []], [38, []], [39, []], [42, [42, 12]], [12, []], [47, [47, 48, 49]], [48, []], [49, []]], [[0, [1, 5, 3, 2, 4]], [14, [14, 16, 21]], [16, []], [21, []], [1, []], [5, []], [3, []], [2, []], [4, []], [22, [22, 15, 24, 23]], [15, []], [24, []], [29, [29, 33, 31, 34]], [33, []], [31, []], [34, []], [28, [28, 40, 41, 25]], [40, []], [41, []], [44, [44, 43, 45, 35]], [43, []], [45, []], [23, []], [25, []], [35, []], [50, [50, 46, 30, 32]], [46, []], [30, []], [32, []]]], [[[11, [11]]], [[13, [13, 7, 9, 6]]], [[14, [14, 16, 21]]], [[18, [18, 10, 8, 17]]], [[22, [22, 15, 24, 23]]], [[20, [20, 19, 26, 27]]], [[29, [29, 33, 31, 34]]], [[28, [28, 40, 41, 25]]], [[36, [36, 37, 38, 39]]], [[42, [42, 12]]], [[44, [44, 43, 45, 35]]], [[47, [47, 48, 49]]], [[50, [50, 46, 30, 32]]]]]",1169.9861835,"[[[[0, [3, 1, 5, 4]], [3, []], [11, [11]], [21, [21, 9, 10]], [1, []], [9, []], [10, []], [8, [8, 7, 13, 12]], [7, []], [13, []], [12, []], [31, [31, 34, 35, 28]], [34, []], [35, []], [28, []], [29, [29, 32, 33, 25]], [32, []], [33, []], [25, []], [5, []], [4, []], [42, [42, 41, 44, 43]], [41, []], [44, []], [43, []], [45, [45, 30]], [30, []], [50, [50, 46]], [46, []]], [[0, []], [6, [6, 15, 20, 18]], [14, [14, 19, 16]], [19, []], [16, []], [17, [17, 27, 26, 24]], [23, [23, 22]], [27, []], [26, []], [24, []], [22, []], [15, []], [20, []], [18, []], [36, [36, 37, 38, 39]], [37, []], [38, []], [39, []], [40, [40]], [2, [2]], [47, [47, 48, 49]], [48, []], [49, []]]], [[[6, [6, 15, 20, 18]]], [[11, [11]]], [[21, [21, 9, 10]]], [[8, [8, 7, 13, 12]]], [[14, [14, 19, 16]]], [[17, [17, 27, 26, 24]]], [[23, [23, 22]]], [[31, [31, 34, 35, 28]]], [[29, [29, 32, 33, 25]]], [[36, [36, 37, 38, 39]]], [[42, [42, 41, 44, 43]]], [[45, [45, 30]], [40, [40]]], [[2, [2]]], [[47, [47, 48, 49]]], [[50, [50, 46]]]]]",3.461538,3.461538,"[44.72136, 51.419841, 23.323808, 30.265492, 41.231056, 46.647615, 63.245553, 50.596443, 51.224994, 61.611687, 80.622577, 62.096699, 82.462113]",53.036095,"{11: 95.36068, 13: 0.0, 14: 245.661904, 18: 0.0, 22: 0.0, 20: 0.0, 29: 0.960873, 28: 25.675445, 36: 0.0, 42: 15.445164, 44: 29.013067, 47: 0.0, 50: 0.0}","{11: 0.0, 13: 19.65076, 14: 0.0, 18: 14.227934, 22: 13.046376, 20: 68.036872, 29: 0.0, 28: 0.0, 36: 15.748183, 42: 0.0, 44: 0.0, 47: 1.757494, 50: 1.080232}",31.701318,10.272912,3.066667,3.066667,"[21.540659, 44.72136, 48.166378, 38.626416, 23.323808, 39.293765, 61.05735, 67.082039, 63.245553, 51.224994, 61.611687, 88.310454, 24.33105, 62.096699, 82.462113]",51.806288,"{6: 248.77033, 11: 75.36068, 21: 41.722509, 8: 0.0, 14: 5.057952, 17: 6.818601, 23: 0.278189, 31: 48.457831, 29: 0.0, 36: 0.0, 42: 17.264824, 40: 0.0, 45: 0.0, 2: 0.0, 47: 0.0, 50: 0.0}","{6: 0.0, 11: 0.0, 21: 0.0, 8: 105.229322, 14: 0.0, 17: 0.0, 23: 0.0, 31: 0.0, 29: 100.918243, 36: 25.312575, 42: 0.0, 40: 0.846207, 45: 5.010073, 2: 37.14786, 47: 28.876723, 50: 20.48419}",27.733182,20.239075,OK,5111.81,cluster,C201_3.dat
test_data/data_demand_random_50_batch_all1_equal_cluster/C201_3.dat,4,120,2,2,1085.8058436,"[[[[0, [4, 1, 2, 5]], [8, [8, 9, 11, 10]], [9, []], [11, []], [10, []], [2, []], [4, []], [20, [20, 16, 18, 19]], [16, []], [18, []], [19, []], [1, []], [6, [6, 12]], [12, []], [31, [31, 34, 33, 32]], [34, []], [33, []], [32, []], [30, [30, 25, 29, 28]], [29, []], [28, []], [5, []], [41, [41, 40, 27, 26]], [40, []], [27, []], [26, []], [44, [44, 43, 45]], [43, []], [45, []], [25, []], [46, [46, 50, 35]], [50, []], [35, []]], [[0, [3]], [3, []], [13, [13, 7, 15]], [7, []], [22, [22, 14, 21, 23]], [15, [17, 24]], [17, []], [14, []], [21, []], [23, []], [24, []], [36, [36, 37, 38, 39]], [37, []], [38, []], [39, []], [42, [42]], [47, [47, 48, 49]], [48, []], [49, []]]], [[[8, [8, 9, 11, 10]]], [[13, [13, 7, 15]]], [[20, [20, 16, 18, 19]]], [[6, [6, 12]]], [[22, [22, 14, 21, 23]]], [[15, [17, 24]]], [[31, [31, 34, 33, 32]]], [[30, [30, 25, 29, 28]]], [[36, [36, 37, 38, 39]]], [[41, [41, 40, 27, 26]]], [[42, [42]]], [[44, [44, 43, 45]]], [[47, [47, 48, 49]]], [[46, [46, 50, 35]]]]]",,None,3.214286,3.214286,"[38.626416, 51.419841, 46.647615, 21.540659, 41.231056, 23.323808, 67.082039, 67.052218, 51.224994, 78.714675, 61.611687, 80.622577, 62.096699, 78.587531]",54.984415,"{8: 102.313208, 13: 193.70992, 20: 10.0106, 6: 0.0, 22: 34.905608, 15: 10.277432, 31: 37.217212, 30: 0.0, 36: 0.0, 41: 0.0, 42: 20.912884, 44: 17.770269, 47: 0.0, 46: 0.982477}","{8: 0.0, 13: 0.0, 20: 0.0, 6: 121.905863, 22: 0.0, 15: 0.0, 31: 0.0, 30: 51.01491, 36: 10.280463, 41: 35.183682, 42: 0.0, 44: 0.0, 47: 1.757494, 46: 0.0}",30.578544,15.724458,,,[],,{},{},,,OK,3689.128,cluster,C201_3.dat
test_data/data_demand_random_50_batch_all1_equal_cluster/C201_3.dat,4,120,2,3,1087.0788655,"[[[[0, [4, 5, 2, 3]], [7, [7, 11]], [11, []], [13, [13]], [4, []], [5, []], [15, [15, 14, 19, 20]], [2, []], [3, []], [14, []], [19, []], [20, []], [17, [17, 18, 16, 26]], [18, []], [16, []], [26, []], [25, [25, 32, 30, 34]], [32, []], [30, []], [34, []], [31, [31, 29, 28, 41]], [29, []], [28, []], [40, [40, 44, 43, 45]], [41, []], [44, []], [43, []], [45, []], [46, [46, 50, 35, 33]], [50, []], [35, []], [33, []]], [[0, [1]], [6, [6]], [12, [12, 10, 8, 9]], [10, []], [1, []], [8, []], [9, []], [23, [23, 21, 22, 27]], [21, []], [22, []], [27, []], [24, [24]], [36, [36, 37, 38, 39]], [37, []], [38, []], [39, []], [42, [42]], [47, [47, 48, 49]], [48, []], [49, []]]], [[[7, [7, 11]]], [[13, [13]], [6, [6]]], [[12, [12, 10, 8, 9]]], [[15, [15, 14, 19, 20]]], [[17, [17, 18, 16, 26]]], [[23, [23, 21, 22, 27]]], [[24, [24]]], [[25, [25, 32, 30, 34]]], [[31, [31, 29, 28, 41]]], [[36, [36, 37, 38, 39]]], [[42, [42]]], [[40, [40, 44, 43, 45]]], [[47, [47, 48, 49]]], [[46, [46, 50, 35, 33]]]]]",1087.0788655,"[[[[0, [4, 5, 2, 3]], [7, [7, 11]], [11, []], [13, [13]], [4, []], [5, []], [15, [15, 14, 19, 20]], [2, []], [3, []], [14, []], [19, []], [20, []], [17, [17, 18, 16, 26]], [18, []], [16, []], [26, []], [25, [25, 32, 30, 34]], [32, []], [30, []], [34, []], [31, [31, 29, 28, 41]], [29, []], [28, []], [40, [40, 44, 43, 45]], [41, []], [44, []], [43, []], [45, []], [46, [46, 50, 35, 33]], [50, []], [35, []], [33, []]], [[0, [1]], [6, [6]], [12, [12, 10, 8, 9]], [10, []], [1, []], [8, []], [9, []], [23, [23, 21, 22, 27]], [21, []], [22, []], [27, []], [24, [24]], [36, [36, 37, 38, 39]], [37, []], [38, []], [39, []], [42, [42]], [47, [47, 48, 49]], [48, []], [49, []]]], [[[7, [7, 11]]], [[13, [13]], [6, [6]]], [[12, [12, 10, 8, 9]]], [[15, [15, 14, 19, 20]]], [[17, [17, 18, 16, 26]]], [[23, [23, 21, 22, 27]]], [[24, [24]]], [[25, [25, 32, 30, 34]]], [[31, [31, 29, 28, 41]]], [[36, [36, 37, 38, 39]]], [[42, [42]]], [[40, [40, 44, 43, 45]]], [[47, [47, 48, 49]]], [[46, [46, 50, 35, 33]]]]]",3.214286,3.214286,"[33.105891, 51.612996, 45.607017, 23.323808, 39.293765, 61.05735, 68.35203, 72.691127, 67.082039, 51.224994, 61.611687, 76.157731, 62.096699, 78.587531]",56.557476,"{7: 105.552945, 6: 115.77033, 13: 0.0, 12: 9.13907, 15: 0.0, 17: 0.0, 23: 30.619276, 24: 0.0, 25: 0.0, 31: 0.0, 36: 14.982331, 42: 24.294838, 40: 1.52592, 47: 0.0, 46: 0.0}","{7: 0.0, 6: 0.0, 13: 29.15247, 12: 0.0, 15: 33.891042, 17: 49.906063, 23: 0.0, 24: 67.29531, 25: 62.207382, 31: 1.011926, 36: 0.0, 42: 0.0, 40: 0.0, 47: 1.757494, 46: 6.7851}",20.125647,16.800452,3.214286,3.214286,"[33.105891, 51.612996, 45.607017, 23.323808, 39.293765, 61.05735, 68.35203, 72.691127, 67.082039, 51.224994, 61.611687, 76.157731, 62.096699, 78.587531]",56.557476,"{7: 105.552945, 6: 115.77033, 13: 0.0, 12: 9.13907, 15: 0.0, 17: 0.0, 23: 30.619276, 24: 0.0, 25: 0.0, 31: 0.0, 36: 14.982331, 42: 24.294838, 40: 1.52592, 47: 0.0, 46: 0.0}","{7: 0.0, 6: 0.0, 13: 29.15247, 12: 0.0, 15: 33.891042, 17: 49.906063, 23: 0.0, 24: 67.29531, 25: 62.207382, 31: 1.011926, 36: 0.0, 42: 0.0, 40: 0.0, 47: 1.757494, 46: 6.7851}",20.125647,16.800452,OK,3244.693,cluster,C201_3.dat
test_data/data_demand_random_50_batch_all1_equal_cluster/C201_3.dat,4,120,2,4,1085.8058436,"[[[[0, [1]], [14, [14, 16, 23, 26]], [16, []], [23, []], [26, []], [20, [20, 17, 24, 25]], [22, [22]], [17, []], [36, [36, 37, 38, 39]], [37, []], [38, []], [39, []], [43, [43, 44, 45, 46]], [44, []], [45, []], [24, []], [25, []], [46, []], [50, [50, 35, 33]], [35, []], [33, []], [1, []]], [[0, [3, 4, 2, 5]], [7, [7]], [9, [9, 8, 12, 13]], [8, []], [12, []], [13, []], [6, [6]], [19, [19, 18, 21]], [18, []], [3, []], [4, []], [2, []], [11, [15, 10, 11]], [5, []], [32, [32, 31, 34, 29]], [31, []], [30, [30, 27]], [34, []], [29, []], [28, [28, 41, 40]], [27, []], [41, []], [40, []], [42, [42]], [21, []], [15, []], [10, []], [47, [47, 48, 49]], [48, []], [49, []]]], [[[7, [7]]], [[9, [9, 8, 12, 13]]], [[6, [6]]], [[14, [14, 16, 23, 26]]], [[19, [19, 18, 21]]], [[11, [15, 10, 11]]], [[20, [20, 17, 24, 25]]], [[22, [22]]], [[32, [32, 31, 34, 29]]], [[30, [30, 27]]], [[28, [28, 41, 40]]], [[36, [36, 37, 38, 39]]], [[42, [42]]], [[43, [43, 44, 45, 46]]], [[47, [47, 48, 49]]], [[50, [50, 35, 33]]]]]",,None,2.8125,2.8125,"[33.105891, 37.363083, 21.540659, 23.323808, 41.231056, 44.72136, 46.647615, 41.231056, 64.776539, 67.052218, 50.596443, 51.224994, 61.611687, 72.111026, 62.096699, 82.462113]",50.068515,"{7: 105.552945, 9: 0.0, 6: 0.0, 14: 378.661904, 19: 0.0, 11: 0.0, 20: 0.0, 22: 0.0, 32: 3.821035, 30: 6.42956, 28: 0.0, 36: 4.280244, 42: 0.002302, 43: 12.113365, 47: 0.0, 50: 0.0}","{7: 0.0, 9: 12.871404, 6: 69.676725, 14: 0.0, 19: 46.614142, 11: 103.023792, 20: 77.014289, 22: 45.132751, 32: 0.0, 30: 0.0, 28: 3.50532, 36: 0.0, 42: 0.0, 43: 0.0, 47: 1.757494, 50: 6.824456}",31.928835,22.901273,,,[],,{},{},,,OK,5161.602,cluster,C201_3.dat
test_data/data_demand_random_50_batch_all1_equal_cluster/C201_3.dat,4,120,2,5,1098.8058436,"[[[[0, [5, 4, 2]], [19, [19, 9, 6, 15]], [6, []], [9, []], [15, []], [2, []], [22, [22, 21, 23, 24]], [21, []], [23, []], [24, []], [32, [32, 25, 29, 31]], [25, []], [29, []], [31, []], [34, [34, 20]], [5, []], [4, []], [20, []], [42, [42, 41, 43, 44]], [41, []], [44, []], [43, []], [45, [45, 33, 35, 30]], [33, []], [35, []], [50, [50, 46, 28]], [46, []], [30, []], [28, []]], [[0, [1, 3]], [11, [11, 10, 12, 8]], [18, [18, 16, 13, 14]], [16, []], [14, []], [1, []], [10, []], [12, []], [8, []], [13, []], [7, [7, 17]], [3, []], [26, [26, 27]], [27, []], [17, []], [37, [37, 36, 38]], [36, []], [38, []], [39, [39, 40]], [40, []], [47, [47, 48, 49]], [48, []], [49, []]]], [[[19, [19, 9, 6, 15]]], [[11, [11, 10, 12, 8]]], [[18, [18, 16, 13, 14]]], [[7, [7, 17]]], [[22, [22, 21, 23, 24]]], [[26, [26, 27]]], [[32, [32, 25, 29, 31]]], [[34, [34, 20]]], [[37, [37, 36, 38]]], [[39, [39, 40]]], [[42, [42, 41, 43, 44]]], [[45, [45, 33, 35, 30]]], [[47, [47, 48, 49]]], [[50, [50, 46, 28]]]]]",1162.2178534,"[[[[0, [2]], [19, [19, 15, 9, 8]], [15, []], [2, []], [12, [12, 21, 6, 17]], [8, []], [9, []], [6, []], [22, [22, 23, 24, 26]], [21, []], [23, []], [24, []], [26, []], [27, [27, 33, 35, 30]], [17, []], [37, [37, 36, 38, 39]], [36, []], [38, []], [39, []], [40, [40, 44, 41, 43]], [44, []], [41, []], [43, []], [45, [45]], [33, [50, 46, 28]], [35, []], [50, []], [46, []], [30, []], [28, []]], [[0, [3, 1, 5, 4]], [11, [11, 10]], [18, [18, 16, 20]], [16, []], [20, []], [1, []], [10, []], [13, [13, 7, 14]], [7, []], [3, []], [32, [32, 25, 29, 31]], [25, []], [29, []], [31, []], [34, [34]], [5, []], [4, []], [14, []], [42, [42]], [47, [47, 48, 49]], [48, []], [49, []]]], [[[11, [11, 10]]], [[19, [19, 15, 9, 8]]], [[18, [18, 16, 20]]], [[13, [13, 7, 14]]], [[12, [12, 21, 6, 17]]], [[22, [22, 23, 24, 26]]], [[32, [32, 25, 29, 31]]], [[27, [27, 33, 35, 30]]], [[34, [34]]], [[37, [37, 36, 38, 39]]], [[40, [40, 44, 41, 43]]], [[45, [45]], [42, [42]]], [[47, [47, 48, 49]]], [[33, [50, 46, 28]]]]]",3.214286,3.214286,"[41.231056, 44.72136, 30.265492, 33.105891, 41.231056, 70.710678, 64.776539, 76.157731, 58.137767, 55.461698, 61.611687, 78.102497, 62.096699, 82.462113]",57.148019,"{19: 236.615528, 11: 95.36068, 18: 26.772066, 7: 0.0, 22: 0.0, 26: 0.0, 32: 0.0, 34: 0.0, 37: 22.936138, 39: 2.356359, 42: 11.190315, 45: 0.0, 47: 0.0, 50: 0.0}","{19: 0.0, 11: 0.0, 18: 0.0, 7: 122.314309, 22: 60.0, 26: 64.091716, 32: 15.227259, 34: 36.048578, 37: 0.0, 39: 0.0, 42: 0.0, 45: 40.754595, 47: 6.376894, 50: 20.574787}",28.230792,26.099153,3.214286,3.214286,"[44.72136, 41.231056, 30.265492, 51.419841, 45.607017, 41.231056, 64.776539, 66.603303, 76.157731, 58.137767, 76.157731, 78.459417, 62.096699, 70.710678]",57.683978,"{11: 95.36068, 19: 236.615528, 18: 26.772066, 13: 0.0, 12: 0.0, 22: 0.0, 32: 22.255524, 27: 0.0, 34: 0.0, 37: 0.0, 40: 0.0, 42: 2.417574, 45: 4.552163, 47: 0.0, 33: 0.0}","{11: 0.0, 19: 0.0, 18: 0.0, 13: 99.157334, 12: 70.580963, 22: 54.580963, 32: 0.0, 27: 54.08282, 34: 19.532865, 37: 31.546644, 40: 12.536663, 42: 0.0, 45: 0.0, 47: 1.757494, 33: 15.593413}",25.864902,23.957944,OK,2921.868,cluster,C201_3.dat
test_data/data_demand_random_50_batch_all1_equal_cluster/C201_3.dat,8,60,2,1,1092.70992,"[[[[0, [2, 5, 3, 1]], [20, [20, 40, 41, 44, 43, 16, 19, 15, 17, 21, 42, 45, 14, 50]], [42, []], [15, []], [45, []], [40, []], [41, []], [44, []], [43, []], [14, []], [21, []], [16, []], [19, [39, 38, 37, 36, 28, 35, 33]], [39, []], [38, []], [37, []], [36, []], [17, [32, 46]], [2, []], [5, []], [28, []], [46, []], [50, []], [35, []], [33, []], [32, []], [3, []], [1, []]], [[0, [4]], [9, [9, 10, 13]], [8, [8, 6, 12]], [6, []], [7, [7, 11]], [11, []], [18, [18, 25, 24, 26, 27, 23, 22]], [25, []], [24, []], [23, []], [22, [31, 34, 29, 30]], [26, []], [27, []], [31, []], [34, []], [29, []], [30, []], [12, []], [4, []], [10, []], [13, [47, 48, 49]], [47, []], [48, []], [49, []]]], [[[9, [9, 10, 13]]], [[8, [8, 6, 12]]], [[20, [40, 41, 44, 43, 42, 45, 14, 50]]], [[7, [7, 11]]], [[20, [20, 16, 19, 15, 17, 21]]], [[18, [18, 25, 24, 26, 27, 23, 22]]], [[22, [31, 34, 29, 30]]], [[19, [39, 38, 37, 36, 28, 35, 33]]], [[17, [32, 46]]], [[13, [47, 48, 49]]]]]",,None,4.5,4.5,"[37.363083, 38.626416, 46.647615, 33.105891, 46.647615, 30.265492, 41.231056, 41.231056, 39.293765, 51.419841]",40.583183,"{9: 105.681542, 8: 0.0, 20: 1116.647615, 7: 0.0, 18: 95.451204, 22: 0.0, 19: 30.291721, 17: 5.031355, 13: 1.577174}","{9: 0.0, 8: 8.368334, 20: 0.0, 7: 2.133847, 18: 0.0, 22: 37.517218, 19: 0.0, 17: 0.0, 13: 0.0}",150.520068,5.335489,,,[],,{},{},,,OK,3931.92,cluster,C201_3.dat
test_data/data_demand_random_50_batch_all1_equal_cluster/C201_3.dat,8,60,2,2,1012.083189,"[[[[0, []], [13, [13, 46, 50, 47, 48, 49, 25, 24, 6, 18, 19, 17, 8, 16, 14, 10]], [10, []], [8, []], [6, []], [46, []], [50, []], [25, []], [24, []], [16, []], [14, []], [18, []], [36, [36, 37, 38, 39]], [37, []], [38, []], [39, []], [19, []], [17, []], [47, []], [48, []], [49, []]], [[0, [5]], [2, [1, 2, 3, 11, 4, 9, 7, 12]], [3, []], [1, []], [4, []], [9, []], [11, []], [7, []], [12, []], [15, [15, 23, 22, 26, 20, 27, 21]], [23, []], [26, []], [20, []], [22, []], [5, []], [28, [28, 32, 30, 29, 31, 34, 35, 33]], [32, []], [30, []], [29, []], [31, []], [34, []], [35, []], [33, []], [27, []], [21, [45, 43, 44, 40, 41, 42]], [45, []], [43, []], [44, []], [40, []], [41, []], [42, []]]], [[[2, [1, 2, 3, 11, 4, 9, 7, 12]]], [[13, [46, 50, 47, 48, 49, 25, 24, 16]]], [[13, [13, 6, 18, 19, 17, 8, 14, 10]]], [[15, [15, 23, 22, 26, 20, 27, 21]]], [[28, [28, 32, 30, 29, 31, 34, 35, 33]]], [[36, [36, 37, 38, 39]]], [[21, [45, 43, 44, 40, 41, 42]]]]]",1101.681542,"[[[[0, [4, 5, 3, 1]], [11, [11, 8]], [8, []], [10, [10, 12, 7, 15]], [12, []], [13, [13, 46, 50, 31, 29, 32, 33, 34, 41]], [7, []], [31, []], [34, []], [29, []], [32, []], [33, []], [5, []], [15, [35, 30, 28]], [46, []], [35, []], [50, []], [30, []], [28, []], [1, []], [4, [44, 42, 43, 45, 40, 26]], [41, []], [44, []], [40, []], [42, []], [43, []], [45, []], [26, []], [3, []]], [[0, [2]], [2, []], [6, [6, 19, 20, 16, 14, 17]], [19, []], [20, []], [16, [24, 25, 22, 23, 27, 21, 18, 9]], [14, []], [17, []], [21, []], [24, []], [25, []], [22, []], [23, []], [27, []], [18, [37, 36, 39, 38]], [37, []], [36, []], [38, []], [39, []], [9, [47, 48, 49]], [47, []], [48, []], [49, []]]], [[[6, [6, 19, 20, 16, 14, 17]], [11, [11, 8]]], [[10, [10, 12, 7, 15]]], [[13, [46, 50, 31, 29, 32, 33, 34, 41]]], [[13, [13]]], [[16, [24, 25, 22, 23, 27, 21, 18, 9]]], [[15, [35, 30, 28]]], [[18, [37, 36, 39, 38]]], [[4, [44, 42, 43, 45, 40, 26]]], [[9, [47, 48, 49]]]]]",7,7,"[24.33105, 51.419841, 51.419841, 23.323808, 50.596443, 51.224994, 48.166378]",42.926051,"{2: 117.165525, 13: 1125.419841, 15: 52.496379, 28: 0.0, 36: 60.902577, 21: 6.421285}","{2: 0.0, 13: 0.0, 15: 0.0, 28: 45.363683, 36: 0.0, 21: 0.0}",227.067601,7.560614,5,5,"[44.792913, 36.055513, 51.419841, 51.419841, 33.526109, 23.323808, 30.265492, 34.234486, 37.363083]",38.044565,"{6: 208.77033, 11: 258.115893, 10: 0.0, 13: 563.594027, 16: 25.818539, 15: 0.0, 18: 0.0, 4: 12.001349, 9: 3.092674}","{6: 0.0, 11: 0.0, 10: 61.088137, 13: 0.262323, 16: 0.0, 15: 44.45399, 18: 49.456122, 4: 0.0, 9: 0.0}",119.043646,17.251175,OK,4450.58,cluster,C201_3.dat
test_data/data_demand_random_50_batch_all1_equal_cluster/C201_3.dat,8,60,2,3,1092.70992,"[[[[0, [5, 3]], [15, [15]], [9, [9, 7, 17, 20, 19, 16, 4, 45, 43, 44, 41, 42, 46, 50, 12]], [12, []], [7, []], [17, []], [20, []], [19, []], [16, []], [4, []], [28, [28, 34, 31, 29, 30, 24, 23, 21]], [34, []], [31, []], [29, []], [30, []], [24, []], [23, []], [21, [22, 25, 35]], [45, []], [43, []], [44, []], [41, []], [42, []], [22, [33, 32]], [25, []], [46, []], [50, []], [35, []], [33, []], [32, []], [5, []], [3, []]], [[0, [2, 1]], [11, [11, 8, 10, 14, 6, 18, 13]], [8, []], [10, []], [14, []], [6, [26, 27]], [26, []], [27, []], [18, []], [36, [36, 37, 38, 39, 40]], [37, []], [38, []], [39, []], [40, []], [2, []], [1, []], [13, [47, 48, 49]], [47, []], [48, []], [49, []]]], [[[15, [15]]], [[11, [11, 8, 10, 14, 6, 18, 13]]], [[9, [4, 45, 43, 44, 41, 42, 46, 50]]], [[9, [9, 7, 17, 20, 19, 16, 12]]], [[6, [26, 27]]], [[28, [28, 34, 31, 29, 30, 24, 23, 21]]], [[36, [36, 37, 38, 39, 40]]], [[21, [22, 25, 35]]], [[22, [33, 32]]], [[13, [47, 48, 49]]]]]",1218.298221,"[[[[0, [2, 5, 3, 1]], [8, [8, 9, 7, 15, 14, 16, 17, 18]], [9, []], [7, []], [2, []], [21, [21, 13, 20]], [13, []], [22, [22, 35, 27]], [5, []], [35, []], [3, []], [1, []], [15, []], [14, []], [16, []], [17, []], [18, []], [36, [36, 40, 41, 44, 45, 43, 42, 39]], [40, []], [41, []], [44, []], [27, []], [45, []], [43, []], [42, []], [20, []], [39, []], [38, [38, 37]], [37, []]], [[0, []], [19, [19, 6, 11, 12, 10, 4]], [6, []], [11, []], [4, [26, 25, 33, 31, 32, 24, 30, 34, 28, 29, 23]], [26, []], [23, []], [25, []], [33, []], [31, []], [32, []], [24, []], [30, []], [34, []], [12, []], [10, []], [28, [46, 50, 47, 48, 49]], [29, []], [46, []], [50, []], [47, []], [48, []], [49, []]]], [[[19, [19, 6, 11, 12, 10, 4]]], [[8, [8, 9, 7, 15, 14, 16, 17, 18]]], [[21, [21, 13, 20]]], [[4, [26, 25, 33, 31, 32, 24, 30, 23]]], [[4, [34, 28, 29]], [22, [22, 35, 27]]], [[28, [46, 50, 47, 48, 49]]], [[36, [36, 40, 41, 44, 45, 43, 42, 39]]], [[38, [38, 37]]]]]",4.6,4.6,"[23.323808, 44.72136, 37.363083, 37.363083, 21.540659, 50.596443, 51.224994, 48.166378, 41.231056, 51.419841]",40.69507,"{15: 245.661904, 11: 228.36068, 9: 610.019638, 6: 0.0, 28: 0.0, 36: 45.251817, 21: 0.0, 22: 0.0, 13: 7.097423}","{15: 0.0, 11: 0.0, 9: 6.259003, 6: 7.59035, 28: 61.363683, 36: 0.0, 21: 18.353721, 22: 85.301283, 13: 0.0}",126.265718,19.874227,5.75,5.75,"[41.231056, 38.626416, 48.166378, 34.234486, 41.975412, 50.596443, 51.224994, 53.814496]",44.98371,"{19: 236.615528, 8: 235.313208, 21: 0.0, 4: 181.003429, 22: 0.0, 28: 4.180979, 36: 0.0, 38: 0.0}","{19: 0.0, 8: 0.0, 21: 54.603603, 4: 0.0, 22: 18.594495, 28: 0.0, 36: 5.700711, 38: 231.480255}",82.139143,38.797383,OK,4063.456,cluster,C201_3.dat
test_data/data_demand_random_50_batch_all1_equal_cluster/C201_3.dat,8,60,2,4,1052.658836,"[[[[0, [5, 3, 4]], [6, [6, 17, 14, 18, 19, 20, 16]], [17, []], [16, []], [3, []], [14, []], [18, []], [19, [23]], [23, []], [5, []], [36, [36, 37, 38, 39, 26, 27, 22]], [37, []], [38, []], [39, []], [20, [45, 44, 41, 40, 43, 42]], [27, []], [26, []], [45, []], [44, []], [41, []], [40, []], [43, []], [42, []], [22, []], [4, []]], [[0, [2, 1]], [8, [8, 50, 46, 47, 48, 49, 9, 13, 15]], [21, [21, 10, 11, 7]], [15, []], [10, []], [2, []], [1, []], [13, []], [11, []], [9, []], [7, [28, 30, 31, 12, 34, 32, 25, 24, 29, 33, 35]], [34, []], [33, []], [32, []], [35, []], [25, []], [24, []], [28, []], [29, []], [30, []], [50, []], [46, []], [31, []], [12, []], [47, []], [48, []], [49, []]]], [[[8, [50, 46, 47, 48, 49, 9, 13, 15]]], [[8, [8]]], [[6, [6, 17, 14, 18, 19, 20, 16]]], [[21, [21, 10, 11, 7]]], [[19, [23]]], [[7, [28, 30, 31, 12]]], [[7, [34, 32, 25, 24, 29, 33, 35]]], [[36, [36, 37, 38, 39, 26, 27, 22]]], [[20, [45, 44, 41, 40, 43, 42]]]]]",,None,5,5,"[38.626416, 38.626416, 21.540659, 48.166378, 41.231056, 33.105891, 33.105891, 51.224994, 46.647615]",39.141702,"{8: 1003.626416, 6: 248.77033, 21: 69.31064, 19: 0.0, 7: 45.964085, 36: 0.0, 20: 6.553478}","{8: 0.0, 6: 0.0, 21: 0.0, 19: 60.154801, 7: 0.0, 36: 19.157833, 20: 0.0}",196.31785,11.330376,,,[],,{},{},,,OK,4343.875,cluster,C201_3.dat
test_data/data_demand_random_50_batch_all1_equal_cluster/C201_3.dat,8,60,2,5,1086.907248,"[[[[0, [1]], [1, []], [13, [13]], [6, [6, 8]], [8, [10, 12, 16, 18, 20]], [10, []], [12, []], [16, []], [18, []], [20, []], [22, [22, 24, 25, 27]], [24, []], [25, []], [27, []], [36, [36, 38, 37, 39, 40, 41]], [38, [45, 42, 44, 43]], [37, []], [39, []], [40, []], [41, []], [44, []], [43, []], [45, []], [42, []]], [[0, [2, 4]], [14, [14, 7, 9, 11, 15, 17, 19, 3, 50, 47, 48, 49, 46, 5]], [3, []], [5, []], [7, []], [9, []], [11, []], [2, []], [4, []], [15, []], [17, []], [19, []], [21, [21, 23, 26]], [23, []], [26, []], [28, [28, 29, 31, 34, 33, 32, 30, 35]], [29, []], [31, []], [34, []], [33, []], [32, []], [30, []], [35, []], [46, []], [50, []], [47, []], [48, []], [49, []]]], [[[13, [13]]], [[14, [3, 50, 47, 48, 49, 46, 5]]], [[6, [6, 8]]], [[14, [14, 7, 9, 11, 15, 17, 19]]], [[8, [10, 12, 16, 18, 20]]], [[22, [22, 24, 25, 27]]], [[21, [21, 23, 26]]], [[28, [28, 29, 31, 34, 33, 32, 30, 35]]], [[36, [36, 38, 37, 39, 40, 41]]], [[38, [45, 42, 44, 43]]]]]",,None,4.7,4.7,"[51.419841, 23.323808, 21.540659, 23.323808, 38.626416, 41.231056, 48.166378, 50.596443, 51.224994, 53.814496]",40.32679,"{13: 80.70992, 14: 1157.323808, 6: 2.48025, 8: 86.446845, 22: 0.0, 21: 0.0, 28: 0.0, 36: 1.935607, 38: 41.334626}","{13: 0.0, 14: 0.0, 6: 0.0, 8: 0.0, 22: 111.021487, 21: 22.326171, 28: 54.61859, 36: 0.0, 38: 0.0}",152.247895,20.885139,,,[],,{},{},,,OK,2593.06,cluster,C201_3.dat
test_data/data_demand_random_50_batch_all1_equal_cluster/C201_3.dat,8,90,2,1,1093.8058436,"[[[[0, [1, 2, 5, 4, 3]], [10, [10]], [4, []], [2, []], [6, [6, 14, 16, 18, 20, 12]], [1, []], [3, []], [5, []], [14, []], [16, []], [18, []], [20, []], [21, [21, 22, 24, 26]], [22, []], [24, []], [26, []], [37, [37, 36, 38, 39, 40]], [36, []], [38, []], [39, []], [40, []], [12, []], [47, [47, 48, 49]], [48, []], [49, []]], [[0, []], [11, [11, 13, 8]], [13, []], [9, [9, 7, 15, 19, 17]], [7, []], [8, []], [15, []], [19, []], [17, []], [23, [23]], [34, [34, 31, 29, 32, 25, 28, 33]], [31, []], [29, []], [32, []], [25, []], [28, []], [33, []], [27, [27, 35, 30]], [42, [42, 41, 44, 43, 45, 46]], [41, []], [44, []], [43, []], [45, []], [35, []], [50, [50]], [46, []], [30, []]]], [[[10, [10]]], [[11, [11, 13, 8]]], [[6, [6, 14, 16, 18, 20, 12]]], [[9, [9, 7, 15, 19, 17]]], [[21, [21, 22, 24, 26]]], [[23, [23]]], [[34, [34, 31, 29, 32, 25, 28, 33]]], [[27, [27, 35, 30]]], [[37, [37, 36, 38, 39, 40]]], [[42, [42, 41, 44, 43, 45, 46]]], [[47, [47, 48, 49]]], [[50, [50]]]]]",1133.0251899,"[[[[0, [3, 4, 2]], [14, [14, 17, 20, 9, 7, 6, 11, 15]], [17, []], [20, []], [15, []], [3, []], [9, []], [7, []], [6, []], [4, []], [2, []], [22, [22]], [30, [30, 31, 34, 29, 28, 21, 23]], [31, []], [34, []], [29, []], [28, []], [11, []], [40, [40, 41, 44, 43, 45, 42, 25, 35]], [41, []], [44, []], [43, []], [45, []], [42, []], [21, []], [23, []], [25, []], [35, []], [50, [50, 46, 33, 32]], [46, []], [33, []], [32, []]], [[0, [5, 1]], [18, [18, 12, 8, 13, 16, 19, 10]], [12, []], [8, []], [13, []], [5, []], [24, [24, 27, 26]], [16, []], [36, [36, 38, 37, 39]], [38, []], [37, []], [39, []], [19, []], [27, []], [26, []], [1, []], [10, []], [47, [47, 48, 49]], [48, []], [49, []]]], [[[14, [14, 17, 20, 9, 7, 6, 11, 15]]], [[18, [18, 12, 8, 13, 16, 19, 10]]], [[24, [24, 27, 26]], [22, [22]]], [[30, [30, 31, 34, 29, 28, 21, 23]]], [[36, [36, 38, 37, 39]]], [[40, [40, 41, 44, 43, 45, 42, 25, 35]]], [[47, [47, 48, 49]]], [[50, [50, 46, 33, 32]]]]]",3.75,3.75,"[36.055513, 44.72136, 21.540659, 37.363083, 48.166378, 61.05735, 76.157731, 66.603303, 58.137767, 61.611687, 62.096699, 82.462113]",54.66447,"{10: 101.027756, 11: 95.36068, 6: 22.742573, 9: 90.320862, 21: 0.0, 23: 0.0, 34: 0.0, 27: 0.0, 37: 10.298554, 42: 13.124302, 47: 0.979466, 50: 0.0}","{10: 0.0, 11: 0.0, 6: 0.0, 9: 0.0, 21: 46.68714, 23: 58.152867, 34: 1.602676, 27: 237.37989, 37: 0.0, 42: 0.0, 47: 0.0, 50: 15.574787}",27.821183,29.94978,5.625,5.625,"[23.323808, 30.265492, 68.683987, 67.052218, 51.224994, 76.157731, 62.096699, 82.462113]",57.65838,"{14: 245.661904, 18: 247.132746, 22: 0.0, 24: 23.529158, 30: 0.0, 36: 10.950593, 40: 4.416962, 47: 0.0, 50: 0.0}","{14: 0.0, 18: 0.0, 22: 117.046376, 24: 0.0, 30: 29.135795, 36: 0.0, 40: 0.0, 47: 25.564148, 50: 36.847809}",59.076818,23.177125,OK,2744.239,cluster,C201_3.dat
test_data/data_demand_random_50_batch_all1_equal_cluster/C201_3.dat,8,90,2,2,1085.805844,"[[[[0, [1, 2]], [1, []], [21, [21, 20, 10, 11]], [17, [17, 7, 6, 9]], [22, [22, 26, 27]], [6, []], [9, []], [7, []], [34, [34, 31, 29, 25, 28]], [31, []], [29, []], [25, []], [28, []], [26, []], [27, []], [42, [42]], [20, []], [2, []], [10, []], [11, []], [47, [47, 48, 49]], [48, []], [49, []]], [[0, [3, 4, 5]], [3, []], [18, [18, 19, 16, 15, 14, 8, 12, 13]], [19, []], [16, []], [15, []], [14, []], [4, []], [13, []], [8, []], [12, []], [36, [36, 37, 38, 39, 41, 40, 33, 32, 24, 23]], [37, []], [38, []], [39, []], [41, []], [40, []], [44, [44, 43, 30, 35, 45]], [43, []], [45, []], [23, []], [24, []], [30, []], [46, [46, 50]], [50, []], [35, []], [33, []], [32, []], [5, []]]], [[[18, [18, 19, 16, 15, 14, 8, 12, 13]]], [[21, [21, 20, 10, 11]]], [[17, [17, 7, 6, 9]]], [[22, [22, 26, 27]]], [[36, [33, 32, 24, 23]]], [[34, [34, 31, 29, 25, 28]]], [[36, [36, 37, 38, 39, 41, 40]]], [[42, [42]]], [[44, [44, 43, 30, 35, 45]]], [[46, [46, 50]]], [[47, [47, 48, 49]]]]]",,None,4.090909,4.090909,"[30.265492, 48.166378, 39.293765, 41.231056, 51.224994, 76.157731, 51.224994, 61.611687, 80.622577, 78.587531, 62.096699]",56.407537,"{18: 187.132746, 21: 222.083189, 17: 0.0, 22: 29.532339, 36: 35.479751, 34: 0.463337, 42: 59.726978, 44: 4.698792, 46: 0.982477, 47: 0.0}","{18: 0.0, 21: 0.0, 17: 6.170815, 22: 0.0, 36: 97.520249, 34: 0.0, 42: 0.0, 44: 0.0, 46: 0.0, 47: 1.757494}",54.009961,10.544856,,,[],,{},{},,,OK,3823.365,cluster,C201_3.dat
test_data/data_demand_random_50_batch_all1_equal_cluster/C201_3.dat,8,90,2,3,1093.8058436,"[[[[0, [1, 3, 4]], [8, [8]], [3, []], [13, [13, 18, 21, 14, 19, 16, 15]], [4, []], [15, []], [18, []], [21, []], [14, []], [1, []], [22, [22, 24, 23, 17, 11]], [24, []], [23, []], [39, [39, 38, 36, 37]], [38, []], [36, []], [37, []], [19, []], [16, []], [17, []], [11, []], [47, [47, 48, 49]], [48, []], [49, []]], [[0, [5, 2]], [10, [10, 12, 7, 9, 6, 20]], [12, []], [7, []], [9, []], [6, []], [5, []], [31, [31, 34, 32, 33, 28, 26, 25, 27]], [34, []], [32, []], [33, []], [28, []], [2, []], [20, []], [40, [40]], [26, []], [27, []], [42, [42, 41, 44, 43, 45, 35, 30]], [41, []], [44, []], [43, []], [45, []], [25, []], [35, []], [50, [50, 46, 29]], [46, []], [30, []], [29, []]]], [[[10, [10, 12, 7, 9, 6, 20]]], [[8, [8]]], [[13, [13, 18, 21, 14, 19, 16, 15]]], [[22, [22, 24, 23, 17, 11]]], [[31, [31, 34, 32, 33, 28, 26, 25, 27]]], [[39, [39, 38, 36, 37]]], [[40, [40]]], [[42, [42, 41, 44, 43, 45, 35, 30]]], [[47, [47, 48, 49]]], [[50, [50, 46, 29]]]]]",,None,4.5,4.5,"[36.055513, 38.626416, 51.419841, 41.231056, 67.082039, 55.461698, 76.157731, 61.611687, 62.096699, 82.462113]",57.220479,"{10: 234.027756, 8: 102.313208, 13: 14.396712, 22: 0.0, 31: 113.513263, 39: 0.0, 40: 0.0, 42: 13.264824, 47: 2.338429, 50: 0.0}","{10: 0.0, 8: 0.0, 13: 0.0, 22: 153.094392, 31: 0.0, 39: 35.979071, 40: 53.462154, 42: 0.0, 47: 0.0, 50: 15.574787}",47.985419,25.81104,,,[],,{},{},,,OK,3229.067,cluster,C201_3.dat
test_data/data_demand_random_50_batch_all1_equal_cluster/C201_3.dat,8,90,2,4,1093.8058436,"[[[[0, [2]], [27, [27, 26, 17, 18, 19, 20, 16]], [26, []], [17, []], [18, []], [19, []], [20, []], [2, []], [16, []], [37, [37, 36, 38, 39, 40]], [36, []], [38, []], [39, []], [40, []], [47, [47, 48, 49]], [48, []], [49, []]], [[0, [4, 1, 5]], [1, [3]], [12, [12, 13, 6, 9, 8, 11, 10, 7]], [13, []], [3, []], [4, []], [6, []], [9, []], [8, []], [11, []], [10, []], [7, []], [5, []], [21, [21, 22, 15, 14, 23, 24, 25]], [22, []], [15, []], [14, []], [23, []], [24, []], [29, [29, 31, 34, 30, 33, 35, 32, 28]], [31, []], [34, []], [30, []], [33, []], [35, []], [32, []], [28, []], [42, [42, 41, 44, 45, 46, 43]], [41, []], [44, []], [43, []], [45, []], [25, []], [46, []], [50, [50]]]], [[[27, [27, 26, 17, 18, 19, 20, 16]]], [[1, [3]]], [[12, [12, 13, 6, 9, 8, 11, 10, 7]]], [[21, [21, 22, 15, 14, 23, 24, 25]]], [[29, [29, 31, 34, 30, 33, 35, 32, 28]]], [[37, [37, 36, 38, 39, 40]]], [[42, [42, 41, 44, 45, 46, 43]]], [[47, [47, 48, 49]]], [[50, [50]]]]]",,None,5.111111,5.111111,"[66.603303, 20.0, 45.607017, 48.166378, 63.245553, 58.137767, 61.611687, 62.096699, 82.462113]",56.436724,"{27: 338.301652, 1: 0.0, 12: 86.803509, 21: 0.0, 29: 0.0, 37: 0.0, 42: 1.002335, 47: 0.0, 50: 0.0}","{27: 0.0, 1: 10.0, 12: 0.0, 21: 33.720319, 29: 81.180732, 37: 10.232768, 42: 0.0, 47: 9.253302, 50: 15.574787}",47.345277,17.773545,,,[],,{},{},,,OK,2898.425,cluster,C201_3.dat
test_data/data_demand_random_50_batch_all1_equal_cluster/C201_3.dat,8,90,2,5,1093.8058436,"[[[[0, [5, 4]], [13, [13]], [9, [9, 11, 8, 18, 14, 17, 16, 20]], [11, []], [8, []], [18, []], [5, []], [4, []], [14, []], [17, []], [16, []], [20, []], [23, [23, 15, 27, 26, 24]], [15, []], [40, [40, 28]], [27, []], [42, [42, 41, 44, 43, 45, 35]], [41, []], [44, []], [43, []], [45, []], [26, []], [24, []], [35, []], [50, [50, 46]], [46, []], [28, []]], [[0, [1, 2, 3]], [2, []], [3, []], [6, [6, 10, 12, 7, 21, 19]], [10, []], [12, []], [7, []], [1, []], [21, []], [22, [22]], [34, [34, 31, 29, 30, 32, 33, 25]], [31, []], [29, []], [30, []], [32, []], [33, []], [25, []], [36, [36, 37, 38, 39]], [37, []], [38, []], [39, []], [19, []], [49, [49, 47, 48]], [47, []], [48, []]]], [[[6, [6, 10, 12, 7, 21, 19]]], [[13, [13]]], [[9, [9, 11, 8, 18, 14, 17, 16, 20]]], [[22, [22]]], [[23, [23, 15, 27, 26, 24]]], [[34, [34, 31, 29, 30, 32, 33, 25]]], [[36, [36, 37, 38, 39]]], [[40, [40, 28]]], [[42, [42, 41, 44, 43, 45, 35]]], [[49, [49, 47, 48]]], [[50, [50, 46]]]]]",,None,4.090909,4.090909,"[21.540659, 51.419841, 37.363083, 41.231056, 61.05735, 76.157731, 51.224994, 76.157731, 61.611687, 62.096699, 82.462113]",56.574813,"{6: 196.77033, 13: 96.70992, 9: 104.971621, 22: 0.0, 23: 0.0, 34: 48.308536, 36: 0.0, 40: 0.0, 42: 54.124302, 49: 13.969484, 50: 0.0}","{6: 0.0, 13: 0.0, 9: 0.0, 22: 28.154801, 23: 174.152867, 34: 0.0, 36: 80.466369, 40: 24.602676, 42: 0.0, 49: 0.0, 50: 15.574787}",46.804927,29.359227,,,[],,{},{},,,OK,3332.852,cluster,C201_3.dat
test_data/data_demand_random_50_batch_all1_equal_cluster/C201_3.dat,8,120,2,1,1093.8058436,"[[[[0, [2]], [13, [13, 9, 8, 10, 12, 14, 16, 18]], [9, []], [8, []], [10, []], [12, []], [14, []], [16, []], [18, []], [2, []], [22, [22, 25, 33, 28, 29, 31, 34, 30]], [25, []], [33, []], [28, []], [29, []], [31, []], [34, []], [30, []], [32, [32, 35, 24]], [35, []], [24, []], [42, [42, 41, 44, 43, 45, 46]], [41, []], [44, []], [43, []], [45, []], [50, [50]], [46, []]], [[0, [4, 3, 1]], [20, [20, 7, 11, 15, 17, 19, 6, 5]], [5, []], [4, []], [3, []], [1, []], [7, []], [11, [21, 23, 26, 27]], [6, []], [15, []], [17, []], [19, []], [21, []], [23, []], [26, []], [27, []], [40, [40, 38, 36, 37, 39]], [39, []], [38, []], [36, []], [37, []], [49, [49, 47, 48]], [47, []], [48, []]]], [[[20, [20, 7, 11, 15, 17, 19, 6, 5]]], [[13, [13, 9, 8, 10, 12, 14, 16, 18]]], [[11, [21, 23, 26, 27]]], [[22, [22, 25, 33, 28, 29, 31, 34, 30]]], [[32, [32, 35, 24]]], [[40, [40, 38, 36, 37, 39]]], [[42, [42, 41, 44, 43, 45, 46]]], [[49, [49, 47, 48]]], [[50, [50]]]]]",1270.6816074,"[[[[0, [5, 2, 3, 4]], [9, [9, 6, 13]], [6, [20, 21, 17, 16, 18]], [13, []], [5, []], [2, []], [20, []], [21, []], [24, [24, 25]], [25, []], [34, [34, 31, 29, 32, 22, 19]], [31, []], [29, []], [32, []], [3, []], [4, []], [22, []], [17, []], [16, []], [18, []], [19, []], [42, [42, 41, 44, 43, 45, 23, 33, 35]], [41, []], [44, []], [43, []], [45, []], [23, []], [33, []], [35, []], [50, [50, 46, 30, 28]], [46, []], [30, []], [28, []]], [[0, [1]], [14, [14, 8, 12, 7, 10, 15, 11]], [8, []], [12, []], [1, []], [7, []], [10, []], [15, []], [11, []], [26, [26, 27]], [27, []], [40, [40, 39, 38, 37, 36]], [39, []], [38, []], [37, []], [36, []], [49, [49, 47, 48]], [47, []], [48, []]]], [[[14, [14, 8, 12, 7, 10, 15, 11]]], [[9, [9, 6, 13]]], [[6, [20, 21, 17, 16, 18]]], [[26, [26, 27]], [24, [24, 25]]], [[34, [34, 31, 29, 32, 22, 19]]], [[40, [40, 39, 38, 37, 36]]], [[42, [42, 41, 44, 43, 45, 23, 33, 35]]], [[49, [49, 47, 48]]], [[50, [50, 46, 30, 28]]]]]",5.111111,5.111111,"[46.647615, 51.419841, 44.72136, 41.231056, 64.776539, 76.157731, 61.611687, 62.096699, 82.462113]",59.013849,"{20: 225.323808, 13: 229.70992, 11: 0.0, 22: 32.905608, 32: 0.0, 40: 4.755058, 42: 2.190315, 49: 9.969484, 50: 0.0}","{20: 0.0, 13: 0.0, 11: 8.963128, 22: 0.0, 32: 137.227259, 40: 0.0, 42: 0.0, 49: 0.0, 50: 15.574787}",56.09491,17.973908,5,5,"[23.323808, 37.363083, 21.540659, 84.296177, 76.157731, 76.157731, 61.611687, 62.096699, 82.462113]",58.33441,"{14: 245.661904, 9: 105.681542, 6: 102.088788, 24: 0.0, 26: 0.0, 34: 0.0, 40: 4.416962, 42: 0.035514, 49: 21.969484, 50: 0.0}","{14: 0.0, 9: 0.0, 6: 0.0, 24: 72.594315, 26: 102.660518, 34: 3.691464, 40: 0.0, 42: 0.0, 49: 0.0, 50: 15.574787}",47.985419,19.452108,OK,2645.907,cluster,C201_3.dat
test_data/data_demand_random_50_batch_all1_equal_cluster/C201_3.dat,8,120,2,2,1093.8058436,"[[[[0, [5, 3]], [3, []], [28, [28, 29, 34, 31, 32, 30, 23, 26]], [29, []], [34, []], [31, []], [32, []], [30, []], [5, []], [23, []], [26, []], [27, [27, 33, 35, 6]], [40, [40]], [42, [42, 41, 44, 43, 45, 46]], [41, []], [44, []], [43, []], [45, []], [33, []], [35, []], [50, [50]], [46, []], [6, []]], [[0, [2, 4, 1]], [13, [13, 7, 9, 12, 11, 21, 20, 19]], [7, []], [9, []], [12, []], [11, []], [2, []], [22, [22, 25, 24, 18, 17, 16, 14, 15]], [25, []], [24, []], [21, []], [20, []], [19, []], [18, []], [17, []], [16, []], [38, [38, 37, 36, 39, 10, 8]], [37, []], [36, []], [39, []], [14, []], [15, []], [4, []], [1, []], [10, []], [8, []], [47, [47, 48, 49]], [48, []], [49, []]]], [[[13, [13, 7, 9, 12, 11, 21, 20, 19]]], [[22, [22, 25, 24, 18, 17, 16, 14, 15]]], [[28, [28, 29, 34, 31, 32, 30, 23, 26]]], [[27, [27, 33, 35, 6]]], [[38, [38, 37, 36, 39, 10, 8]]], [[40, [40]]], [[42, [42, 41, 44, 43, 45, 46]]], [[47, [47, 48, 49]]], [[50, [50]]]]]",,None,5,5,"[51.419841, 41.231056, 50.596443, 66.603303, 53.814496, 76.157731, 61.611687, 62.096699, 82.462113]",60.66593,"{13: 229.70992, 22: 0.0, 28: 494.298221, 27: 0.0, 38: 17.197328, 40: 0.0, 42: 2.507622, 47: 21.141101, 50: 0.0}","{13: 0.0, 22: 9.094392, 28: 0.0, 27: 190.99657, 38: 0.0, 40: 33.40486, 42: 0.0, 47: 0.0, 50: 15.574787}",84.983799,27.674512,,,[],,{},{},,,OK,4416.438,cluster,C201_3.dat
test_data/data_demand_random_50_batch_all1_equal_cluster/C201_3.dat,8,120,2,3,1093.8058436,"[[[[0, []], [7, [7]], [19, [19, 9, 14, 16, 18, 20]], [9, []], [14, []], [16, []], [18, []], [20, []], [22, [22, 25]], [25, []], [40, [40, 36, 37, 38, 39]], [39, []], [36, []], [37, []], [38, []], [49, [49, 48, 47]], [48, []], [47, []]], [[0, [3, 5, 4]], [2, [1, 2]], [12, [12, 8, 10, 6, 11, 13]], [8, []], [10, []], [1, []], [6, []], [11, []], [13, []], [3, []], [5, []], [4, []], [15, [15, 17, 21, 23, 26, 27, 24]], [17, []], [21, []], [23, []], [24, []], [26, []], [27, []], [28, [28, 29, 31, 34, 33, 35, 32]], [29, []], [31, []], [34, []], [33, []], [35, []], [32, []], [42, [42, 44, 43, 45, 30, 41]], [41, []], [44, []], [43, []], [45, []], [30, []], [46, [46, 50]], [50, []]]], [[[2, [1, 2]]], [[7, [7]]], [[12, [12, 8, 10, 6, 11, 13]]], [[19, [19, 9, 14, 16, 18, 20]]], [[15, [15, 17, 21, 23, 26, 27, 24]]], [[22, [22, 25]]], [[28, [28, 29, 31, 34, 33, 35, 32]]], [[40, [40, 36, 37, 38, 39]]], [[42, [42, 44, 43, 45, 30, 41]]], [[46, [46, 50]]], [[49, [49, 48, 47]]]]]",1192.3238076,"[[[[0, [5, 4, 2]], [10, [10, 8, 6]], [8, []], [6, [14, 15, 18, 17, 21]], [14, []], [5, []], [4, []], [15, []], [18, []], [17, []], [27, [27, 22, 25]], [21, []], [22, [34, 31, 29, 28, 23]], [2, []], [25, []], [34, []], [31, []], [29, []], [28, []], [23, []], [42, [42, 41, 44, 43, 45, 24, 30, 35]], [41, []], [44, []], [43, []], [45, []], [24, []], [30, []], [46, [46, 50, 33, 32]], [50, []], [35, []], [33, []], [32, []]], [[0, [3, 1]], [9, [9, 13]], [20, [20, 7, 11, 12, 16, 19]], [3, []], [7, []], [1, []], [11, []], [12, []], [16, []], [26, [26]], [40, [40, 39, 38, 37, 36]], [19, []], [39, []], [38, []], [37, []], [36, []], [49, [49, 48, 47]], [48, []], [47, []], [13, []]]], [[[10, [10, 8, 6]]], [[9, [9, 13]]], [[6, [14, 15, 18, 17, 21]]], [[20, [20, 7, 11, 12, 16, 19]]], [[26, [26]], [27, [27, 22, 25]]], [[22, [34, 31, 29, 28, 23]]], [[40, [40, 39, 38, 37, 36]]], [[42, [42, 41, 44, 43, 45, 24, 30, 35]]], [[49, [49, 48, 47]]], [[46, [46, 50, 33, 32]]]]]",4.272727,4.272727,"[24.33105, 33.105891, 45.607017, 41.231056, 23.323808, 41.231056, 50.596443, 76.157731, 61.611687, 78.587531, 62.096699]",48.898179,"{2: 0.0, 7: 105.552945, 12: 78.803509, 19: 38.062583, 15: 1.858395, 22: 0.0, 28: 0.0, 40: 5.463337, 42: 19.14394, 46: 0.0, 49: 5.969484}","{2: 15.834475, 7: 0.0, 12: 0.0, 19: 0.0, 15: 0.0, 22: 140.0, 28: 77.363683, 40: 0.0, 42: 0.0, 46: 13.512078, 49: 0.0}",23.168563,22.428203,4.5,4.5,"[36.055513, 37.363083, 21.540659, 46.647615, 71.656991, 41.231056, 76.157731, 61.611687, 62.096699, 78.587531]",53.294857,"{10: 101.027756, 9: 105.681542, 6: 86.742573, 20: 42.642266, 27: 0.0, 26: 0.0, 22: 0.0, 40: 40.755058, 42: 12.035514, 49: 1.969484, 46: 0.0}","{10: 0.0, 9: 0.0, 6: 0.0, 20: 0.0, 27: 83.468678, 26: 76.93795, 22: 19.154801, 40: 0.0, 42: 0.0, 49: 0.0, 46: 13.512078}",35.532199,17.552137,OK,2627.274,cluster,C201_3.dat
test_data/data_demand_random_50_batch_all1_equal_cluster/C201_3.dat,8,120,2,4,1087.0788655,"[[[[0, [3, 2]], [8, [8]], [9, [9, 14, 17, 6, 19, 16, 15, 10]], [10, []], [2, []], [14, []], [17, []], [6, []], [19, []], [16, []], [15, []], [36, [36, 37, 38, 39, 20, 25, 26]], [37, []], [38, []], [39, []], [20, []], [40, [40, 44, 41, 43, 45, 35, 33]], [41, []], [44, []], [43, []], [45, []], [26, []], [25, []], [35, []], [50, [50, 46, 32]], [46, []], [33, []], [32, []], [3, []]], [[0, [1, 4, 5]], [13, [13]], [18, [18, 21, 7, 11, 12]], [27, [27, 24, 23, 22]], [23, []], [21, []], [22, []], [5, []], [7, [28, 29, 31, 34, 30]], [11, []], [1, []], [28, []], [29, []], [31, []], [34, []], [30, []], [24, []], [42, [42]], [4, []], [12, []], [47, [47, 48, 49]], [48, []], [49, []]]], [[[8, [8]]], [[13, [13]]], [[18, [18, 21, 7, 11, 12]]], [[9, [9, 14, 17, 6, 19, 16, 15, 10]]], [[27, [27, 24, 23, 22]]], [[7, [28, 29, 31, 34, 30]]], [[36, [36, 37, 38, 39, 20, 25, 26]]], [[42, [42]]], [[40, [40, 44, 41, 43, 45, 35, 33]]], [[47, [47, 48, 49]]], [[50, [50, 46, 32]]]]]",,None,4.090909,4.090909,"[38.626416, 51.419841, 30.265492, 37.363083, 66.603303, 33.105891, 51.224994, 61.611687, 76.157731, 62.096699, 82.462113]",53.721568,"{8: 102.313208, 13: 96.70992, 18: 21.422826, 9: 123.368334, 27: 78.168906, 7: 0.0, 36: 23.930955, 42: 3.504192, 40: 4.466369, 47: 0.0, 50: 0.0}","{8: 0.0, 13: 0.0, 18: 0.0, 9: 0.0, 27: 0.0, 7: 21.748706, 36: 0.0, 42: 0.0, 40: 0.0, 47: 1.757494, 50: 8.847809}",41.262246,2.941274,,,[],,{},{},,,OK,3266.892,cluster,C201_3.dat
test_data/data_demand_random_50_batch_all1_equal_cluster/C201_3.dat,8,120,2,5,1198.2310563,"[[[[0, [1, 3, 5, 7, 9, 11, 13, 15, 17, 19, 21, 23, 26, 27]], [1, []], [3, []], [5, []], [7, []], [9, []], [11, []], [13, []], [15, []], [17, []], [19, []], [21, []], [23, []], [26, []], [27, []], [29, [46, 29, 34, 31, 33, 32, 30, 35]], [34, []], [31, []], [33, []], [32, []], [30, []], [35, []], [46, []], [50, [50, 47, 48, 49]], [47, []], [48, []], [49, []]], [[0, [2, 4, 6, 8, 10, 12, 14, 16, 18, 20]], [2, []], [4, []], [6, []], [8, []], [10, []], [12, []], [14, [28, 22, 24, 25]], [16, []], [18, []], [20, []], [22, []], [24, [36, 38, 37, 39, 40, 41]], [25, []], [28, []], [36, [44, 43, 45, 42]], [38, []], [37, []], [39, []], [40, []], [41, []], [44, []], [43, []], [45, []], [42, []]]], [[[14, [28, 22, 24, 25]]], [[29, [46, 29, 34, 31, 33, 32, 30, 35]]], [[24, [36, 38, 37, 39, 40, 41]]], [[36, [44, 43, 45, 42]]], [[50, [50, 47, 48, 49]]]]]",,None,5.2,5.2,"[23.323808, 63.245553, 68.35203, 51.224994, 82.462113]",57.721699,"{14: 70.661904, 29: 0.0, 24: 0.0, 36: 0.0, 50: 1.231056}","{14: 0.0, 29: 16.377223, 24: 1.485889, 36: 90.049407, 50: 0.0}",14.378592,21.582504,,,[],,{},{},,,OK,2438.065,cluster,C201_3.dat
test_data/data_demand_random_50_batch_all1_equal_random/C201_3.dat,4,60,2,1,1233.70992,"[[[[0, [5, 8]], [8, []], [5, []], [20, [20, 9, 17, 18, 22]], [22, []], [9, []], [17, [38, 33, 19, 28, 27, 12, 11, 10]], [38, []], [18, []], [33, []], [19, []], [28, []], [27, []], [41, [41, 30, 32, 29, 39, 42, 34]], [42, []], [12, []], [11, []], [30, [50, 47, 46]], [10, []], [32, []], [50, []], [34, []], [29, []], [47, []], [46, []], [39, []]], [[0, [2, 4, 3, 1, 6]], [2, []], [1, []], [6, []], [16, [16, 14, 7, 13]], [14, []], [25, [25, 26]], [26, []], [21, [21, 24, 23]], [24, []], [23, []], [4, []], [3, []], [36, [36, 31]], [13, []], [35, [35, 37, 15]], [37, []], [7, [44, 48, 43, 49]], [44, []], [31, []], [48, []], [49, []], [43, []], [15, []], [45, [45, 40]], [40, []]]], [[[16, [16, 14, 7, 13]]], [[25, [25, 26]]], [[20, [20, 9, 17, 18]]], [[20, [22]]], [[21, [21, 24, 23]]], [[17, [28, 27, 12, 11]]], [[36, [36, 31]]], [[17, [38, 33, 19, 10]]], [[35, [35, 37, 15]]], [[41, [41, 30, 32, 29]]], [[41, [39, 42, 34]]], [[30, [50, 47, 46]]], [[7, [44, 48, 43, 49]]], [[45, [45, 40]]]]]",1264.615528,"[[[[0, [1, 4]], [14, [14, 18, 15, 19]], [18, []], [15, []], [26, [26, 13, 7]], [1, []], [13, [17]], [17, [28, 27, 31, 33]], [28, []], [19, []], [33, []], [40, [40, 41, 36]], [4, []], [7, []], [45, [45, 48, 43, 49, 44]], [41, []], [48, []], [27, []], [43, []], [49, []], [36, []], [31, []], [44, []]], [[0, [8, 11, 5, 6, 3, 2]], [8, []], [11, []], [5, []], [23, [23, 21, 9, 12]], [21, []], [24, [24, 20, 10, 29]], [16, [16, 25, 22]], [2, []], [6, []], [3, []], [25, [32, 37, 35, 30]], [32, []], [9, []], [22, []], [37, []], [35, []], [30, [38, 42, 39, 34]], [38, []], [20, [50, 47, 46]], [42, []], [50, []], [12, []], [10, []], [39, []], [34, []], [47, []], [29, []], [46, []]]], [[[14, [14, 18, 15, 19]]], [[23, [23, 21, 9, 12]]], [[24, [24, 20, 10, 29]]], [[26, [26, 13, 7]]], [[16, [16, 25, 22]]], [[13, [17]]], [[17, [28, 27, 31, 33]]], [[25, [32, 37, 35, 30]]], [[40, [40, 41, 36]]], [[30, [38, 42, 39, 34]]], [[45, [45, 48, 43, 49]]], [[45, [44]], [20, [50, 47, 46]]]]]",3.071429,3.071429,"[21.540659, 33.526109, 41.231056, 41.231056, 44.72136, 34.234486, 33.105891, 34.234486, 46.647615, 50.596443, 50.596443, 48.166378, 51.419841, 40.0]",40.803702,"{16: 0.0, 25: 0.763055, 20: 119.757165, 21: 0.0, 17: 79.975605, 36: 6.789891, 35: 0.0, 41: 0.0, 30: 0.0, 7: 11.156975, 45: 0.0}","{16: 59.22967, 25: 0.0, 20: 0.0, 21: 47.171319, 17: 53.024395, 36: 0.0, 35: 40.123247, 41: 51.638043, 30: 3.034054, 7: 0.0, 45: 180.509488}",19.858426,39.520929,3.5,3.5,"[23.323808, 30.0, 37.363083, 39.293765, 21.540659, 24.33105, 34.234486, 33.526109, 20.0, 48.166378, 40.0, 45.615528]",33.116239,"{14: 245.661904, 23: 0.0, 24: 43.681542, 26: 11.984979, 16: 0.0, 13: 27.881726, 17: 5.040506, 25: 0.0, 40: 46.430886, 30: 0.0, 45: 4.0, 20: 1.933986}","{14: 0.0, 23: 25.0, 24: 0.0, 26: 0.0, 16: 60.617447, 13: 0.0, 17: 0.0, 25: 74.918487, 40: 0.0, 30: 73.598353, 45: 0.0, 20: 0.0}",32.217961,19.511191,OK,3828.32,random,C201_3.dat
test_data/data_demand_random_50_batch_all1_equal_random/C201_3.dat,4,60,2,2,1202.298221,"[[[[0, [1, 3]], [1, [9]], [9, []], [3, []], [26, [26, 22, 11, 12, 18, 8, 14]], [22, []], [11, []], [12, []], [18, []], [8, []], [31, [31, 36, 24, 29]], [36, []], [24, []], [14, []], [39, [39, 34, 23]], [29, []], [34, []], [46, [46, 47, 50, 45]], [47, []], [50, []], [45, []], [23, []], [40, [40]]], [[0, [5, 4, 6, 2]], [5, []], [4, []], [6, []], [2, []], [16, [16, 10, 17, 7]], [25, [25, 13, 19, 15]], [10, []], [17, []], [13, [28, 33, 20, 30]], [28, []], [19, []], [15, []], [33, []], [20, [37, 32, 35, 38]], [30, []], [37, []], [32, []], [35, [42, 41, 21, 27]], [42, []], [38, []], [41, [49, 44, 43, 48]], [43, []], [49, []], [27, []], [48, []], [21, []], [7, []], [44, []]]], [[[1, [9]]], [[16, [16, 10, 17, 7]]], [[26, [18, 8, 14]]], [[25, [25, 13, 19, 15]]], [[26, [26, 22, 11, 12]]], [[13, [28, 33, 20, 30]]], [[31, [31, 36, 24, 29]]], [[20, [37, 32, 35, 38]]], [[35, [42, 41, 21, 27]]], [[39, [39, 34, 23]]], [[41, [49, 44, 43, 48]]], [[46, [46, 47, 50, 45]]], [[40, [40]]]]]",,None,3.384615,3.384615,"[30.265492, 21.540659, 39.293765, 33.526109, 39.293765, 24.33105, 36.055513, 41.231056, 46.647615, 41.231056, 50.596443, 51.224994, 20.0]",36.556732,"{1: 114.132746, 16: 104.77033, 26: 10.040246, 25: 79.992725, 13: 22.40247, 31: 0.0, 20: 0.0, 35: 0.0, 39: 0.0, 41: 9.132696, 46: 5.439505, 40: 0.0}","{1: 0.0, 16: 0.0, 26: 161.485863, 25: 0.0, 13: 0.0, 31: 24.145236, 20: 13.549997, 35: 8.841717, 39: 25.557464, 41: 0.0, 46: 0.0, 40: 173.016054}",28.825893,33.883028,,,[],,{},{},,,OK,5703.012,random,C201_3.dat
test_data/data_demand_random_50_batch_all1_equal_random/C201_3.dat,4,60,2,3,1225.083189,"[[[[0, [1, 3]], [3, []], [7, [7, 10, 12, 14]], [14, [19, 18, 9, 11]], [19, []], [18, []], [9, []], [11, []], [17, [17, 23, 25, 26]], [23, [38, 35, 30]], [38, []], [35, []], [1, []], [39, [39, 32, 27]], [25, []], [26, []], [10, []], [30, [50, 42, 48, 43, 49, 41, 45, 40]], [32, []], [50, []], [12, []], [42, []], [48, []], [43, []], [49, []], [27, []], [41, []], [45, []], [40, []]], [[0, [2, 5, 4, 6]], [2, []], [5, [8]], [8, []], [6, []], [4, [15, 13, 16]], [15, []], [13, []], [20, [20, 33, 28, 31]], [33, []], [28, []], [16, []], [36, [36, 21, 24, 22]], [31, []], [21, []], [24, [37, 34, 29]], [37, []], [22, []], [34, []], [29, []], [47, [47, 46, 44]], [46, []], [44, []]]], [[[5, [8]]], [[7, [7, 10, 12, 14]]], [[14, [19, 18, 9, 11]]], [[17, [17, 23, 25, 26]]], [[4, [15, 13, 16]]], [[20, [20, 33, 28, 31]]], [[23, [38, 35, 30]]], [[36, [36, 21, 24, 22]]], [[24, [37, 34, 29]]], [[39, [39, 32, 27]]], [[30, [50, 42, 48, 43]]], [[30, [49, 41, 45, 40]]], [[47, [47, 46, 44]]]]]",,None,3.384615,3.384615,"[23.323808, 51.419841, 23.323808, 34.234486, 38.626416, 41.231056, 30.0, 33.105891, 37.363083, 41.231056, 48.166378, 48.166378, 53.814496]",38.769746,"{5: 0.0, 7: 64.70992, 14: 43.951984, 17: 0.0, 4: 0.0, 20: 1.615528, 23: 103.338096, 36: 0.0, 24: 0.0, 39: 0.0, 30: 14.166378, 47: 1.458098}","{5: 15.338096, 7: 0.0, 14: 0.0, 17: 148.544661, 4: 69.362985, 20: 0.0, 23: 0.0, 36: 34.062583, 24: 31.933986, 39: 34.384472, 30: 0.0, 47: 0.0}",19.103334,27.802232,,,[],,{},{},,,OK,3475.853,random,C201_3.dat
test_data/data_demand_random_50_batch_all1_equal_random/C201_3.dat,4,60,2,4,1229.083189,"[[[[0, [6, 8]], [8, []], [16, [16]], [6, []], [26, [26, 14, 19, 15]], [25, [25, 29, 28]], [29, []], [35, [35, 33, 11]], [14, []], [19, []], [28, []], [15, []], [33, []], [40, [40, 30, 32, 22, 34, 39]], [30, [50, 37, 47, 46]], [11, []], [50, []], [32, []], [22, []], [37, []], [34, []], [47, []], [46, []], [39, []]], [[0, [4, 5, 3, 1, 9, 10, 2]], [2, []], [4, []], [13, [13, 18, 12]], [18, []], [12, []], [9, []], [10, []], [1, []], [24, [24, 21, 23, 31]], [31, []], [36, [36, 17, 20, 7]], [21, []], [5, []], [23, [42, 38, 41, 27]], [17, []], [20, []], [42, []], [38, []], [45, [45, 49, 43, 48]], [41, []], [27, []], [49, []], [43, []], [48, []], [3, []], [7, [44]], [44, []]]], [[[16, [16]]], [[13, [13, 18, 12]]], [[24, [24, 21, 23, 31]]], [[26, [26, 14, 19, 15]]], [[25, [25, 29, 28]]], [[35, [35, 33, 11]]], [[36, [36, 17, 20, 7]]], [[40, [34, 39]]], [[23, [42, 38, 41, 27]]], [[40, [40, 30, 32, 22]]], [[30, [50, 37, 47, 46]]], [[45, [45, 49, 43, 48]]], [[7, [44]]]]]",,None,3.153846,3.153846,"[21.540659, 24.33105, 37.363083, 39.293765, 33.526109, 46.647615, 33.105891, 20.0, 30.0, 20.0, 48.166378, 40.0, 51.419841]",34.261107,"{16: 0.0, 13: 0.0, 24: 0.0, 26: 0.0, 25: 76.763055, 35: 4.560753, 36: 51.552945, 40: 0.0, 23: 4.447055, 30: 4.759382, 45: 11.0, 7: 0.0}","{16: 28.22967, 13: 10.834475, 24: 52.318458, 26: 43.353117, 25: 0.0, 35: 0.0, 36: 0.0, 40: 143.647615, 23: 0.0, 30: 0.0, 45: 0.0, 7: 104.29008}",12.756932,31.889451,,,[],,{},{},,,OK,5401.597,random,C201_3.dat
test_data/data_demand_random_50_batch_all1_equal_random/C201_3.dat,4,60,2,5,1228.7099203,"[[[[0, [3, 6]], [14, [14, 17, 19, 8]], [17, [18, 15, 13, 12]], [19, []], [8, []], [18, []], [15, []], [3, []], [13, [27, 7]], [20, [20, 32, 9, 16]], [12, []], [32, []], [9, []], [30, [30, 38, 33, 28]], [38, []], [33, []], [28, []], [41, [41, 36, 31]], [16, []], [36, []], [7, [44, 48, 49, 43]], [44, []], [6, []], [31, []], [48, []], [27, []], [49, []], [43, []]], [[0, [10, 2, 5, 1, 4]], [10, []], [2, []], [23, [23, 21, 11]], [21, []], [4, []], [24, [24]], [5, []], [35, [35, 37, 22, 26]], [37, []], [22, []], [26, [34, 25, 29]], [34, []], [1, []], [25, []], [47, [47, 46, 39, 50]], [29, []], [46, []], [39, [42, 45, 40]], [11, []], [50, []], [42, []], [45, []], [40, []]]], [[[14, [14, 17, 19, 8]]], [[17, [18, 15, 13, 12]]], [[23, [23, 21, 11]]], [[24, [24]]], [[13, [27, 7]]], [[20, [20, 32, 9, 16]]], [[35, [35, 37, 22, 26]]], [[30, [30, 38, 33, 28]]], [[26, [34, 25, 29]]], [[41, [41, 36, 31]]], [[7, [44, 48, 49, 43]]], [[47, [47, 46, 39, 50]]], [[39, [42, 45, 40]]]]]",,None,3.307692,3.307692,"[23.323808, 34.234486, 30.0, 37.363083, 24.33105, 41.231056, 46.647615, 48.166378, 39.293765, 50.596443, 51.419841, 53.814496, 41.231056]",40.12716,"{14: 245.661904, 17: 0.0, 23: 0.0, 24: 0.0, 13: 0.0, 20: 0.0, 35: 78.323808, 30: 0.0, 26: 0.0, 41: 0.0, 7: 4.048016, 47: 3.583441, 39: 0.0}","{14: 0.0, 17: 21.544661, 23: 33.0, 24: 98.318458, 13: 30.496379, 20: 42.364834, 35: 0.0, 30: 39.578715, 26: 57.02931, 41: 42.363683, 7: 0.0, 47: 0.0, 39: 12.871879}",25.509013,29.043686,,,[],,{},{},,,OK,3590.404,random,C201_3.dat
test_data/data_demand_random_50_batch_all1_equal_random/C201_3.dat,4,90,2,1,1193.552945,"[[[[0, [5]], [15, [15, 19, 9, 10]], [19, []], [9, []], [20, [20, 25, 26, 22]], [25, []], [10, []], [22, []], [37, [37, 38, 34, 29]], [38, []], [5, []], [26, []], [34, []], [47, [47, 46, 44, 16]], [29, []], [46, []], [44, []], [16, []]], [[0, [2, 3, 1, 4]], [6, [6, 12, 13]], [2, []], [7, [7, 11, 8, 14]], [1, []], [4, []], [24, [24, 21, 17, 18]], [21, []], [3, []], [17, []], [18, []], [33, [33, 28, 31, 32]], [28, []], [36, [36, 30, 35]], [31, []], [14, []], [30, []], [32, []], [35, []], [39, [39, 50, 42, 27, 41, 40]], [11, []], [12, []], [50, []], [42, []], [27, []], [48, [48, 43, 45, 23, 49]], [8, []], [43, []], [49, []], [41, []], [45, []], [23, []], [13, []], [40, []]]], [[[6, [6, 12, 13]]], [[7, [7, 11, 8, 14]]], [[15, [15, 19, 9, 10]]], [[24, [24, 21, 17, 18]]], [[20, [20, 25, 26, 22]]], [[33, [33, 28, 31, 32]]], [[36, [36, 30, 35]]], [[37, [37, 38, 34, 29]]], [[39, [39, 50, 42, 27]]], [[39, [41, 40]]], [[47, [47, 46, 44, 16]]], [[48, [48, 43, 45, 23]]], [[48, [49]]]]]",,None,3.461538,3.461538,"[62.096699, 51.419841, 70.710678, 37.363083, 41.231056, 64.776539, 33.105891, 76.157731, 41.231056, 41.231056, 53.814496, 67.082039, 67.082039]",54.407862,"{6: 88.048349, 7: 0.0, 15: 221.355339, 24: 29.633192, 20: 0.0, 33: 0.0, 36: 8.871404, 37: 80.723526, 39: 79.062583, 47: 25.828383, 48: 0.0}","{6: 0.0, 7: 40.338429, 15: 0.0, 24: 0.0, 20: 76.739811, 33: 1.293272, 36: 0.0, 37: 0.0, 39: 53.937417, 47: 0.0, 48: 80.978299}",48.502071,23.026112,,,[],,{},{},,,OK,3014.415,random,C201_3.dat
test_data/data_demand_random_50_batch_all1_equal_random/C201_3.dat,4,90,2,2,1207.051248,"[[[[0, [3, 4, 6, 2]], [10, [10, 14, 8, 13]], [13, []], [2, []], [6, []], [24, [24, 17, 20, 21]], [4, []], [21, []], [17, []], [20, []], [14, []], [30, [30, 15, 19, 7]], [3, [28, 27, 31]], [8, []], [28, [38, 33, 36]], [27, []], [15, []], [19, []], [38, []], [33, []], [40, [45, 49, 48, 44, 40, 41]], [45, []], [41, [43]], [43, []], [49, []], [48, []], [31, []], [36, []], [7, []], [44, []]], [[0, [5, 12]], [16, [16, 18, 9, 11, 1]], [18, []], [23, [23, 22, 26]], [22, []], [9, []], [12, []], [29, [29, 25, 32]], [25, []], [1, []], [5, []], [26, []], [35, [35, 37, 34, 42]], [37, []], [11, []], [42, []], [32, []], [50, [50, 46, 47, 39]], [34, []], [46, []], [47, []], [39, []]]], [[[10, [10, 14, 8, 13]]], [[16, [1]]], [[16, [16, 18, 9, 11]]], [[23, [23, 22, 26]]], [[24, [24, 17, 20, 21]]], [[30, [30, 15, 19, 7]]], [[29, [29, 25, 32]]], [[3, [28, 27, 31]]], [[28, [38, 33, 36]]], [[35, [35, 37, 34, 42]]], [[40, [45, 49, 48, 44]]], [[40, [40, 41]]], [[41, [43]]], [[50, [50, 46, 47, 39]]]]]",1221,"[[[[0, [6]], [8, [8, 19, 16, 15]], [15, []], [19, []], [16, []], [17, [17, 21, 20, 13]], [13, []], [27, [27, 28, 33, 30]], [28, []], [33, []], [30, []], [20, []], [31, [31, 36]], [36, []], [41, [41]], [45, [45, 44, 43, 49, 48]], [43, []], [49, []], [48, []], [21, []], [6, []], [44, []]], [[0, [3, 5, 1, 4, 2]], [9, [9, 10, 12, 11]], [10, []], [12, []], [11, []], [3, []], [7, [7, 14, 18]], [2, []], [4, []], [24, [24, 22, 23]], [26, [26]], [1, [25]], [29, [29]], [25, []], [5, []], [35, [35, 37, 32, 38]], [37, []], [22, []], [32, []], [23, []], [14, []], [40, [40, 42]], [18, []], [38, []], [42, [50, 34]], [50, []], [34, []], [46, [46, 47, 39]], [47, []], [39, []]]], [[[8, [8, 19, 16, 15]]], [[9, [9, 10, 12, 11]]], [[7, [7, 14, 18]]], [[17, [17, 21, 20, 13]]], [[24, [24, 22, 23]]], [[26, [26]]], [[1, [25]]], [[29, [29]]], [[27, [27, 28, 33, 30]]], [[31, [31, 36]]], [[35, [35, 37, 32, 38]]], [[40, [40, 42]]], [[41, [41]]], [[45, [45, 44]], [42, [50, 34]]], [[45, [43, 49, 48]]], [[46, [46, 47, 39]]]]]",3.142857,3.142857,"[61.611687, 21.540659, 21.540659, 30.0, 37.363083, 48.166378, 58.137767, 45.607017, 82.462113, 46.647615, 20.0, 20.0, 50.596443, 78.102497]",44.412566,"{10: 77.805844, 16: 115.77033, 23: 0.0, 24: 64.875698, 30: 0.0, 29: 0.0, 3: 0.0, 28: 0.0, 35: 30.553478, 40: 30.318458, 41: 0.0, 50: 22.727441}","{10: 0.0, 16: 150.22967, 23: 13.77033, 24: 0.0, 30: 7.598353, 29: 86.701446, 3: 29.113302, 28: 3.965435, 35: 0.0, 40: 51.033927, 41: 3.38332, 50: 0.0}",28.504271,28.816315,2.75,2.75,"[76.157731, 80.622577, 51.419841, 34.234486, 37.363083, 39.293765, 30.265492, 58.137767, 63.245553, 36.055513, 46.647615, 20.0, 50.596443, 67.616683, 40.0, 51.224994]",48.930096,"{8: 204.078866, 9: 63.311289, 7: 0.0, 17: 0.0, 24: 2.370253, 26: 0.0, 1: 0.0, 29: 0.0, 27: 29.358199, 31: 0.0, 35: 1.642266, 40: 0.0, 41: 0.0, 45: 163.125872, 42: 10.7642, 46: 0.0}","{8: 0.0, 9: 0.0, 7: 62.601368, 17: 54.961623, 24: 0.0, 26: 35.671576, 1: 15.352687, 29: 14.612658, 27: 0.0, 31: 98.409308, 35: 0.0, 40: 45.323808, 41: 10.674022, 45: 0.0, 42: 0.0, 46: 124.475511}",29.665684,28.88016,OK,4317.042,random,C201_3.dat
test_data/data_demand_random_50_batch_all1_equal_random/C201_3.dat,4,90,2,3,1154.231056,"[[[[0, []], [12, [12]], [19, [19, 15, 13, 18]], [24, [24, 20, 26]], [20, []], [18, []], [28, [28, 29, 27]], [15, []], [13, []], [26, []], [29, []], [46, [46, 47, 34, 50, 45]], [47, []], [34, []], [39, [39, 42, 41, 40]], [50, []], [42, []], [41, []], [49, [49, 43, 48]], [43, []], [27, []], [48, []], [45, []], [40, []]], [[0, [2, 4, 3, 6, 1, 5]], [1, []], [6, []], [2, []], [7, [7, 8, 14, 10]], [8, []], [5, []], [25, [25, 11, 9, 17]], [10, []], [14, []], [31, [31, 21, 23, 16]], [4, []], [21, []], [3, []], [33, [33, 30, 32, 22]], [38, [38, 35, 37, 36]], [30, []], [35, []], [11, []], [32, []], [9, []], [37, []], [22, []], [17, []], [23, []], [44, [44]], [36, []], [16, []]]], [[[12, [12]]], [[7, [7, 8, 14, 10]]], [[19, [19, 15, 13, 18]]], [[25, [25, 11, 9, 17]]], [[24, [24, 20, 26]]], [[31, [31, 21, 23, 16]]], [[28, [28, 29, 27]]], [[33, [33, 30, 32, 22]]], [[38, [38, 35, 37, 36]]], [[46, [46, 47, 50, 45]]], [[46, [34]]], [[39, [39, 42, 41, 40]]], [[49, [49, 43, 48]]], [[44, [44]]]]]",,None,3.142857,3.142857,"[70.710678, 51.419841, 80.622577, 33.526109, 37.363083, 36.055513, 82.462113, 64.776539, 68.35203, 51.224994, 51.224994, 41.231056, 67.052218, 62.096699]",57.00846,"{12: 68.355339, 7: 0.0, 19: 42.95595, 25: 36.763055, 24: 10.370253, 31: 0.0, 28: 5.549515, 33: 0.0, 38: 0.0, 46: 186.381441, 39: 0.0, 49: 0.0, 44: 5.510289}","{12: 0.0, 7: 15.29008, 19: 0.0, 25: 0.0, 24: 0.0, 31: 9.735298, 28: 0.0, 33: 45.583974, 38: 0.58704, 46: 5.67949, 39: 11.771975, 49: 55.704947, 44: 0.0}",27.375834,11.104062,,,[],,{},{},,,OK,3865.271,random,C201_3.dat
test_data/data_demand_random_50_batch_all1_equal_random/C201_3.dat,4,90,2,4,1196.048349,"[[[[0, [1, 5, 2]], [5, []], [2, []], [16, [16, 14, 17, 19]], [13, [13, 10]], [1, []], [25, [25, 15, 23, 20]], [10, []], [23, []], [14, []], [17, []], [28, [28, 18, 32]], [19, []], [18, []], [20, []], [15, []], [38, [38, 35]], [42, [42, 39]], [39, []], [46, [46, 47, 50, 45]], [47, []], [35, []], [32, []], [50, []], [45, []]], [[0, [3, 6]], [7, [7, 4]], [3, []], [11, [11, 9, 12, 8]], [12, []], [8, []], [33, [33, 30, 21, 24, 26, 37, 22, 27]], [30, []], [22, []], [37, []], [9, []], [29, [29, 34, 31]], [34, []], [26, []], [40, [40, 36, 41]], [31, []], [21, []], [6, []], [44, [44, 48, 49, 43]], [24, []], [4, []], [36, []], [48, []], [27, []], [49, []], [43, []], [41, []]]], [[[7, [7, 4]]], [[11, [11, 9, 12, 8]]], [[16, [16, 14, 17, 19]]], [[13, [13, 10]]], [[25, [25, 15, 23, 20]]], [[33, [33, 30, 37, 27]]], [[33, [21, 24, 26, 22]]], [[28, [28, 18, 32]]], [[29, [29, 34, 31]]], [[38, [38, 35]]], [[42, [42, 39]]], [[40, [40, 36, 41]]], [[46, [46, 47, 50, 45]]], [[44, [44, 48, 49, 43]]]]]",,None,3.214286,3.214286,"[51.419841, 66.603303, 21.540659, 24.33105, 33.526109, 64.776539, 64.776539, 82.462113, 58.137767, 68.35203, 61.05735, 20.0, 51.224994, 62.096699]",52.164642,"{7: 96.70992, 11: 0.0, 16: 112.77033, 13: 0.0, 25: 18.992725, 33: 302.882808, 28: 0.0, 29: 0.0, 38: 0.0, 42: 4.76562, 40: 3.024691, 46: 15.083822, 44: 13.10928}","{7: 0.0, 11: 129.408269, 16: 0.0, 13: 17.064145, 25: 0.0, 33: 0.0, 28: 60.531998, 29: 4.851384, 38: 29.810501, 42: 0.0, 40: 0.0, 46: 0.0, 44: 0.0}",43.641477,18.589715,,,[],,{},{},,,OK,3714.794,random,C201_3.dat
test_data/data_demand_random_50_batch_all1_equal_random/C201_3.dat,4,90,2,5,1203.0512484,"[[[[0, [14, 10, 12, 9, 11, 13]], [14, []], [10, []], [12, []], [9, []], [11, []], [22, [22, 15, 23, 24]], [15, []], [33, [33, 31]], [23, [29]], [31, [36, 16, 26]], [36, []], [24, []], [16, []], [13, []], [26, []], [35, [35, 40]], [40, []], [47, [47, 46, 44]], [29, []], [46, []], [44, []]], [[0, [5, 4, 2, 3]], [5, [6, 1]], [4, [7]], [2, []], [3, []], [7, []], [6, []], [8, [8, 17, 19, 18]], [17, []], [20, [20, 21]], [21, [27, 28]], [27, []], [28, []], [19, []], [18, []], [38, [38, 30, 34, 25]], [30, []], [34, []], [39, [39, 37, 32]], [1, []], [25, []], [37, []], [32, []], [50, [50, 42, 43, 49]], [42, []], [43, []], [49, []], [48, [48, 41, 45]], [41, []], [45, []]]], [[[5, [6, 1]]], [[4, [7]]], [[22, [22, 15, 23, 24]]], [[8, [8, 17, 19, 18]]], [[20, [20, 21]]], [[21, [27, 28]]], [[33, [33, 31]]], [[23, [29]]], [[31, [36, 16, 26]]], [[38, [38, 30, 34, 25]]], [[39, [39, 37, 32]]], [[35, [35, 40]]], [[47, [47, 46, 44]]], [[50, [50, 42, 43, 49]]], [[48, [48, 41, 45]]]]]",,None,2.666667,2.666667,"[23.323808, 38.626416, 78.714675, 76.157731, 41.231056, 44.72136, 64.776539, 30.0, 36.055513, 68.35203, 41.231056, 46.647615, 53.814496, 78.102497, 67.082039]",52.589122,"{5: 0.0, 4: 57.313208, 22: 123.357337, 8: 0.0, 20: 0.0, 21: 26.047472, 33: 2.030932, 23: 0.0, 31: 24.639487, 38: 0.0, 39: 0.0, 35: 0.0, 47: 0.0, 50: 2.690569, 48: 0.0}","{5: 20.338096, 4: 0.0, 22: 0.0, 8: 63.234342, 20: 23.305606, 21: 0.0, 33: 0.0, 23: 16.66691, 31: 0.0, 38: 0.184665, 39: 23.745152, 35: 4.703949, 47: 13.120508, 50: 0.0, 48: 70.575224}",15.7386,15.724964,,,[],,{},{},,,OK,2807.039,random,C201_3.dat
test_data/data_demand_random_50_batch_all1_equal_random/C201_3.dat,4,120,2,1,1201.0483494,"[[[[0, [4, 2]], [2, []], [8, [8, 9, 10, 12]], [15, [15, 17, 22, 16]], [17, []], [26, [26, 23, 21, 33]], [9, []], [22, []], [10, []], [12, []], [38, [38, 31, 7]], [33, []], [23, []], [31, []], [7, []], [4, []], [36, [36, 27]], [16, []], [44, [44, 48, 49, 43]], [21, []], [48, []], [27, []], [43, []], [49, []], [41, [41, 45, 40]], [45, []], [40, []]], [[0, [6, 1, 5]], [6, []], [1, [11, 14, 13]], [5, []], [11, []], [14, [3]], [3, []], [24, [24, 25, 20, 18]], [13, []], [25, []], [30, [30, 19, 28]], [20, []], [18, []], [19, []], [28, []], [39, [39, 34, 37, 32]], [34, []], [37, []], [32, []], [50, [50, 42, 47, 46]], [42, []], [35, [35, 29]], [47, []], [29, []], [46, []]]], [[[8, [8, 9, 10, 12]]], [[1, [11, 14, 13]]], [[14, [3]]], [[15, [15, 17, 22, 16]]], [[24, [24, 25, 20, 18]]], [[26, [26, 23, 21, 33]]], [[30, [30, 19, 28]]], [[38, [38, 31, 7]]], [[36, [36, 27]]], [[39, [39, 34, 37, 32]]], [[44, [44, 48, 49, 43]]], [[50, [50, 42, 47, 46]]], [[35, [35, 29]]], [[41, [41, 45, 40]]]]]",,None,3.214286,3.214286,"[76.157731, 30.265492, 23.323808, 70.710678, 37.363083, 39.293765, 48.166378, 68.35203, 33.105891, 41.231056, 62.096699, 78.102497, 46.647615, 50.596443]",50.386655,"{8: 3.078866, 1: 0.0, 14: 0.0, 15: 238.276474, 24: 0.0, 26: 5.291544, 30: 10.083189, 38: 2.529132, 36: 0.0, 39: 11.532339, 44: 4.872334, 50: 18.43572, 35: 0.0, 41: 0.0}","{8: 0.0, 1: 37.867254, 14: 123.20535, 15: 0.0, 24: 2.318458, 26: 0.0, 30: 0.0, 38: 0.0, 36: 190.62307, 39: 0.0, 44: 0.0, 50: 0.0, 35: 19.630742, 41: 91.647631}",21.007114,33.235179,,,[],,{},{},,,OK,3598.013,random,C201_3.dat
test_data/data_demand_random_50_batch_all1_equal_random/C201_3.dat,4,120,2,2,1190.6124969,"[[[[0, [2, 6, 4, 3]], [13, [13, 14, 8, 7]], [14, []], [8, []], [2, []], [6, []], [7, []], [4, []], [24, [24, 18, 21]], [21, []], [3, []], [18, []], [28, [28, 33, 31, 23]], [33, []], [16, [16, 26, 27]], [31, []], [23, []], [26, []], [38, [38, 41, 36, 42]], [42, []], [41, []], [43, [43, 49, 48, 44]], [49, []], [27, []], [48, []], [36, []], [44, []]], [[0, [5]], [1, [1, 9]], [12, [12, 17, 11, 10]], [19, [19, 15, 25, 20]], [15, []], [17, []], [30, [30]], [25, []], [5, []], [11, []], [10, []], [37, [37, 34]], [9, []], [22, [22, 29, 32]], [35, [35, 39, 40]], [34, []], [29, []], [46, [46, 47, 50, 45]], [47, []], [39, []], [32, []], [50, []], [20, []], [45, []], [40, []]]], [[[1, [1, 9]]], [[13, [13, 14, 8, 7]]], [[12, [12, 17, 11, 10]]], [[24, [24, 18, 21]]], [[19, [19, 15, 25, 20]]], [[30, [30]]], [[28, [28, 33, 31, 23]]], [[16, [16, 26, 27]]], [[37, [37, 34]]], [[22, [22, 29, 32]]], [[38, [38, 41, 36, 42]]], [[35, [35, 39, 40]]], [[46, [46, 47, 50, 45]]], [[43, [43, 49, 48, 44]]]]]",1263.051248,"[[[[0, [2, 6]], [17, [17, 16]], [2, [26, 21]], [16, []], [24, [24, 19, 20]], [20, [28, 33, 22, 29]], [19, []], [28, []], [33, []], [35, [35, 37]], [22, []], [37, []], [26, []], [29, []], [47, [47, 46, 44, 45]], [46, []], [44, []], [6, []], [21, []], [45, []]], [[0, [5, 4, 1, 3]], [1, []], [7, [7, 13, 14, 10]], [13, []], [4, []], [8, [8, 15, 12, 11]], [15, []], [18, [18, 9]], [5, []], [14, []], [31, [31, 32, 25, 30, 23, 27]], [3, []], [23, []], [32, []], [25, []], [34, [34]], [39, [39, 42, 38]], [30, []], [10, []], [12, []], [11, []], [9, []], [50, [50, 43, 49, 48]], [42, []], [38, []], [43, []], [49, []], [27, []], [48, []], [41, [41, 40, 36]], [40, []], [36, []]]], [[[7, [7, 13, 14, 10]]], [[17, [17, 16]]], [[8, [8, 15, 12, 11]]], [[18, [18, 9]]], [[2, [26, 21]]], [[24, [24, 19, 20]]], [[31, [23, 27]]], [[31, [31, 32, 25, 30]]], [[20, [28, 33, 22, 29]]], [[34, [34]], [35, [35, 37]]], [[39, [39, 42, 38]]], [[47, [47, 46, 44, 45]]], [[50, [50, 43, 49, 48]]], [[41, [41, 40, 36]]]]]",3.214286,3.214286,"[30.265492, 24.33105, 70.710678, 37.363083, 80.622577, 48.166378, 82.462113, 21.540659, 76.157731, 78.714675, 68.35203, 46.647615, 51.224994, 78.587531]",56.796186,"{1: 114.132746, 13: 117.165525, 12: 74.222593, 24: 21.516017, 19: 42.95595, 30: 22.7719, 28: 0.0, 16: 0.0, 37: 5.995676, 22: 5.730343, 38: 0.0, 35: 46.514599, 46: 30.288689, 43: 0.0}","{1: 0.0, 13: 0.0, 12: 0.0, 24: 0.0, 19: 0.0, 30: 0.0, 28: 2.450485, 16: 76.744834, 37: 0.0, 22: 0.0, 38: 33.505527, 35: 0.0, 46: 0.0, 43: 4.387776}",34.378146,8.363473,3.142857,3.142857,"[51.419841, 34.234486, 76.157731, 72.691127, 64.498062, 37.363083, 36.055513, 36.055513, 41.231056, 75.569958, 41.231056, 53.814496, 78.102497, 50.596443]",53.50149,"{7: 28.70992, 17: 245.117243, 8: 0.0, 18: 0.0, 2: 49.131788, 24: 0.0, 31: 58.635672, 20: 15.42201, 35: 0.0, 34: 10.453534, 39: 0.0, 47: 4.236207, 50: 2.569958, 41: 0.0}","{7: 0.0, 17: 0.0, 8: 37.631055, 18: 47.129871, 2: 0.0, 24: 49.512005, 31: 0.0, 20: 0.0, 35: 96.347233, 34: 0.0, 39: 7.865762, 47: 0.0, 50: 0.0, 41: 117.938531}",29.591167,25.45889,OK,4535.782,random,C201_3.dat
test_data/data_demand_random_50_batch_all1_equal_random/C201_3.dat,4,120,2,3,1196.048349,"[[[[0, [1, 2]], [2, []], [18, [18, 15, 10]], [1, []], [14, [14, 19]], [15, []], [10, []], [38, [38, 33, 28, 21]], [33, []], [19, []], [28, []], [21, []], [24, [24, 31, 27, 36, 41, 40]], [44, [44, 48, 49, 43]], [36, []], [31, []], [48, []], [49, []], [43, []], [27, []], [41, []], [40, []]], [[0, [3, 4, 6, 5]], [5, []], [8, [8, 11, 12, 9]], [16, [16, 17, 13]], [3, []], [7, [7]], [6, []], [4, []], [13, []], [23, [23]], [17, []], [22, [22, 32, 26, 25]], [32, []], [26, []], [25, []], [35, [35, 30, 20, 29]], [30, []], [20, []], [11, []], [12, []], [9, []], [37, [37]], [39, [39, 34, 42]], [29, []], [46, [46, 47, 50, 45]], [47, []], [34, []], [50, []], [42, []], [45, []]]], [[[8, [8, 11, 12, 9]]], [[16, [16, 17, 13]]], [[7, [7]]], [[18, [18, 15, 10]]], [[14, [14, 19]]], [[23, [23]]], [[22, [22, 32, 26, 25]]], [[35, [35, 30, 20, 29]]], [[38, [38, 33, 28, 21]]], [[24, [24, 31, 27]]], [[37, [37]]], [[24, [36, 41, 40]]], [[39, [39, 34, 42]]], [[44, [44, 48, 49, 43]]], [[46, [46, 47, 50, 45]]]]]",1201.048349,"[[[[0, [4, 3]], [8, [8, 7, 13, 14]], [4, []], [7, []], [3, []], [13, []], [14, []], [16, [16]], [23, [23, 17, 10, 21, 24]], [17, []], [10, []], [11, [11, 12, 18, 15]], [12, []], [25, [25, 26, 30, 19]], [26, []], [30, []], [18, []], [15, []], [19, []], [38, [38]], [41, [41, 36, 31]], [21, []], [44, [44, 48, 49, 43]], [24, []], [36, []], [31, []], [48, []], [49, []], [43, []], [45, [45, 40]], [40, []]], [[0, [2, 6, 1, 5]], [2, []], [6, []], [9, [9]], [1, []], [5, []], [27, [27, 28, 33, 20]], [28, []], [33, []], [20, []], [22, [22, 32, 29]], [37, [37, 34]], [32, []], [34, [39, 35]], [29, []], [46, [46, 47, 50, 42]], [47, []], [39, []], [35, []], [50, []], [42, []]]], [[[9, [9]]], [[8, [8, 7, 13, 14]]], [[16, [16]]], [[23, [23, 17, 10]]], [[23, [21, 24]]], [[11, [11, 12, 18, 15]]], [[25, [25, 26, 30, 19]]], [[27, [27, 28, 33, 20]]], [[22, [22, 32, 29]]], [[38, [38]], [37, [37, 34]]], [[41, [41, 36, 31]]], [[34, [39, 35]]], [[44, [44, 48, 49, 43]]], [[46, [46, 47, 50, 42]]], [[45, [45, 40]]]]]",2.933333,2.933333,"[76.157731, 21.540659, 51.419841, 72.691127, 23.323808, 30.0, 78.714675, 46.647615, 68.35203, 37.363083, 76.157731, 37.363083, 41.231056, 62.096699, 51.224994]",51.618942,"{8: 31.078866, 16: 28.691464, 7: 0.0, 18: 118.886223, 14: 0.0, 23: 0.0, 22: 38.587008, 35: 17.96647, 38: 3.289792, 24: 32.9082, 37: 0.0, 39: 0.0, 44: 15.964135, 46: 1.288689}","{8: 0.0, 16: 0.0, 7: 107.902678, 18: 0.0, 14: 89.992533, 23: 38.77033, 22: 0.0, 35: 0.0, 38: 0.0, 24: 122.846858, 37: 52.892912, 39: 1.850723, 44: 0.0, 46: 0.0}",20.618632,29.589717,2.933333,2.933333,"[80.622577, 76.157731, 21.540659, 30.0, 30.0, 66.603303, 33.526109, 63.245553, 78.714675, 100.85558, 50.596443, 55.461698, 62.096699, 51.224994, 40.0]",56.043068,"{9: 0.0, 8: 71.078866, 16: 0.0, 23: 0.0, 11: 0.0, 25: 0.0, 27: 129.003294, 22: 0.0, 38: 0.0, 37: 61.007337, 41: 11.219356, 34: 0.0, 44: 25.750128, 46: 11.343346, 45: 0.0}","{9: 64.688711, 8: 0.0, 16: 107.308536, 23: 33.308536, 11: 15.698348, 25: 19.315811, 27: 0.0, 22: 98.804036, 38: 51.902851, 37: 0.0, 41: 0.0, 34: 28.190285, 44: 0.0, 46: 0.0, 45: 147.081875}",20.626822,37.753266,OK,3277.634,random,C201_3.dat
test_data/data_demand_random_50_batch_all1_equal_random/C201_3.dat,4,120,2,4,1201.0483494,"[[[[0, [1, 22, 11, 5]], [21, [21, 16, 23, 26]], [16, []], [23, []], [22, [30, 32, 29, 25]], [11, []], [34, [34, 9, 10]], [1, []], [5, []], [26, []], [25, []], [30, []], [37, [37, 42, 35, 39]], [9, []], [42, []], [50, [50, 47, 46]], [32, []], [10, []], [35, []], [39, []], [47, []], [29, []], [46, []]], [[0, [3, 4, 6]], [3, []], [2, [2, 7]], [14, [14, 12]], [12, []], [18, [18, 17, 15]], [17, []], [20, [20, 8, 13]], [15, []], [8, []], [24, [24, 31, 33, 28]], [31, []], [13, []], [38, [38, 19]], [33, []], [28, []], [19, []], [4, []], [36, [36, 27]], [7, []], [6, []], [44, [44, 48, 49, 43]], [48, []], [49, []], [43, []], [27, []], [41, [41, 45, 40]], [45, []], [40, []]]], [[[2, [2, 7]]], [[14, [14, 12]]], [[18, [18, 17, 15]]], [[20, [20, 8, 13]]], [[21, [21, 16, 23, 26]]], [[24, [24, 31, 33, 28]]], [[22, [30, 32, 29, 25]]], [[34, [34, 9, 10]]], [[38, [38, 19]]], [[36, [36, 27]]], [[37, [37, 42, 35, 39]]], [[44, [44, 48, 49, 43]]], [[50, [50, 47, 46]]], [[41, [41, 45, 40]]]]]",1285.5119234,"[[[[0, [5, 4, 6]], [6, []], [5, []], [4, []], [12, [12, 17, 13]], [23, [23, 9]], [17, [10, 18]], [13, []], [18, []], [33, [33, 25, 22, 32]], [20, [20]], [25, []], [38, [38, 34, 35, 37]], [34, []], [35, []], [10, []], [9, []], [22, []], [37, []], [32, []], [50, [50, 42, 39, 47]], [42, []], [39, []], [47, []], [29, [29]], [46, [46]]], [[0, [1, 3]], [2, [2]], [1, []], [16, [16, 8, 11, 15]], [14, [14, 19, 7]], [8, []], [21, [21, 26]], [3, []], [11, [30, 28]], [26, []], [30, []], [15, []], [19, []], [28, []], [31, [31, 36, 24, 27]], [36, []], [24, []], [7, []], [44, [44, 48, 49, 43]], [48, []], [49, []], [43, []], [27, []], [41, [41, 45, 40]], [45, []], [40, []]]], [[[2, [2]]], [[12, [12, 17, 13]]], [[16, [16, 8, 11, 15]]], [[14, [14, 19, 7]]], [[23, [23, 9]]], [[17, [10, 18]]], [[21, [21, 26]]], [[33, [33, 25, 22, 32]]], [[20, [20]]], [[11, [30, 28]]], [[31, [31, 36, 24, 27]]], [[38, [38, 34, 35, 37]]], [[44, [44, 48, 49, 43]]], [[50, [50, 42, 39, 47]]], [[29, [29]]], [[46, [46]], [41, [41, 45, 40]]]]]",3.071429,3.071429,"[64.498062, 23.323808, 72.691127, 41.231056, 44.72136, 37.363083, 78.714675, 55.461698, 68.35203, 33.105891, 76.157731, 62.096699, 78.102497, 50.596443]",56.172583,"{2: 53.249031, 14: 0.0, 18: 0.0, 20: 0.0, 21: 0.0, 24: 0.0, 22: 0.0, 34: 0.0, 38: 0.0, 36: 0.0, 37: 0.0, 44: 2.799318, 50: 0.0, 41: 0.0}","{2: 0.0, 14: 113.587127, 18: 90.903467, 20: 34.633503, 21: 2.044726, 24: 43.567489, 22: 41.642663, 34: 21.269151, 38: 14.073016, 36: 122.965236, 37: 44.921134, 44: 0.0, 50: 5.948752, 41: 107.653429}",4.003454,45.94355,2.8125,2.8125,"[64.498062, 70.710678, 21.540659, 23.323808, 30.0, 34.234486, 44.72136, 64.776539, 41.231056, 66.603303, 36.055513, 68.35203, 62.096699, 78.102497, 58.137767, 101.030575]",54.088439,"{2: 0.0, 12: 0.0, 16: 31.77033, 14: 0.0, 23: 0.0, 17: 0.0, 21: 0.0, 33: 40.388269, 20: 0.0, 11: 34.307861, 31: 0.0, 38: 0.0, 44: 2.970159, 50: 0.0, 29: 0.0, 41: 0.0, 46: 10.272577}","{2: 39.750969, 12: 38.644661, 16: 0.0, 14: 21.567767, 23: 1.0, 17: 30.527418, 21: 25.40965, 33: 0.0, 20: 83.641732, 11: 0.0, 31: 201.050434, 38: 24.832412, 44: 0.0, 50: 25.337021, 29: 109.222687, 41: 66.31061, 46: 0.0}",7.041717,39.252668,OK,3240.18,random,C201_3.dat
test_data/data_demand_random_50_batch_all1_equal_random/C201_3.dat,4,120,2,5,1203.0512484,"[[[[0, [1]], [11, [11, 17]], [10, [10, 16]], [1, []], [31, [31, 26, 25, 30]], [30, []], [20, [20]], [17, []], [35, [35, 34, 29]], [39, [39]], [26, []], [25, []], [34, []], [29, []], [46, [46, 47, 44, 36]], [47, []], [44, []], [36, []], [16, []]], [[0, [2, 5, 3]], [2, [6, 14, 13, 4]], [5, []], [4, []], [24, [24, 21, 7, 8]], [21, []], [3, []], [6, []], [7, []], [14, []], [13, []], [23, [23, 33, 28]], [15, [15, 19, 18]], [8, []], [33, []], [19, []], [28, []], [18, []], [27, [27, 38, 12, 9]], [38, []], [42, [42, 32, 37, 22]], [12, []], [32, []], [9, []], [37, []], [22, []], [50, [50, 48, 43, 49]], [43, []], [49, []], [48, []], [41, [41, 45, 40]], [45, []], [40, []]]], [[[2, [6, 14, 13, 4]]], [[11, [11, 17]]], [[10, [10, 16]]], [[24, [24, 21, 7, 8]]], [[31, [31, 26, 25, 30]]], [[20, [20]]], [[23, [23, 33, 28]]], [[15, [15, 19, 18]]], [[35, [35, 34, 29]]], [[27, [27, 38, 12, 9]]], [[39, [39]]], [[42, [42, 32, 37, 22]]], [[46, [46, 47, 44, 36]]], [[50, [50, 48, 43, 49]]], [[41, [41, 45, 40]]]]]",,None,3.066667,3.066667,"[64.498062, 66.603303, 61.611687, 37.363083, 36.055513, 41.231056, 30.0, 70.710678, 46.647615, 63.245553, 41.231056, 61.05735, 51.224994, 78.102497, 50.596443]",53.345259,"{2: 93.249031, 11: 205.301652, 10: 0.0, 24: 97.432511, 31: 89.726105, 20: 0.0, 23: 0.0, 15: 0.355339, 35: 0.0, 27: 0.0, 39: 57.587772, 42: 0.0, 46: 10.996969, 50: 0.014368, 41: 0.0}","{2: 0.0, 11: 0.0, 10: 15.495808, 24: 0.0, 31: 0.0, 20: 198.049145, 23: 1.626029, 15: 0.0, 35: 14.060664, 27: 85.021884, 39: 0.0, 42: 5.848548, 46: 0.0, 50: 0.0, 41: 120.528033}",36.977583,29.375341,,,[],,{},{},,,OK,3182.689,random,C201_3.dat
test_data/data_demand_random_50_batch_all1_equal_random/C201_3.dat,8,60,2,1,1154.612497,"[[[[0, [5, 8, 3, 2]], [2, []], [8, []], [3, []], [5, []], [20, [20]], [25, [25, 44, 50, 34, 29, 26, 30]], [44, []], [50, []], [34, []], [29, []], [46, [46, 47, 39, 42, 45]], [47, []], [39, []], [26, []], [30, []], [42, []], [45, []]], [[0, [1, 6]], [6, []], [1, []], [13, [13, 7, 12, 4, 10, 11, 14, 9]], [11, []], [10, []], [14, []], [16, [16, 15, 18, 17, 21, 24, 19, 22]], [15, []], [18, []], [17, []], [4, []], [21, []], [7, []], [24, []], [36, [36, 38, 31, 37, 27, 28, 33]], [31, []], [35, [35, 23, 32]], [37, []], [22, []], [9, []], [32, []], [12, []], [38, []], [28, []], [19, []], [41, [49, 43, 41, 40, 48]], [27, []], [48, []], [49, []], [43, []], [33, []], [23, []], [40, []]]], [[[13, [13, 7, 12, 4, 10, 11, 14, 9]]], [[16, [16, 15, 18, 17, 21, 24, 19, 22]]], [[20, [20]]], [[25, [44, 50, 34, 29, 26, 30]]], [[25, [25]]], [[36, [36, 38, 31, 37, 27, 28, 33]]], [[35, [35, 23, 32]]], [[46, [46, 47, 39, 42, 45]]], [[41, [49, 43, 41, 40, 48]]]]]",1199.931712,"[[[[0, [2, 3, 4]], [2, []], [7, [7, 15]], [3, []], [20, [20, 44, 28, 31, 37, 19, 22, 8, 9, 33, 27]], [8, []], [19, []], [33, []], [15, []], [28, []], [4, []], [44, []], [31, []], [40, [40, 38, 41, 36, 42]], [37, []], [22, []], [9, []], [42, []], [38, []], [45, [45, 43, 49, 48]], [41, []], [27, []], [43, []], [49, []], [48, []], [36, []]], [[0, []], [1, [1, 6, 12, 10, 5, 13, 11]], [6, []], [16, [16, 17, 14, 18]], [13, []], [11, []], [18, []], [17, []], [21, [21, 26, 24, 25, 29, 32, 30, 23]], [14, []], [26, []], [24, []], [5, []], [25, [34, 39, 35]], [29, []], [34, []], [46, [46, 47, 50]], [47, []], [39, []], [35, []], [32, []], [50, []], [12, []], [10, []], [30, []], [23, []]]], [[[1, [1, 6, 12, 10, 5, 13, 11]]], [[7, [7, 15]]], [[16, [16, 17, 14, 18]]], [[20, [44, 28, 31, 37, 22, 33, 27]]], [[20, [20, 19, 8, 9]]], [[21, [21, 26, 24, 25, 29, 32, 30, 23]]], [[25, [34, 39, 35]], [40, [40, 38, 41, 36, 42]]], [[46, [46, 47, 50]]], [[45, [45, 43, 49, 48]]]]]",4.888889,4.888889,"[24.33105, 21.540659, 41.231056, 33.526109, 33.526109, 33.105891, 46.647615, 51.224994, 50.596443]",37.303325,"{13: 0.0, 16: 0.0, 20: 0.0, 25: 432.763055, 36: 8.552945, 35: 0.0, 46: 6.612497, 41: 0.0}","{13: 94.834475, 16: 7.22967, 20: 39.384472, 25: 14.621417, 36: 0.0, 35: 40.123247, 46: 0.0, 41: 0.728615}",55.991062,24.615237,5.222222,5.222222,"[30.265492, 51.419841, 21.540659, 41.231056, 41.231056, 44.72136, 43.526109, 51.224994, 40.0]",40.573396,"{1: 114.132746, 7: 201.70992, 16: 0.0, 20: 602.811216, 21: 0.0, 40: 10.384472, 25: 4.798966, 46: 0.0, 45: 0.0}","{1: 0.0, 7: 0.0, 16: 34.362416, 20: 0.0, 21: 36.772066, 40: 0.0, 25: 0.0, 46: 9.319215, 45: 23.768944}",103.759702,11.580294,OK,4390.867,random,C201_3.dat
test_data/data_demand_random_50_batch_all1_equal_random/C201_3.dat,8,60,2,2,1195.907248,"[[[[0, [19]], [19, []], [23, [23, 17, 12, 18, 13, 14, 9, 10, 5, 50, 42, 43, 49, 48, 41, 45]], [17, []], [26, [26, 22, 11, 15]], [12, []], [18, []], [11, []], [13, []], [14, []], [5, []], [35, [35, 37, 32, 30, 38, 33, 27]], [37, []], [9, []], [22, []], [32, []], [10, []], [30, [40]], [50, []], [42, []], [38, []], [33, []], [15, []], [43, []], [49, []], [48, []], [27, []], [41, []], [45, []], [40, []]], [[0, [8, 4, 2, 6, 1, 3]], [8, []], [4, [16, 7]], [2, []], [6, []], [16, []], [3, []], [7, []], [31, [31, 21, 24, 28, 25, 29, 20]], [21, []], [24, []], [28, []], [20, []], [25, []], [1, []], [39, [39, 34, 36]], [34, []], [29, []], [47, [47, 44, 46]], [46, []], [44, []], [36, []]]], [[[4, [16, 7]]], [[23, [5, 50, 42, 43, 49, 48, 41, 45]]], [[23, [23, 17, 12, 18, 13, 14, 9, 10]]], [[26, [26, 22, 11, 15]]], [[31, [31, 21, 24, 28, 25, 29, 20]]], [[35, [35, 37, 32, 30, 38, 33, 27]]], [[39, [39, 34, 36]]], [[30, [40]]], [[47, [47, 44, 46]]]]]",,None,4.777778,4.777778,"[38.626416, 30.0, 30.0, 39.293765, 36.055513, 46.647615, 41.231056, 48.166378, 53.814496]",40.426138,"{4: 0.0, 23: 531.0, 26: 0.0, 31: 63.027756, 35: 0.0, 39: 28.911579, 30: 0.0, 47: 38.967912}","{4: 9.686792, 23: 2.0, 26: 31.353117, 31: 0.0, 35: 110.676192, 39: 0.0, 30: 2.361947, 47: 0.0}",82.738406,19.509756,,,[],,{},{},,,OK,2934.588,random,C201_3.dat
test_data/data_demand_random_50_batch_all1_equal_random/C201_3.dat,8,60,2,3,1167.907248,"[[[[0, [1]], [20, [20, 26, 14, 15, 19, 13, 5, 50, 49, 43, 48, 41, 45, 40, 18, 17]], [26, []], [14, []], [5, [28, 23, 30, 8, 12]], [18, []], [15, []], [28, []], [19, []], [23, []], [17, []], [13, []], [39, [39, 25, 33, 27]], [1, []], [25, []], [35, [35, 42, 38]], [30, []], [12, []], [50, []], [42, []], [38, []], [33, []], [49, []], [43, []], [8, []], [48, []], [27, []], [41, []], [45, []], [40, []]], [[0, [3, 6, 2, 4]], [3, []], [6, []], [7, [7, 16, 9, 10, 11]], [16, []], [2, []], [10, []], [11, []], [31, [31, 32, 22, 29, 21, 24]], [21, []], [24, []], [4, []], [36, [36, 37, 34]], [32, []], [9, []], [22, []], [37, []], [34, []], [29, []], [47, [47, 46, 44]], [46, []], [44, []]]], [[[7, [7, 16, 9, 10, 11]]], [[20, [5, 50, 49, 43, 48, 41, 45, 40]]], [[20, [20, 26, 14, 15, 19, 13, 18, 17]]], [[5, [28, 23, 30, 8, 12]]], [[31, [31, 32, 22, 29, 21, 24]]], [[36, [36, 37, 34]]], [[39, [39, 25, 33, 27]]], [[35, [35, 42, 38]]], [[47, [47, 46, 44]]]]]",,None,5,5,"[51.419841, 41.231056, 41.231056, 23.323808, 36.055513, 33.105891, 41.231056, 46.647615, 53.814496]",40.895592,"{7: 177.70992, 20: 1272.231056, 5: 10.046376, 31: 0.0, 36: 14.843025, 39: 0.0, 35: 0.0, 47: 19.354303}","{7: 0.0, 20: 0.0, 5: 0.0, 31: 49.358356, 36: 0.0, 39: 0.046376, 35: 10.060664, 47: 0.0}",186.773085,7.433175,,,[],,{},{},,,OK,4055.237,random,C201_3.dat
test_data/data_demand_random_50_batch_all1_equal_random/C201_3.dat,8,60,2,4,1202.2982213,"[[[[0, [5, 3]], [17, [17, 8, 18, 19, 16]], [8, []], [18, []], [19, []], [3, []], [16, []], [5, []], [25, [25, 23, 20, 29]], [23, []], [20, [27, 28, 38, 34, 32]], [27, []], [28, []], [38, []], [39, [39]], [29, []], [46, [46, 47, 50, 42, 45, 40]], [47, []], [34, []], [32, []], [50, []], [42, []], [45, []], [40, []]], [[0, [1, 6, 2]], [13, [13, 14, 12, 9, 10, 11, 15, 7]], [14, []], [1, []], [12, []], [26, [26, 4, 21]], [24, [24]], [4, []], [21, []], [6, []], [2, []], [31, [31]], [35, [35, 37, 22, 30, 33, 36]], [9, []], [37, []], [22, []], [10, []], [11, []], [30, []], [15, []], [33, []], [41, [41, 43, 49, 48, 44]], [43, []], [49, []], [48, []], [36, []], [7, []], [44, []]]], [[[13, [13, 14, 12, 9, 10, 11, 15, 7]]], [[17, [17, 8, 18, 19, 16]]], [[25, [25, 23, 20, 29]]], [[26, [26, 4, 21]]], [[24, [24]]], [[31, [31]]], [[20, [27, 28, 38, 34, 32]]], [[35, [35, 37, 22, 30, 33, 36]]], [[41, [41, 43, 49, 48, 44]]], [[39, [39]]], [[46, [46, 47, 50, 42, 45, 40]]]]]",,None,4.090909,4.090909,"[24.33105, 34.234486, 33.526109, 39.293765, 37.363083, 36.055513, 41.231056, 46.647615, 50.596443, 41.231056, 51.224994]",39.612288,"{13: 250.165525, 17: 245.117243, 25: 0.0, 26: 0.0, 24: 0.0, 31: 0.0, 20: 9.498285, 35: 0.0, 41: 10.132696, 39: 0.0, 46: 0.228025}","{13: 0.0, 17: 0.0, 25: 50.354188, 26: 44.518642, 24: 35.671576, 31: 59.290702, 20: 0.0, 35: 32.648436, 41: 0.0, 39: 92.0, 46: 0.0}",46.83107,28.589413,,,[],,{},{},,,OK,3411.167,random,C201_3.dat
test_data/data_demand_random_50_batch_all1_equal_random/C201_3.dat,8,60,2,5,1102.298221,"[[[[0, [3, 2, 5]], [5, [18, 15, 8, 19, 13, 7]], [18, []], [15, []], [13, []], [7, []], [2, []], [31, [31, 27, 28, 33, 20, 29, 25, 26]], [3, []], [27, []], [28, []], [8, []], [19, []], [33, []], [20, []], [41, [41, 34, 30]], [30, []], [25, []], [26, []], [34, []], [47, [47, 46, 39]], [29, []], [46, []], [39, []]], [[0, [6, 1]], [1, [4, 16, 9, 10, 11, 12, 14]], [16, []], [24, [24, 21, 50, 42, 43, 49, 48, 44, 23, 32, 17, 22]], [4, []], [21, []], [6, []], [44, []], [14, []], [17, []], [35, [35, 37, 38, 36]], [37, []], [22, []], [9, []], [32, []], [10, []], [11, []], [12, []], [50, []], [42, []], [38, []], [43, []], [49, []], [48, []], [36, []], [45, [45, 40]], [23, []], [40, []]]], [[[5, [18, 15, 8, 19, 13, 7]]], [[1, [4, 16, 9, 10, 11, 12, 14]]], [[24, [50, 42, 43, 49, 48, 44, 23, 32]]], [[24, [24, 21, 17, 22]]], [[31, [31, 27, 28, 33, 20, 29, 25, 26]]], [[35, [35, 37, 38, 36]]], [[41, [41, 34, 30]]], [[47, [47, 46, 39]]], [[45, [45, 40]]]]]",1175.552945,"[[[[0, [2, 3, 4]], [4, []], [2, []], [13, [13, 15, 8, 18, 19, 9]], [19, []], [15, []], [8, []], [18, []], [31, [31, 24, 22, 26, 20, 33, 28, 27]], [3, []], [24, []], [22, []], [9, []], [35, [35]], [39, [39, 42, 41, 23]], [26, []], [42, []], [20, []], [33, []], [41, [48, 49, 43, 45, 40]], [48, []], [49, []], [43, []], [28, []], [27, []], [45, []], [23, []], [40, []]], [[0, [6]], [14, [14, 11, 12, 1, 7, 10, 5]], [11, []], [12, []], [17, [17, 44, 29, 21, 16, 25, 50, 47, 46]], [29, []], [1, []], [5, []], [6, []], [44, []], [7, []], [21, []], [36, [36, 38, 37, 30, 32, 34]], [16, []], [25, []], [38, []], [37, []], [30, []], [32, []], [50, []], [10, []], [34, []], [47, []], [46, []]]], [[[14, [14, 11, 12, 1, 7, 10, 5]]], [[17, [44, 29, 21, 16, 25, 50, 47, 46]]], [[17, [17]], [13, [13, 15, 8, 18, 19, 9]]], [[31, [31, 24, 22, 26, 20, 33, 28, 27]]], [[36, [36, 38, 37, 30, 32, 34]]], [[35, [35]]], [[39, [39, 42, 41, 23]]], [[41, [48, 49, 43, 45, 40]]]]]",5,5,"[23.323808, 30.265492, 37.363083, 37.363083, 36.055513, 46.647615, 50.596443, 53.814496, 40.0]",39.49217,"{5: 245.661904, 1: 247.132746, 24: 636.097591, 31: 0.0, 35: 20.642266, 41: 28.636317, 47: 0.0, 45: 0.0}","{5: 0.0, 1: 0.0, 24: 0.0, 31: 13.634147, 35: 0.0, 41: 0.0, 47: 30.390973, 45: 27.960724}",147.271353,8.998231,5.75,5.75,"[23.323808, 34.234486, 34.282768, 36.055513, 33.105891, 46.647615, 41.231056, 50.596443]",37.434697,"{14: 112.661904, 17: 691.343737, 13: 110.165525, 31: 33.862231, 36: 2.002644, 35: 0.0, 39: 10.587772, 41: 0.0}","{14: 0.0, 17: 0.0, 13: 0.0, 31: 0.0, 36: 0.0, 35: 42.598058, 39: 0.0, 41: 37.317307}",120.077977,9.989421,OK,4656.661,random,C201_3.dat
test_data/data_demand_random_50_batch_all1_equal_random/C201_3.dat,8,90,2,1,1196.0483494,"[[[[0, [14, 11, 12]], [14, []], [11, []], [12, []], [18, [18, 15]], [15, []], [24, [24, 17, 19, 23, 13]], [13, []], [17, []], [31, [31, 28, 27, 33, 29]], [19, []], [28, []], [27, [38, 34]], [33, []], [38, []], [23, []], [34, []], [29, []], [46, [46, 39, 50, 42, 40, 47]], [47, []], [39, []], [50, []], [42, []], [40, []]], [[0, [1, 5, 2, 6, 4, 3]], [16, [16, 10, 8]], [1, []], [5, []], [2, []], [20, [20, 32, 21]], [30, [30, 26, 25, 22, 9, 7]], [26, []], [25, []], [35, [35, 37, 36]], [22, []], [9, []], [32, []], [37, []], [10, []], [3, []], [21, []], [6, []], [44, [44, 48, 43, 49, 41, 45]], [7, []], [4, []], [36, []], [48, []], [8, []], [43, []], [49, []], [41, []], [45, []]]], [[[16, [16, 10, 8]]], [[18, [18, 15]]], [[24, [24, 17, 19, 23, 13]]], [[20, [20, 32, 21]]], [[31, [31, 28, 27, 33, 29]]], [[30, [30, 26, 25, 22, 9, 7]]], [[35, [35, 37, 36]]], [[27, [38, 34]]], [[46, [46, 39, 50, 42, 40, 47]]], [[44, [44, 48, 43, 49, 41, 45]]]]]",,None,4.1,4.1,"[21.540659, 72.691127, 37.363083, 41.231056, 36.055513, 48.166378, 46.647615, 63.245553, 51.224994, 62.096699]",48.026268,"{16: 248.77033, 18: 7.345564, 24: 2.335978, 20: 0.0, 31: 16.346215, 30: 3.368372, 35: 26.185106, 27: 31.59502, 46: 2.98972, 44: 4.724542}","{16: 0.0, 18: 0.0, 24: 0.0, 20: 10.154801, 31: 0.0, 30: 0.0, 35: 0.0, 27: 0.0, 46: 0.0, 44: 0.0}",34.366085,1.01548,,,[],,{},{},,,OK,2927.768,random,C201_3.dat
test_data/data_demand_random_50_batch_all1_equal_random/C201_3.dat,8,90,2,2,1196.0483494,"[[[[0, [1, 5]], [5, []], [14, [14, 10, 12]], [10, []], [12, []], [9, [9, 11, 13, 15, 17]], [11, []], [13, []], [15, []], [17, []], [28, [28, 27, 24, 32, 22]], [27, []], [24, []], [35, [35]], [41, [41, 42, 38, 37, 39]], [42, []], [38, []], [50, [50, 47, 46]], [32, []], [22, []], [37, []], [39, []], [47, []], [46, []], [1, []]], [[0, [3, 2, 4]], [3, []], [2, []], [7, [7]], [16, [16, 19, 8, 18, 6]], [19, []], [8, []], [18, []], [20, [20, 25]], [25, [30, 29, 26, 23, 21, 31]], [30, []], [29, []], [34, [34]], [26, []], [23, []], [40, [40, 36]], [4, []], [36, []], [21, []], [31, []], [6, []], [44, [44, 48, 43, 49, 33, 45]], [48, []], [43, []], [49, []], [33, []], [45, []]]], [[[14, [14, 10, 12]]], [[7, [7]]], [[16, [16, 19, 8, 18, 6]]], [[9, [9, 11, 13, 15, 17]]], [[20, [20, 25]]], [[25, [30, 29, 26, 23, 21, 31]]], [[28, [28, 27, 24, 32, 22]]], [[34, [34]]], [[40, [40, 36]]], [[35, [35]]], [[41, [41, 42, 38, 37, 39]]], [[44, [44, 48, 43, 49, 33, 45]]], [[50, [50, 47, 46]]]]]",,None,3.461538,3.461538,"[23.323808, 51.419841, 21.540659, 80.622577, 41.231056, 33.526109, 82.462113, 55.461698, 20.0, 46.647615, 50.596443, 62.096699, 78.102497]",49.771624,"{14: 96.661904, 7: 28.70992, 16: 79.060409, 9: 58.649385, 20: 0.0, 25: 24.992725, 28: 0.0, 34: 0.0, 40: 0.0, 35: 0.0, 41: 0.0, 44: 0.285295, 50: 0.0}","{14: 0.0, 7: 0.0, 16: 0.0, 9: 0.0, 20: 48.154801, 25: 0.0, 28: 7.080232, 34: 5.032205, 40: 8.763055, 35: 7.493577, 41: 23.013067, 44: 0.0, 50: 3.26004}",22.181511,7.90746,,,[],,{},{},,,OK,2651.235,random,C201_3.dat
test_data/data_demand_random_50_batch_all1_equal_random/C201_3.dat,8,90,2,3,1196.0483494,"[[[[0, [1]], [12, [12, 8, 9, 11, 14]], [8, []], [9, []], [11, []], [14, []], [15, [15, 17, 25, 22, 26, 23]], [17, []], [23, []], [38, [38, 29, 37, 35, 32]], [25, []], [29, []], [39, [39]], [37, []], [22, []], [32, []], [50, [50, 42, 47, 46]], [42, []], [35, []], [26, []], [47, []], [46, []], [1, []]], [[0, [5, 2, 3]], [5, []], [2, []], [3, [6, 4, 13]], [7, [7, 16, 18, 10, 19]], [6, []], [4, []], [16, []], [13, []], [18, []], [20, [20]], [19, []], [28, [28, 27, 33, 30, 24]], [27, []], [33, []], [30, []], [10, []], [34, [34, 36, 21, 31]], [36, []], [24, []], [44, [44, 48, 49, 43, 41, 45, 40]], [21, []], [31, []], [48, []], [49, []], [43, []], [41, []], [45, []], [40, []]]], [[[3, [6, 4, 13]]], [[12, [12, 8, 9, 11, 14]]], [[7, [7, 16, 18, 10, 19]]], [[20, [20]]], [[15, [15, 17, 25, 22, 26, 23]]], [[28, [28, 27, 33, 30, 24]]], [[34, [34, 36, 21, 31]]], [[38, [38, 29, 37, 35, 32]]], [[39, [39]]], [[44, [44, 48, 49, 43, 41, 45, 40]]], [[50, [50, 42, 47, 46]]]]]",,None,4.181818,4.181818,"[45.607017, 70.710678, 51.419841, 41.231056, 70.710678, 82.462113, 55.461698, 68.35203, 41.231056, 62.096699, 78.102497]",60.671397,"{3: 0.0, 12: 68.355339, 7: 88.70992, 20: 0.0, 15: 0.0, 28: 14.521136, 34: 0.0, 38: 17.820676, 39: 0.0, 44: 18.817293, 50: 2.875233}","{3: 12.196491, 12: 0.0, 7: 0.0, 20: 65.094392, 15: 127.0, 28: 0.0, 34: 67.500207, 38: 0.0, 39: 43.560487, 44: 0.0, 50: 0.0}",19.190873,28.668325,,,[],,{},{},,,OK,2643.902,random,C201_3.dat
test_data/data_demand_random_50_batch_all1_equal_random/C201_3.dat,8,90,2,4,1198.0512484,"[[[[0, [3, 4, 1]], [17, [17, 8, 19, 14]], [8, []], [19, []], [24, [24]], [3, [23, 28, 21, 31, 29]], [4, []], [14, []], [23, []], [28, []], [21, []], [36, [36, 40, 39, 34]], [31, []], [40, []], [1, []], [39, []], [34, []], [47, [47, 46, 44]], [29, []], [46, []], [44, []]], [[0, [6, 2, 5]], [6, []], [2, []], [18, [18, 13, 7, 16, 15, 10, 11, 9]], [13, []], [7, []], [16, []], [5, []], [26, [26, 33, 20, 32, 22, 25, 30, 12]], [33, []], [15, []], [20, []], [10, []], [11, []], [32, []], [22, []], [9, []], [37, [37, 35, 27]], [25, [42, 38]], [35, []], [30, []], [12, []], [50, [50, 49, 43, 48, 41, 45]], [42, []], [38, []], [49, []], [43, []], [27, []], [48, []], [41, []], [45, []]]], [[[17, [17, 8, 19, 14]]], [[18, [18, 13, 7, 16, 15, 10, 11, 9]]], [[26, [26, 33, 20, 32, 22, 25, 30, 12]]], [[24, [24]]], [[3, [23, 28, 21, 31, 29]]], [[37, [37, 35, 27]]], [[36, [36, 40, 39, 34]]], [[25, [42, 38]]], [[47, [47, 46, 44]]], [[50, [50, 49, 43, 48, 41, 45]]]]]",,None,4.4,4.4,"[34.234486, 72.691127, 39.293765, 37.363083, 45.607017, 76.157731, 33.105891, 33.526109, 53.814496, 78.102497]",50.38962,"{17: 245.117243, 18: 76.345564, 26: 27.301319, 24: 0.0, 3: 48.686266, 37: 0.0, 36: 0.0, 25: 0.0, 47: 0.0, 50: 9.404366}","{17: 0.0, 18: 0.0, 26: 0.0, 24: 66.435701, 3: 0.0, 37: 105.568017, 36: 1.250563, 25: 17.527374, 47: 14.89626, 50: 0.0}",40.685476,20.567792,,,[],,{},{},,,OK,3214.644,random,C201_3.dat
test_data/data_demand_random_50_batch_all1_equal_random/C201_3.dat,8,90,2,5,1190.6124969,"[[[[0, []], [14, [14, 10, 11, 15, 19, 12, 8, 18]], [12, []], [10, []], [11, []], [8, []], [18, []], [15, []], [19, []], [28, [28, 33, 17, 23, 25, 22]], [33, []], [17, []], [23, []], [25, []], [35, [35, 30, 37, 29, 34, 32]], [30, []], [22, []], [37, []], [39, [39]], [29, []], [46, [46, 47, 50, 45, 40]], [47, []], [34, []], [32, []], [50, []], [45, []], [40, []]], [[0, [6, 1, 4, 5, 3, 2]], [5, []], [9, [9, 7, 13]], [3, []], [2, []], [6, []], [16, [16]], [13, []], [26, [26, 21, 24, 31, 20, 27]], [1, []], [21, []], [24, []], [31, []], [4, []], [42, [42]], [38, [38, 41, 36]], [20, []], [41, []], [27, []], [43, [43, 49, 48, 44]], [49, []], [48, []], [36, []], [7, []], [44, []]]], [[[14, [14, 10, 11, 15, 19, 12, 8, 18]]], [[9, [9, 7, 13]]], [[16, [16]]], [[26, [26, 21, 24, 31, 20, 27]]], [[28, [28, 33, 17, 23, 25, 22]]], [[35, [35, 30, 37, 29, 34, 32]]], [[42, [42]]], [[38, [38, 41, 36]]], [[39, [39]]], [[46, [46, 47, 50, 45, 40]]], [[43, [43, 49, 48, 44]]]]]",1271.217576,"[[[[0, [1]], [17, [17, 8, 9, 12, 10, 11, 14, 18]], [8, []], [9, []], [20, [20, 25, 26]], [12, []], [10, [32, 30, 29, 22, 23]], [11, []], [32, []], [35, [35]], [14, []], [18, []], [38, [38]], [30, [39, 34, 37, 42]], [25, []], [26, []], [1, []], [39, []], [29, []], [46, [46, 47, 50, 45]], [47, []], [34, []], [37, []], [22, []], [50, []], [42, []], [45, []], [23, []]], [[0, [3, 5, 6, 4, 2]], [3, []], [5, []], [19, [19, 15, 13, 16, 7]], [15, []], [13, []], [6, []], [21, [21, 33, 24, 31, 27, 28]], [33, []], [4, []], [36, [36, 40, 41]], [16, []], [24, []], [31, []], [40, []], [41, []], [27, []], [28, []], [43, [43, 49, 48, 44]], [49, []], [48, []], [7, []], [2, []], [44, []]]], [[[17, [17, 8, 9, 12, 10, 11, 14, 18]]], [[19, [19, 15, 13, 16, 7]]], [[21, [21, 33, 24, 31, 27, 28]]], [[20, [20, 25, 26]]], [[10, [32, 30, 29, 22, 23]]], [[35, [35]]], [[38, [38]]], [[30, [39, 34, 37, 42]], [36, [36, 40, 41]]], [[46, [46, 47, 50, 45]]], [[43, [43, 49, 48, 44]]]]]",4,4,"[23.323808, 80.622577, 21.540659, 39.293765, 82.462113, 46.647615, 61.05735, 68.35203, 41.231056, 51.224994, 78.587531]",54.031227,"{14: 245.661904, 9: 63.311289, 16: 0.0, 26: 55.335594, 28: 11.569152, 35: 0.0, 42: 7.881792, 38: 0.0, 39: 15.441822, 46: 20.939619, 43: 7.76509}","{14: 0.0, 9: 0.0, 16: 127.540959, 26: 0.0, 28: 0.0, 35: 41.907249, 42: 0.0, 38: 21.35266, 39: 0.0, 46: 0.0, 43: 0.0}",38.900569,17.345533,4.4,4.4,"[34.234486, 80.622577, 44.72136, 41.231056, 61.611687, 46.647615, 68.35203, 73.529903, 51.224994, 78.587531]",58.076324,"{17: 245.117243, 19: 72.311289, 21: 78.049391, 20: 0.0, 10: 0.0, 35: 9.206565, 38: 0.0, 36: 99.192266, 30: 10.031577, 46: 0.0, 43: 0.0}","{17: 0.0, 19: 0.0, 21: 0.0, 20: 128.501715, 10: 12.578628, 35: 0.0, 38: 102.147793, 36: 0.0, 30: 0.0, 46: 16.742887, 43: 13.25918}",46.718939,24.839109,OK,4202.082,random,C201_3.dat
test_data/data_demand_random_50_batch_all1_equal_random/C201_3.dat,8,120,2,1,1196.0483494,"[[[[0, []], [18, [18, 19, 16, 8]], [16, []], [25, [25, 33, 31, 21, 27, 28]], [28, []], [19, []], [33, []], [8, []], [31, []], [36, [36, 41, 40]], [21, []], [44, [44, 48, 43, 49, 45]], [48, []], [43, []], [49, []], [27, []], [41, []], [45, []], [40, []]], [[0, [1, 3, 6, 2, 4, 5]], [1, []], [3, []], [6, []], [2, []], [5, []], [14, [14, 17, 15, 13, 10, 11, 12, 9]], [17, []], [15, []], [23, [23, 7]], [7, []], [4, []], [24, [24, 20, 30, 32, 22, 29, 26]], [13, []], [20, []], [30, []], [34, [34]], [26, []], [10, []], [11, []], [12, []], [38, [38, 42, 37, 35, 39]], [42, []], [50, [50, 47, 46]], [32, []], [9, []], [22, []], [37, []], [35, []], [39, []], [47, []], [29, []], [46, []]]], [[[14, [14, 17, 15, 13, 10, 11, 12, 9]]], [[18, [18, 19, 16, 8]]], [[23, [23, 7]]], [[25, [25, 33, 31, 21, 27, 28]]], [[24, [24, 20, 30, 32, 22, 29, 26]]], [[34, [34]]], [[38, [38, 42, 37, 35, 39]]], [[36, [36, 41, 40]]], [[44, [44, 48, 43, 49, 45]]], [[50, [50, 47, 46]]]]]",,None,4.4,4.4,"[23.323808, 72.691127, 30.0, 33.526109, 37.363083, 55.461698, 68.35203, 33.105891, 62.096699, 78.102497]",49.402294,"{14: 0.0, 18: 220.345564, 23: 3.0, 25: 94.417491, 24: 44.681542, 34: 0.0, 38: 0.0, 36: 30.789891, 44: 70.495404, 50: 36.369707}","{14: 6.338096, 18: 0.0, 23: 0.0, 25: 0.0, 24: 0.0, 34: 42.950692, 38: 46.505527, 36: 0.0, 44: 0.0, 50: 0.0}",50.00996,9.579432,,,[],,{},{},,,OK,4104.924,random,C201_3.dat
test_data/data_demand_random_50_batch_all1_equal_random/C201_3.dat,8,120,2,2,1198.0512484,"[[[[0, [6]], [15, [15, 18]], [6, []], [21, [21, 26, 27, 28]], [31, [31, 30, 29]], [27, []], [28, []], [18, []], [30, []], [39, [39, 35, 34]], [26, []], [35, []], [29, []], [46, [46, 47, 44]], [47, []], [34, []], [44, []]], [[0, [4, 5, 2, 1, 3]], [4, []], [5, []], [1, []], [7, [7, 9, 13, 11, 12]], [2, []], [3, []], [13, []], [10, [10, 14, 17, 16, 19, 8]], [11, []], [19, []], [8, []], [14, []], [20, [20, 24, 22, 33, 23, 25, 32]], [17, []], [23, []], [25, []], [16, []], [24, []], [36, [36, 37, 42, 38, 41, 40]], [37, []], [22, []], [9, []], [32, []], [50, [50, 43, 49, 48, 45]], [12, []], [42, []], [38, []], [33, []], [43, []], [49, []], [48, []], [41, []], [45, []], [40, []]]], [[[7, [7, 9, 13, 11, 12]]], [[10, [10, 14, 17, 16, 19, 8]]], [[15, [15, 18]]], [[21, [21, 26, 27, 28]]], [[31, [31, 30, 29]]], [[20, [20, 24, 22, 33, 23, 25, 32]]], [[36, [36, 37, 42, 38, 41, 40]]], [[39, [39, 35, 34]]], [[46, [46, 47, 44]]], [[50, [50, 43, 49, 48, 45]]]]]",1220,"[[[[0, [6]], [11, [11]], [17, [17, 8, 19, 15, 16, 14, 18, 2]], [7, [7, 13]], [13, []], [2, []], [6, []], [21, [21, 28, 33, 31, 23, 20, 30, 27]], [8, []], [28, []], [19, []], [15, []], [33, []], [16, []], [31, []], [36, [36, 35]], [23, [42, 38, 41, 40]], [20, []], [14, []], [35, []], [30, []], [50, [50, 43, 49, 48, 45]], [42, []], [38, []], [18, []], [43, []], [49, []], [27, []], [48, []], [41, []], [45, []], [40, []]], [[0, [4, 3, 1, 5]], [12, [12, 10, 9]], [4, []], [24, [24, 25, 26, 22, 32, 29]], [3, []], [1, []], [5, []], [25, []], [26, []], [10, []], [9, []], [22, []], [37, [37, 34, 39]], [32, []], [34, []], [29, []], [46, [46, 47, 44]], [47, []], [39, []], [44, []]]], [[[11, [11]]], [[12, [12, 10, 9]]], [[17, [17, 8, 19, 15, 16, 14, 18, 2]]], [[7, [7, 13]]], [[21, [21, 28, 33, 31, 23, 20, 30, 27]]], [[24, [24, 25, 26, 22, 32, 29]]], [[36, [36, 35]]], [[23, [42, 38, 41, 40]], [37, [37, 34, 39]]], [[46, [46, 47, 44]]], [[50, [50, 43, 49, 48, 45]]]]]",4.4,4.4,"[51.419841, 61.611687, 70.710678, 44.72136, 36.055513, 41.231056, 33.105891, 41.231056, 51.224994, 78.102497]",50.941457,"{7: 0.0, 10: 0.0, 15: 221.355339, 21: 121.005341, 31: 0.0, 20: 0.0, 36: 0.552945, 39: 24.254848, 46: 14.996969, 50: 4.498303}","{7: 71.29008, 10: 106.194156, 15: 0.0, 21: 0.0, 31: 19.332923, 20: 52.663112, 36: 0.0, 39: 0.0, 46: 0.0, 50: 0.0}",38.666375,24.948027,4.5,4.5,"[66.603303, 70.710678, 34.234486, 51.419841, 44.72136, 37.363083, 33.105891, 88.078866, 51.224994, 78.102497]",55.5565,"{11: 72.301652, 12: 68.355339, 17: 55.815591, 7: 0.0, 21: 0.243437, 24: 252.326203, 36: 0.0, 23: 2.63932, 37: 39.498798, 46: 0.0, 50: 16.051248}","{11: 0.0, 12: 0.0, 17: 0.0, 7: 129.696644, 21: 0.0, 24: 0.0, 36: 77.807734, 23: 0.0, 37: 0.0, 46: 13.567843, 50: 0.0}",46.111963,20.097475,OK,2786.135,random,C201_3.dat
test_data/data_demand_random_50_batch_all1_equal_random/C201_3.dat,8,120,2,3,1190.6124969,"[[[[0, [5, 4, 6, 3, 1]], [5, []], [14, [14, 16, 15, 9, 10, 12, 11]], [4, []], [6, []], [3, []], [16, []], [26, [26, 25]], [25, []], [1, [23, 33, 22, 32, 29]], [23, []], [33, []], [15, []], [38, [38, 35, 37, 34]], [35, []], [37, []], [22, []], [9, []], [32, []], [10, []], [34, []], [29, []], [46, [46, 47, 39, 50, 45]], [47, []], [39, []], [50, []], [12, []], [11, []], [45, []]], [[0, [2]], [2, []], [18, [18, 19, 13, 8, 7, 17]], [19, []], [13, []], [8, []], [7, []], [31, [31, 21, 28, 30, 27, 24, 20]], [21, []], [28, []], [20, []], [40, [40, 42, 41, 36]], [17, []], [30, []], [42, []], [41, []], [27, []], [43, [43, 49, 44, 48]], [49, []], [48, []], [36, []], [24, []], [44, []]]], [[[18, [18, 19, 13, 8, 7, 17]]], [[14, [14, 16, 15, 9, 10, 12, 11]]], [[31, [31, 21, 28, 30, 27, 24, 20]]], [[26, [26, 25]]], [[1, [23, 33, 22, 32, 29]]], [[38, [38, 35, 37, 34]]], [[40, [40, 42, 41, 36]]], [[46, [46, 47, 39, 50, 45]]], [[43, [43, 49, 44, 48]]]]]",,None,4.888889,4.888889,"[72.691127, 23.323808, 36.055513, 39.293765, 30.265492, 68.35203, 20.0, 51.224994, 78.587531]",46.643807,"{18: 92.345564, 14: 229.661904, 31: 0.0, 26: 0.0, 1: 26.470842, 38: 0.0, 40: 22.654436, 46: 17.479751, 43: 9.293765}","{18: 0.0, 14: 0.0, 31: 40.317807, 26: 76.015021, 1: 0.0, 38: 6.956731, 40: 0.0, 46: 0.0, 43: 0.0}",44.211807,13.69884,,,[],,{},{},,,OK,3640.071,random,C201_3.dat
test_data/data_demand_random_50_batch_all1_equal_random/C201_3.dat,8,120,2,4,1196.0483494,"[[[[0, [5, 2, 4, 3, 6]], [2, []], [4, []], [7, [7]], [13, [13, 8]], [8, []], [5, []], [20, [20, 26, 31, 24, 21, 27, 23, 33]], [33, []], [28, [28]], [38, [38, 36]], [26, []], [31, []], [36, []], [24, []], [3, []], [21, []], [6, []], [44, [44, 48, 43, 49, 41, 45, 40]], [48, []], [27, []], [43, []], [49, []], [41, []], [45, []], [23, []], [40, []]], [[0, [1]], [11, [11, 18, 15, 19, 17, 14, 10, 16]], [12, [12, 9]], [18, []], [15, []], [19, []], [17, []], [14, []], [16, []], [25, [25, 29, 22, 32, 30]], [29, []], [34, [34, 37, 35]], [10, []], [37, []], [35, []], [39, [39]], [9, []], [22, []], [32, [50, 42, 46, 47]], [50, []], [42, []], [30, []], [46, []], [47, []], [1, []]]], [[[7, [7]]], [[11, [11, 18, 15, 19, 17, 14, 10, 16]]], [[13, [13, 8]]], [[12, [12, 9]]], [[20, [20, 26, 31, 24, 21, 27, 23, 33]]], [[25, [25, 29, 22, 32, 30]]], [[28, [28]]], [[34, [34, 37, 35]]], [[38, [38, 36]]], [[39, [39]]], [[44, [44, 48, 43, 49, 41, 45, 40]]], [[32, [50, 42, 46, 47]]]]]",1201.7099203,"[[[[0, [2]], [13, [13, 16, 19, 15, 8, 18, 17, 14]], [16, []], [14, []], [17, []], [22, [22, 20, 30]], [30, []], [20, []], [19, []], [15, []], [8, []], [18, []], [33, [33, 24, 27, 36]], [36, []], [24, []], [2, []], [44, [44, 48, 49, 43, 45, 41, 40]], [48, []], [27, []], [49, []], [43, []], [41, []], [45, []], [40, []]], [[0, [3, 5, 4, 6, 1]], [3, []], [7, [7, 11, 10, 9, 12]], [11, []], [5, []], [4, []], [6, []], [25, [25, 26, 23, 21]], [1, [31, 28, 32]], [26, []], [23, []], [21, []], [31, []], [28, []], [38, [38, 42, 34, 29, 37, 35]], [42, []], [35, []], [10, []], [9, []], [37, []], [32, []], [50, [50, 46, 47, 39]], [12, []], [34, []], [46, []], [29, []], [47, []], [39, []]]], [[[13, [13, 16, 19, 15, 8, 18, 17, 14]]], [[7, [7, 11, 10, 9, 12]]], [[25, [25, 26, 23, 21]]], [[1, [31, 28, 32]], [22, [22, 20, 30]]], [[33, [33, 24, 27, 36]]], [[38, [38, 42, 34, 29, 37, 35]]], [[44, [44, 48, 49, 43, 45, 41, 40]]], [[50, [50, 46, 47, 39]]]]]",3.666667,3.666667,"[51.419841, 66.603303, 24.33105, 70.710678, 41.231056, 33.526109, 82.462113, 55.461698, 68.35203, 41.231056, 62.096699, 72.111026]",55.794722,"{7: 36.70992, 11: 205.301652, 13: 0.0, 12: 0.0, 20: 92.905608, 25: 0.0, 28: 0.0, 34: 7.429198, 38: 15.407071, 39: 0.0, 44: 1.02575, 32: 10.324664}","{7: 0.0, 11: 0.0, 13: 28.124555, 12: 28.070867, 20: 0.0, 25: 39.538597, 28: 8.153416, 34: 0.0, 38: 0.0, 39: 35.115321, 44: 0.0, 32: 0.0}",30.758655,11.583563,5.5,5.5,"[24.33105, 51.419841, 33.526109, 82.774355, 64.776539, 68.35203, 62.096699, 78.102497]",58.17239,"{13: 250.165525, 7: 64.70992, 25: 0.0, 1: 0.0, 22: 135.470219, 33: 0.0, 38: 0.0, 44: 0.0, 50: 0.0}","{13: 0.0, 7: 0.0, 25: 123.946866, 1: 12.577174, 22: 0.0, 33: 123.247475, 38: 2.533905, 44: 1.587395, 50: 11.658672}",50.038407,30.616832,OK,3804.643,random,C201_3.dat
test_data/data_demand_random_50_batch_all1_equal_random/C201_3.dat,8,120,2,5,1190.612497,"[[[[0, [2, 4, 6]], [2, [16, 1, 11, 10, 7, 24, 23, 20, 14]], [7, []], [6, []], [11, []], [10, []], [16, []], [4, []], [24, []], [26, [26]], [23, []], [20, []], [14, [30, 22, 32, 25, 29]], [1, []], [30, []], [22, []], [32, []], [37, [37, 35, 34]], [35, []], [34, []], [25, []], [29, []], [46, [46, 47, 39, 50, 45, 40]], [47, []], [39, []], [50, []], [45, []], [40, []]], [[0, [3, 5, 9]], [3, []], [5, []], [12, [12, 17, 18, 19, 15, 8, 13]], [9, []], [13, []], [17, []], [18, []], [19, []], [15, []], [28, [28, 21, 31, 27]], [8, []], [21, [36, 33, 38]], [31, []], [36, []], [33, []], [38, []], [42, [42, 41]], [41, []], [49, [49, 43, 48, 44]], [43, []], [27, []], [48, []], [44, []]]], [[[2, [16, 11, 10, 7, 24, 23, 20, 14]]], [[2, [1]]], [[12, [12, 17, 18, 19, 15, 8, 13]]], [[26, [26]]], [[14, [30, 22, 32, 25, 29]]], [[28, [28, 21, 31, 27]]], [[21, [36, 33, 38]]], [[37, [37, 35, 34]]], [[42, [42, 41]]], [[46, [46, 47, 39, 50, 45, 40]]], [[49, [49, 43, 48, 44]]]]]",,None,4,4,"[64.498062, 64.498062, 70.710678, 39.293765, 23.323808, 82.462113, 44.72136, 76.157731, 61.05735, 51.224994, 67.052218]",58.636376,"{2: 359.249031, 12: 0.0, 26: 0.0, 14: 0.0, 28: 8.231056, 21: 29.129624, 37: 0.0, 42: 0.0, 46: 17.612497, 49: 55.165429}","{2: 39.750969, 12: 35.644661, 26: 34.353117, 14: 13.338096, 28: 0.0, 21: 0.0, 37: 14.921134, 42: 3.832005, 46: 0.0, 49: 0.0}",46.938764,14.183998,,,[],,{},{},,,OK,2815.48,random,C201_3.dat
