job_id,instance,A,L,run_index,best_fitness,best_solution,best_multi_fitness,best_multi_solution,best_drone_avg_trip_time,best_multi_visit_trip_count,best_drone_trip_count,best_avg_customers_per_trip,best_multi_drone_avg_trip_time,best_multi_multi_visit_trip_count,best_multi_drone_trip_count,best_multi_avg_customers_per_trip,best_solution_file,best_multi_solution_file,log,best_avg_sortie_time,best_avg_truck_wait_for_drone,best_avg_drone_wait_for_truck,best_multi_avg_sortie_time,best_multi_avg_truck_wait_for_drone,best_multi_avg_drone_wait_for_truck
1,test_data/data_demand_random_50_batch_all1_equal_cluster/C101_0.5.dat,4,60,1,407,"[[[[0,[11,8,9,10,31,32,12,14,13,29,30,49,48,47,46,45,44,34,33,17,16,15,4,3,2]],[11,[]],[8,[]],[9,[]],[10,[]],[31,[]],[32,[]],[12,[]],[14,[]],[13,[]],[29,[]],[30,[]],[49,[]],[48,[]],[47,[]],[46,[]],[45,[]],[44,[]],[34,[]],[33,[]],[17,[]],[16,[]],[15,[]],[4,[]],[3,[]],[2,[]]],[[0,[22,23,24,25,26,27,38,37,28,35,36,41,40,39,21,42,43,20,19,18,7,5,6,1]],[22,[]],[23,[]],[24,[]],[25,[]],[26,[]],[27,[]],[38,[]],[37,[]],[28,[]],[35,[50]],[36,[]],[41,[]],[40,[]],[39,[]],[21,[]],[42,[]],[43,[]],[50,[]],[20,[]],[19,[]],[18,[]],[7,[]],[5,[]],[6,[]],[1,[]]]],[[[35,[50]]]]]",,,36.05551275464,0,1,1,,,,,results/sol_best_C101_0.5.dat_A4_L60_pid2676.txt,(not found),"ATS(nimp=50,seg=4,div=3,t=7200s,selected=best_on_timeout,timeout=True,attempt=1/3,seed=1249020755) | parallel_runs=3,chosen_attempt=1,best_multi_from_attempt=",41.05551275464,0,0,,,
2,test_data/data_demand_random_50_batch_all1_equal_cluster/C101_0.5.dat,4,90,1,407,"[[[[0,[6,5,7,18,19,20,43,42,39,21,41,40,36,35,28,37,38,27,26,25,24,23,22]],[6,[]],[5,[]],[7,[]],[18,[]],[19,[]],[20,[50]],[50,[]],[43,[]],[42,[]],[39,[]],[21,[]],[41,[]],[40,[]],[36,[]],[35,[]],[28,[]],[37,[]],[38,[]],[27,[]],[26,[]],[25,[]],[24,[]],[23,[]],[22,[]]],[[0,[1,2,3,4,15,16,17,33,34,44,45,46,47,48,49,30,29,13,14,12,32,31,10,8,9,11]],[1,[]],[2,[]],[3,[]],[4,[]],[15,[]],[16,[]],[17,[]],[33,[]],[34,[]],[44,[]],[45,[]],[46,[]],[47,[]],[48,[]],[49,[]],[30,[]],[29,[]],[13,[]],[14,[]],[12,[]],[32,[]],[31,[]],[10,[]],[8,[]],[9,[]],[11,[]]]],[[[20,[50]]]]]",,,70.710678118655,0,1,1,,,,,results/sol_best_C101_0.5.dat_A4_L60_pid2676.txt,,"A4L90<=A4L60 | ATS(nimp=50,seg=4,div=3,t=7200s,selected=best_on_timeout,timeout=True,attempt=1/3,seed=10317784) | parallel_runs=3,chosen_attempt=1,best_multi_from_attempt=",75.710678118655,0,0,,,
3,test_data/data_demand_random_50_batch_all1_equal_cluster/C101_0.5.dat,4,120,1,407,"[[[[0,[11,8,9,10,31,32,12,14,13,29,30,49,48,47,46,45,44,34,33,17,16,15,4,3,2]],[11,[]],[8,[]],[9,[]],[10,[]],[31,[]],[32,[]],[12,[]],[14,[]],[13,[]],[29,[]],[30,[]],[49,[]],[48,[]],[47,[]],[46,[]],[45,[]],[44,[]],[34,[]],[33,[]],[17,[]],[16,[]],[15,[]],[4,[]],[3,[]],[2,[]]],[[0,[1,6,5,7,18,19,20,43,42,21,39,41,40,36,35,28,37,38,27,26,25,24,23,22]],[1,[]],[6,[]],[5,[]],[7,[]],[18,[]],[19,[]],[20,[50]],[50,[]],[43,[]],[42,[]],[21,[]],[39,[]],[41,[]],[40,[]],[36,[]],[35,[]],[28,[]],[37,[]],[38,[]],[27,[]],[26,[]],[25,[]],[24,[]],[23,[]],[22,[]]]],[[[20,[50]]]]]",,,70.710678118655,0,1,1,,,,,results/sol_best_C101_0.5.dat_A4_L60_pid2676.txt,,"A4L120<=A4L90 | ATS(nimp=50,seg=4,div=3,t=7200s,selected=best_on_timeout,timeout=True,attempt=1/3,seed=3175828264) | parallel_runs=3,chosen_attempt=1,best_multi_from_attempt=",75.710678118655,0,0,,,
4,test_data/data_demand_random_50_batch_all1_equal_cluster/C101_0.5.dat,8,60,1,407,"[[[[0,[1,6,5,7,18,19,20,43,42,41,21,39,40,36,35,28,37,38,27,26,25,24,23,22]],[1,[]],[6,[]],[5,[]],[7,[]],[18,[50]],[19,[]],[20,[]],[50,[]],[43,[]],[42,[]],[41,[]],[21,[]],[39,[]],[40,[]],[36,[]],[35,[]],[28,[]],[37,[]],[38,[]],[27,[]],[26,[]],[25,[]],[24,[]],[23,[]],[22,[]]],[[0,[2,3,4,15,16,17,33,34,44,45,46,47,48,49,30,29,13,14,12,32,31,10,9,8,11]],[2,[]],[3,[]],[4,[]],[15,[]],[16,[]],[17,[]],[33,[]],[34,[]],[44,[]],[45,[]],[46,[]],[47,[]],[48,[]],[49,[]],[30,[]],[29,[]],[13,[]],[14,[]],[12,[]],[32,[]],[31,[]],[10,[]],[9,[]],[8,[]],[11,[]]]],[[[18,[50]]]]]",,,40,0,1,1,,,,,results/sol_best_C101_0.5.dat_A4_L60_pid2676.txt,,"A8L60<=A4L60 | ATS(nimp=50,seg=4,div=3,t=7200s,selected=best_on_timeout,timeout=True,attempt=1/3,seed=2829709276) | parallel_runs=3,chosen_attempt=1,best_multi_from_attempt=",45,0,0,,,
5,test_data/data_demand_random_50_batch_all1_equal_cluster/C101_0.5.dat,8,90,1,407,"[[[[0,[6,5,7,18,19,20,43,42,39,21,41,40,36,35,28,37,38,27,26,25,24,23,22]],[6,[]],[5,[]],[7,[]],[18,[]],[19,[]],[20,[50]],[50,[]],[43,[]],[42,[]],[39,[]],[21,[]],[41,[]],[40,[]],[36,[]],[35,[]],[28,[]],[37,[]],[38,[]],[27,[]],[26,[]],[25,[]],[24,[]],[23,[]],[22,[]]],[[0,[1,2,3,4,15,16,17,33,34,44,45,46,47,48,49,30,29,13,14,12,32,31,10,9,8,11]],[1,[]],[2,[]],[3,[]],[4,[]],[15,[]],[16,[]],[17,[]],[33,[]],[34,[]],[44,[]],[45,[]],[46,[]],[47,[]],[48,[]],[49,[]],[30,[]],[29,[]],[13,[]],[14,[]],[12,[]],[32,[]],[31,[]],[10,[]],[9,[]],[8,[]],[11,[]]]],[[[20,[50]]]]]",391,"[[[[0,[6,5,7,18,19,20,21,36,35,28,37,38,27,26,25,24,23,22]],[6,[43,42,39,41,40]],[5,[]],[7,[]],[18,[]],[19,[]],[20,[50]],[50,[]],[43,[]],[42,[]],[39,[]],[21,[]],[41,[]],[40,[]],[36,[]],[35,[]],[28,[]],[37,[]],[38,[]],[27,[]],[26,[]],[25,[]],[24,[]],[23,[]],[22,[]]],[[0,[2,3,4,15,16,17,33,34,30,29,13,14,12,32,31,10,9,8,11]],[1,[1]],[2,[]],[3,[]],[4,[44,45,46,47,48,49]],[15,[]],[16,[]],[17,[]],[33,[]],[34,[]],[44,[]],[45,[]],[46,[]],[47,[]],[48,[]],[49,[]],[30,[]],[29,[]],[13,[]],[14,[]],[12,[]],[32,[]],[31,[]],[10,[]],[9,[]],[8,[]],[11,[]]]],[[[1,[1]],[6,[43,42,39,41,40]]],[[4,[44,45,46,47,48,49]]],[[20,[50]]]]]",70.710678118655,0,1,1,42.236892706218,1,3,4.333333333333,results/sol_best_C101_0.5.dat_A4_L60_pid2676.txt,,"A8L90<=A4L90 | ATS(nimp=50,seg=4,div=3,t=7200s,selected=best_on_timeout,timeout=True,attempt=1/3,seed=3085554152) | parallel_runs=3,chosen_attempt=1,best_multi_from_attempt=",75.710678118655,0,0,48.903559372885,7.5,0
6,test_data/data_demand_random_50_batch_all1_equal_cluster/C101_0.5.dat,8,120,1,407,"[[[[0,[11,8,9,10,31,32,12,14,13,29,30,49,48,47,46,45,44,34,33,17,16,15,4,3,2,1]],[11,[]],[8,[]],[9,[]],[10,[]],[31,[]],[32,[]],[12,[]],[14,[]],[13,[]],[29,[]],[30,[]],[49,[]],[48,[]],[47,[]],[46,[]],[45,[]],[44,[]],[34,[]],[33,[]],[17,[]],[16,[]],[15,[]],[4,[]],[3,[]],[2,[]],[1,[]]],[[0,[22,23,24,25,26,27,38,37,28,35,36,41,40,39,21,42,43,50,20,19,18,7,5,6]],[22,[]],[23,[]],[24,[]],[25,[]],[26,[]],[27,[]],[38,[]],[37,[]],[28,[]],[35,[]],[36,[]],[41,[]],[40,[]],[39,[]],[21,[]],[42,[]],[43,[]],[50,[]],[20,[]],[19,[]],[18,[]],[7,[]],[5,[]],[6,[]]]],[]]",,,0,0,0,0,,,,,results/sol_best_C101_0.5.dat_A4_L60_pid2676.txt,,"A8L120<=A4L120 | ATS(nimp=50,seg=4,div=3,t=7200s,selected=best_after_ats,timeout=False,attempt=1/3,seed=1515673802) | parallel_runs=3,chosen_attempt=1,best_multi_from_attempt=",0,0,0,,,
7,test_data/data_demand_random_50_batch_all1_equal_cluster/C101_1.5.dat,4,60,3,626,"[[[[0,[1,2,3,4,9,5,6,7,8,35,34,39,38,36,37,43,42,41,40,33,29,28,30,32,31,19,18,17,16,15,14]],[1,[]],[2,[]],[3,[]],[4,[]],[9,[]],[5,[]],[6,[]],[7,[]],[8,[]],[35,[]],[34,[]],[39,[]],[38,[]],[36,[]],[37,[]],[43,[]],[42,[]],[41,[]],[40,[]],[33,[]],[29,[]],[28,[]],[30,[]],[32,[]],[31,[]],[19,[]],[18,[]],[17,[]],[16,[]],[15,[]],[14,[]]],[[0,[13,20,21,27,45,44,50,46,47,48,49,23,22,24,26,25,12,11,10]],[13,[]],[20,[]],[21,[]],[27,[]],[45,[]],[44,[]],[50,[]],[46,[]],[47,[]],[48,[]],[49,[]],[23,[]],[22,[]],[24,[]],[26,[]],[25,[]],[12,[]],[11,[]],[10,[]]]],[]]",,,0,0,0,0,,,,,results/sol_best_C101_1.5.dat_A4_L60_pid2746.txt,(not found),"ATS(nimp=50,seg=4,div=3,t=7200s,selected=best_on_timeout,timeout=True,attempt=1/3,seed=3291825810) | parallel_runs=3,chosen_attempt=1,best_multi_from_attempt=",0,0,0,,,
8,test_data/data_demand_random_50_batch_all1_equal_cluster/C101_1.5.dat,4,90,3,626,"[[[[0,[1,2,3,4,9,6,5,7,8,35,34,39,38,36,37,43,42,41,40,33,29,28,30,32,31,19,18,17,16,15,14]],[1,[]],[2,[]],[3,[]],[4,[]],[9,[]],[6,[]],[5,[]],[7,[]],[8,[]],[35,[]],[34,[]],[39,[]],[38,[]],[36,[]],[37,[]],[43,[]],[42,[]],[41,[]],[40,[]],[33,[]],[29,[]],[28,[]],[30,[]],[32,[]],[31,[]],[19,[]],[18,[]],[17,[]],[16,[]],[15,[]],[14,[]]],[[0,[13,20,21,49,48,47,46,50,44,45,27,23,22,24,26,25,12,11,10]],[13,[]],[20,[]],[21,[]],[49,[]],[48,[]],[47,[]],[46,[]],[50,[]],[44,[]],[45,[]],[27,[]],[23,[]],[22,[]],[24,[]],[26,[]],[25,[]],[12,[]],[11,[]],[10,[]]]],[]]",,,0,0,0,0,,,,,results/sol_best_C101_1.5.dat_A4_L60_pid2746.txt,(not found),"A4L90<=A4L60 | ATS(nimp=50,seg=4,div=3,t=7200s,selected=best_on_timeout,timeout=True,attempt=1/3,seed=4024092938) | parallel_runs=3,chosen_attempt=1,best_multi_from_attempt=",0,0,0,,,
9,test_data/data_demand_random_50_batch_all1_equal_cluster/C101_1.5.dat,4,120,3,626,"[[[[0,[14,15,16,17,18,19,31,32,30,28,29,33,40,41,42,43,37,36,38,39,34,35,8,7,5,6,9,4,3,2,1]],[14,[]],[15,[]],[16,[]],[17,[]],[18,[]],[19,[]],[31,[]],[32,[]],[30,[]],[28,[]],[29,[]],[33,[]],[40,[]],[41,[]],[42,[]],[43,[]],[37,[]],[36,[]],[38,[]],[39,[]],[34,[]],[35,[]],[8,[]],[7,[]],[5,[]],[6,[]],[9,[]],[4,[]],[3,[]],[2,[]],[1,[]]],[[0,[13,20,21,49,48,47,46,50,44,45,27,23,22,24,26,25,12,11,10]],[13,[]],[20,[]],[21,[]],[49,[]],[48,[]],[47,[]],[46,[]],[50,[]],[44,[]],[45,[]],[27,[]],[23,[]],[22,[]],[24,[]],[26,[]],[25,[]],[12,[]],[11,[]],[10,[]]]],[]]",,,0,0,0,0,,,,,results/sol_best_C101_1.5.dat_A4_L60_pid2746.txt,(not found),"A4L120<=A4L90 | ATS(nimp=50,seg=4,div=3,t=7200s,selected=best_on_timeout,timeout=True,attempt=1/3,seed=2229543036) | parallel_runs=3,chosen_attempt=1,best_multi_from_attempt=",0,0,0,,,
10,test_data/data_demand_random_50_batch_all1_equal_cluster/C101_1.5.dat,8,60,3,626,"[[[[0,[1,2,3,4,9,6,5,7,8,35,34,36,37,43,42,41,39,38,40,33,29,28,30,32,31,19,18,17,16,15,14]],[1,[]],[2,[]],[3,[]],[4,[]],[9,[]],[6,[]],[5,[]],[7,[]],[8,[]],[35,[]],[34,[]],[36,[]],[37,[]],[43,[]],[42,[]],[41,[]],[39,[]],[38,[]],[40,[]],[33,[]],[29,[]],[28,[]],[30,[]],[32,[]],[31,[]],[19,[]],[18,[]],[17,[]],[16,[]],[15,[]],[14,[]]],[[0,[13,20,21,27,45,44,50,46,47,48,49,23,22,24,26,25,12,11,10]],[13,[]],[20,[]],[21,[]],[27,[]],[45,[]],[44,[]],[50,[]],[46,[]],[47,[]],[48,[]],[49,[]],[23,[]],[22,[]],[24,[]],[26,[]],[25,[]],[12,[]],[11,[]],[10,[]]]],[]]",,,0,0,0,0,,,,,results/sol_best_C101_1.5.dat_A4_L60_pid2746.txt,,"A8L60<=A4L60 | ATS(nimp=50,seg=4,div=3,t=7200s,selected=best_after_ats,timeout=False,attempt=2/3,seed=605198401) | parallel_runs=3,chosen_attempt=2,best_multi_from_attempt=",0,0,0,,,
11,test_data/data_demand_random_50_batch_all1_equal_cluster/C101_1.5.dat,8,90,3,626,"[[[[0,[1,2,3,4,9,35,8,7,5,6,34,39,38,36,37,43,42,41,40,33,29,28,30,32,31,19,18,17,16,15,14]],[1,[]],[2,[]],[3,[]],[4,[]],[9,[]],[35,[]],[8,[]],[7,[]],[5,[]],[6,[]],[34,[]],[39,[]],[38,[]],[36,[]],[37,[]],[43,[]],[42,[]],[41,[]],[40,[]],[33,[]],[29,[]],[28,[]],[30,[]],[32,[]],[31,[]],[19,[]],[18,[]],[17,[]],[16,[]],[15,[]],[14,[]]],[[0,[13,20,21,49,48,47,46,50,44,45,27,23,22,24,26,25,12,11,10]],[13,[]],[20,[]],[21,[]],[49,[]],[48,[]],[47,[]],[46,[]],[50,[]],[44,[]],[45,[]],[27,[]],[23,[]],[22,[]],[24,[]],[26,[]],[25,[]],[12,[]],[11,[]],[10,[]]]],[]]",610,"[[[[0,[1,2,3,4,9,35,8,7,5,6,34,38,36,37,33,29,28,30,32,31,19,18,17,16,15,14]],[1,[]],[2,[]],[3,[]],[4,[39,43,42,41,40]],[9,[]],[35,[]],[8,[]],[7,[]],[5,[]],[6,[]],[34,[]],[39,[]],[38,[]],[36,[]],[37,[]],[43,[]],[42,[]],[41,[]],[40,[]],[33,[]],[29,[]],[28,[]],[30,[]],[32,[]],[31,[]],[19,[]],[18,[]],[17,[]],[16,[]],[15,[]],[14,[]]],[[0,[13,21,44,45,27,23,22,24,26,25,12,11,10]],[13,[49,48,47,46,50]],[20,[20]],[21,[]],[49,[]],[48,[]],[47,[]],[46,[]],[50,[]],[44,[]],[45,[]],[27,[]],[23,[]],[22,[]],[24,[]],[26,[]],[25,[]],[12,[]],[11,[]],[10,[]]]],[[[13,[49,48,47,46,50]]],[[4,[39,43,42,41,40]],[20,[20]]]]]",0,0,0,0,58.88152730712,1,2,5.5,results/sol_best_C101_1.5.dat_A4_L60_pid2746.txt,,"A8L90<=A4L90 | ATS(nimp=50,seg=4,div=3,t=7200s,selected=best_on_timeout,timeout=True,attempt=1/3,seed=2941502063) | parallel_runs=3,chosen_attempt=1,best_multi_from_attempt=",0,0,0,66.38152730712,16.333333333333,14.320531729865
12,test_data/data_demand_random_50_batch_all1_equal_cluster/C101_1.5.dat,8,120,3,626,"[[[[0,[1,2,3,4,9,6,5,7,8,35,34,39,38,36,37,43,42,41,40,33,29,28,30,32,31,19,18,17,16,15,14]],[1,[]],[2,[]],[3,[]],[4,[]],[9,[]],[6,[]],[5,[]],[7,[]],[8,[]],[35,[]],[34,[]],[39,[]],[38,[]],[36,[]],[37,[]],[43,[]],[42,[]],[41,[]],[40,[]],[33,[]],[29,[]],[28,[]],[30,[]],[32,[]],[31,[]],[19,[]],[18,[]],[17,[]],[16,[]],[15,[]],[14,[]]],[[0,[13,20,21,27,45,44,50,46,47,48,49,23,22,24,26,25,12,11,10]],[13,[]],[20,[]],[21,[]],[27,[]],[45,[]],[44,[]],[50,[]],[46,[]],[47,[]],[48,[]],[49,[]],[23,[]],[22,[]],[24,[]],[26,[]],[25,[]],[12,[]],[11,[]],[10,[]]]],[]]",610,"[[[[0,[1,2,3,4,9,6,5,7,8,35,34,38,36,37,33,29,28,30,32,31,19,18,17,16,15,14]],[1,[]],[2,[]],[3,[]],[4,[39,43,42,41,40]],[9,[]],[6,[]],[5,[]],[7,[]],[8,[]],[35,[]],[34,[]],[39,[]],[38,[]],[36,[]],[37,[]],[43,[]],[42,[]],[41,[]],[40,[]],[33,[]],[29,[]],[28,[]],[30,[]],[32,[]],[31,[]],[19,[]],[18,[]],[17,[]],[16,[]],[15,[]],[14,[]]],[[0,[13,21,27,45,44,23,22,24,26,25,12,11,10]],[13,[50,46,47,48,49]],[20,[20]],[21,[]],[27,[]],[45,[]],[44,[]],[50,[]],[46,[]],[47,[]],[48,[]],[49,[]],[23,[]],[22,[]],[24,[]],[26,[]],[25,[]],[12,[]],[11,[]],[10,[]]]],[[[13,[50,46,47,48,49]]],[[4,[39,43,42,41,40]],[20,[20]]]]]",0,0,0,0,58.88152730712,1,2,5.5,results/sol_best_C101_1.5.dat_A4_L60_pid2746.txt,,"A8L120<=A4L120 | ATS(nimp=50,seg=4,div=3,t=7200s,selected=best_on_timeout,timeout=True,attempt=1/3,seed=3143193155) | parallel_runs=3,chosen_attempt=1,best_multi_from_attempt=",0,0,0,66.38152730712,16.333333333333,14.320531729865
13,test_data/data_demand_random_50_batch_all1_equal_cluster/C201_0.5.dat,4,60,4,564,"[[[[0,[14,17,16,15,12,13,33,34,29,28,35,36,37,4,2,1]],[14,[]],[31,[31,32,27,38]],[32,[]],[17,[]],[16,[]],[15,[]],[12,[]],[13,[]],[27,[48,47,49,30]],[33,[]],[34,[]],[48,[]],[47,[]],[49,[]],[38,[]],[30,[]],[29,[]],[28,[]],[35,[]],[36,[]],[37,[]],[19,[19]],[4,[]],[2,[]],[1,[]]],[[0,[5,9,6,7,8,25,40,39,26,23,24,41,42,22,20,3,11,10]],[5,[46,45,44,43]],[9,[]],[6,[]],[7,[]],[8,[]],[25,[]],[40,[]],[39,[]],[26,[]],[23,[]],[24,[50,21,18]],[41,[]],[42,[]],[50,[]],[46,[]],[45,[]],[44,[]],[43,[]],[22,[]],[21,[]],[20,[]],[18,[]],[3,[]],[11,[]],[10,[]]]],[[[31,[31,32,27,38]]],[[5,[46,45,44,43]]],[[24,[50,21,18]]],[[27,[48,49,47,30]]],[[19,[19]]]]]",,,41.250268309381,0,5,3.2,,,,,,(not found),"ATS(nimp=50,seg=4,div=3,t=7200s,selected=best_on_timeout,timeout=True,attempt=1/3,seed=3372009349) | parallel_runs=3,chosen_attempt=1,best_multi_from_attempt=",46.250268309381,0,0,,,
14,test_data/data_demand_random_50_batch_all1_equal_cluster/C201_0.5.dat,4,90,4,514.447633221863,"[[[[0,[4,2]],[12,[12,17,16,10]],[14,[14,15,13,11]],[31,[31,32,29]],[32,[]],[17,[]],[16,[]],[15,[33,48,35,36]],[13,[27,34,30]],[27,[47,49,38,28]],[33,[]],[34,[]],[48,[]],[47,[]],[49,[]],[38,[]],[30,[]],[29,[]],[28,[]],[35,[]],[36,[]],[4,[]],[2,[]],[11,[]],[10,[]]],[[0,[6,3,1]],[5,[5,9,8,7]],[9,[]],[6,[]],[8,[]],[23,[23,26,25,24]],[26,[]],[39,[39,40,21,37]],[40,[]],[25,[]],[7,[]],[24,[]],[20,[20,22,45,46]],[21,[]],[41,[41,42,19,18]],[42,[]],[22,[]],[43,[43,44,50]],[44,[]],[45,[]],[46,[]],[50,[]],[37,[]],[19,[]],[18,[]],[3,[]],[1,[]]]],[[[12,[12,16,10,17]]],[[5,[5,8,9,7]]],[[14,[14,11,13,15]]],[[23,[23,26,25,24]]],[[31,[31,32,29]]],[[39,[39,40,37,21]]],[[15,[48,33,35,36]]],[[13,[30,27,34]]],[[27,[38,49,47,28]]],[[20,[20,45,46,22]]],[[41,[41,42,19,18]]],[[43,[43,44,50]]]]]",,,46.083564188881,0,12,3.75,,,,,,,"ATS(nimp=50,seg=4,div=3,t=7200s,selected=best_on_timeout,timeout=True,attempt=2/3,seed=1975079641) | parallel_runs=3,chosen_attempt=2,best_multi_from_attempt=",51.083564188881,2.027868518778,0,,,
15,test_data/data_demand_random_50_batch_all1_equal_cluster/C201_0.5.dat,4,120,4,514.447633221863,"[[[[0,[4,2]],[12,[12,17,16,10]],[14,[14,15,13,11]],[31,[31,32,29]],[32,[]],[17,[]],[16,[]],[15,[33,48,35,36]],[13,[27,34,30]],[27,[47,49,38,28]],[33,[]],[34,[]],[48,[]],[47,[]],[49,[]],[38,[]],[30,[]],[29,[]],[28,[]],[35,[]],[36,[]],[4,[]],[2,[]],[11,[]],[10,[]]],[[0,[6,3,1]],[5,[5,8,9,7]],[8,[]],[6,[]],[9,[]],[23,[23,26,25,24]],[26,[]],[39,[39,40,21,37]],[40,[]],[25,[]],[7,[]],[24,[]],[20,[20,22,45,46]],[21,[]],[41,[41,42,19,18]],[42,[]],[22,[]],[43,[43,50,44]],[45,[]],[46,[]],[50,[]],[44,[]],[37,[]],[19,[]],[18,[]],[3,[]],[1,[]]]],[[[5,[5,8,9,7]]],[[12,[12,16,10,17]]],[[14,[14,11,13,15]]],[[23,[23,26,25,24]]],[[31,[31,32,29]]],[[39,[39,40,37,21]]],[[15,[48,33,35,36]]],[[13,[30,27,34]]],[[27,[38,49,47,28]]],[[20,[20,45,46,22]]],[[41,[41,42,19,18]]],[[43,[43,44,50]]]]]",,,46.083564188881,0,12,3.75,,,,,,,"A4L120<=A4L90 | ATS(nimp=50,seg=4,div=3,t=7200s,selected=best_on_timeout,timeout=True,attempt=3/3,seed=3349123312) | parallel_runs=3,chosen_attempt=3,best_multi_from_attempt=",51.083564188881,2.694535185445,0,,,
16,test_data/data_demand_random_50_batch_all1_equal_cluster/C201_0.5.dat,8,60,3,499.612496949731,"[[[[0,[2,1]],[10,[10,11,9,6,7,8,5]],[11,[]],[2,[]],[1,[]],[9,[]],[6,[]],[7,[]],[8,[]],[5,[20,21,22,24,23,25,26,39]],[20,[43,44,45,46,50,42,41,40]],[21,[]],[22,[]],[43,[]],[44,[]],[45,[]],[46,[]],[50,[]],[42,[]],[41,[]],[24,[]],[23,[]],[25,[]],[26,[]],[40,[]],[39,[]]],[[0,[4,3]],[12,[12,14,17,16,15,13]],[14,[]],[31,[31,32,27,33,19]],[32,[]],[17,[]],[16,[]],[15,[]],[13,[]],[27,[34,48,47,49,38,30,29,28]],[33,[]],[34,[]],[48,[]],[47,[]],[49,[]],[38,[]],[30,[]],[29,[]],[28,[35,36,37,18]],[35,[]],[36,[]],[37,[]],[19,[]],[18,[]],[4,[]],[3,[]]]],[[[10,[10,11,9,6,8,5,7]]],[[12,[12,14,16,15,13,17]]],[[5,[20,24,23,25,26,39,21,22]]],[[31,[31,32,27,33,19]]],[[20,[50,46,45,44,43,40,41,42]]],[[27,[48,47,49,28,34,38,30,29]]],[[28,[35,36,37,18]]]]]",499.612496949731,"[[[[0,[2,1]],[10,[10,11,9,6,8,5,7]],[11,[]],[2,[]],[1,[]],[9,[]],[6,[]],[7,[]],[8,[]],[5,[20,24,23,25,26,39,21,22]],[20,[50,46,45,44,43,40,41,42]],[21,[]],[22,[]],[43,[]],[44,[]],[45,[]],[46,[]],[50,[]],[42,[]],[41,[]],[24,[]],[23,[]],[25,[]],[26,[]],[40,[]],[39,[]]],[[0,[4,3]],[12,[12]],[14,[14,16,15,13,17]],[31,[31,32,27,33,19]],[32,[]],[17,[]],[16,[]],[15,[]],[13,[]],[27,[48,47,49,28,34,38,30,29]],[33,[]],[34,[]],[48,[]],[47,[]],[49,[]],[38,[]],[30,[]],[29,[]],[28,[35,36,37,18]],[35,[]],[36,[]],[37,[]],[19,[]],[18,[]],[4,[]],[3,[]]]],[[[10,[10,11,9,6,8,5,7]],[12,[12]]],[[14,[14,16,15,13,17]]],[[5,[20,24,23,25,26,39,21,22]]],[[31,[31,32,27,33,19]]],[[20,[50,46,45,44,43,40,41,42]]],[[27,[48,47,49,28,34,38,30,29]]],[[28,[35,36,37,18]]]]]",39.289429424641,0,7,6.571428571429,40.868707465906,1,7,6.714285714286,,,"ATS(nimp=50,seg=4,div=3,t=7200s,selected=best_on_timeout,timeout=True,attempt=1/3,seed=2551875899) | parallel_runs=3,chosen_attempt=1,best_multi_from_attempt=",44.289429424641,4.467771534203,0,46.582993180192,4.753503425809,0
17,test_data/data_demand_random_50_batch_all1_equal_cluster/C201_0.5.dat,8,90,5,487.612496949731,"[[[[0,[4,2,1]],[12,[12,13]],[13,[]],[14,[14,17,16,15,19]],[31,[31,32,27,33,34,30,29,28]],[32,[]],[17,[]],[16,[]],[15,[]],[27,[]],[33,[]],[34,[]],[48,[48,47,38,35,36,37]],[47,[]],[49,[49]],[38,[]],[30,[]],[29,[]],[28,[]],[35,[]],[36,[]],[37,[]],[19,[]],[4,[]],[2,[]],[1,[]]],[[0,[3]],[5,[5,9,6,8,7,11,10]],[9,[]],[6,[]],[8,[]],[7,[]],[23,[23,25,26,24,22,21,20,18]],[25,[]],[39,[39]],[40,[40,41,42,50,46,45,44,43]],[26,[]],[24,[]],[41,[]],[42,[]],[50,[]],[46,[]],[45,[]],[44,[]],[43,[]],[22,[]],[21,[]],[20,[]],[18,[]],[3,[]],[11,[]],[10,[]]]],[[[5,[5,11,10,7,8,9,6]]],[[12,[12,13]]],[[14,[14,17,16,15,19]]],[[23,[23,18,24,22,21,20,25,26]]],[[31,[31,32,27,30,28,34,29,33]]],[[39,[39]]],[[40,[40,41,42,50,46,45,44,43]]],[[48,[48,47,38,35,36,37]]],[[49,[49]]]]]",,,51.8442720912,0,9,5.111111111111,,,,,,,"ATS(nimp=50,seg=4,div=3,t=7200s,selected=best_on_timeout,timeout=True,attempt=1/3,seed=3907504066) | parallel_runs=3,chosen_attempt=1,best_multi_from_attempt=",56.8442720912,2.073427371361,0,,,
18,test_data/data_demand_random_50_batch_all1_equal_cluster/C201_0.5.dat,8,120,5,477.068883707497,"[[[[0,[1]],[5,[5,3,6,7,8,9]],[9,[]],[6,[]],[7,[]],[8,[]],[25,[25,26,24,22,21,20,18,23]],[39,[39,40,41,42,11,10]],[40,[]],[26,[50,46,45,44,43]],[23,[]],[24,[]],[41,[]],[42,[]],[50,[]],[46,[]],[45,[]],[44,[]],[43,[]],[22,[]],[21,[]],[20,[]],[18,[]],[3,[]],[1,[]],[11,[]],[10,[]]],[[0,[4,2]],[15,[15,16,17,14,12,13]],[16,[]],[17,[]],[32,[32,31,27,33,34,19,29]],[31,[]],[14,[]],[12,[]],[13,[]],[27,[]],[33,[]],[34,[]],[48,[48,49,38,30,28,35,36,37]],[47,[47]],[49,[]],[38,[]],[30,[]],[29,[]],[28,[]],[35,[]],[36,[]],[37,[]],[19,[]],[4,[]],[2,[]]]],[[[5,[5,3,6,7,8,9]]],[[15,[15,16,17,14,12,13]]],[[25,[25,26,24,22,21,20,18,23]]],[[32,[32,31,27,33,34,19,29]]],[[39,[39,40,41,42,11,10]]],[[26,[50,46,45,44,43]]],[[48,[48,49,38,30,28,35,36,37]]],[[47,[47]]]]]",477.068883707497,"[[[[0,[]],[5,[5,3,6,7,8,9]],[9,[]],[6,[]],[7,[]],[8,[]],[25,[25,26,24,22,21,20,18,23]],[39,[39,40,41,42,11,10]],[40,[]],[26,[50,46,45,44,43]],[23,[]],[24,[]],[41,[]],[42,[]],[50,[]],[46,[]],[45,[]],[44,[1]],[43,[]],[22,[]],[21,[]],[20,[]],[18,[]],[3,[]],[1,[]],[11,[]],[10,[]]],[[0,[4,2]],[15,[15,16,17,14,12,13]],[16,[]],[17,[]],[32,[32,31,27,33,34,19,29]],[31,[]],[14,[]],[12,[]],[13,[]],[27,[]],[33,[]],[34,[]],[48,[48,49,38,30,28,35,36,37]],[47,[47]],[49,[]],[38,[]],[30,[]],[29,[]],[28,[]],[35,[]],[36,[]],[37,[]],[19,[]],[4,[]],[2,[]]]],[[[5,[5,3,6,7,8,9]]],[[15,[15,16,17,14,12,13]]],[[25,[25,26,24,22,21,20,18,23]]],[[32,[32,31,27,33,34,19,29]]],[[39,[39,40,41,42,11,10]]],[[26,[50,46,45,44,43]]],[[48,[48,49,38,30,28,35,36,37]]],[[47,[47]],[44,[1]]]]]",56.157040498848,0,8,5.875,67.71356525028,1,7,5.857142857143,,(not found),"ATS(nimp=50,seg=4,div=3,t=7200s,selected=best_after_ats,timeout=False,attempt=1/3,seed=3254121739) | parallel_runs=3,chosen_attempt=1,best_multi_from_attempt=",61.157040498848,5.639654137502,0,73.427850964565,4.514654137502,1.112575019463
19,test_data/data_demand_random_50_batch_all1_equal_cluster/C201_1.5.dat,4,60,3,816.612496949731,"[[[[0,[6,5]],[9,[9,15,12,16]],[14,[14]],[15,[]],[6,[]],[22,[22,13]],[32,[32,33,34,35]],[33,[]],[34,[]],[35,[]],[18,[18,28,31]],[12,[]],[16,[45,44,43,46]],[45,[]],[44,[]],[43,[]],[13,[47,48]],[28,[]],[31,[]],[46,[]],[47,[]],[48,[]],[5,[]]],[[0,[8,1,7,4,3]],[2,[2]],[8,[]],[11,[11,10]],[10,[24]],[1,[]],[17,[17,26,27,30]],[7,[]],[4,[29,25,36,23]],[26,[]],[27,[]],[29,[]],[30,[]],[25,[39,38,37,40]],[3,[41,42,49,50]],[39,[]],[38,[]],[37,[]],[24,[]],[40,[]],[41,[]],[42,[]],[49,[]],[36,[]],[50,[]],[23,[]],[21,[21,20,19]],[20,[]],[19,[]]]],[[[2,[2]]],[[9,[9,12,15,16]]],[[11,[11,10]]],[[14,[14]]],[[10,[24]]],[[22,[22,13]]],[[17,[17,26,27,30]]],[[4,[29,25,36,23]]],[[32,[32,33,34,35]]],[[18,[18,28,31]]],[[25,[39,38,37,40]]],[[3,[41,49,50,42]]],[[16,[45,44,43,46]]],[[21,[21,20,19]]],[[13,[47,48]]]]]",816.612496949731,"[[[[0,[6,5]],[9,[9,12,15,16]],[14,[14]],[15,[]],[6,[]],[22,[22,13]],[32,[32,33,34,35]],[33,[]],[34,[]],[35,[]],[18,[18,28,31]],[12,[]],[16,[45,44,43,46]],[45,[]],[44,[]],[43,[]],[13,[47,48]],[28,[]],[31,[]],[46,[]],[47,[]],[48,[]],[5,[]]],[[0,[8,7,4,3]],[2,[2]],[8,[]],[11,[11,10]],[10,[24]],[1,[1]],[17,[17,26,27,30]],[7,[]],[4,[29,25,36,23]],[26,[]],[27,[]],[29,[]],[30,[]],[25,[39,38,37,40]],[3,[41,49,50,42]],[39,[]],[38,[]],[37,[]],[24,[]],[40,[]],[41,[]],[42,[]],[49,[]],[36,[]],[50,[]],[23,[]],[21,[21,20,19]],[20,[]],[19,[]]]],[[[2,[2]]],[[9,[9,12,15,16]]],[[11,[11,10]],[14,[14]]],[[10,[24]]],[[1,[1]],[22,[22,13]]],[[17,[17,26,27,30]]],[[4,[29,25,36,23]]],[[32,[32,33,34,35]]],[[18,[18,28,31]]],[[25,[39,38,37,40]]],[[3,[41,49,50,42]]],[[16,[45,44,43,46]]],[[21,[21,20,19]]],[[13,[47,48]]]]]",38.811146157307,0,15,2.866666666667,39.982138909465,1,13,3.230769230769,,(not found),"ATS(nimp=50,seg=4,div=3,t=7200s,selected=best_after_ats,timeout=False,attempt=1/3,seed=95813997) | parallel_runs=3,chosen_attempt=1,best_multi_from_attempt=",43.811146157307,8.974166463315,0,45.366754294081,9.972321210695,0
20,test_data/data_demand_random_50_batch_all1_equal_cluster/C201_1.5.dat,4,90,5,746.311288741493,"[[[[0,[5,3]],[5,[]],[3,[]],[10,[10,15,9,14]],[15,[]],[9,[]],[14,[]],[16,[16,12,11,19]],[12,[]],[11,[]],[19,[]],[20,[20,22,31,28]],[22,[]],[37,[37,38,39]],[38,[]],[39,[]],[48,[48,47,46,13]],[47,[]],[46,[]],[31,[]],[28,[]],[13,[]],[43,[43,44,45]],[44,[]],[45,[]]],[[0,[6,7,1,2]],[8,[8,4]],[4,[]],[6,[]],[7,[]],[1,[]],[2,[]],[30,[30,29,27,26]],[29,[]],[27,[]],[26,[]],[25,[25,24,23,21]],[41,[41,40,42,36]],[40,[]],[24,[]],[23,[]],[42,[]],[36,[]],[49,[49,50,35,18]],[50,[]],[21,[]],[18,[]],[35,[]],[34,[34,33,32,17]],[33,[]],[32,[]],[17,[]]]],[[[8,[8,4]]],[[10,[10,15,9,14]]],[[16,[16,12,11,19]]],[[20,[20,22,31,28]]],[[30,[30,29,27,26]]],[[25,[25,24,23,21]]],[[41,[41,40,42,36]]],[[37,[37,38,39]]],[[48,[48,47,46,13]]],[[49,[49,50,35,18]]],[[34,[34,33,32,17]]],[[43,[43,44,45]]]]]",746.311288741493,"[[[[0,[5]],[5,[]],[3,[3]],[10,[10,15,9,14]],[15,[]],[9,[]],[14,[]],[16,[16,12,11,19]],[12,[]],[11,[]],[19,[]],[20,[20,22,31,28]],[22,[]],[37,[37,38,39]],[38,[]],[39,[]],[48,[48,47,46,13]],[47,[]],[46,[]],[31,[]],[28,[]],[13,[]],[43,[43,44,45]],[44,[]],[45,[]]],[[0,[6,7,1,2]],[8,[8,4]],[4,[]],[6,[]],[7,[]],[1,[]],[2,[]],[30,[30,29,27,26]],[29,[]],[27,[]],[26,[]],[25,[25,24,23,21]],[41,[41,40,42,36]],[40,[]],[24,[]],[23,[]],[42,[]],[36,[]],[49,[49,50,35,18]],[50,[]],[21,[]],[18,[]],[35,[]],[34,[34,33,32,17]],[33,[]],[32,[]],[17,[]]]],[[[3,[3]],[8,[8,4]]],[[10,[10,15,9,14]]],[[16,[16,12,11,19]]],[[20,[20,22,31,28]]],[[30,[30,29,27,26]]],[[25,[25,24,23,21]]],[[41,[41,40,42,36]]],[[37,[37,38,39]]],[[48,[48,47,46,13]]],[[49,[49,50,35,18]]],[[34,[34,33,32,17]]],[[43,[43,44,45]]]]]",57.06388514175,0,12,3.666666666667,61.809688687268,2,12,3.666666666667,,,"ATS(nimp=50,seg=4,div=3,t=7200s,selected=best_on_timeout,timeout=True,attempt=1/3,seed=1236804717) | parallel_runs=3,chosen_attempt=1,best_multi_from_attempt=",62.06388514175,16.143756186838,0,67.643022020601,13.123219588718,0
21,test_data/data_demand_random_50_batch_all1_equal_cluster/C201_1.5.dat,4,120,5,746.311288741493,"[[[[0,[5,3]],[5,[]],[3,[]],[10,[10,15,9,14]],[15,[]],[9,[]],[14,[]],[16,[16,12,11,19]],[12,[]],[11,[]],[19,[]],[20,[20,22,31,28]],[22,[]],[37,[37,38,39]],[38,[]],[39,[]],[48,[48,47,46,13]],[47,[]],[46,[]],[31,[]],[28,[]],[13,[]],[43,[43,44,45]],[44,[]],[45,[]]],[[0,[6,7,1,2]],[8,[8,4]],[4,[]],[6,[]],[7,[]],[1,[]],[2,[]],[30,[30,29,27,26]],[29,[]],[27,[]],[26,[]],[25,[25,24,23,21]],[41,[41,40,42,36]],[40,[]],[24,[]],[23,[]],[42,[]],[36,[]],[49,[49,50,35,18]],[50,[]],[21,[]],[18,[]],[35,[]],[34,[34,33,32,17]],[33,[]],[32,[]],[17,[]]]],[[[8,[8,4]]],[[10,[10,15,9,14]]],[[16,[16,12,11,19]]],[[20,[20,22,31,28]]],[[30,[30,29,27,26]]],[[25,[25,24,23,21]]],[[41,[41,40,42,36]]],[[37,[37,38,39]]],[[48,[48,47,46,13]]],[[49,[49,50,35,18]]],[[34,[34,33,32,17]]],[[43,[43,44,45]]]]]",746.311288741493,"[[[[0,[5]],[5,[]],[3,[3]],[10,[10,15,9,14]],[15,[]],[9,[]],[14,[]],[16,[16,12,11,19]],[12,[]],[11,[]],[19,[]],[20,[20,22,31,28]],[22,[]],[37,[37,38,39]],[38,[]],[39,[]],[48,[48,47,46,13]],[47,[]],[46,[]],[31,[]],[28,[]],[13,[]],[43,[43,44,45]],[44,[]],[45,[]]],[[0,[6,7,1,2]],[8,[8,4]],[4,[]],[6,[]],[7,[]],[1,[]],[2,[]],[30,[30,29,27,26]],[29,[]],[27,[]],[26,[]],[25,[25,24,23,21]],[41,[41,40,42,36]],[40,[]],[24,[]],[23,[]],[42,[]],[36,[]],[49,[49,50,35,18]],[50,[]],[21,[]],[18,[]],[35,[]],[34,[34,33,32,17]],[33,[]],[32,[]],[17,[]]]],[[[3,[3]],[8,[8,4]]],[[10,[10,15,9,14]]],[[16,[16,12,11,19]]],[[20,[20,22,31,28]]],[[30,[30,29,27,26]]],[[25,[25,24,23,21]]],[[41,[41,40,42,36]]],[[37,[37,38,39]]],[[48,[48,47,46,13]]],[[49,[49,50,35,18]]],[[34,[34,33,32,17]]],[[43,[43,44,45]]]]]",57.06388514175,0,12,3.666666666667,61.809688687268,2,12,3.666666666667,,,"A4L120<=A4L90 | ATS(nimp=50,seg=4,div=3,t=7200s,selected=best_on_timeout,timeout=True,attempt=1/3,seed=955009250) | parallel_runs=3,chosen_attempt=1,best_multi_from_attempt=",62.06388514175,16.143756186838,0,67.643022020601,13.123219588718,0
22,test_data/data_demand_random_50_batch_all1_equal_cluster/C201_1.5.dat,8,60,1,771.132745950422,"[[[[0,[8]],[12,[12]],[8,[24,23,22,9,15,16]],[24,[]],[23,[]],[22,[29,30,31,28,26,25]],[29,[]],[30,[]],[31,[]],[28,[]],[26,[]],[25,[]],[9,[]],[15,[]],[16,[43,44,45]],[43,[]],[44,[]],[45,[]]],[[0,[4,2,7,3,6,5,1]],[4,[]],[2,[]],[7,[]],[3,[]],[6,[]],[5,[]],[13,[13,11,14,10,19,20,17,18]],[11,[]],[14,[]],[10,[]],[1,[]],[19,[]],[20,[]],[17,[35,33,32,34,21,27]],[35,[]],[33,[]],[32,[]],[34,[36,42,41,40,37,38,39]],[18,[]],[21,[50,49,48,47,46]],[36,[]],[50,[]],[49,[]],[42,[]],[41,[]],[40,[]],[37,[]],[38,[]],[39,[]],[48,[]],[47,[]],[46,[]],[27,[]]]],[[[12,[12]]],[[8,[23,24,22,15,16,9]]],[[13,[13,11,14,19,20,17,18,10]]],[[22,[29,28,26,30,31,25]]],[[17,[35,33,32,34,21,27]]],[[34,[36,42,41,40,37,38,39]]],[[16,[44,45,43]]],[[21,[50,49,48,47,46]]]]]",771.132745950422,"[[[[0,[8]],[12,[12]],[8,[23,24,22,15,16,9]],[24,[]],[23,[]],[22,[29,28,26,30,31,25]],[29,[]],[30,[]],[31,[]],[28,[]],[26,[]],[25,[]],[9,[]],[15,[]],[16,[44,45,43]],[43,[]],[44,[]],[45,[]]],[[0,[4,2,7,3,6,5,1]],[4,[]],[2,[]],[7,[]],[3,[]],[6,[]],[5,[]],[13,[13,11,14,10]],[11,[]],[14,[]],[10,[]],[1,[]],[19,[19,20,17,18]],[20,[]],[17,[35,33,32,34,21,27]],[35,[]],[33,[]],[32,[]],[34,[36,42,41,40,37,38,39]],[18,[]],[21,[50,49,48,47,46]],[36,[]],[50,[]],[49,[]],[42,[]],[41,[]],[40,[]],[37,[]],[38,[]],[39,[]],[48,[]],[47,[]],[46,[]],[27,[]]]],[[[13,[13,11,14,10]],[12,[12]]],[[19,[19,20,17,18]]],[[8,[23,24,22,15,16,9]]],[[22,[29,28,26,30,31,25]]],[[17,[35,33,32,34,21,27]]],[[34,[36,42,41,40,37,38,39]]],[[16,[44,45,43]]],[[21,[50,49,48,47,46]]]]]",40.882028226295,0,8,5.25,45.746842080755,2,8,5.25,,(not found),"ATS(nimp=50,seg=4,div=3,t=7200s,selected=best_on_timeout,timeout=True,attempt=1/3,seed=44690092) | parallel_runs=3,chosen_attempt=1,best_multi_from_attempt=",45.882028226295,9.099331217514,0,51.996842080755,14.334879197388,0
23,test_data/data_demand_random_50_batch_all1_equal_cluster/C201_1.5.dat,8,90,1,741.311288741493,"[[[[0,[4]],[22,[22,23,19,17,18,20,21]],[23,[]],[19,[]],[17,[]],[32,[32,33,34,35,36]],[33,[]],[34,[]],[35,[]],[18,[42,41,24]],[20,[]],[21,[]],[36,[]],[50,[50,49,40,37,38,39]],[49,[]],[42,[]],[41,[]],[24,[]],[40,[]],[37,[]],[38,[]],[39,[]],[4,[]]],[[0,[7,3,1,8,6,5,2]],[7,[]],[3,[]],[1,[]],[8,[]],[6,[]],[5,[]],[2,[]],[12,[12]],[10,[10,11,16,13,9,15,14]],[11,[]],[16,[]],[13,[]],[9,[]],[29,[29,31,30,25,27,26,28]],[31,[]],[30,[]],[25,[]],[48,[48,47,46,43,44,45]],[47,[]],[46,[]],[27,[]],[26,[]],[28,[]],[15,[]],[14,[]],[43,[]],[44,[]],[45,[]]]],[[[12,[12]]],[[22,[22,17,18,19,20,21,23]]],[[10,[10,16,13,9,15,14,11]]],[[29,[29,31,30,25,27,26,28]]],[[32,[32,33,34,35,36]]],[[18,[42,41,24]]],[[50,[50,49,40,37,38,39]]],[[48,[48,47,46,43,44,45]]]]]",741.311288741493,"[[[[0,[]],[22,[22,17,18,19,20,21,23]],[23,[]],[19,[4]],[17,[]],[32,[32,33,34,35,36]],[33,[]],[34,[]],[35,[]],[18,[42,41,24]],[20,[]],[21,[]],[36,[]],[50,[50,49,40,37,38,39]],[49,[]],[42,[]],[41,[]],[24,[]],[40,[]],[37,[]],[38,[]],[39,[]],[4,[]]],[[0,[7,3,1,8,6,5,2]],[7,[]],[3,[]],[1,[]],[8,[]],[6,[]],[5,[]],[2,[]],[12,[12]],[10,[10,16,13,9,15,14,11]],[11,[]],[16,[]],[13,[]],[9,[]],[29,[29,31,30,25,27,26,28]],[31,[]],[30,[]],[25,[]],[48,[48,47,46,43,44,45]],[47,[]],[46,[]],[27,[]],[26,[]],[28,[]],[15,[]],[14,[]],[43,[]],[44,[]],[45,[]]]],[[[22,[22,17,18,19,20,21,23]],[12,[12]]],[[10,[10,16,13,9,15,14,11]],[19,[4]]],[[29,[29,31,30,25,27,26,28]]],[[32,[32,33,34,35,36]]],[[18,[42,41,24]]],[[50,[50,49,40,37,38,39]]],[[48,[48,47,46,43,44,45]]]]]",54.400649204031,0,8,5.25,65.534533192672,2,7,6,,(not found),"ATS(nimp=50,seg=4,div=3,t=7200s,selected=best_on_timeout,timeout=True,attempt=1/3,seed=3104870419) | parallel_runs=3,chosen_attempt=1,best_multi_from_attempt=",59.400649204031,22.208578256225,0,71.963104621244,19.185402894422,0
24,test_data/data_demand_random_50_batch_all1_equal_cluster/C201_1.5.dat,8,120,3,741.311288741493,"[[[[0,[4,6,5]],[16,[16,11,10,13,15,14]],[11,[]],[10,[]],[13,[]],[4,[]],[6,[]],[25,[25,26,27,29,28,31,30]],[26,[]],[27,[]],[29,[]],[5,[]],[28,[]],[31,[]],[30,[]],[38,[38,39]],[39,[]],[48,[48,47,46,43,44,45]],[47,[]],[46,[]],[15,[]],[14,[]],[43,[]],[44,[]],[45,[]]],[[0,[2,7,3,1,8]],[2,[]],[12,[12,9]],[9,[]],[19,[19,22,20,21,17,18,23,24]],[22,[]],[20,[]],[21,[]],[7,[]],[3,[]],[1,[]],[8,[]],[17,[]],[18,[]],[34,[34,32,33,35,36,42,41,40]],[32,[]],[33,[]],[35,[]],[23,[]],[50,[50,49,37]],[36,[]],[49,[]],[42,[]],[41,[]],[24,[]],[40,[]],[37,[]]]],[[[12,[12,9]]],[[16,[16,11,10,13,15,14]]],[[19,[19,22,20,21,17,18,23,24]]],[[25,[25,26,27,29,28,31,30]]],[[34,[34,32,33,35,36,42,41,40]]],[[38,[38,39]]],[[48,[48,47,46,43,44,45]]],[[50,[50,49,37]]]]]",741.311288741493,"[[[[0,[6,5]],[16,[16,11,10,13,15,14]],[11,[]],[10,[]],[13,[]],[4,[4]],[6,[]],[25,[25,26,27,29,28,31,30]],[26,[]],[27,[]],[29,[]],[5,[]],[28,[]],[31,[]],[30,[]],[38,[38,39]],[39,[]],[48,[48,47,46,43,44,45]],[47,[]],[46,[]],[15,[]],[14,[]],[43,[]],[44,[]],[45,[]]],[[0,[2,7,3,8]],[2,[]],[12,[12,9]],[9,[]],[19,[19,22,20,21,17,18,24]],[22,[]],[20,[]],[21,[]],[7,[]],[3,[]],[1,[1]],[8,[]],[17,[]],[18,[]],[34,[34,32,33,35,36,42,41,40]],[32,[]],[33,[]],[35,[]],[23,[23]],[50,[50,49,37]],[36,[]],[49,[]],[42,[]],[41,[]],[24,[]],[40,[]],[37,[]]]],[[[12,[12,9]],[16,[16,11,10,13,15,14]]],[[19,[19,22,20,21,17,18,24]],[4,[4]]],[[25,[25,26,27,29,28,31,30]],[1,[1]]],[[34,[34,32,33,35,36,42,41,40]]],[[38,[38,39]]],[[48,[48,47,46,43,44,45]],[23,[23]]],[[50,[50,49,37]]]]]",56.80115674436,0,8,5.25,64.647509723552,3,7,6.142857142857,,,"ATS(nimp=50,seg=4,div=3,t=7200s,selected=best_on_timeout,timeout=True,attempt=1/3,seed=422674417) | parallel_runs=3,chosen_attempt=1,best_multi_from_attempt=",61.80115674436,11.277317104455,0,71.790366866409,9.982472795846,0.15843305377
25,test_data/data_demand_random_50_batch_all1_equal_cluster/C201_1.dat,4,60,3,645.558144296406,"[[[[0,[4,3,6,5,7]],[4,[]],[3,[]],[6,[]],[7,[]],[14,[14,11,10,13]],[11,[]],[10,[27,26,28,29]],[25,[25,12,16,15]],[27,[]],[26,[]],[28,[]],[13,[]],[12,[]],[16,[47,46,45,31]],[47,[]],[46,[]],[45,[]],[15,[48,49,50,30]],[31,[]],[48,[]],[49,[]],[50,[]],[30,[]],[29,[]],[5,[]]],[[0,[8,1,2]],[1,[]],[2,[]],[9,[9]],[8,[]],[20,[20,22,17,18]],[22,[]],[17,[]],[18,[35,34,33,32]],[35,[]],[34,[41,40]],[33,[]],[32,[36,44,43,42]],[19,[19,21,23,24]],[21,[37,38,39]],[23,[]],[36,[]],[44,[]],[43,[]],[42,[]],[41,[]],[24,[]],[40,[]],[37,[]],[38,[]],[39,[]]]],[[[9,[9]]],[[14,[14,11,10,13]]],[[20,[20,22,17,18]]],[[10,[27,26,28,29]]],[[25,[25,12,16,15]]],[[18,[35,34,33,32]]],[[34,[41,40]]],[[32,[36,44,43,42]]],[[16,[47,46,45,31]]],[[19,[19,21,23,24]]],[[21,[37,38,39]]],[[15,[48,49,50,30]]]]]",645.558144296406,"[[[[0,[4,3,6,5]],[4,[]],[3,[]],[6,[]],[7,[7]],[14,[14,11,10,13]],[11,[]],[10,[27,26,28,29]],[25,[25,12,16,15]],[27,[]],[26,[]],[28,[]],[13,[]],[12,[]],[16,[47,46,45,31]],[47,[]],[46,[]],[45,[]],[15,[48,49,50,30]],[31,[]],[48,[]],[49,[]],[50,[]],[30,[]],[29,[]],[5,[]]],[[0,[1,2,8]],[1,[]],[2,[]],[9,[9]],[8,[]],[20,[20,22,17,18]],[22,[]],[17,[]],[18,[35,34,33,32]],[35,[]],[34,[41,40]],[33,[]],[32,[36,44,43,42]],[19,[19,21,23,24]],[21,[37,38,39]],[23,[]],[36,[]],[44,[]],[43,[]],[42,[]],[41,[]],[24,[]],[40,[]],[37,[]],[38,[]],[39,[]]]],[[[9,[9]],[7,[7]]],[[14,[14,11,10,13]]],[[20,[20,22,17,18]]],[[10,[27,26,28,29]]],[[25,[25,12,16,15]]],[[18,[35,34,33,32]]],[[34,[41,40]]],[[32,[36,44,43,42]]],[[16,[47,46,45,31]]],[[19,[19,21,23,24]]],[[21,[37,38,39]]],[[15,[48,49,50,30]]]]]",42.727437144031,0,12,3.5,44.225735616202,1,12,3.583333333333,,(not found),"ATS(nimp=50,seg=4,div=3,t=7200s,selected=best_after_ats,timeout=False,attempt=1/3,seed=595255976) | parallel_runs=3,chosen_attempt=1,best_multi_from_attempt=",47.727437144031,2.006880062422,0,49.642402282869,1.46788928839,0
26,test_data/data_demand_random_50_batch_all1_equal_cluster/C201_1.dat,4,90,2,595.582331207772,"[[[[0,[8,7,1,3,6,5]],[8,[]],[7,[]],[1,[]],[3,[]],[15,[15,22,23]],[25,[25,28,26,27]],[6,[]],[22,[]],[23,[36,24,30,29]],[36,[]],[44,[44,43,42,41]],[43,[]],[42,[]],[41,[]],[24,[]],[40,[40,37,38,39]],[37,[]],[38,[]],[39,[]],[30,[]],[50,[50,49,48,31]],[49,[]],[48,[]],[31,[]],[28,[]],[26,[]],[27,[]],[29,[]],[5,[]]],[[0,[2]],[4,[4,16,12,11]],[2,[]],[21,[21,20,19,18]],[20,[]],[19,[]],[17,[17,14,10,9]],[18,[]],[32,[32,33,34,35]],[33,[]],[34,[]],[35,[]],[47,[47,46,45,13]],[46,[]],[45,[]],[16,[]],[12,[]],[11,[]],[14,[]],[13,[]],[10,[]],[9,[]]]],[[[4,[4,16,12,11]]],[[15,[15,22,23]]],[[21,[21,20,19,18]]],[[17,[17,14,10,9]]],[[25,[25,28,26,27]]],[[32,[32,33,34,35]]],[[23,[36,30,24,29]]],[[44,[44,42,41,43]]],[[40,[40,37,38,39]]],[[47,[47,46,45,13]]],[[50,[50,49,48,31]]]]]",,,55.666578388116,0,11,3.909090909091,,,,,,,"ATS(nimp=50,seg=4,div=3,t=7200s,selected=best_on_timeout,timeout=True,attempt=1/3,seed=901647315) | parallel_runs=3,chosen_attempt=1,best_multi_from_attempt=",60.666578388116,6.472257105228,0,,,
27,test_data/data_demand_random_50_batch_all1_equal_cluster/C201_1.dat,4,120,3,591.475677599625,"[[[[0,[8,3]],[12,[12,11,10,13]],[11,[]],[10,[]],[13,[]],[9,[9,21,17]],[8,[]],[17,[24,23,30,31]],[21,[]],[24,[]],[23,[]],[36,[36,44,43,42]],[44,[]],[43,[]],[42,[]],[41,[41,40,37,38]],[40,[]],[37,[]],[38,[]],[39,[39,50,49,48]],[30,[]],[50,[]],[49,[]],[48,[]],[31,[28,26,27,29]],[28,[]],[26,[]],[27,[]],[29,[]],[3,[]]],[[0,[1,4,2]],[1,[7,5,6]],[4,[]],[2,[]],[7,[16,14,15]],[5,[]],[6,[]],[22,[22,19,20,18]],[19,[]],[20,[]],[18,[]],[35,[35,34,33,32]],[34,[]],[33,[]],[32,[]],[47,[47,46,45,25]],[46,[]],[45,[]],[16,[]],[14,[]],[15,[]],[25,[]]]],[[[12,[12,11,10,13]]],[[1,[7,5,6]]],[[7,[16,14,15]]],[[9,[9,21,17]]],[[22,[22,19,20,18]]],[[17,[24,23,30,31]]],[[35,[35,34,33,32]]],[[36,[36,44,43,42]]],[[41,[41,40,37,38]]],[[47,[47,46,45,25]]],[[39,[39,50,49,48]]],[[31,[28,26,27,29]]]]]",,,50.110575328904,0,12,3.75,,,,,,,"ATS(nimp=50,seg=4,div=3,t=7200s,selected=best_after_ats,timeout=False,attempt=1/3,seed=971060457) | parallel_runs=3,chosen_attempt=1,best_multi_from_attempt=",55.110575328904,3.517210570612,0,,,
28,test_data/data_demand_random_50_batch_all1_equal_cluster/C201_1.dat,8,60,3,608.298221281347,"[[[[0,[7,6]],[13,[13,16,11,10,9,12,15,14]],[16,[]],[11,[]],[10,[]],[9,[]],[12,[26,27,25,29,30,31,28]],[7,[]],[6,[]],[26,[]],[27,[]],[25,[50,49,48,45,46,47]],[29,[]],[30,[]],[50,[]],[49,[]],[48,[]],[31,[]],[28,[]],[15,[]],[14,[]],[45,[]],[46,[]],[47,[]]],[[0,[3,4,5,8,2,1]],[3,[]],[4,[]],[5,[]],[8,[]],[19,[19,20,21,22,17,18,23,24]],[20,[]],[21,[]],[22,[]],[17,[]],[18,[33,32,34,35,36]],[33,[]],[32,[44,43,42,41,40,37,38,39]],[34,[]],[35,[]],[23,[]],[36,[]],[44,[]],[43,[]],[42,[]],[41,[]],[40,[]],[24,[]],[37,[]],[38,[]],[39,[]],[2,[]],[1,[]]]],[[[13,[13,11,10,9,12,15,14,16]]],[[19,[19,20,21,23,22,17,18,24]]],[[12,[26,27,29,30,31,28,25]]],[[18,[33,32,34,35,36]]],[[32,[44,43,42,41,40,37,38,39]]],[[25,[50,49,48,45,46,47]]]]]",,,41.666199680999,0,6,7,,,,,,(not found),"ATS(nimp=50,seg=4,div=3,t=7200s,selected=best_on_timeout,timeout=True,attempt=1/3,seed=2822489064) | parallel_runs=3,chosen_attempt=1,best_multi_from_attempt=",46.666199680999,9.151786371846,0,,,
29,test_data/data_demand_random_50_batch_all1_equal_cluster/C201_1.dat,8,90,4,588.298221281347,"[[[[0,[]],[13,[13,11,12,14,15,9]],[11,[]],[12,[]],[14,[]],[15,[]],[25,[25,24,23,29,28,27,26]],[24,[]],[23,[]],[36,[36]],[44,[44,43,42,41,40,37,38]],[43,[]],[42,[]],[41,[]],[40,[]],[37,[]],[38,[]],[39,[39,30,50,49,48,31]],[30,[]],[29,[]],[50,[]],[49,[]],[48,[]],[31,[]],[28,[]],[27,[]],[26,[]],[9,[]]],[[0,[1,4,5,3,2,7,6]],[1,[]],[4,[]],[5,[]],[3,[]],[2,[]],[7,[]],[6,[]],[22,[22,20,21,19,17,18,16,10]],[20,[]],[21,[]],[19,[]],[8,[8,35,34,33,32]],[17,[]],[18,[]],[35,[]],[34,[]],[33,[]],[32,[]],[47,[47,46,45]],[46,[]],[45,[]],[16,[]],[10,[]]]],[[[13,[13,11,12,14,15,9]]],[[22,[22,20,21,19,17,18,10,16]]],[[25,[25,28,27,26,24,23,29]]],[[8,[35,34,33,32,8]]],[[36,[36]]],[[44,[44,43,42,41,40,37,38]]],[[39,[39,30,31,50,49,48]]],[[47,[47,46,45]]]]]",588.298221281347,"[[[[0,[]],[13,[13,11,12,14,15,9]],[11,[]],[12,[]],[14,[]],[15,[]],[25,[25,28,27,26,24,23,29]],[24,[]],[23,[]],[36,[36]],[44,[44,43,42,41,40,37,38]],[43,[]],[42,[]],[41,[]],[40,[]],[37,[]],[38,[]],[39,[39,30,31,50,49,48]],[30,[]],[29,[]],[50,[]],[49,[]],[48,[]],[31,[]],[28,[]],[27,[]],[26,[]],[9,[]]],[[0,[1,4,5,3,2,7]],[1,[]],[4,[]],[5,[]],[3,[]],[2,[]],[7,[]],[6,[6]],[22,[22,20,21,19,17,18,10,16]],[20,[]],[21,[]],[19,[]],[8,[35,34,33,32,8]],[17,[]],[18,[]],[35,[]],[34,[]],[33,[]],[32,[]],[47,[47,46,45]],[46,[]],[45,[]],[16,[]],[10,[]]]],[[[13,[13,11,12,14,15,9]],[6,[6]]],[[22,[22,20,21,19,17,18,10,16]]],[[25,[25,28,27,26,24,23,29]]],[[8,[35,34,33,32,8]]],[[36,[36]]],[[44,[44,43,42,41,40,37,38]]],[[39,[39,30,31,50,49,48]]],[[47,[47,46,45]]]]]",55.975296631716,0,8,5.375,59.670298553397,1,8,5.5,,,"ATS(nimp=50,seg=4,div=3,t=7200s,selected=best_on_timeout,timeout=True,attempt=1/3,seed=3304073952) | parallel_runs=3,chosen_attempt=1,best_multi_from_attempt=",60.975296631716,5.62001563388,0,65.295298553397,4.810913475705,0.512395983076
30,test_data/data_demand_random_50_batch_all1_equal_cluster/C201_1.dat,8,120,4,589.536282640956,"[[[[0,[5,6,4,3,2,7,8]],[5,[]],[6,[]],[4,[]],[3,[]],[2,[]],[7,[]],[20,[20,19,21,18,17,23,24,22]],[19,[]],[21,[]],[18,[]],[17,[]],[32,[32,33,34,35,44,36,43,42]],[33,[]],[34,[]],[35,[]],[23,[]],[44,[]],[36,[]],[43,[]],[42,[]],[41,[41,40,37]],[40,[]],[24,[]],[37,[]],[22,[]],[8,[]]],[[0,[1]],[1,[]],[9,[9,12,16,11,10,14,15,13]],[12,[]],[16,[]],[11,[]],[10,[]],[14,[]],[15,[]],[25,[25,28,31,30,29,27,26]],[28,[]],[31,[]],[30,[]],[29,[]],[38,[38,39]],[39,[]],[50,[50,49,48,45,46,47]],[49,[]],[48,[]],[27,[]],[26,[]],[13,[]],[45,[]],[46,[]],[47,[]]]],[[[9,[9,12,16,11,10,14,15,13]]],[[20,[20,19,21,18,17,23,24,22]]],[[25,[25,28,31,30,29,27,26]]],[[32,[32,33,34,35,43,44,36,42]]],[[38,[38,39]]],[[50,[50,49,48,45,46,47]]],[[41,[41,40,37]]]]]",589.536282640956,"[[[[0,[5,6,4,3,2,7]],[5,[]],[6,[]],[4,[]],[3,[]],[2,[]],[7,[]],[20,[20,19,21,18,17,24,22]],[19,[]],[21,[]],[18,[]],[17,[8]],[32,[32,33,34,35,43,44,36,42]],[33,[]],[34,[]],[35,[]],[23,[23]],[44,[]],[36,[]],[43,[]],[42,[]],[41,[41,40,37]],[40,[]],[24,[]],[37,[]],[22,[]],[8,[]]],[[0,[1]],[1,[]],[9,[9,12,16,11,10,14,15,13]],[12,[]],[16,[]],[11,[]],[10,[]],[14,[]],[15,[]],[25,[25,28,31,30,29,27,26]],[28,[]],[31,[]],[30,[]],[29,[]],[38,[38,39]],[39,[]],[50,[50,49,48,45,46,47]],[49,[]],[48,[]],[27,[]],[26,[]],[13,[]],[45,[]],[46,[]],[47,[]]]],[[[9,[9,12,16,11,10,14,15,13]]],[[20,[20,19,21,18,17,24,22]]],[[25,[25,28,31,30,29,27,26]],[17,[8]]],[[32,[32,33,34,35,43,44,36,42]]],[[38,[38,39]]],[[50,[50,49,48,45,46,47]],[23,[23]]],[[41,[41,40,37]]]]]",55.676137900581,0,7,6,63.139615032006,2,7,6,,,"ATS(nimp=50,seg=4,div=3,t=7200s,selected=best_after_ats,timeout=False,attempt=1/3,seed=4060427452) | parallel_runs=3,chosen_attempt=1,best_multi_from_attempt=",60.676137900581,7.449825655812,0,69.568186460577,5.919412861932,0
31,test_data/data_demand_random_50_batch_all1_equal_cluster/C201_2.5.dat,4,60,3,962.298221281347,"[[[[0,[6,1]],[1,[]],[16,[16,15]],[15,[]],[13,[13,18,19,20]],[18,[]],[19,[]],[20,[21,22,17]],[21,[]],[22,[]],[17,[33,34,31,32]],[33,[]],[34,[]],[31,[]],[32,[]],[28,[28,41,38,37]],[6,[44,36,39,46]],[44,[]],[41,[]],[38,[]],[37,[]],[36,[50,49,45,40]],[39,[]],[50,[]],[49,[]],[46,[]],[45,[]],[40,[]]],[[0,[11,2,4,3,5]],[11,[]],[9,[9,14]],[14,[]],[7,[7,8,12,10]],[2,[]],[8,[]],[12,[27,24,26,25]],[27,[]],[24,[]],[26,[]],[25,[]],[23,[23,29,30,35]],[10,[]],[4,[43,42]],[5,[]],[43,[]],[42,[]],[29,[48,47]],[30,[]],[48,[]],[35,[]],[47,[]],[3,[]]]],[[[9,[9,14]]],[[7,[7,8,12,10]]],[[16,[16,15]]],[[13,[13,18,19,20]]],[[20,[21,22,17]]],[[12,[27,24,26,25]]],[[23,[23,29,30,35]]],[[17,[33,34,31,32]]],[[4,[43,42]]],[[28,[28,41,38,37]]],[[6,[44,36,39,46]]],[[29,[48,47]]],[[36,[50,49,45,40]]]]]",962.298221281347,"[[[[0,[6]],[1,[1]],[16,[16,15]],[15,[]],[13,[13,18,19,20]],[18,[]],[19,[]],[20,[21,22,17]],[21,[]],[22,[]],[17,[33,34,31,32]],[33,[]],[34,[]],[31,[]],[32,[]],[28,[28,41,38,37]],[6,[44,36,39,46]],[44,[]],[41,[]],[38,[]],[37,[]],[36,[50,49,45,40]],[39,[]],[50,[]],[49,[]],[46,[]],[45,[]],[40,[]]],[[0,[11,9,2,8,12,10,4,5,3]],[11,[]],[9,[14]],[14,[7]],[7,[]],[2,[]],[8,[]],[12,[27,24,26,25]],[27,[]],[24,[]],[26,[]],[25,[]],[23,[23,29,30,35]],[10,[]],[4,[43,42]],[5,[]],[43,[]],[42,[]],[29,[48,47]],[30,[]],[48,[]],[35,[]],[47,[]],[3,[]]]],[[[1,[1]],[9,[14]]],[[14,[7]],[16,[16,15]]],[[13,[13,18,19,20]]],[[20,[21,22,17]]],[[12,[27,24,26,25]]],[[23,[23,29,30,35]]],[[17,[33,34,31,32]]],[[4,[43,42]]],[[28,[28,41,38,37]]],[[6,[44,36,39,46]]],[[29,[48,47]]],[[36,[50,49,45,40]]]]]",39.851460809346,0,13,3.307692307692,42.121950914002,1,12,3.25,,(not found),"ATS(nimp=50,seg=4,div=3,t=7200s,selected=best_on_timeout,timeout=True,attempt=1/3,seed=4212706612) | parallel_runs=3,chosen_attempt=1,best_multi_from_attempt=",44.851460809346,25.644723879918,0,47.538617580669,25.644723879918,0
32,test_data/data_demand_random_50_batch_all1_equal_cluster/C201_2.5.dat,4,90,4,931.07886552932,"[[[[0,[5]],[9,[9]],[11,[11,13,15]],[5,[]],[13,[]],[15,[]],[16,[16]],[27,[27,25,24,26]],[25,[]],[24,[]],[26,[]],[23,[23,33,35]],[38,[38]],[44,[44,43,42]],[43,[]],[42,[]],[33,[]],[35,[]],[48,[48,47]],[47,[]]],[[0,[1,6,3,4,2]],[6,[]],[3,[]],[4,[]],[2,[]],[1,[]],[7,[7,8,10]],[8,[]],[10,[]],[12,[12,14,17]],[14,[]],[17,[]],[20,[20,19,22,21]],[19,[]],[22,[]],[21,[]],[18,[18]],[29,[29,28,34,30]],[28,[]],[34,[]],[30,[]],[31,[31,32,41,40]],[32,[]],[46,[46,45,37,39]],[45,[]],[41,[]],[40,[]],[37,[]],[39,[]],[50,[50,49,36]],[49,[]],[36,[]]]],[[[7,[7,8,10]]],[[9,[9]]],[[11,[11,13,15]]],[[12,[12,14,17]]],[[16,[16]]],[[20,[20,19,22,21]]],[[18,[18]]],[[27,[27,25,24,26]]],[[23,[23,33,35]]],[[29,[29,28,34,30]]],[[31,[31,32,41,40]]],[[38,[38]]],[[44,[44,43,42]]],[[46,[46,45,37,39]]],[[50,[50,49,36]]],[[48,[48,47]]]]]",931.07886552932,"[[[[0,[]],[9,[9]],[11,[11,13,15]],[5,[5]],[13,[]],[15,[]],[16,[16]],[27,[27,25,24,26]],[25,[]],[24,[]],[26,[]],[23,[23,33,35,38]],[38,[]],[44,[44,43,42]],[43,[]],[42,[]],[33,[]],[35,[]],[48,[48,47]],[47,[]]],[[0,[6,3,4,2,1]],[6,[]],[3,[]],[4,[]],[2,[]],[1,[]],[7,[7,8,10]],[8,[]],[10,[]],[12,[12,14,17]],[14,[]],[17,[]],[20,[20,19,22,21]],[19,[]],[22,[]],[21,[]],[18,[18]],[29,[29,28,34,30]],[28,[]],[34,[]],[30,[]],[31,[31,32,41,40]],[32,[]],[46,[46,45,37,39]],[45,[]],[41,[]],[40,[]],[37,[]],[39,[]],[50,[50,49,36]],[49,[]],[36,[]]]],[[[7,[7,8,10]],[9,[9]]],[[11,[11,13,15]]],[[12,[12,14,17]],[5,[5]]],[[16,[16]]],[[20,[20,19,22,21]]],[[18,[18]]],[[27,[27,25,24,26]]],[[23,[23,33,35,38]]],[[29,[29,28,34,30]]],[[31,[31,32,41,40]]],[[44,[44,43,42]]],[[46,[46,45,37,39]]],[[50,[50,49,36]]],[[48,[48,47]]]]]",54.67715791061,0,16,2.75,59.764693433476,2,13,3.384615384615,,(not found),"ATS(nimp=50,seg=4,div=3,t=7200s,selected=best_after_ats,timeout=False,attempt=1/3,seed=940705664) | parallel_runs=3,chosen_attempt=1,best_multi_from_attempt=",59.67715791061,15.901526826256,0,65.533924202707,17.294961948006,0
33,test_data/data_demand_random_50_batch_all1_equal_cluster/C201_2.5.dat,4,120,1,931.07886552932,"[[[[0,[1,5,2]],[1,[]],[5,[]],[12,[12]],[7,[7,8,10]],[8,[]],[10,[]],[2,[]],[13,[13,15]],[15,[]],[21,[21,19,17]],[19,[]],[17,[]],[23,[23,24,32,31]],[24,[]],[37,[37,39,38,40]],[39,[]],[38,[]],[40,[]],[42,[42,33,34,35]],[32,[]],[31,[]],[33,[]],[34,[]],[35,[]],[48,[48,47]],[47,[]]],[[0,[3,4,6]],[3,[]],[4,[]],[6,[]],[9,[9,11,14,16]],[11,[]],[14,[]],[16,[]],[18,[18,20,22]],[20,[]],[22,[]],[27,[27,26,25]],[26,[]],[25,[]],[28,[28,30,29,41]],[30,[]],[29,[]],[43,[43,44,45,46]],[44,[]],[41,[]],[45,[]],[46,[]],[50,[50,49,36]],[49,[]],[36,[]]]],[[[9,[9,11,14,16]]],[[12,[12]]],[[7,[7,8,10]]],[[13,[13,15]]],[[18,[18,20,22]]],[[21,[21,19,17]]],[[27,[27,26,25]]],[[23,[23,24,32,31]]],[[28,[28,30,29,41]]],[[37,[37,39,38,40]]],[[42,[42,33,34,35]]],[[43,[43,44,45,46]]],[[50,[50,49,36]]],[[48,[48,47]]]]]",931.07886552932,"[[[[0,[1,5,2]],[1,[]],[5,[]],[12,[12]],[7,[7,8,10]],[8,[]],[10,[]],[2,[]],[13,[13,15]],[15,[]],[21,[21,19]],[19,[]],[17,[17]],[23,[23,24,32,31]],[24,[]],[37,[37,39,38,40]],[39,[]],[38,[]],[40,[]],[42,[42,33,34,35]],[32,[]],[31,[]],[33,[]],[34,[]],[35,[]],[48,[48,47]],[47,[]]],[[0,[3,4,6]],[3,[]],[4,[]],[6,[]],[9,[9,11,14,16]],[11,[]],[14,[]],[16,[]],[18,[18,20,22]],[20,[]],[22,[]],[27,[27,26,25]],[26,[]],[25,[]],[28,[28,30,29,41]],[30,[]],[29,[]],[43,[43,44,45,46]],[44,[]],[41,[]],[45,[]],[46,[]],[50,[50,49,36]],[49,[]],[36,[]]]],[[[9,[9,11,14,16]]],[[12,[12]]],[[7,[7,8,10]]],[[13,[13,15]]],[[18,[18,20,22]]],[[21,[21,19]]],[[17,[17]],[27,[27,26,25]]],[[23,[23,24,32,31]]],[[28,[28,30,29,41]]],[[37,[37,39,38,40]]],[[42,[42,33,34,35]]],[[43,[43,44,45,46]]],[[50,[50,49,36]]],[[48,[48,47]]]]]",52.104266838541,0,14,3.142857142857,55.097546503502,1,14,3.142857142857,,,"ATS(nimp=50,seg=4,div=3,t=7200s,selected=best_on_timeout,timeout=True,attempt=1/3,seed=1033612691) | parallel_runs=3,chosen_attempt=1,best_multi_from_attempt=",57.104266838541,9.102585916973,0,60.454689360645,8.162413522509,0.828218726687
34,test_data/data_demand_random_50_batch_all1_equal_cluster/C201_2.5.dat,8,60,5,962.298221281347,"[[[[0,[19,3]],[18,[18,22,20,21,17,15]],[22,[]],[20,[]],[21,[]],[19,[]],[17,[]],[28,[28,33,31,32,34,35,30,29]],[33,[]],[31,[]],[32,[]],[34,[]],[35,[]],[30,[]],[15,[43,42]],[43,[]],[42,[]],[29,[48,47]],[48,[]],[47,[]],[3,[]]],[[0,[4,5,2,6,1]],[4,[]],[5,[]],[9,[9,7,13,16,10,12,11,8]],[7,[]],[13,[]],[2,[]],[16,[]],[10,[]],[23,[23,24,25,26,27,14]],[24,[]],[25,[]],[26,[]],[27,[]],[12,[]],[11,[]],[8,[]],[14,[]],[6,[44,41,38,37,36,39,46,45]],[44,[]],[41,[]],[38,[]],[37,[]],[36,[50,49,40]],[39,[]],[50,[]],[49,[]],[46,[]],[45,[]],[40,[]],[1,[]]]],[[[9,[9,7,16,10,12,11,8,13]]],[[18,[18,20,21,22,17,15]]],[[23,[23,24,25,26,27,14]]],[[28,[28,33,31,32,34,35,29,30]]],[[15,[43,42]]],[[6,[44,41,36,39,46,38,37,45]]],[[29,[48,47]]],[[36,[50,49,40]]]]]",962.298221281347,"[[[[0,[19,3]],[18,[18,20,21,22,17,15]],[22,[]],[20,[]],[21,[]],[19,[]],[17,[]],[28,[28,33,31,32,34,35,29,30]],[33,[]],[31,[]],[32,[]],[34,[]],[35,[]],[30,[]],[15,[43,42]],[43,[]],[42,[]],[29,[48,47]],[48,[]],[47,[]],[3,[]]],[[0,[4,5,2,1]],[4,[]],[5,[]],[9,[9,7,16,10,12,11,8,13]],[7,[]],[13,[]],[2,[]],[16,[6]],[10,[]],[23,[23,24,25,26,27,14]],[24,[]],[25,[]],[26,[]],[27,[]],[12,[]],[11,[]],[8,[]],[14,[]],[6,[44,41,36,39,46,38,37,45]],[44,[]],[41,[]],[38,[]],[37,[]],[36,[50,49,40]],[39,[]],[50,[]],[49,[]],[46,[]],[45,[]],[40,[]],[1,[]]]],[[[9,[9,7,16,10,12,11,8,13]]],[[18,[18,20,21,22,17,15]],[16,[6]]],[[23,[23,24,25,26,27,14]]],[[28,[28,33,31,32,34,35,29,30]]],[[15,[43,42]]],[[6,[44,41,36,39,46,38,37,45]]],[[29,[48,47]]],[[36,[50,49,40]]]]]",43.204011326635,0,8,5.375,44.872081638151,1,8,5.375,,(not found),"ATS(nimp=50,seg=4,div=3,t=7200s,selected=best_on_timeout,timeout=True,attempt=1/3,seed=2442304764) | parallel_runs=3,chosen_attempt=1,best_multi_from_attempt=",48.204011326635,17.047676304866,0,50.497081638151,14.597934493215,0.473703588301
35,test_data/data_demand_random_50_batch_all1_equal_cluster/C201_2.5.dat,8,90,3,931.07886552932,"[[[[0,[4,6,5]],[12,[12,10,1]],[10,[]],[9,[9]],[7,[7]],[11,[11]],[1,[]],[8,[8,14,16]],[14,[]],[16,[]],[27,[27,26,25]],[26,[]],[25,[]],[24,[24,23,29]],[23,[]],[4,[]],[6,[]],[29,[]],[36,[36,40,45,46,38,37,39]],[40,[]],[45,[]],[46,[]],[38,[]],[37,[]],[39,[]],[50,[50,49,41]],[49,[]],[41,[]],[5,[]]],[[0,[3]],[2,[2]],[13,[13,15,17,22,21,20,19,18]],[15,[]],[17,[]],[22,[]],[21,[]],[20,[]],[19,[]],[18,[]],[3,[]],[30,[30,31,28,32,33,34,35]],[31,[]],[28,[]],[44,[44,43,42]],[43,[]],[42,[]],[32,[]],[33,[]],[34,[]],[35,[]],[48,[48,47]],[47,[]]]],[[[2,[2]]],[[12,[12,1,10]]],[[9,[9]]],[[7,[7]]],[[11,[11]]],[[13,[13,15,17,22,21,20,19,18]]],[[8,[8,14,16]]],[[27,[27,26,25]]],[[24,[24,23,29]]],[[30,[30,31,34,32,33,35,28]]],[[36,[36,40,45,46,38,37,39]]],[[44,[44,43,42]]],[[50,[50,49,41]]],[[48,[48,47]]]]]",931.07886552932,"[[[[0,[4,6,5]],[12,[12,1,10]],[10,[]],[9,[9,11]],[7,[7]],[11,[]],[1,[]],[8,[8,14,16]],[14,[]],[16,[]],[27,[27,26,25]],[26,[]],[25,[]],[24,[24,23,29]],[23,[]],[4,[]],[6,[]],[29,[]],[36,[36,40,45,46,38,37,39]],[40,[]],[45,[]],[46,[]],[38,[]],[37,[]],[39,[]],[50,[50,49,41]],[49,[]],[41,[]],[5,[]]],[[0,[]],[2,[2]],[13,[13,17,22,21,20,19,18]],[15,[15]],[17,[]],[22,[]],[21,[]],[20,[]],[19,[]],[18,[]],[3,[3]],[30,[30,31,34,32,33,35,28]],[31,[]],[28,[]],[44,[44,43,42]],[43,[]],[42,[]],[32,[]],[33,[]],[34,[]],[35,[]],[48,[48,47]],[47,[]]]],[[[12,[12,1,10]],[2,[2]]],[[9,[9,11]]],[[7,[7]]],[[13,[13,17,22,21,20,19,18]]],[[8,[8,14,16]],[15,[15]]],[[27,[27,26,25]],[3,[3]]],[[24,[24,23,29]]],[[30,[30,31,34,32,33,35,28]]],[[36,[36,40,45,46,38,37,39]]],[[44,[44,43,42]]],[[50,[50,49,41]]],[[48,[48,47]]]]]",48.213778422583,0,14,3.285714285714,58.245437001052,3,12,3.916666666667,,,"ATS(nimp=50,seg=4,div=3,t=7200s,selected=best_on_timeout,timeout=True,attempt=1/3,seed=329830512) | parallel_runs=3,chosen_attempt=1,best_multi_from_attempt=3",53.213778422583,22.887459230007,0,64.495437001052,21.028295281339,1.860921466636
36,test_data/data_demand_random_50_batch_all1_equal_cluster/C201_2.5.dat,8,120,3,931.07886552932,"[[[[0,[4,6,2,3]],[2,[]],[3,[]],[9,[9]],[8,[8,12,7]],[4,[16,15,14,13]],[12,[]],[7,[]],[16,[]],[15,[]],[6,[]],[14,[]],[13,[]],[32,[32,31,30,29]],[31,[]],[30,[]],[29,[]],[40,[40,41,33,34]],[41,[]],[44,[44,43,42,35,28]],[43,[]],[42,[]],[33,[]],[34,[]],[35,[]],[48,[48,47]],[47,[]],[28,[]]],[[0,[1,5]],[10,[10,17,11]],[17,[]],[18,[18,20,22,21,19]],[20,[]],[22,[]],[21,[27,26,24,25,23]],[19,[]],[27,[]],[26,[]],[24,[]],[25,[]],[11,[]],[23,[]],[38,[38,45,46,37,39,36]],[45,[]],[46,[]],[37,[]],[39,[]],[50,[50,49]],[49,[]],[36,[]],[5,[]],[1,[]]]],[[[9,[9]]],[[8,[8,12,7]]],[[4,[16,15,14,13]]],[[10,[10,17,11]]],[[18,[18,20,22,21,19]]],[[21,[27,26,24,25,23]]],[[32,[32,31,30,29]]],[[40,[40,41,33,34]]],[[38,[38,45,46,37,39,36]]],[[44,[44,43,42,35,28]]],[[50,[50,49]]],[[48,[48,47]]]]]",,,56.066805644528,0,12,3.666666666667,68.739612312179,3,11,4.090909090909,,,"ATS(nimp=50,seg=4,div=3,t=7200s,selected=best_on_timeout,timeout=True,attempt=1/3,seed=2924970082) | parallel_runs=3,chosen_attempt=1,best_multi_from_attempt=",61.066805644528,26.202035768341,0,75.103248675816,21.744602087149,3.537245210457
37,test_data/data_demand_random_50_batch_all1_equal_cluster/C201_2.dat,4,60,5,869.323807579381,"[[[[0,[11,8,4,6]],[14,[14,16]],[16,[]],[15,[15,30,28]],[4,[27,26]],[6,[]],[30,[]],[28,[]],[27,[]],[26,[]],[11,[29,13]],[8,[38,41]],[38,[40,39,43,44]],[41,[]],[40,[]],[39,[]],[13,[42,49,48]],[29,[]],[42,[]],[43,[]],[44,[]],[49,[]],[48,[]]],[[0,[2,5,3,1]],[7,[7,9,12,10]],[9,[]],[12,[]],[2,[]],[10,[]],[5,[]],[21,[21,22,23,19]],[22,[]],[23,[]],[31,[31,32,33,34]],[32,[]],[33,[35,36,37,25]],[34,[]],[19,[]],[18,[18,24,17,20]],[17,[]],[20,[50,45,46,47]],[35,[]],[36,[]],[37,[]],[50,[]],[25,[]],[24,[]],[45,[]],[46,[]],[47,[]],[3,[]],[1,[]]]],[[[14,[14,16]]],[[7,[7,9,12,10]]],[[21,[21,22,23,19]]],[[15,[15,30,28]]],[[4,[27,26]]],[[31,[31,32,33,34]]],[[33,[35,36,37,25]]],[[11,[29,13]]],[[8,[38,41]]],[[38,[40,39,43,44]]],[[18,[18,24,17,20]]],[[13,[42,49,48]]],[[20,[50,45,46,47]]]]]",,,38.36384587607,0,13,3.230769230769,,,,,,(not found),"ATS(nimp=50,seg=4,div=3,t=7200s,selected=best_on_timeout,timeout=True,attempt=1/3,seed=3405886977) | parallel_runs=3,chosen_attempt=1,best_multi_from_attempt=",43.36384587607,24.221288687433,0,,,
38,test_data/data_demand_random_50_batch_all1_equal_cluster/C201_2.dat,4,90,1,830.04834939252,"[[[[0,[2,6]],[18,[18,19,14,16]],[19,[]],[14,[]],[16,[]],[15,[15,13,12,11]],[2,[]],[6,[]],[28,[28,26,27,29]],[26,[]],[27,[]],[13,[]],[12,[]],[41,[41,40,39,38]],[40,[]],[39,[]],[38,[]],[11,[]],[29,[]],[42,[42,43,49,44]],[43,[]],[44,[]],[49,[]],[48,[48,30]],[30,[]]],[[0,[3,4,5,1]],[3,[]],[4,[]],[5,[]],[8,[8,10,9,17]],[10,[]],[9,[]],[7,[7]],[17,[]],[20,[20,22,24,23]],[22,[]],[24,[]],[23,[]],[21,[21,25]],[32,[32,33,31,34]],[33,[]],[31,[]],[34,[]],[35,[35,36,37]],[36,[]],[37,[]],[50,[50,45,46,47]],[25,[]],[45,[]],[46,[]],[47,[]],[1,[]]]],[[[18,[18,19,14,16]]],[[8,[8,10,9,17]]],[[7,[7]]],[[15,[15,13,12,11]]],[[20,[20,22,24,23]]],[[21,[21,25]]],[[28,[28,26,27,29]]],[[32,[32,33,31,34]]],[[35,[35,36,37]]],[[41,[41,40,39,38]]],[[50,[50,45,46,47]]],[[42,[42,43,49,44]]],[[48,[48,30]]]]]",830.04834939252,"[[[[0,[6]],[18,[18,19,14,16]],[19,[]],[14,[2]],[16,[]],[15,[15,13,12,11]],[2,[]],[6,[]],[28,[28,26,27,29]],[26,[]],[27,[]],[13,[]],[12,[]],[41,[41,40,39,38]],[40,[]],[39,[]],[38,[]],[11,[]],[29,[]],[42,[42,43,49,44]],[43,[]],[44,[]],[49,[]],[48,[48,30]],[30,[]]],[[0,[3,4,5,1]],[3,[]],[4,[]],[5,[]],[8,[8,10,9,17]],[10,[]],[9,[]],[7,[7]],[17,[]],[20,[20,22,24,23]],[22,[]],[24,[]],[23,[]],[21,[21,25]],[32,[32,33,31,34]],[33,[]],[31,[]],[34,[]],[35,[35,36,37]],[36,[]],[37,[]],[50,[50,45,46,47]],[25,[]],[45,[]],[46,[]],[47,[]],[1,[]]]],[[[18,[18,19,14,16]]],[[8,[8,10,9,17]]],[[7,[7]],[14,[2]]],[[15,[15,13,12,11]]],[[20,[20,22,24,23]]],[[21,[21,25]]],[[28,[28,26,27,29]]],[[32,[32,33,31,34]]],[[35,[35,36,37]]],[[41,[41,40,39,38]]],[[50,[50,45,46,47]]],[[42,[42,43,49,44]]],[[48,[48,30]]]]]",52.728745638415,0,13,3.384615384615,65.197901585089,1,10,3.3,,,"ATS(nimp=50,seg=4,div=3,t=7200s,selected=best_on_timeout,timeout=True,attempt=1/3,seed=1883696444) | parallel_runs=3,chosen_attempt=1,best_multi_from_attempt=",57.728745638415,21.469527857474,0,70.697901585089,2.100351104287,3.483763558684
39,test_data/data_demand_random_50_batch_all1_equal_cluster/C201_2.dat,4,120,1,830.04834939252,"[[[[0,[2]],[2,[]],[19,[19,14,17,15]],[18,[18,22,25,20]],[14,[]],[17,[]],[15,[]],[20,[]],[31,[31,32,33,34]],[32,[]],[33,[]],[34,[]],[22,[]],[35,[35,36,37,24]],[36,[]],[37,[]],[50,[50,45,46,47]],[25,[]],[24,[]],[45,[]],[46,[]],[47,[]]],[[0,[3,6,4,1,5]],[3,[]],[5,[]],[6,[]],[4,[]],[13,[13,11,10,12]],[11,[]],[10,[]],[7,[7]],[8,[8,16,9]],[16,[]],[21,[21,23]],[23,[]],[26,[26,27]],[27,[]],[30,[30,28,29]],[28,[]],[12,[]],[41,[41,40,39,38]],[40,[]],[39,[]],[38,[]],[9,[]],[29,[]],[42,[42,43,44,49]],[43,[]],[44,[]],[49,[]],[48,[48]],[1,[]]]],[[[13,[13,11,10,12]]],[[7,[7]]],[[8,[8,16,9]]],[[19,[19,14,17,15]]],[[18,[18,22,25,20]]],[[21,[21,23]]],[[26,[26,27]]],[[30,[30,28,29]]],[[31,[31,32,33,34]]],[[35,[35,36,37,24]]],[[41,[41,40,39,38]]],[[50,[50,45,46,47]]],[[42,[42,43,44,49]]],[[48,[48]]]]]",830.04834939252,"[[[[0,[]],[2,[2]],[19,[19,14,17]],[18,[18,22,25,20]],[14,[]],[17,[]],[15,[15]],[20,[]],[31,[31,32,33,34]],[32,[]],[33,[]],[34,[]],[22,[]],[35,[35,36,37,24]],[36,[]],[37,[]],[50,[50,45,46,47]],[25,[]],[24,[]],[45,[]],[46,[]],[47,[]]],[[0,[3,5,6,4,1]],[3,[]],[5,[]],[6,[]],[4,[]],[13,[13,11,10,12]],[11,[]],[10,[]],[7,[7]],[8,[8,16,9]],[16,[]],[21,[21,23]],[23,[]],[26,[26,27]],[27,[]],[30,[30,28,29]],[28,[]],[12,[]],[41,[41,40,39,38]],[40,[]],[39,[]],[38,[]],[9,[]],[29,[]],[42,[42,43,44,49]],[43,[]],[44,[]],[49,[]],[48,[48]],[1,[]]]],[[[13,[13,11,10,12]]],[[2,[2]],[7,[7]]],[[8,[8,16,9]]],[[19,[19,14,17]]],[[18,[18,22,25,20]]],[[21,[21,23]]],[[15,[15]],[26,[26,27]]],[[30,[30,28,29]]],[[31,[31,32,33,34]]],[[35,[35,36,37,24]]],[[41,[41,40,39,38]]],[[50,[50,45,46,47]]],[[42,[42,43,44,49]]],[[48,[48]]]]]",53.124880955314,0,14,3.142857142857,57.853156045977,2,14,3.214285714286,,,"ATS(nimp=50,seg=4,div=3,t=7200s,selected=best_on_timeout,timeout=True,attempt=1/3,seed=2239241509) | parallel_runs=3,chosen_attempt=1,best_multi_from_attempt=",58.124880955314,14.435990153369,0,63.567441760263,12.006491384197,2.763486146221
40,test_data/data_demand_random_50_batch_all1_equal_cluster/C201_2.dat,8,60,5,869.323807579381,"[[[[0,[11,8,4,6]],[14,[14,16]],[16,[]],[15,[15,30,28]],[4,[27,26]],[6,[]],[30,[]],[28,[]],[27,[]],[26,[]],[11,[29,13]],[8,[38,41]],[38,[40,39,43,44]],[41,[]],[40,[]],[39,[]],[13,[42,49,48]],[29,[]],[42,[]],[43,[]],[44,[]],[49,[]],[48,[]]],[[0,[2,5,3,1]],[7,[7,9,12,10]],[9,[]],[12,[]],[2,[]],[10,[]],[5,[]],[21,[21,22,23,19]],[22,[]],[23,[]],[31,[31,32,33,34]],[32,[]],[33,[35,36,37,25]],[34,[]],[19,[]],[18,[18,24,17,20]],[17,[]],[20,[50,45,46,47]],[35,[]],[36,[]],[37,[]],[50,[]],[25,[]],[24,[]],[45,[]],[46,[]],[47,[]],[3,[]],[1,[]]]],[[[14,[14,16]]],[[7,[7,9,12,10]]],[[21,[21,22,23,19]]],[[15,[15,30,28]]],[[4,[27,26]]],[[31,[31,32,33,34]]],[[33,[35,36,37,25]]],[[11,[29,13]]],[[8,[38,41]]],[[38,[40,39,43,44]]],[[18,[18,24,17,20]]],[[13,[42,49,48]]],[[20,[50,45,46,47]]]]]",,,38.36384587607,0,13,3.230769230769,,,,,,(not found),"A8L60<=A4L60 | ATS(nimp=50,seg=4,div=3,t=7200s,selected=best_on_timeout,timeout=True,attempt=1/3,seed=1709112733) | parallel_runs=3,chosen_attempt=1,best_multi_from_attempt=",43.36384587607,24.221288687433,0,,,
41,test_data/data_demand_random_50_batch_all1_equal_cluster/C201_2.dat,8,90,3,826.05551275464,"[[[[0,[2,3,1,4,5]],[19,[19]],[14,[14,16,7,10,9,12]],[16,[]],[20,[20]],[2,[]],[3,[]],[4,[]],[26,[26,28,30,27,13]],[28,[]],[30,[]],[27,[]],[7,[]],[10,[]],[9,[]],[41,[41,40,39,38,29]],[40,[]],[39,[]],[38,[]],[12,[]],[13,[]],[29,[]],[42,[42,43,44,49,48]],[43,[]],[44,[]],[49,[]],[48,[]],[5,[]],[1,[]]],[[0,[6]],[11,[11,8,15,17,18]],[8,[]],[15,[]],[6,[]],[21,[21,22,24,25,23]],[17,[]],[18,[]],[31,[31,32,33,34,37,36,35]],[32,[]],[33,[]],[34,[]],[22,[]],[24,[]],[25,[]],[37,[]],[36,[]],[35,[]],[50,[50,45,46,47]],[23,[]],[45,[]],[46,[]],[47,[]]]],[[[19,[19]]],[[14,[14,16,7,10,9,12]]],[[11,[11,8,15,17,18]]],[[20,[20]]],[[21,[21,22,24,25,23]]],[[26,[26,28,30,27,13]]],[[31,[31,32,33,34,37,36,35]]],[[41,[41,40,39,38,29]]],[[50,[50,45,46,47]]],[[42,[42,43,44,49,48]]]]]",826.05551275464,"[[[[0,[2,3,4,5,1]],[19,[19]],[14,[14,16,7,10,9,12]],[16,[]],[20,[20]],[2,[]],[3,[]],[4,[]],[26,[26,28,30,27,13]],[28,[]],[30,[]],[27,[]],[7,[]],[10,[]],[9,[]],[41,[41,40,39,38,29]],[40,[]],[39,[]],[38,[]],[12,[]],[13,[]],[29,[]],[42,[42,43,44,49,48]],[43,[]],[44,[]],[49,[]],[48,[]],[5,[]],[1,[]]],[[0,[]],[11,[11,8,15,17,18]],[8,[6]],[15,[]],[6,[]],[21,[21,22,24,25,23]],[17,[]],[18,[]],[31,[31,32,33,34,37,36,35]],[32,[]],[33,[]],[34,[]],[22,[]],[24,[]],[25,[]],[37,[]],[36,[]],[35,[]],[50,[50,45,46,47]],[23,[]],[45,[]],[46,[]],[47,[]]]],[[[19,[19]],[11,[11,8,15,17,18]]],[[14,[14,16,7,10,9,12]],[8,[6]]],[[20,[20]]],[[21,[21,22,24,25,23]]],[[26,[26,28,30,27,13]]],[[31,[31,32,33,34,37,36,35]]],[[41,[41,40,39,38,29]]],[[50,[50,45,46,47]]],[[42,[42,43,44,49,48]]]]]",50.761126187925,0,10,4.4,59.661986275234,2,9,4.888888888889,,,"ATS(nimp=50,seg=4,div=3,t=7200s,selected=best_on_timeout,timeout=True,attempt=1/3,seed=3498182124) | parallel_runs=3,chosen_attempt=1,best_multi_from_attempt=",55.761126187925,37.710386214716,0,65.773097386345,33.82762383156,0
42,test_data/data_demand_random_50_batch_all1_equal_cluster/C201_2.dat,8,120,3,826.05551275464,"[[[[0,[]],[9,[9,8,11]],[8,[]],[16,[16,18,17]],[14,[14,19]],[18,[]],[19,[]],[17,[]],[30,[30,27,29]],[28,[28,26]],[26,[]],[27,[]],[11,[]],[41,[41,40,39,38]],[40,[]],[39,[]],[38,[]],[29,[]],[42,[42,43,44,49,48]],[43,[]],[44,[]],[49,[]],[48,[]]],[[0,[2,1,6,4,3,5]],[2,[]],[3,[]],[13,[13,7]],[7,[]],[10,[10,12]],[12,[]],[15,[15,21,22,23,24,20,25]],[1,[]],[6,[]],[4,[]],[21,[]],[22,[]],[23,[]],[24,[]],[20,[]],[33,[33,31,32,34,35,36,37]],[31,[]],[32,[]],[34,[]],[35,[]],[36,[]],[37,[]],[50,[50,45,46,47]],[25,[]],[45,[]],[46,[]],[47,[]],[5,[]]]],[[[9,[9,8,11]]],[[13,[13,7]]],[[10,[10,12]]],[[16,[16,18,17]]],[[14,[14,19]]],[[15,[15,21,22,23,24,20,25]]],[[30,[30,27,29]]],[[28,[28,26]]],[[33,[33,31,32,34,35,36,37]]],[[41,[41,40,39,38]]],[[50,[50,45,46,47]]],[[42,[42,43,44,49,48]]]]]",826.05551275464,"[[[[0,[]],[9,[9,8,11]],[8,[]],[16,[16,18,17]],[14,[14,19]],[18,[]],[19,[]],[17,[]],[30,[30,27,29]],[28,[28,26]],[26,[]],[27,[]],[11,[]],[41,[41,40,39,38]],[40,[]],[39,[]],[38,[]],[29,[]],[42,[42,43,44,49,48]],[43,[]],[44,[]],[49,[]],[48,[]]],[[0,[2,3,1,6,4]],[2,[]],[3,[]],[13,[13,7]],[7,[]],[10,[10,12]],[12,[]],[15,[15,21,22,23,24,20,25]],[1,[]],[6,[]],[4,[]],[21,[]],[22,[]],[23,[]],[24,[]],[20,[5]],[33,[33,31,32,34,35,36,37]],[31,[]],[32,[]],[34,[]],[35,[]],[36,[]],[37,[]],[50,[50,45,46,47]],[25,[]],[45,[]],[46,[]],[47,[]],[5,[]]]],[[[13,[13,7]],[9,[9,8,11]]],[[10,[10,12]]],[[16,[16,18,17]]],[[14,[14,19]]],[[15,[15,21,22,23,24,20,25]]],[[30,[30,27,29]],[20,[5]]],[[28,[28,26]]],[[33,[33,31,32,34,35,36,37]]],[[41,[41,40,39,38]]],[[50,[50,45,46,47]]],[[42,[42,43,44,49,48]]]]]",49.814912464035,0,12,3.666666666667,57.041451197413,3,11,4,,,"ATS(nimp=50,seg=4,div=3,t=7200s,selected=best_on_timeout,timeout=True,attempt=1/3,seed=3025373869) | parallel_runs=3,chosen_attempt=1,best_multi_from_attempt=",54.814912464035,12.925321845597,0,63.405087561049,10.36456158194,0.810224696465
43,test_data/data_demand_random_50_batch_all1_equal_cluster/C201_3.dat,4,60,3,1211.907248094147,"[[[[0,[7,4,21]],[13,[13,9]],[7,[]],[9,[16,17]],[4,[]],[21,[]],[22,[22,20,23,19]],[16,[]],[17,[]],[20,[26,10,11]],[26,[]],[23,[]],[36,[36,37,39,38]],[37,[]],[39,[]],[38,[40,44,41,42]],[19,[]],[40,[]],[44,[]],[41,[]],[42,[]],[10,[]],[11,[47,48,49]],[47,[]],[48,[]],[49,[]]],[[0,[18,15,6,12,8,2,5,3,1]],[18,[]],[15,[]],[6,[]],[12,[]],[8,[]],[14,[14,24,27,25]],[2,[33,29,30,32]],[24,[]],[27,[]],[25,[]],[33,[]],[29,[]],[30,[]],[32,[]],[5,[43,45,28,35]],[43,[]],[45,[]],[28,[31,34,46,50]],[31,[]],[34,[]],[46,[]],[50,[]],[35,[]],[3,[]],[1,[]]]],[[[14,[14,27,24,25]]],[[13,[13,9]]],[[9,[17,16]]],[[22,[22,19,20,23]]],[[20,[26,10,11]]],[[2,[29,30,32,33]]],[[36,[36,37,38,39]]],[[5,[43,45,28,35]]],[[38,[42,44,41,40]]],[[11,[47,48,49]]],[[28,[50,46,34,31]]]]]",,,42.243067748112,0,11,3.454545454545,,,,,,(not found),"ATS(nimp=50,seg=4,div=3,t=7200s,selected=best_on_timeout,timeout=True,attempt=1/3,seed=56307773) | parallel_runs=3,chosen_attempt=1,best_multi_from_attempt=",47.243067748112,5.264295281286,0,,,
44,test_data/data_demand_random_50_batch_all1_equal_cluster/C201_3.dat,4,90,1,1085.805843601499,"[[[[0,[3,2,5,4]],[5,[]],[10,[10,13,11,12]],[13,[]],[16,[16,18,9,17]],[18,[]],[20,[20]],[3,[]],[9,[]],[11,[]],[12,[]],[7,[7,6,15,19]],[6,[]],[15,[]],[4,[]],[2,[]],[17,[]],[19,[]],[36,[36,37,38,40]],[37,[]],[38,[]],[39,[39,26,25]],[40,[]],[41,[41,44,43,45]],[44,[]],[43,[]],[45,[]],[26,[]],[25,[]],[50,[50,46]],[46,[]]],[[0,[1]],[8,[8,21]],[14,[14]],[21,[]],[24,[24,23,27,22]],[23,[]],[27,[]],[22,[]],[30,[30,31,29,32]],[31,[]],[29,[]],[32,[]],[34,[34,33,35,28]],[33,[]],[35,[]],[28,[]],[42,[42]],[1,[]],[47,[47,48,49]],[48,[]],[49,[]]]],[[[8,[8,21]]],[[10,[10,13,11,12]]],[[16,[16,18,9,17]]],[[20,[20]]],[[7,[7,6,15,19]]],[[14,[14]]],[[24,[24,23,27,22]]],[[30,[30,31,29,32]]],[[34,[34,33,35,28]]],[[36,[36,37,38,40]]],[[39,[39,26,25]]],[[42,[42]]],[[41,[41,44,43,45]]],[[47,[47,48,49]]],[[50,[50,46]]]]]",1085.805843601499,"[[[[0,[5,3,4,2]],[5,[]],[10,[10,13,11,12]],[13,[]],[16,[16,18,9,17]],[18,[]],[20,[20]],[3,[]],[9,[]],[11,[]],[12,[]],[7,[7,6,15,19]],[6,[]],[15,[]],[4,[]],[2,[]],[17,[]],[19,[]],[36,[36,37,38,40]],[37,[]],[38,[]],[39,[39,26,25]],[40,[]],[41,[41,44,43,45]],[44,[]],[43,[]],[45,[]],[26,[]],[25,[]],[50,[50,46]],[46,[]]],[[0,[1]],[8,[8,21]],[14,[14]],[21,[]],[24,[24,23,27,22]],[23,[]],[27,[]],[22,[]],[30,[30,31,29,32]],[31,[]],[29,[]],[32,[]],[34,[34,33,35,28]],[33,[]],[35,[]],[28,[]],[42,[42]],[1,[]],[47,[47,48,49]],[48,[]],[49,[]]]],[[[8,[8,21]]],[[10,[10,13,11,12]]],[[16,[16,18,9,17]]],[[20,[20]],[14,[14]]],[[7,[7,6,15,19]]],[[24,[24,23,27,22]]],[[30,[30,31,29,32]]],[[34,[34,33,35,28]]],[[36,[36,37,38,40]]],[[39,[39,26,25]]],[[42,[42]]],[[41,[41,44,43,45]]],[[47,[47,48,49]]],[[50,[50,46]]]]]",54.294613083832,0,15,3,56.506813477007,1,14,3.214285714286,,,"ATS(nimp=50,seg=4,div=3,t=7200s,selected=best_after_ats,timeout=False,attempt=1/3,seed=4173288174) | parallel_runs=3,chosen_attempt=1,best_multi_from_attempt=",59.294613083832,23.544212060654,0,61.863956334149,23.544212060654,0
45,test_data/data_demand_random_50_batch_all1_equal_cluster/C201_3.dat,4,120,4,1085.805843601499,"[[[[0,[1]],[14,[14,16,23,26]],[16,[]],[23,[]],[26,[]],[20,[20,17,24,25]],[22,[22]],[17,[]],[36,[36,37,38,39]],[37,[]],[38,[]],[39,[]],[43,[43,44,45,46]],[44,[]],[45,[]],[24,[]],[25,[]],[46,[]],[50,[50,35,33]],[35,[]],[33,[]],[1,[]]],[[0,[3,4,2,5]],[7,[7]],[9,[9,8,12,13]],[8,[]],[12,[]],[13,[]],[6,[6]],[19,[19,18,21]],[18,[]],[3,[]],[4,[]],[2,[]],[11,[15,10,11]],[5,[]],[32,[32,31,34,29]],[31,[]],[30,[30,27]],[34,[]],[29,[]],[28,[28,41,40]],[27,[]],[41,[]],[40,[]],[42,[42]],[21,[]],[15,[]],[10,[]],[47,[47,48,49]],[48,[]],[49,[]]]],[[[7,[7]]],[[9,[9,8,12,13]]],[[6,[6]]],[[14,[14,16,23,26]]],[[19,[19,18,21]]],[[11,[15,10,11]]],[[20,[20,17,24,25]]],[[22,[22]]],[[32,[32,31,34,29]]],[[30,[30,27]]],[[28,[28,41,40]]],[[36,[36,37,38,39]]],[[42,[42]]],[[43,[43,44,45,46]]],[[47,[47,48,49]]],[[50,[50,35,33]]]]]",1085.805843601499,"[[[[0,[]],[14,[14,16,23,26]],[16,[1]],[23,[]],[26,[]],[20,[20,17,24,25]],[22,[22]],[17,[]],[36,[36,37,38,39]],[37,[]],[38,[]],[39,[]],[43,[43,44,45,46]],[44,[]],[45,[]],[24,[]],[25,[]],[46,[]],[50,[50,35,33]],[35,[]],[33,[]],[1,[]]],[[0,[3,4,2,5]],[7,[7,6]],[9,[9,8,12,13]],[8,[]],[12,[]],[13,[]],[6,[]],[19,[19,18,21]],[18,[]],[3,[]],[4,[]],[2,[]],[11,[15,10,11]],[5,[]],[32,[32,31,34,29]],[31,[]],[30,[30,27]],[34,[]],[29,[]],[28,[28,41,40]],[27,[]],[41,[]],[40,[]],[42,[42]],[21,[]],[15,[]],[10,[]],[47,[47,48,49]],[48,[]],[49,[]]]],[[[7,[7,6]]],[[9,[9,8,12,13]]],[[14,[14,16,23,26]]],[[19,[19,18,21]]],[[16,[1]],[11,[15,10,11]]],[[32,[32,31,34,29]]],[[20,[20,17,24,25]]],[[22,[22]],[30,[30,27]]],[[28,[28,41,40]]],[[36,[36,37,38,39]]],[[42,[42]]],[[43,[43,44,45,46]]],[[47,[47,48,49]]],[[50,[50,35,33]]]]]",50.068515376229,0,16,2.8125,,,,,,,"ATS(nimp=50,seg=4,div=3,t=7200s,selected=best_on_timeout,timeout=True,attempt=1/3,seed=3392139696) | parallel_runs=3,chosen_attempt=1,best_multi_from_attempt=",55.068515376229,31.928834772259,0,,,
46,test_data/data_demand_random_50_batch_all1_equal_cluster/C201_3.dat,8,60,1,1121.083189157584,"[[[[0,[4,3]],[10,[10,14,17,16,19,20,18,9]],[4,[]],[14,[]],[9,[]],[17,[]],[16,[]],[19,[27,22,7]],[27,[]],[20,[]],[38,[38,36,37,39]],[36,[]],[37,[]],[39,[]],[18,[]],[22,[]],[3,[]],[7,[47,48,49]],[47,[]],[48,[]],[49,[]]],[[0,[2,5,1]],[13,[13,12,8,15,11,6,21]],[12,[]],[8,[]],[15,[]],[11,[]],[6,[]],[2,[25,33,31,34,24,23,26,28]],[25,[]],[33,[]],[31,[]],[34,[]],[24,[]],[23,[]],[21,[42,40,41,44,43,45,29,30]],[42,[]],[40,[]],[41,[]],[44,[]],[43,[]],[45,[]],[26,[]],[28,[46,50,35,32]],[29,[]],[30,[]],[46,[]],[50,[]],[35,[]],[32,[]],[5,[]],[1,[]]]],[[[10,[10,14,17,16,19,20,18,9]]],[[13,[13,12,8,15,11,6,21]]],[[2,[25,33,31,34,24,23,26,28]]],[[19,[27,22,7]]],[[38,[38,36,37,39]]],[[21,[42,40,41,44,43,45,29,30]]],[[7,[47,48,49]]],[[28,[46,50,35,32]]]]]",,,42.340083430174,0,8,5.625,,,,,,(not found),"ATS(nimp=50,seg=4,div=3,t=7200s,selected=best_after_ats,timeout=False,attempt=1/3,seed=401864923) | parallel_runs=3,chosen_attempt=1,best_multi_from_attempt=",47.340083430174,71.329516814354,0,,,
47,test_data/data_demand_random_50_batch_all1_equal_cluster/C201_3.dat,8,90,2,1085.805843601499,"[[[[0,[5]],[15,[15,19,16,14,6,9,13,8]],[19,[]],[16,[]],[14,[]],[6,[]],[9,[]],[13,[]],[8,[]],[12,[12]],[36,[36,37,38,39,40,41]],[37,[25,30,32]],[38,[]],[39,[]],[40,[]],[41,[]],[44,[44,43,45,23,24]],[43,[]],[45,[]],[23,[]],[24,[]],[25,[]],[50,[50,46]],[46,[]],[30,[]],[32,[]],[5,[]]],[[0,[18,1,3,4,2]],[18,[]],[1,[]],[3,[]],[21,[21,17,7,22,20,10,11]],[17,[]],[7,[]],[34,[34,31,29,33,35,28,26,27]],[31,[]],[29,[]],[33,[]],[35,[]],[28,[]],[22,[]],[4,[]],[26,[]],[27,[]],[42,[42]],[20,[]],[2,[]],[10,[]],[11,[]],[47,[47,48,49]],[48,[]],[49,[]]]],[[[21,[21,17,22,7,20,10,11]]],[[15,[15,19,16,14,6,9,13,8]]],[[12,[12]]],[[34,[34,31,29,35,28,26,27,33]]],[[36,[36,37,38,39,41,40]]],[[37,[25,30,32]]],[[42,[42]]],[[44,[44,43,45,23,24]]],[[47,[47,48,49]]],[[50,[50,46]]]]]",1085.805843601499,"[[[[0,[5]],[15,[15,19,16,14,6,9,13,8]],[19,[]],[16,[]],[14,[]],[6,[]],[9,[]],[13,[]],[8,[]],[12,[12]],[36,[36,37,38,39,41,40]],[37,[25,30,32]],[38,[]],[39,[]],[40,[]],[41,[]],[44,[44,43,45,23,24]],[43,[]],[45,[]],[23,[]],[24,[]],[25,[]],[50,[50,46]],[46,[]],[30,[]],[32,[]],[5,[]]],[[0,[18,1,3]],[18,[]],[1,[]],[3,[]],[21,[21,17,22,7,20,10,11]],[17,[2]],[7,[]],[34,[34,31,29,35,28,26,27,33]],[31,[]],[29,[]],[33,[]],[35,[]],[28,[]],[22,[]],[4,[4]],[26,[]],[27,[]],[42,[42]],[20,[]],[2,[]],[10,[]],[11,[]],[47,[47,48,49]],[48,[]],[49,[]]]],[[[21,[21,17,22,7,20,10,11]]],[[15,[15,19,16,14,6,9,13,8]]],[[17,[2]],[12,[12]]],[[34,[34,31,29,35,28,26,27,33]]],[[36,[36,37,38,39,41,40]],[4,[4]]],[[37,[25,30,32]]],[[42,[42]],[44,[44,43,45,23,24]]],[[47,[47,48,49]]],[[50,[50,46]]]]]",58.941077125499,0,10,4.4,70.900792217298,3,7,5.285714285714,,,"ATS(nimp=50,seg=4,div=3,t=7200s,selected=best_on_timeout,timeout=True,attempt=1/3,seed=2349688099) | parallel_runs=3,chosen_attempt=1,best_multi_from_attempt=",63.941077125499,36.511713234299,0,78.043649360156,10.480972623018,0
48,test_data/data_demand_random_50_batch_all1_equal_cluster/C201_3.dat,8,120,4,1085.805843601499,"[[[[0,[1]],[14,[14,16,23,26]],[16,[]],[23,[]],[26,[]],[20,[20,17,24,25]],[22,[22]],[17,[]],[36,[36,37,38,39]],[37,[]],[38,[]],[39,[]],[43,[43,44,45,46]],[44,[]],[45,[]],[24,[]],[25,[]],[46,[]],[50,[50,35,33]],[35,[]],[33,[]],[1,[]]],[[0,[3,4,2,5]],[7,[7]],[9,[9,8,12,13]],[8,[]],[12,[]],[13,[]],[6,[6]],[19,[19,18,21]],[18,[]],[3,[]],[4,[]],[2,[]],[11,[15,10,11]],[5,[]],[32,[32,31,34,29]],[31,[]],[30,[30,27]],[34,[]],[29,[]],[28,[28,41,40]],[27,[]],[41,[]],[40,[]],[42,[42]],[21,[]],[15,[]],[10,[]],[47,[47,48,49]],[48,[]],[49,[]]]],[[[7,[7]]],[[9,[9,8,12,13]]],[[6,[6]]],[[14,[14,16,23,26]]],[[19,[19,18,21]]],[[11,[15,10,11]]],[[20,[20,17,24,25]]],[[22,[22]]],[[32,[32,31,34,29]]],[[30,[30,27]]],[[28,[28,41,40]]],[[36,[36,37,38,39]]],[[42,[42]]],[[43,[43,44,45,46]]],[[47,[47,48,49]]],[[50,[50,35,33]]]]]",1085.805843601499,"[[[[0,[1]],[14,[14,16,23,26]],[16,[]],[23,[]],[26,[]],[20,[20,17,24,25]],[22,[22]],[17,[]],[36,[36,37,38,39]],[37,[]],[38,[]],[39,[]],[43,[43,44,45,46]],[44,[]],[45,[]],[24,[]],[25,[]],[46,[]],[50,[50,35,33]],[35,[]],[33,[]],[1,[]]],[[0,[3,4,2,5]],[7,[7,6]],[9,[9,8,12,13]],[8,[]],[12,[]],[13,[]],[6,[]],[19,[19,18,21]],[18,[]],[3,[]],[4,[]],[2,[]],[11,[15,10,11]],[5,[]],[32,[32,31,34,29]],[31,[]],[30,[30,27]],[34,[]],[29,[]],[28,[28,41,40]],[27,[]],[41,[]],[40,[]],[42,[42]],[21,[]],[15,[]],[10,[]],[47,[47,48,49]],[48,[]],[49,[]]]],[[[7,[7,6]]],[[9,[9,8,12,13]]],[[14,[14,16,23,26]]],[[19,[19,18,21]]],[[11,[15,10,11]],[20,[20,17,24,25]]],[[32,[32,31,34,29]]],[[22,[22]],[30,[30,27]]],[[28,[28,41,40]]],[[36,[36,37,38,39]]],[[42,[42]]],[[43,[43,44,45,46]]],[[47,[47,48,49]]],[[50,[50,35,33]]]]]",50.068515376229,0,16,2.8125,60.892147698695,2,13,3.461538461538,,,"A8L120<=A4L120 | ATS(nimp=50,seg=4,div=3,t=7200s,selected=best_on_timeout,timeout=True,attempt=1/3,seed=2148632095) | parallel_runs=3,chosen_attempt=1,best_multi_from_attempt=",55.068515376229,31.928834772259,0,66.661378467926,34.390757090409,3.382112640002
49,test_data/data_demand_random_50_batch_all1_equal_cluster/RC101_0.5.dat,4,60,1,661,"[[[[0,[21,23,43,44,42,45,41,40,24,22,50,46,47,48,49,29,28,27,26,25]],[21,[]],[23,[]],[43,[]],[44,[]],[42,[]],[45,[]],[41,[]],[40,[]],[24,[]],[22,[]],[50,[]],[46,[]],[47,[]],[48,[]],[49,[]],[29,[]],[28,[]],[27,[]],[26,[]],[25,[]]],[[0,[6,8,9,19,10,18,7,15,16,17,20,39,38,37,5,4,36,1,2,3,14,12,11,13,35,33,34,32,31,30]],[6,[]],[8,[]],[9,[]],[19,[]],[10,[]],[18,[]],[7,[]],[15,[]],[16,[]],[17,[]],[20,[]],[39,[]],[38,[]],[37,[]],[5,[]],[4,[]],[36,[]],[1,[]],[2,[]],[3,[]],[14,[]],[12,[]],[11,[]],[13,[]],[35,[]],[33,[]],[34,[]],[32,[]],[31,[]],[30,[]]]],[]]",,,0,0,0,0,,,,,results/sol_best_RC101_0.5.dat_A4_L60_pid2664.txt,(not found),"ATS(nimp=50,seg=4,div=3,t=7200s,selected=best_on_timeout,timeout=True,attempt=1/3,seed=3944757747) | parallel_runs=3,chosen_attempt=1,best_multi_from_attempt=",0,0,0,,,
50,test_data/data_demand_random_50_batch_all1_equal_cluster/RC101_0.5.dat,4,90,3,661,"[[[[0,[21,23,43,44,42,41,45,40,24,22,50,46,47,48,49,29,28,27,26,25]],[21,[]],[23,[]],[43,[]],[44,[]],[42,[]],[41,[]],[45,[]],[40,[]],[24,[]],[22,[]],[50,[]],[46,[]],[47,[]],[48,[]],[49,[]],[29,[]],[28,[]],[27,[]],[26,[]],[25,[]]],[[0,[6,16,15,7,8,9,10,19,18,17,20,39,38,37,36,5,4,2,1,3,14,12,11,13,35,33,34,32,31,30]],[6,[]],[16,[]],[15,[]],[7,[]],[8,[]],[9,[]],[10,[]],[19,[]],[18,[]],[17,[]],[20,[]],[39,[]],[38,[]],[37,[]],[36,[]],[5,[]],[4,[]],[2,[]],[1,[]],[3,[]],[14,[]],[12,[]],[11,[]],[13,[]],[35,[]],[33,[]],[34,[]],[32,[]],[31,[]],[30,[]]]],[]]",,,0,0,0,0,,,,,results/sol_best_RC101_0.5.dat_A4_L90_pid2773.txt,(not found),"ATS(nimp=50,seg=4,div=3,t=7200s,selected=best_on_timeout,timeout=True,attempt=1/3,seed=3651962043) | parallel_runs=3,chosen_attempt=1,best_multi_from_attempt=",0,0,0,,,
51,test_data/data_demand_random_50_batch_all1_equal_cluster/RC101_0.5.dat,4,120,3,661,"[[[[0,[21,23,43,44,42,41,45,40,24,22,50,46,47,48,49,29,28,27,26,25]],[21,[]],[23,[]],[43,[]],[44,[]],[42,[]],[41,[]],[45,[]],[40,[]],[24,[]],[22,[]],[50,[]],[46,[]],[47,[]],[48,[]],[49,[]],[29,[]],[28,[]],[27,[]],[26,[]],[25,[]]],[[0,[6,16,15,7,8,9,19,10,18,17,20,39,38,37,5,4,36,1,2,3,12,11,13,35,33,34,32,31,30,14]],[6,[]],[16,[]],[15,[]],[7,[]],[8,[]],[9,[]],[19,[]],[10,[]],[18,[]],[17,[]],[20,[]],[39,[]],[38,[]],[37,[]],[5,[]],[4,[]],[36,[]],[1,[]],[2,[]],[3,[]],[12,[]],[11,[]],[13,[]],[35,[]],[33,[]],[34,[]],[32,[]],[31,[]],[30,[]],[14,[]]]],[]]",,,0,0,0,0,,,,,results/sol_best_RC101_0.5.dat_A4_L90_pid2773.txt,(not found),"A4L120<=A4L90 | ATS(nimp=50,seg=4,div=3,t=7200s,selected=best_on_timeout,timeout=True,attempt=1/3,seed=1071209539) | parallel_runs=3,chosen_attempt=1,best_multi_from_attempt=",0,0,0,,,
52,test_data/data_demand_random_50_batch_all1_equal_cluster/RC101_0.5.dat,8,60,1,661,"[[[[0,[21,23,44,43,42,41,45,40,24,22,50,46,47,48,49,29,28,27,26,25]],[21,[]],[23,[]],[44,[]],[43,[]],[42,[]],[41,[]],[45,[]],[40,[]],[24,[]],[22,[]],[50,[]],[46,[]],[47,[]],[48,[]],[49,[]],[29,[]],[28,[]],[27,[]],[26,[]],[25,[]]],[[0,[6,15,16,7,8,9,10,19,18,17,20,39,38,37,36,5,4,3,1,2,12,11,13,35,33,34,32,31,30,14]],[6,[]],[15,[]],[16,[]],[7,[]],[8,[]],[9,[]],[10,[]],[19,[]],[18,[]],[17,[]],[20,[]],[39,[]],[38,[]],[37,[]],[36,[]],[5,[]],[4,[]],[3,[]],[1,[]],[2,[]],[12,[]],[11,[]],[13,[]],[35,[]],[33,[]],[34,[]],[32,[]],[31,[]],[30,[]],[14,[]]]],[]]",,,0,0,0,0,,,,,results/sol_best_RC101_0.5.dat_A8_L60_pid2813.txt,(not found),"ATS(nimp=50,seg=4,div=3,t=7200s,selected=best_on_timeout,timeout=True,attempt=1/3,seed=2833119008) | parallel_runs=3,chosen_attempt=1,best_multi_from_attempt=",0,0,0,,,
53,test_data/data_demand_random_50_batch_all1_equal_cluster/RC101_0.5.dat,8,90,3,661,"[[[[0,[21,23,43,44,42,41,45,40,24,22,50,46,47,48,49,29,28,27,26,25]],[21,[]],[23,[]],[43,[]],[44,[]],[42,[]],[41,[]],[45,[]],[40,[]],[24,[]],[22,[]],[50,[]],[46,[]],[47,[]],[48,[]],[49,[]],[29,[]],[28,[]],[27,[]],[26,[]],[25,[]]],[[0,[14,30,31,32,34,33,35,13,11,12,3,1,2,4,5,36,37,38,39,20,17,15,16,18,19,10,9,8,7,6]],[14,[]],[30,[]],[31,[]],[32,[]],[34,[]],[33,[]],[35,[]],[13,[]],[11,[]],[12,[]],[3,[]],[1,[]],[2,[]],[4,[]],[5,[]],[36,[]],[37,[]],[38,[]],[39,[]],[20,[]],[17,[]],[15,[]],[16,[]],[18,[]],[19,[]],[10,[]],[9,[]],[8,[]],[7,[]],[6,[]]]],[]]",,,0,0,0,0,,,,,results/sol_best_RC101_0.5.dat_A4_L90_pid2773.txt,(not found),"A8L90<=A4L90 | ATS(nimp=50,seg=4,div=3,t=7200s,selected=best_on_timeout,timeout=True,attempt=1/3,seed=902351442) | parallel_runs=3,chosen_attempt=1,best_multi_from_attempt=",0,0,0,,,
54,test_data/data_demand_random_50_batch_all1_equal_cluster/RC101_0.5.dat,8,120,3,661,"[[[[0,[21,23,44,43,42,41,45,40,24,22,50,46,47,48,49,29,28,27,26,25]],[21,[]],[23,[]],[44,[]],[43,[]],[42,[]],[41,[]],[45,[]],[40,[]],[24,[]],[22,[]],[50,[]],[46,[]],[47,[]],[48,[]],[49,[]],[29,[]],[28,[]],[27,[]],[26,[]],[25,[]]],[[0,[6,7,8,9,19,10,18,17,16,15,20,39,38,37,4,5,36,1,2,3,14,12,11,13,35,33,34,32,31,30]],[6,[]],[7,[]],[8,[]],[9,[]],[19,[]],[10,[]],[18,[]],[17,[]],[16,[]],[15,[]],[20,[]],[39,[]],[38,[]],[37,[]],[4,[]],[5,[]],[36,[]],[1,[]],[2,[]],[3,[]],[14,[]],[12,[]],[11,[]],[13,[]],[35,[]],[33,[]],[34,[]],[32,[]],[31,[]],[30,[]]]],[]]",,,0,0,0,0,,,,,results/sol_best_RC101_0.5.dat_A4_L90_pid2773.txt,(not found),"A8L120<=A4L120 | ATS(nimp=50,seg=4,div=3,t=7200s,selected=best_on_timeout,timeout=True,attempt=1/3,seed=982169232) | parallel_runs=3,chosen_attempt=1,best_multi_from_attempt=",0,0,0,,,
55,test_data/data_demand_random_50_batch_all1_equal_cluster/RC101_1.5.dat,4,60,1,1020,"[[[[0,[8,23,24,25,14,9,10,11,12,13,30,45,46,47,48,49,50,44,43,29]],[8,[]],[23,[]],[24,[]],[25,[]],[14,[]],[9,[]],[10,[]],[11,[]],[12,[]],[13,[]],[30,[]],[45,[]],[46,[]],[47,[]],[48,[]],[49,[]],[50,[]],[44,[]],[43,[]],[29,[]]],[[0,[1,27,26,28,7,6,5,4,3,2,15,16,18,19,20,21,40,39,22,17,41,42,38,37,36,35,34,32,31,33]],[1,[]],[27,[]],[26,[]],[28,[]],[7,[]],[6,[]],[5,[]],[4,[]],[3,[]],[2,[]],[15,[]],[16,[]],[18,[]],[19,[]],[20,[]],[21,[]],[40,[]],[39,[]],[22,[]],[17,[]],[41,[]],[42,[]],[38,[]],[37,[]],[36,[]],[35,[]],[34,[]],[32,[]],[31,[]],[33,[]]]],[]]",,,0,0,0,0,,,,,results/sol_best_RC101_1.5.dat_A4_L60_pid2767.txt,(not found),"ATS(nimp=50,seg=4,div=3,t=7200s,selected=best_on_timeout,timeout=True,attempt=1/3,seed=1761117119) | parallel_runs=3,chosen_attempt=1,best_multi_from_attempt=",0,0,0,,,
56,test_data/data_demand_random_50_batch_all1_equal_cluster/RC101_1.5.dat,4,90,2,1020,"[[[[0,[8,23,24,25,14,9,10,11,12,13,45,46,47,48,49,50,44,43,30,29]],[8,[]],[23,[]],[24,[]],[25,[]],[14,[]],[9,[]],[10,[]],[11,[]],[12,[]],[13,[]],[45,[]],[46,[]],[47,[]],[48,[]],[49,[]],[50,[]],[44,[]],[43,[]],[30,[]],[29,[]]],[[0,[1,26,27,28,7,6,4,5,2,3,18,19,20,21,40,39,16,15,17,22,41,42,38,37,36,35,34,32,31,33]],[1,[]],[26,[]],[27,[]],[28,[]],[7,[]],[6,[]],[4,[]],[5,[]],[2,[]],[3,[]],[18,[]],[19,[]],[20,[]],[21,[]],[40,[]],[39,[]],[16,[]],[15,[]],[17,[]],[22,[]],[41,[]],[42,[]],[38,[]],[37,[]],[36,[]],[35,[]],[34,[]],[32,[]],[31,[]],[33,[]]]],[]]",,,0,0,0,0,,,,,results/sol_best_RC101_1.5.dat_A4_L90_pid2749.txt,(not found),"ATS(nimp=50,seg=4,div=3,t=7200s,selected=best_after_ats,timeout=False,attempt=1/3,seed=3464773259) | parallel_runs=3,chosen_attempt=1,best_multi_from_attempt=",0,0,0,,,
57,test_data/data_demand_random_50_batch_all1_equal_cluster/RC101_1.5.dat,4,120,2,1020,"[[[[0,[8,23,24,25,14,9,10,11,12,13,45,46,47,48,49,50,44,43,30,29]],[8,[]],[23,[]],[24,[]],[25,[]],[14,[]],[9,[]],[10,[]],[11,[]],[12,[]],[13,[]],[45,[]],[46,[]],[47,[]],[48,[]],[49,[]],[50,[]],[44,[]],[43,[]],[30,[]],[29,[]]],[[0,[1,26,27,28,7,6,5,4,3,2,18,19,20,21,40,39,22,16,15,17,41,42,38,36,37,35,34,32,33,31]],[1,[]],[26,[]],[27,[]],[28,[]],[7,[]],[6,[]],[5,[]],[4,[]],[3,[]],[2,[]],[18,[]],[19,[]],[20,[]],[21,[]],[40,[]],[39,[]],[22,[]],[16,[]],[15,[]],[17,[]],[41,[]],[42,[]],[38,[]],[36,[]],[37,[]],[35,[]],[34,[]],[32,[]],[33,[]],[31,[]]]],[]]",,,0,0,0,0,,,,,results/sol_best_RC101_1.5.dat_A4_L90_pid2749.txt,(not found),"A4L120<=A4L90 | ATS(nimp=50,seg=4,div=3,t=7200s,selected=best_after_ats,timeout=False,attempt=2/3,seed=1814606259) | parallel_runs=3,chosen_attempt=2,best_multi_from_attempt=",0,0,0,,,
58,test_data/data_demand_random_50_batch_all1_equal_cluster/RC101_1.5.dat,8,60,2,1020,"[[[[0,[43,44,50,49,48,47,46,45,30,29,13,12,11,10,9,14,25,24,23,8]],[43,[]],[44,[]],[50,[]],[49,[]],[48,[]],[47,[]],[46,[]],[45,[]],[30,[]],[29,[]],[13,[]],[12,[]],[11,[]],[10,[]],[9,[]],[14,[]],[25,[]],[24,[]],[23,[]],[8,[]]],[[0,[31,33,32,34,35,37,36,38,42,41,17,22,15,16,39,40,21,20,19,18,3,2,4,5,6,7,28,27,26,1]],[31,[]],[33,[]],[32,[]],[34,[]],[35,[]],[37,[]],[36,[]],[38,[]],[42,[]],[41,[]],[17,[]],[22,[]],[15,[]],[16,[]],[39,[]],[40,[]],[21,[]],[20,[]],[19,[]],[18,[]],[3,[]],[2,[]],[4,[]],[5,[]],[6,[]],[7,[]],[28,[]],[27,[]],[26,[]],[1,[]]]],[]]",,,0,0,0,0,,,,,results/sol_best_RC101_1.5.dat_A8_L60_pid2750.txt,(not found),"ATS(nimp=50,seg=4,div=3,t=7200s,selected=best_on_timeout,timeout=True,attempt=1/3,seed=2792643488) | parallel_runs=3,chosen_attempt=1,best_multi_from_attempt=",0,0,0,,,
59,test_data/data_demand_random_50_batch_all1_equal_cluster/RC101_1.5.dat,8,90,2,1020,"[[[[0,[8,23,24,25,14,9,10,11,12,13,45,46,47,48,49,50,44,43,30,29]],[8,[]],[23,[]],[24,[]],[25,[]],[14,[]],[9,[]],[10,[]],[11,[]],[12,[]],[13,[]],[45,[]],[46,[]],[47,[]],[48,[]],[49,[]],[50,[]],[44,[]],[43,[]],[30,[]],[29,[]]],[[0,[1,27,26,28,7,6,5,4,3,2,15,16,18,19,20,21,40,39,22,17,41,42,38,37,36,35,34,32,31,33]],[1,[]],[27,[]],[26,[]],[28,[]],[7,[]],[6,[]],[5,[]],[4,[]],[3,[]],[2,[]],[15,[]],[16,[]],[18,[]],[19,[]],[20,[]],[21,[]],[40,[]],[39,[]],[22,[]],[17,[]],[41,[]],[42,[]],[38,[]],[37,[]],[36,[]],[35,[]],[34,[]],[32,[]],[31,[]],[33,[]]]],[]]",,,0,0,0,0,,,,,results/sol_best_RC101_1.5.dat_A4_L90_pid2749.txt,,"A8L90<=A4L90 | ATS(nimp=50,seg=4,div=3,t=7200s,selected=best_on_timeout,timeout=True,attempt=2/3,seed=94266873) | parallel_runs=3,chosen_attempt=2,best_multi_from_attempt=",0,0,0,,,
60,test_data/data_demand_random_50_batch_all1_equal_cluster/RC101_1.5.dat,8,120,2,1020,"[[[[0,[8,23,24,25,14,9,10,11,12,13,29,30,43,44,50,49,48,47,46,45]],[8,[]],[23,[]],[24,[]],[25,[]],[14,[]],[9,[]],[10,[]],[11,[]],[12,[]],[13,[]],[29,[]],[30,[]],[43,[]],[44,[]],[50,[]],[49,[]],[48,[]],[47,[]],[46,[]],[45,[]]],[[0,[33,31,32,34,35,37,36,38,42,41,17,22,39,40,21,20,19,18,16,15,3,4,6,28,26,27,7,5,2,1]],[33,[]],[31,[]],[32,[]],[34,[]],[35,[]],[37,[]],[36,[]],[38,[]],[42,[]],[41,[]],[17,[]],[22,[]],[39,[]],[40,[]],[21,[]],[20,[]],[19,[]],[18,[]],[16,[]],[15,[]],[3,[]],[4,[]],[6,[]],[28,[]],[26,[]],[27,[]],[7,[]],[5,[]],[2,[]],[1,[]]]],[]]",,,0,0,0,0,,,,,results/sol_best_RC101_1.5.dat_A4_L90_pid2749.txt,,"A8L120<=A4L120 | ATS(nimp=50,seg=4,div=3,t=7200s,selected=best_on_timeout,timeout=True,attempt=1/3,seed=1732307472) | parallel_runs=3,chosen_attempt=1,best_multi_from_attempt=",0,0,0,,,
61,test_data/data_demand_random_50_batch_all1_equal_cluster/RC101_1.dat,4,60,1,826,"[[[[0,[26,28,43,42,44,46,47,45,29,27,48,49,50,36,35,34,33,32,31,30]],[26,[]],[28,[]],[43,[]],[42,[]],[44,[]],[46,[]],[47,[]],[45,[]],[29,[]],[27,[]],[48,[]],[49,[]],[50,[]],[36,[]],[35,[]],[34,[]],[33,[]],[32,[]],[31,[]],[30,[]]],[[0,[17,18,38,39,40,41,15,13,14,16,1,2,3,4,5,6,37,25,24,23,21,19,20,22,12,11,10,9,8,7]],[17,[]],[18,[]],[38,[]],[39,[]],[40,[]],[41,[]],[15,[]],[13,[]],[14,[]],[16,[]],[1,[]],[2,[]],[3,[]],[4,[]],[5,[]],[6,[]],[37,[]],[25,[]],[24,[]],[23,[]],[21,[]],[19,[]],[20,[]],[22,[]],[12,[]],[11,[]],[10,[]],[9,[]],[8,[]],[7,[]]]],[]]",,,0,0,0,0,,,,,results/sol_best_RC101_1.dat_A4_L60_pid2878.txt,(not found),"ATS(nimp=50,seg=4,div=3,t=7200s,selected=best_on_timeout,timeout=True,attempt=1/3,seed=3629800495) | parallel_runs=3,chosen_attempt=1,best_multi_from_attempt=",0,0,0,,,
62,test_data/data_demand_random_50_batch_all1_equal_cluster/RC101_1.dat,4,90,1,826,"[[[[0,[26,28,42,43,44,47,46,45,29,27,48,49,50,36,35,34,33,32,31,30]],[26,[]],[28,[]],[42,[]],[43,[]],[44,[]],[47,[]],[46,[]],[45,[]],[29,[]],[27,[]],[48,[]],[49,[]],[50,[]],[36,[]],[35,[]],[34,[]],[33,[]],[32,[]],[31,[]],[30,[]]],[[0,[7,8,9,10,11,12,22,21,20,19,23,24,25,37,6,4,5,2,1,3,16,17,18,38,39,40,41,15,13,14]],[7,[]],[8,[]],[9,[]],[10,[]],[11,[]],[12,[]],[22,[]],[21,[]],[20,[]],[19,[]],[23,[]],[24,[]],[25,[]],[37,[]],[6,[]],[4,[]],[5,[]],[2,[]],[1,[]],[3,[]],[16,[]],[17,[]],[18,[]],[38,[]],[39,[]],[40,[]],[41,[]],[15,[]],[13,[]],[14,[]]]],[]]",,,0,0,0,0,,,,,results/sol_best_RC101_1.dat_A4_L90_pid2789.txt,(not found),"ATS(nimp=50,seg=4,div=3,t=7200s,selected=best_on_timeout,timeout=True,attempt=1/3,seed=2916591583) | parallel_runs=3,chosen_attempt=1,best_multi_from_attempt=",0,0,0,,,
63,test_data/data_demand_random_50_batch_all1_equal_cluster/RC101_1.dat,4,120,1,826,"[[[[0,[26,28,43,42,44,46,47,45,29,27,48,49,50,36,35,34,33,32,31,30]],[26,[]],[28,[]],[43,[]],[42,[]],[44,[]],[46,[]],[47,[]],[45,[]],[29,[]],[27,[]],[48,[]],[49,[]],[50,[]],[36,[]],[35,[]],[34,[]],[33,[]],[32,[]],[31,[]],[30,[]]],[[0,[16,17,18,38,39,40,41,15,14,13,3,2,1,6,4,5,37,25,24,23,20,19,21,22,12,11,10,9,8,7]],[16,[]],[17,[]],[18,[]],[38,[]],[39,[]],[40,[]],[41,[]],[15,[]],[14,[]],[13,[]],[3,[]],[2,[]],[1,[]],[6,[]],[4,[]],[5,[]],[37,[]],[25,[]],[24,[]],[23,[]],[20,[]],[19,[]],[21,[]],[22,[]],[12,[]],[11,[]],[10,[]],[9,[]],[8,[]],[7,[]]]],[]]",,,0,0,0,0,,,,,results/sol_best_RC101_1.dat_A4_L90_pid2789.txt,,"A4L120<=A4L90 | ATS(nimp=50,seg=4,div=3,t=7200s,selected=best_on_timeout,timeout=True,attempt=1/3,seed=2557919271) | parallel_runs=3,chosen_attempt=1,best_multi_from_attempt=",0,0,0,,,
64,test_data/data_demand_random_50_batch_all1_equal_cluster/RC101_1.dat,8,60,1,826,"[[[[0,[26,28,43,42,44,47,46,45,29,27,48,49,50,36,35,34,33,32,31,30]],[26,[]],[28,[]],[43,[]],[42,[]],[44,[]],[47,[]],[46,[]],[45,[]],[29,[]],[27,[]],[48,[]],[49,[]],[50,[]],[36,[]],[35,[]],[34,[]],[33,[]],[32,[]],[31,[]],[30,[]]],[[0,[7,19,20,8,9,10,11,12,22,21,23,24,25,37,6,4,5,1,2,3,16,17,18,38,39,40,41,15,14,13]],[7,[]],[19,[]],[20,[]],[8,[]],[9,[]],[10,[]],[11,[]],[12,[]],[22,[]],[21,[]],[23,[]],[24,[]],[25,[]],[37,[]],[6,[]],[4,[]],[5,[]],[1,[]],[2,[]],[3,[]],[16,[]],[17,[]],[18,[]],[38,[]],[39,[]],[40,[]],[41,[]],[15,[]],[14,[]],[13,[]]]],[]]",,,0,0,0,0,,,,,results/sol_best_RC101_1.dat_A8_L60_pid2678.txt,(not found),"ATS(nimp=50,seg=4,div=3,t=7200s,selected=best_on_timeout,timeout=True,attempt=1/3,seed=2458581716) | parallel_runs=3,chosen_attempt=1,best_multi_from_attempt=",0,0,0,,,
65,test_data/data_demand_random_50_batch_all1_equal_cluster/RC101_1.dat,8,90,1,826,"[[[[0,[26,28,42,43,44,46,47,45,29,27,48,49,50,36,35,34,33,32,31,30]],[26,[]],[28,[]],[42,[]],[43,[]],[44,[]],[46,[]],[47,[]],[45,[]],[29,[]],[27,[]],[48,[]],[49,[]],[50,[]],[36,[]],[35,[]],[34,[]],[33,[]],[32,[]],[31,[]],[30,[]]],[[0,[7,20,19,8,9,10,11,12,22,21,23,24,25,37,5,4,6,1,2,3,16,17,18,38,39,40,41,15,13,14]],[7,[]],[20,[]],[19,[]],[8,[]],[9,[]],[10,[]],[11,[]],[12,[]],[22,[]],[21,[]],[23,[]],[24,[]],[25,[]],[37,[]],[5,[]],[4,[]],[6,[]],[1,[]],[2,[]],[3,[]],[16,[]],[17,[]],[18,[]],[38,[]],[39,[]],[40,[]],[41,[]],[15,[]],[13,[]],[14,[]]]],[]]",,,0,0,0,0,,,,,results/sol_best_RC101_1.dat_A4_L90_pid2789.txt,,"A8L90<=A4L90 | ATS(nimp=50,seg=4,div=3,t=7200s,selected=best_on_timeout,timeout=True,attempt=1/3,seed=3698810491) | parallel_runs=3,chosen_attempt=1,best_multi_from_attempt=",0,0,0,,,
66,test_data/data_demand_random_50_batch_all1_equal_cluster/RC101_1.dat,8,120,1,826,"[[[[0,[26,28,42,43,44,47,46,45,29,27,48,49,50,36,35,34,33,32,31,30]],[26,[]],[28,[]],[42,[]],[43,[]],[44,[]],[47,[]],[46,[]],[45,[]],[29,[]],[27,[]],[48,[]],[49,[]],[50,[]],[36,[]],[35,[]],[34,[]],[33,[]],[32,[]],[31,[]],[30,[]]],[[0,[7,8,9,10,11,12,22,21,20,19,23,24,25,37,6,1,2,5,4,3,13,14,15,41,40,39,38,18,17,16]],[7,[]],[8,[]],[9,[]],[10,[]],[11,[]],[12,[]],[22,[]],[21,[]],[20,[]],[19,[]],[23,[]],[24,[]],[25,[]],[37,[]],[6,[]],[1,[]],[2,[]],[5,[]],[4,[]],[3,[]],[13,[]],[14,[]],[15,[]],[41,[]],[40,[]],[39,[]],[38,[]],[18,[]],[17,[]],[16,[]]]],[]]",,,0,0,0,0,,,,,results/sol_best_RC101_1.dat_A4_L90_pid2789.txt,,"A8L120<=A4L120 | ATS(nimp=50,seg=4,div=3,t=7200s,selected=best_on_timeout,timeout=True,attempt=1/3,seed=251650421) | parallel_runs=3,chosen_attempt=1,best_multi_from_attempt=",0,0,0,,,
67,test_data/data_demand_random_50_batch_all1_equal_cluster/RC101_2.5.dat,4,60,3,1309,"[[[[0,[17,19,40,41,42,43,44,21,20,18,45,46,47,48,49,50,25,24,23,22]],[17,[]],[19,[]],[40,[]],[41,[]],[42,[]],[43,[]],[44,[]],[21,[]],[20,[]],[18,[]],[45,[]],[46,[]],[47,[]],[48,[]],[49,[]],[50,[]],[25,[]],[24,[]],[23,[]],[22,[]]],[[0,[5,6,7,8,36,37,16,15,14,13,34,35,33,31,30,32,4,1,2,3,12,10,9,11,38,29,39,28,27,26]],[5,[]],[6,[]],[7,[]],[8,[]],[36,[]],[37,[]],[16,[]],[15,[]],[14,[]],[13,[]],[34,[]],[35,[]],[33,[]],[31,[]],[30,[]],[32,[]],[4,[]],[1,[]],[2,[]],[3,[]],[12,[]],[10,[]],[9,[]],[11,[]],[38,[]],[29,[]],[39,[]],[28,[]],[27,[]],[26,[]]]],[]]",,,0,0,0,0,,,,,results/sol_best_RC101_2.5.dat_A4_L60_pid2742.txt,(not found),"ATS(nimp=50,seg=4,div=3,t=7200s,selected=best_on_timeout,timeout=True,attempt=1/3,seed=1955948776) | parallel_runs=3,chosen_attempt=1,best_multi_from_attempt=",0,0,0,,,
68,test_data/data_demand_random_50_batch_all1_equal_cluster/RC101_2.5.dat,4,90,3,1309,"[[[[0,[22,23,24,25,50,49,48,47,46,45,18,20,21,43,44,42,40,41,19,17]],[22,[]],[23,[]],[24,[]],[25,[]],[50,[]],[49,[]],[48,[]],[47,[]],[46,[]],[45,[]],[18,[]],[20,[]],[21,[]],[43,[]],[44,[]],[42,[]],[40,[]],[41,[]],[19,[]],[17,[]]],[[0,[13,14,15,16,36,37,8,7,6,5,1,34,35,33,31,30,32,4,3,2,12,26,27,28,39,29,38,11,10,9]],[13,[]],[14,[]],[15,[]],[16,[]],[36,[]],[37,[]],[8,[]],[7,[]],[6,[]],[5,[]],[1,[]],[34,[]],[35,[]],[33,[]],[31,[]],[30,[]],[32,[]],[4,[]],[3,[]],[2,[]],[12,[]],[26,[]],[27,[]],[28,[]],[39,[]],[29,[]],[38,[]],[11,[]],[10,[]],[9,[]]]],[]]",,,0,0,0,0,,,,,results/sol_best_RC101_2.5.dat_A4_L60_pid2742.txt,(not found),"A4L90<=A4L60 | ATS(nimp=50,seg=4,div=3,t=7200s,selected=best_on_timeout,timeout=True,attempt=1/3,seed=3328089290) | parallel_runs=3,chosen_attempt=1,best_multi_from_attempt=",0,0,0,,,
69,test_data/data_demand_random_50_batch_all1_equal_cluster/RC101_2.5.dat,4,120,3,1309,"[[[[0,[22,23,24,25,50,49,48,47,46,45,18,20,21,44,43,42,40,41,19,17]],[22,[]],[23,[]],[24,[]],[25,[]],[50,[]],[49,[]],[48,[]],[47,[]],[46,[]],[45,[]],[18,[]],[20,[]],[21,[]],[44,[]],[43,[]],[42,[]],[40,[]],[41,[]],[19,[]],[17,[]]],[[0,[26,27,28,39,29,38,11,9,10,12,3,2,32,4,30,31,33,35,34,1,5,6,7,8,37,36,16,15,14,13]],[26,[]],[27,[]],[28,[]],[39,[]],[29,[]],[38,[]],[11,[]],[9,[]],[10,[]],[12,[]],[3,[]],[2,[]],[32,[]],[4,[]],[30,[]],[31,[]],[33,[]],[35,[]],[34,[]],[1,[]],[5,[]],[6,[]],[7,[]],[8,[]],[37,[]],[36,[]],[16,[]],[15,[]],[14,[]],[13,[]]]],[]]",,,0,0,0,0,,,,,results/sol_best_RC101_2.5.dat_A4_L60_pid2742.txt,(not found),"A4L120<=A4L90 | ATS(nimp=50,seg=4,div=3,t=7200s,selected=best_on_timeout,timeout=True,attempt=1/3,seed=1779184204) | parallel_runs=3,chosen_attempt=1,best_multi_from_attempt=",0,0,0,,,
70,test_data/data_demand_random_50_batch_all1_equal_cluster/RC101_2.5.dat,8,60,3,1309,"[[[[0,[22,23,24,25,50,49,48,47,46,45,18,20,21,44,43,42,40,41,19,17]],[22,[]],[23,[]],[24,[]],[25,[]],[50,[]],[49,[]],[48,[]],[47,[]],[46,[]],[45,[]],[18,[]],[20,[]],[21,[]],[44,[]],[43,[]],[42,[]],[40,[]],[41,[]],[19,[]],[17,[]]],[[0,[5,6,7,8,37,36,16,15,13,14,34,35,33,31,30,4,32,1,2,3,12,26,27,28,39,29,38,11,10,9]],[5,[]],[6,[]],[7,[]],[8,[]],[37,[]],[36,[]],[16,[]],[15,[]],[13,[]],[14,[]],[34,[]],[35,[]],[33,[]],[31,[]],[30,[]],[4,[]],[32,[]],[1,[]],[2,[]],[3,[]],[12,[]],[26,[]],[27,[]],[28,[]],[39,[]],[29,[]],[38,[]],[11,[]],[10,[]],[9,[]]]],[]]",,,0,0,0,0,,,,,results/sol_best_RC101_2.5.dat_A4_L60_pid2742.txt,(not found),"A8L60<=A4L60 | ATS(nimp=50,seg=4,div=3,t=7200s,selected=best_on_timeout,timeout=True,attempt=1/3,seed=3486212408) | parallel_runs=3,chosen_attempt=1,best_multi_from_attempt=",0,0,0,,,
71,test_data/data_demand_random_50_batch_all1_equal_cluster/RC101_2.5.dat,8,90,3,1309,"[[[[0,[17,19,40,41,42,44,43,21,20,18,45,46,47,48,49,50,25,24,23,22]],[17,[]],[19,[]],[40,[]],[41,[]],[42,[]],[44,[]],[43,[]],[21,[]],[20,[]],[18,[]],[45,[]],[46,[]],[47,[]],[48,[]],[49,[]],[50,[]],[25,[]],[24,[]],[23,[]],[22,[]]],[[0,[10,9,11,38,29,39,28,27,26,12,3,2,1,4,32,30,31,33,35,34,15,16,36,37,8,7,6,14,13,5]],[10,[]],[9,[]],[11,[]],[38,[]],[29,[]],[39,[]],[28,[]],[27,[]],[26,[]],[12,[]],[3,[]],[2,[]],[1,[]],[4,[]],[32,[]],[30,[]],[31,[]],[33,[]],[35,[]],[34,[]],[15,[]],[16,[]],[36,[]],[37,[]],[8,[]],[7,[]],[6,[]],[14,[]],[13,[]],[5,[]]]],[]]",,,0,0,0,0,,,,,results/sol_best_RC101_2.5.dat_A4_L60_pid2742.txt,(not found),"A8L90<=A4L90 | ATS(nimp=50,seg=4,div=3,t=7200s,selected=best_on_timeout,timeout=True,attempt=1/3,seed=105282722) | parallel_runs=3,chosen_attempt=1,best_multi_from_attempt=",0,0,0,,,
72,test_data/data_demand_random_50_batch_all1_equal_cluster/RC101_2.5.dat,8,120,3,1309,"[[[[0,[22,23,24,25,50,49,48,47,46,45,18,20,21,44,43,42,40,41,19,17]],[22,[]],[23,[]],[24,[]],[25,[]],[50,[]],[49,[]],[48,[]],[47,[]],[46,[]],[45,[]],[18,[]],[20,[]],[21,[]],[44,[]],[43,[]],[42,[]],[40,[]],[41,[]],[19,[]],[17,[]]],[[0,[5,6,7,8,37,36,16,15,13,14,34,35,33,31,30,32,4,2,1,3,10,9,11,38,29,39,28,27,26,12]],[5,[]],[6,[]],[7,[]],[8,[]],[37,[]],[36,[]],[16,[]],[15,[]],[13,[]],[14,[]],[34,[]],[35,[]],[33,[]],[31,[]],[30,[]],[32,[]],[4,[]],[2,[]],[1,[]],[3,[]],[10,[]],[9,[]],[11,[]],[38,[]],[29,[]],[39,[]],[28,[]],[27,[]],[26,[]],[12,[]]]],[]]",,,0,0,0,0,,,,,results/sol_best_RC101_2.5.dat_A4_L60_pid2742.txt,(not found),"A8L120<=A4L120 | ATS(nimp=50,seg=4,div=3,t=7200s,selected=best_on_timeout,timeout=True,attempt=1/3,seed=3311214251) | parallel_runs=3,chosen_attempt=1,best_multi_from_attempt=",0,0,0,,,
73,test_data/data_demand_random_50_batch_all1_equal_cluster/RC101_2.dat,4,60,3,1133,"[[[[0,[33,34,35,36,37,38,39,50,49,48,27,29,30,32,31,45,46,47,28,26]],[33,[]],[34,[]],[35,[]],[36,[]],[37,[]],[38,[]],[39,[]],[50,[]],[49,[]],[48,[]],[27,[]],[29,[]],[30,[]],[32,[]],[31,[]],[45,[]],[46,[]],[47,[]],[28,[]],[26,[]]],[[0,[16,17,18,19,44,43,20,15,13,14,1,2,3,4,5,6,40,41,42,25,23,22,21,8,24,11,12,10,9,7]],[16,[]],[17,[]],[18,[]],[19,[]],[44,[]],[43,[]],[20,[]],[15,[]],[13,[]],[14,[]],[1,[]],[2,[]],[3,[]],[4,[]],[5,[]],[6,[]],[40,[]],[41,[]],[42,[]],[25,[]],[23,[]],[22,[]],[21,[]],[8,[]],[24,[]],[11,[]],[12,[]],[10,[]],[9,[]],[7,[]]]],[]]",,,0,0,0,0,,,,,results/sol_best_RC101_2.dat_A4_L60_pid2753.txt,(not found),"ATS(nimp=50,seg=4,div=3,t=7200s,selected=best_on_timeout,timeout=True,attempt=1/3,seed=405559664) | parallel_runs=3,chosen_attempt=1,best_multi_from_attempt=",0,0,0,,,
74,test_data/data_demand_random_50_batch_all1_equal_cluster/RC101_2.dat,4,90,3,1133,"[[[[0,[33,34,35,36,37,38,39,50,49,48,27,29,30,32,31,45,46,47,28,26]],[33,[]],[34,[]],[35,[]],[36,[]],[37,[]],[38,[]],[39,[]],[50,[]],[49,[]],[48,[]],[27,[]],[29,[]],[30,[]],[32,[]],[31,[]],[45,[]],[46,[]],[47,[]],[28,[]],[26,[]]],[[0,[13,14,15,20,43,44,19,18,17,16,1,2,3,4,5,6,40,41,42,25,23,22,21,8,24,11,12,10,9,7]],[13,[]],[14,[]],[15,[]],[20,[]],[43,[]],[44,[]],[19,[]],[18,[]],[17,[]],[16,[]],[1,[]],[2,[]],[3,[]],[4,[]],[5,[]],[6,[]],[40,[]],[41,[]],[42,[]],[25,[]],[23,[]],[22,[]],[21,[]],[8,[]],[24,[]],[11,[]],[12,[]],[10,[]],[9,[]],[7,[]]]],[]]",,,0,0,0,0,,,,,results/sol_best_RC101_2.dat_A4_L60_pid2753.txt,,"A4L90<=A4L60 | ATS(nimp=50,seg=4,div=3,t=7200s,selected=best_on_timeout,timeout=True,attempt=1/3,seed=2461023714) | parallel_runs=3,chosen_attempt=1,best_multi_from_attempt=",0,0,0,,,
75,test_data/data_demand_random_50_batch_all1_equal_cluster/RC101_2.dat,4,120,3,1133,"[[[[0,[26,28,47,46,45,32,31,30,29,27,48,49,50,39,38,37,36,35,34,33]],[26,[]],[28,[]],[47,[]],[46,[]],[45,[]],[32,[]],[31,[]],[30,[]],[29,[]],[27,[]],[48,[]],[49,[]],[50,[]],[39,[]],[38,[]],[37,[]],[36,[]],[35,[]],[34,[]],[33,[]]],[[0,[16,17,18,19,44,43,20,15,14,13,1,2,3,4,5,6,40,41,42,25,22,21,23,24,11,12,10,9,8,7]],[16,[]],[17,[]],[18,[]],[19,[]],[44,[]],[43,[]],[20,[]],[15,[]],[14,[]],[13,[]],[1,[]],[2,[]],[3,[]],[4,[]],[5,[]],[6,[]],[40,[]],[41,[]],[42,[]],[25,[]],[22,[]],[21,[]],[23,[]],[24,[]],[11,[]],[12,[]],[10,[]],[9,[]],[8,[]],[7,[]]]],[]]",,,0,0,0,0,,,,,results/sol_best_RC101_2.dat_A4_L60_pid2753.txt,,"A4L120<=A4L90 | ATS(nimp=50,seg=4,div=3,t=7200s,selected=best_on_timeout,timeout=True,attempt=1/3,seed=587527461) | parallel_runs=3,chosen_attempt=1,best_multi_from_attempt=",0,0,0,,,
76,test_data/data_demand_random_50_batch_all1_equal_cluster/RC101_2.dat,8,60,3,1133,"[[[[0,[33,34,35,36,37,38,39,50,49,48,27,29,30,32,31,45,46,47,28,26]],[33,[]],[34,[]],[35,[]],[36,[]],[37,[]],[38,[]],[39,[]],[50,[]],[49,[]],[48,[]],[27,[]],[29,[]],[30,[]],[32,[]],[31,[]],[45,[]],[46,[]],[47,[]],[28,[]],[26,[]]],[[0,[16,17,18,19,44,43,20,15,13,14,3,1,2,4,5,6,40,41,42,25,21,22,23,24,12,11,10,9,8,7]],[16,[]],[17,[]],[18,[]],[19,[]],[44,[]],[43,[]],[20,[]],[15,[]],[13,[]],[14,[]],[3,[]],[1,[]],[2,[]],[4,[]],[5,[]],[6,[]],[40,[]],[41,[]],[42,[]],[25,[]],[21,[]],[22,[]],[23,[]],[24,[]],[12,[]],[11,[]],[10,[]],[9,[]],[8,[]],[7,[]]]],[]]",,,0,0,0,0,,,,,results/sol_best_RC101_2.dat_A8_L60_pid2748.txt,(not found),"ATS(nimp=50,seg=4,div=3,t=7200s,selected=best_on_timeout,timeout=True,attempt=1/3,seed=2634670944) | parallel_runs=3,chosen_attempt=1,best_multi_from_attempt=",0,0,0,,,
77,test_data/data_demand_random_50_batch_all1_equal_cluster/RC101_2.dat,8,90,3,1133,"[[[[0,[16,17,18,19,44,43,20,15,13,14,3,2,1,6,4,5,40,41,42,25,23,22,21,8,24,12,11,10,9,7]],[16,[]],[17,[]],[18,[]],[19,[]],[44,[]],[43,[]],[20,[]],[15,[]],[13,[]],[14,[]],[3,[]],[2,[]],[1,[]],[6,[]],[4,[]],[5,[]],[40,[]],[41,[]],[42,[]],[25,[]],[23,[]],[22,[]],[21,[]],[8,[]],[24,[]],[12,[]],[11,[]],[10,[]],[9,[]],[7,[]]],[[0,[26,28,47,46,45,32,31,30,29,27,48,49,50,39,38,37,36,35,34,33]],[26,[]],[28,[]],[47,[]],[46,[]],[45,[]],[32,[]],[31,[]],[30,[]],[29,[]],[27,[]],[48,[]],[49,[]],[50,[]],[39,[]],[38,[]],[37,[]],[36,[]],[35,[]],[34,[]],[33,[]]]],[]]",,,0,0,0,0,,,,,results/sol_best_RC101_2.dat_A4_L60_pid2753.txt,(not found),"A8L90<=A4L90 | ATS(nimp=50,seg=4,div=3,t=7200s,selected=best_on_timeout,timeout=True,attempt=1/3,seed=1981560407) | parallel_runs=3,chosen_attempt=1,best_multi_from_attempt=",0,0,0,,,
78,test_data/data_demand_random_50_batch_all1_equal_cluster/RC101_2.dat,8,120,3,1133,"[[[[0,[33,34,35,36,37,38,39,50,49,48,27,29,30,31,32,45,47,46,28,26]],[33,[]],[34,[]],[35,[]],[36,[]],[37,[]],[38,[]],[39,[]],[50,[]],[49,[]],[48,[]],[27,[]],[29,[]],[30,[]],[31,[]],[32,[]],[45,[]],[47,[]],[46,[]],[28,[]],[26,[]]],[[0,[14,13,15,20,43,44,19,18,17,16,1,2,3,4,5,6,40,41,42,25,23,22,21,8,9,10,12,11,24,7]],[14,[]],[13,[]],[15,[]],[20,[]],[43,[]],[44,[]],[19,[]],[18,[]],[17,[]],[16,[]],[1,[]],[2,[]],[3,[]],[4,[]],[5,[]],[6,[]],[40,[]],[41,[]],[42,[]],[25,[]],[23,[]],[22,[]],[21,[]],[8,[]],[9,[]],[10,[]],[12,[]],[11,[]],[24,[]],[7,[]]]],[]]",,,0,0,0,0,,,,,results/sol_best_RC101_2.dat_A4_L60_pid2753.txt,(not found),"A8L120<=A4L120 | ATS(nimp=50,seg=4,div=3,t=7200s,selected=best_on_timeout,timeout=True,attempt=3/3,seed=1918668201) | parallel_runs=3,chosen_attempt=3,best_multi_from_attempt=",0,0,0,,,
79,test_data/data_demand_random_50_batch_all1_equal_cluster/RC101_3.dat,4,60,1,1485,"[[[[0,[19,21,44,43,42,41,40,39,22,20,45,46,47,48,49,50,26,25,24,23]],[19,[]],[21,[]],[44,[]],[43,[]],[42,[]],[41,[]],[40,[]],[39,[]],[22,[]],[20,[]],[45,[]],[46,[]],[47,[]],[48,[]],[49,[]],[50,[]],[26,[]],[25,[]],[24,[]],[23,[]]],[[0,[27,28,29,37,30,38,13,11,12,14,3,4,5,2,1,31,32,33,34,35,17,16,15,8,9,36,10,18,7,6]],[27,[]],[28,[]],[29,[]],[37,[]],[30,[]],[38,[]],[13,[]],[11,[]],[12,[]],[14,[]],[3,[]],[4,[]],[5,[]],[2,[]],[1,[]],[31,[]],[32,[]],[33,[]],[34,[]],[35,[]],[17,[]],[16,[]],[15,[]],[8,[]],[9,[]],[36,[]],[10,[]],[18,[]],[7,[]],[6,[]]]],[]]",,,0,0,0,0,,,,,results/sol_best_RC101_3.dat_A4_L60_pid2801.txt,(not found),"ATS(nimp=50,seg=4,div=3,t=7200s,selected=best_on_timeout,timeout=True,attempt=1/3,seed=623352278) | parallel_runs=3,chosen_attempt=1,best_multi_from_attempt=",0,0,0,,,
80,test_data/data_demand_random_50_batch_all1_equal_cluster/RC101_3.dat,4,90,1,1477,"[[[[0,[44,43,42,40,41,45,46,47,48,49,50,26,25,24,23]],[44,[]],[43,[]],[42,[]],[40,[]],[41,[]],[45,[]],[46,[]],[47,[]],[48,[]],[49,[]],[50,[]],[26,[]],[25,[]],[24,[]],[23,[]]],[[0,[11,12,2,1,16,6,7,17,18,8,9,10,15,5,4,3,14,13,21,22,20,19]],[11,[]],[12,[]],[2,[27,28,29,30]],[1,[]],[16,[]],[6,[]],[7,[]],[17,[]],[18,[]],[8,[]],[9,[36]],[36,[]],[10,[]],[15,[31,34,33,32]],[5,[35,37,38]],[31,[]],[35,[]],[34,[]],[33,[]],[32,[]],[4,[]],[3,[]],[14,[]],[27,[]],[28,[]],[29,[]],[37,[]],[30,[]],[38,[]],[13,[]],[21,[]],[22,[]],[39,[39]],[20,[]],[19,[]]]],[[[2,[30,29,28,27]]],[[9,[36]]],[[15,[34,33,32,31]]],[[5,[35,37,38]]],[[39,[39]]]]]",,,73.881068618465,0,5,2.6,,,,,results/sol_best_RC101_3.dat_A4_L90_pid2647.txt,(not found),"ATS(nimp=50,seg=4,div=3,t=7200s,selected=best_on_timeout,timeout=True,attempt=1/3,seed=1755903657) | parallel_runs=3,chosen_attempt=1,best_multi_from_attempt=",78.881068618465,14.121576201699,0,,,
81,test_data/data_demand_random_50_batch_all1_equal_cluster/RC101_3.dat,4,120,1,1485,"[[[[0,[20,22,39,40,42,44,43,41,45,46,47,48,49,50,26,25,24,23]],[20,[]],[22,[]],[39,[]],[40,[]],[42,[]],[44,[]],[43,[]],[41,[]],[45,[]],[46,[]],[47,[]],[48,[]],[49,[]],[50,[]],[26,[]],[25,[]],[24,[]],[23,[]]],[[0,[6,18,36,10,9,8,7,15,16,17,35,34,33,32,31,4,5,1,2,3,14,27,28,29,37,30,38,12,11,13,21,19]],[6,[]],[18,[]],[36,[]],[10,[]],[9,[]],[8,[]],[7,[]],[15,[]],[16,[]],[17,[]],[35,[]],[34,[]],[33,[]],[32,[]],[31,[]],[4,[]],[5,[]],[1,[]],[2,[]],[3,[]],[14,[]],[27,[]],[28,[]],[29,[]],[37,[]],[30,[]],[38,[]],[12,[]],[11,[]],[13,[]],[21,[]],[19,[]]]],[]]",,,0,0,0,0,,,,,results/sol_best_RC101_3.dat_A4_L120_pid2800.txt,(not found),"ATS(nimp=50,seg=4,div=3,t=7200s,selected=best_on_timeout,timeout=True,attempt=1/3,seed=3081919377) | parallel_runs=3,chosen_attempt=1,best_multi_from_attempt=",0,0,0,,,
82,test_data/data_demand_random_50_batch_all1_equal_cluster/RC101_3.dat,8,60,1,1485,"[[[[0,[23,24,25,26,50,49,48,47,46,45,20,22,39,41,40,42,44,43,21,19]],[23,[]],[24,[]],[25,[]],[26,[]],[50,[]],[49,[]],[48,[]],[47,[]],[46,[]],[45,[]],[20,[]],[22,[]],[39,[]],[41,[]],[40,[]],[42,[]],[44,[]],[43,[]],[21,[]],[19,[]]],[[0,[14,27,28,29,37,30,38,13,12,11,3,4,5,2,1,31,32,33,34,35,17,16,15,7,18,36,10,9,8,6]],[14,[]],[27,[]],[28,[]],[29,[]],[37,[]],[30,[]],[38,[]],[13,[]],[12,[]],[11,[]],[3,[]],[4,[]],[5,[]],[2,[]],[1,[]],[31,[]],[32,[]],[33,[]],[34,[]],[35,[]],[17,[]],[16,[]],[15,[]],[7,[]],[18,[]],[36,[]],[10,[]],[9,[]],[8,[]],[6,[]]]],[]]",,,0,0,0,0,,,,,results/sol_best_RC101_3.dat_A4_L60_pid2801.txt,(not found),"A8L60<=A4L60 | ATS(nimp=50,seg=4,div=3,t=7200s,selected=best_on_timeout,timeout=True,attempt=1/3,seed=2401667650) | parallel_runs=3,chosen_attempt=1,best_multi_from_attempt=",0,0,0,,,
83,test_data/data_demand_random_50_batch_all1_equal_cluster/RC101_3.dat,8,90,1,1477,"[[[[0,[6,7,8,9,10,36,18,16,15,17,35,34,33,32,5,4,31,1,2,3,14,27,28,29,37,30,12,11,38,13,20,22]],[6,[]],[7,[]],[8,[]],[9,[]],[10,[]],[36,[]],[18,[]],[16,[]],[15,[]],[17,[]],[35,[]],[34,[]],[33,[]],[32,[]],[5,[]],[4,[]],[31,[]],[1,[]],[2,[]],[3,[]],[14,[]],[27,[]],[28,[]],[29,[]],[37,[]],[30,[]],[12,[]],[11,[]],[38,[]],[13,[]],[20,[39]],[39,[]],[22,[]]],[[0,[23,24,25,26,50,49,48,47,46,45,41,40,42,44,43,21,19]],[23,[]],[24,[]],[25,[]],[26,[]],[50,[]],[49,[]],[48,[]],[47,[]],[46,[]],[45,[]],[41,[]],[40,[]],[42,[]],[44,[]],[43,[]],[21,[]],[19,[]]]],[[[20,[39]]]]]",,,70.114192571833,0,1,1,,,,,results/sol_best_RC101_3.dat_A4_L90_pid2647.txt,,"A8L90<=A4L90 | ATS(nimp=50,seg=4,div=3,t=7200s,selected=best_on_timeout,timeout=True,attempt=1/3,seed=4247350248) | parallel_runs=3,chosen_attempt=1,best_multi_from_attempt=",75.114192571833,0,0,,,
84,test_data/data_demand_random_50_batch_all1_equal_cluster/RC101_3.dat,8,120,1,1485,"[[[[0,[23,24,25,26,50,49,48,47,46,45,20,22,39,40,41,42,44,43,21,19]],[23,[]],[24,[]],[25,[]],[26,[]],[50,[]],[49,[]],[48,[]],[47,[]],[46,[]],[45,[]],[20,[]],[22,[]],[39,[]],[40,[]],[41,[]],[42,[]],[44,[]],[43,[]],[21,[]],[19,[]]],[[0,[14,27,28,29,37,30,38,13,12,11,3,4,5,2,1,31,32,33,34,35,17,16,15,7,8,9,36,10,18,6]],[14,[]],[27,[]],[28,[]],[29,[]],[37,[]],[30,[]],[38,[]],[13,[]],[12,[]],[11,[]],[3,[]],[4,[]],[5,[]],[2,[]],[1,[]],[31,[]],[32,[]],[33,[]],[34,[]],[35,[]],[17,[]],[16,[]],[15,[]],[7,[]],[8,[]],[9,[]],[36,[]],[10,[]],[18,[]],[6,[]]]],[]]",,,0,0,0,0,,,,,results/sol_best_RC101_3.dat_A4_L120_pid2800.txt,,"A8L120<=A4L120 | ATS(nimp=50,seg=4,div=3,t=7200s,selected=best_on_timeout,timeout=True,attempt=1/3,seed=3130857192) | parallel_runs=3,chosen_attempt=1,best_multi_from_attempt=",0,0,0,,,
85,test_data/data_demand_random_50_batch_all1_equal_random/C101_0.5.dat,4,60,3,401,"[[[[0,[23,25,28,5,29,15,36,39,27,17,20,6,30,19,16,4,31,22,26,13,32,33,38]],[23,[]],[25,[]],[28,[]],[5,[46,41,47]],[29,[]],[15,[]],[46,[]],[36,[]],[39,[]],[27,[]],[17,[]],[20,[]],[6,[]],[30,[]],[19,[]],[16,[]],[4,[]],[41,[]],[31,[]],[22,[]],[26,[]],[13,[]],[32,[]],[33,[]],[47,[]],[38,[]]],[[0,[14,3,10,24,35,34,45,8,11,21,43,7,44,9,42,18,40,1,2,37,12]],[14,[48,50,49]],[3,[]],[10,[]],[24,[]],[35,[]],[34,[]],[45,[]],[48,[]],[8,[]],[11,[]],[21,[]],[50,[]],[43,[]],[7,[]],[49,[]],[44,[]],[9,[]],[42,[]],[18,[]],[40,[]],[1,[]],[2,[]],[37,[]],[12,[]]]],[[[5,[46,47,41]]],[[14,[48,50,49]]]]]",,,34.663715633522,0,2,3,,,,,results/sol_best_C101_0.5.dat_A4_L60_pid2747.txt,(not found),"ATS(nimp=50,seg=4,div=3,t=7200s,selected=best_on_timeout,timeout=True,attempt=1/3,seed=926790250) | parallel_runs=3,chosen_attempt=1,best_multi_from_attempt=",39.663715633522,0,0,,,
86,test_data/data_demand_random_50_batch_all1_equal_random/C101_0.5.dat,4,90,3,401,"[[[[0,[23,25,28,5,29,15,36,39,27,17,20,6,30,19,16,4,31,22,26,13,32,33,38]],[23,[]],[25,[]],[28,[]],[5,[46,41,47]],[29,[]],[15,[]],[46,[]],[36,[]],[39,[]],[27,[]],[17,[]],[20,[]],[6,[]],[30,[]],[19,[]],[16,[]],[4,[]],[41,[]],[31,[]],[22,[]],[26,[]],[13,[]],[32,[]],[33,[]],[47,[]],[38,[]]],[[0,[14,3,10,24,35,34,45,8,11,21,43,7,44,9,42,18,40,1,2,37,12]],[14,[48,50,49]],[3,[]],[10,[]],[24,[]],[35,[]],[34,[]],[45,[]],[48,[]],[8,[]],[11,[]],[21,[]],[50,[]],[43,[]],[49,[]],[7,[]],[44,[]],[9,[]],[42,[]],[18,[]],[40,[]],[1,[]],[2,[]],[37,[]],[12,[]]]],[[[5,[46,47,41]]],[[14,[48,50,49]]]]]",,,34.663715633522,0,2,3,,,,,results/sol_best_C101_0.5.dat_A4_L60_pid2747.txt,,"A4L90<=A4L60 | ATS(nimp=50,seg=4,div=3,t=7200s,selected=best_on_timeout,timeout=True,attempt=1/3,seed=4168240435) | parallel_runs=3,chosen_attempt=1,best_multi_from_attempt=",39.663715633522,0,0,,,
87,test_data/data_demand_random_50_batch_all1_equal_random/C101_0.5.dat,4,120,3,401,"[[[[0,[23,25,28,5,29,15,36,39,27,17,20,6,30,19,16,4,31,22,26,13,32,33,38]],[23,[]],[25,[]],[28,[]],[5,[46,41,47]],[29,[]],[15,[]],[46,[]],[36,[]],[39,[]],[27,[]],[17,[]],[20,[]],[6,[]],[30,[]],[19,[]],[16,[]],[4,[]],[41,[]],[31,[]],[22,[]],[26,[]],[13,[]],[32,[]],[33,[]],[47,[]],[38,[]]],[[0,[14,3,10,24,35,34,45,8,11,21,7,43,44,9,42,18,40,1,2,37,12]],[14,[48,50,49]],[3,[]],[10,[]],[24,[]],[35,[]],[34,[]],[45,[]],[48,[]],[8,[]],[11,[]],[21,[]],[50,[]],[49,[]],[7,[]],[43,[]],[44,[]],[9,[]],[42,[]],[18,[]],[40,[]],[1,[]],[2,[]],[37,[]],[12,[]]]],[[[5,[46,47,41]]],[[14,[48,50,49]]]]]",,,34.663715633522,0,2,3,,,,,results/sol_best_C101_0.5.dat_A4_L60_pid2747.txt,,"A4L120<=A4L90 | ATS(nimp=50,seg=4,div=3,t=7200s,selected=best_on_timeout,timeout=True,attempt=1/3,seed=1481400088) | parallel_runs=3,chosen_attempt=1,best_multi_from_attempt=",39.663715633522,0,0,,,
88,test_data/data_demand_random_50_batch_all1_equal_random/C101_0.5.dat,8,60,3,401,"[[[[0,[23,25,28,5,29,15,36,39,27,17,20,6,30,19,16,4,31,22,26,13,32,33,38]],[23,[]],[25,[]],[28,[]],[5,[46,41,47]],[29,[]],[15,[]],[46,[]],[36,[]],[39,[]],[27,[]],[17,[]],[20,[]],[6,[]],[30,[]],[19,[]],[16,[]],[4,[]],[41,[]],[31,[]],[22,[]],[26,[]],[13,[]],[32,[]],[33,[]],[47,[]],[38,[]]],[[0,[14,3,10,24,35,34,45,8,11,21,7,43,44,9,42,18,40,1,2,37,12]],[14,[48,50,49]],[3,[]],[10,[]],[24,[]],[35,[]],[34,[]],[45,[]],[48,[]],[8,[]],[11,[]],[21,[]],[50,[]],[49,[]],[7,[]],[43,[]],[44,[]],[9,[]],[42,[]],[18,[]],[40,[]],[1,[]],[2,[]],[37,[]],[12,[]]]],[[[5,[46,47,41]]],[[14,[48,50,49]]]]]",,,34.663715633522,0,2,3,,,,,results/sol_best_C101_0.5.dat_A4_L60_pid2747.txt,,"A8L60<=A4L60 | ATS(nimp=50,seg=4,div=3,t=7200s,selected=best_on_timeout,timeout=True,attempt=1/3,seed=941305910) | parallel_runs=3,chosen_attempt=1,best_multi_from_attempt=",39.663715633522,0,0,,,
89,test_data/data_demand_random_50_batch_all1_equal_random/C101_0.5.dat,8,90,3,401,"[[[[0,[23,25,28,5,29,15,36,39,27,17,20,6,30,19,16,4,31,22,26,13,32,33,38]],[23,[]],[25,[]],[28,[]],[5,[46,41,47]],[29,[]],[15,[]],[46,[]],[36,[]],[39,[]],[27,[]],[17,[]],[20,[]],[6,[]],[30,[]],[19,[]],[16,[]],[4,[]],[41,[]],[31,[]],[22,[]],[26,[]],[13,[]],[32,[]],[33,[]],[47,[]],[38,[]]],[[0,[14,3,10,24,35,34,45,8,11,21,43,7,44,9,42,18,40,1,2,37,12]],[14,[48,50,49]],[3,[]],[10,[]],[24,[]],[35,[]],[34,[]],[45,[]],[48,[]],[8,[]],[11,[]],[21,[]],[50,[]],[43,[]],[49,[]],[7,[]],[44,[]],[9,[]],[42,[]],[18,[]],[40,[]],[1,[]],[2,[]],[37,[]],[12,[]]]],[[[5,[46,47,41]]],[[14,[48,50,49]]]]]",,,34.663715633522,0,2,3,,,,,results/sol_best_C101_0.5.dat_A4_L60_pid2747.txt,,"A8L90<=A4L90 | ATS(nimp=50,seg=4,div=3,t=7200s,selected=best_on_timeout,timeout=True,attempt=1/3,seed=2927584780) | parallel_runs=3,chosen_attempt=1,best_multi_from_attempt=",39.663715633522,0,0,,,
90,test_data/data_demand_random_50_batch_all1_equal_random/C101_0.5.dat,8,120,3,401,"[[[[0,[23,28,25,5,29,15,36,39,27,17,20,6,30,19,16,4,31,22,26,13,32,37,38]],[23,[]],[28,[]],[25,[]],[5,[46,41,47]],[29,[]],[15,[]],[46,[]],[36,[]],[39,[]],[27,[]],[17,[]],[20,[]],[6,[]],[30,[]],[19,[]],[16,[]],[4,[]],[41,[]],[31,[]],[22,[]],[26,[]],[13,[]],[32,[]],[37,[]],[47,[]],[38,[]]],[[0,[14,3,10,24,35,34,45,8,11,21,43,7,44,9,42,18,40,1,2,33,12]],[14,[48,50,49]],[3,[]],[10,[]],[24,[]],[35,[]],[34,[]],[45,[]],[48,[]],[8,[]],[11,[]],[21,[]],[43,[]],[50,[]],[49,[]],[7,[]],[44,[]],[9,[]],[42,[]],[18,[]],[40,[]],[1,[]],[2,[]],[33,[]],[12,[]]]],[[[5,[46,47,41]]],[[14,[48,50,49]]]]]",,,34.663715633522,0,2,3,,,,,results/sol_best_C101_0.5.dat_A4_L60_pid2747.txt,,"A8L120<=A4L120 | ATS(nimp=50,seg=4,div=3,t=7200s,selected=best_on_timeout,timeout=True,attempt=1/3,seed=1449226764) | parallel_runs=3,chosen_attempt=1,best_multi_from_attempt=",39.663715633522,0,0,,,
91,test_data/data_demand_random_50_batch_all1_equal_random/C201_0.5.dat,4,60,3,579,"[[[[0,[31,11,29,18,9,32,22,42,1,36,41,12,10,17,34,35,2,8,16,28,5,30]],[31,[]],[11,[45]],[29,[]],[45,[]],[18,[]],[9,[]],[32,[]],[22,[49]],[42,[]],[1,[]],[36,[]],[49,[]],[41,[]],[12,[]],[10,[]],[17,[]],[34,[]],[35,[]],[2,[]],[8,[]],[16,[]],[28,[]],[5,[]],[30,[]]],[[0,[46,39,27,15,7,13,19,6,25,47,3,48,23,40,50,33,4,44,21,37,24,26,43,20,38,14]],[46,[]],[39,[]],[27,[]],[15,[]],[7,[]],[13,[]],[19,[]],[6,[]],[25,[]],[47,[]],[3,[]],[48,[]],[23,[]],[40,[]],[50,[]],[33,[]],[4,[]],[44,[]],[21,[]],[37,[]],[24,[]],[26,[]],[43,[]],[20,[]],[38,[]],[14,[]]]],[[[11,[45]]],[[22,[49]]]]]",,,40.262410832477,0,2,1,,,,,,(not found),"ATS(nimp=50,seg=4,div=3,t=7200s,selected=best_after_ats,timeout=False,attempt=1/3,seed=685568985) | parallel_runs=3,chosen_attempt=1,best_multi_from_attempt=",45.262410832477,0,0,,,
92,test_data/data_demand_random_50_batch_all1_equal_random/C201_0.5.dat,4,90,1,555.770843292293,"[[[[0,[1]],[11,[11,9,2,8]],[29,[29,18,16,14]],[18,[]],[9,[]],[45,[45,32,35,28]],[31,[31,42,34,36]],[32,[]],[22,[22,17,12,10]],[42,[]],[35,[]],[17,[]],[34,[]],[1,[]],[36,[]],[49,[49,41,38]],[41,[]],[12,[]],[10,[]],[2,[]],[8,[]],[16,[]],[28,[]],[38,[]],[14,[]]],[[0,[3,4]],[15,[15,6,13,7]],[6,[]],[13,[]],[19,[19,24,26]],[7,[]],[3,[]],[48,[48,23,40,33]],[23,[]],[40,[]],[50,[50,44,21,37]],[33,[]],[4,[]],[44,[]],[21,[]],[37,[]],[24,[]],[26,[]],[43,[43,5,20,30]],[5,[27,25]],[20,[]],[30,[]],[27,[]],[39,[39,47,46]],[47,[]],[25,[]],[46,[]]]],[[[11,[11,8,2,9]]],[[15,[15,7,6,13]]],[[29,[29,18,16,14]]],[[45,[45,35,32,28]]],[[19,[19,24,26]]],[[31,[31,42,36,34]]],[[22,[22,17,12,10]]],[[48,[48,40,23,33]]],[[50,[50,44,37,21]]],[[49,[49,41,38]]],[[43,[43,20,30,5]]],[[5,[25,27]]],[[39,[39,47,46]]]]]",,,50.522541181384,0,13,3.615384615385,,,,,,(not found),"ATS(nimp=50,seg=4,div=3,t=7200s,selected=best_on_timeout,timeout=True,attempt=1/3,seed=451359665) | parallel_runs=3,chosen_attempt=1,best_multi_from_attempt=",55.522541181384,5.416894272704,0,,,
93,test_data/data_demand_random_50_batch_all1_equal_random/C201_0.5.dat,4,120,4,542,"[[[[0,[1]],[11,[11,10,9,5]],[38,[38,14,18,17]],[14,[]],[31,[31,29,12]],[9,[]],[18,[]],[45,[45,42,22,30]],[29,[]],[22,[41,32,36,26]],[32,[]],[42,[]],[1,[]],[36,[]],[49,[49,34,35]],[41,[]],[12,[]],[10,[]],[17,[]],[34,[]],[35,[]],[43,[43]],[26,[]],[5,[]],[30,[]]],[[0,[3,2,4]],[13,[13,7,6,15]],[19,[19,24,23,25]],[7,[]],[6,[]],[15,[]],[3,[]],[47,[47,40,27,21]],[25,[]],[46,[46,39,37,16]],[39,[]],[27,[]],[24,[]],[37,[]],[48,[48,50,8]],[23,[]],[50,[]],[40,[]],[21,[]],[44,[44,33,28,20]],[4,[]],[33,[]],[16,[]],[8,[]],[2,[]],[28,[]],[20,[]]]],[[[11,[11,10,9,5]]],[[13,[13,7,6,15]]],[[19,[19,24,23,25]]],[[38,[38,14,18,17]]],[[31,[31,29,12]]],[[47,[47,40,27,21]]],[[46,[46,39,37,16]]],[[45,[45,42,22,30]]],[[22,[41,32,36,26]]],[[48,[48,50,8]]],[[44,[44,33,28,20]]],[[49,[49,34,35]]],[[43,[43]]]]]",,,47.800468805625,0,13,3.538461538462,,,,,,,"ATS(nimp=50,seg=4,div=3,t=7200s,selected=best_on_timeout,timeout=True,attempt=1/3,seed=3164589395) | parallel_runs=3,chosen_attempt=1,best_multi_from_attempt=",52.800468805625,0.94003507769,0,,,
94,test_data/data_demand_random_50_batch_all1_equal_random/C201_0.5.dat,8,60,5,521.661903789691,"[[[[0,[3,4]],[5,[5,6,7]],[3,[]],[6,[19,13,25,15,23,21,24,26]],[7,[]],[19,[]],[13,[]],[25,[]],[46,[46,39,47,27,33,37,20,30]],[39,[]],[47,[]],[15,[]],[27,[48,40,50,44,43,38]],[48,[]],[23,[]],[40,[]],[50,[]],[33,[]],[4,[]],[44,[]],[21,[]],[37,[]],[24,[]],[26,[]],[43,[]],[20,[]],[38,[]],[30,[]]],[[0,[2,1]],[14,[14,8,16,10,12,9,11]],[2,[]],[8,[]],[16,[]],[28,[28,35,34,17,22,18,29]],[35,[41,49,36,42,32,31]],[34,[]],[17,[]],[10,[]],[12,[]],[41,[]],[49,[]],[36,[]],[1,[]],[42,[]],[22,[]],[32,[]],[9,[]],[18,[]],[45,[45]],[29,[]],[11,[]],[31,[]]]],[[[5,[5,6,7]]],[[14,[14,8,16,10,12,9,11]]],[[6,[19,13,15,25,21,23,24,26]]],[[28,[28,35,34,17,22,18,29]]],[[35,[41,49,36,42,32,31]]],[[46,[46,47,39,27,33,37,20,30]]],[[27,[44,50,40,48,43,38]]],[[45,[45]]]]]",,,38.193968856366,0,8,5.75,,,,,,,"ATS(nimp=50,seg=4,div=3,t=7200s,selected=best_after_ats,timeout=False,attempt=1/3,seed=1485802068) | parallel_runs=3,chosen_attempt=1,best_multi_from_attempt=",43.193968856366,2.707737973711,0,,,
95,test_data/data_demand_random_50_batch_all1_equal_random/C201_0.5.dat,8,90,2,508.637015495209,"[[[[0,[1]],[9,[9,18,11,22,12,17,8,16]],[18,[]],[29,[29]],[45,[45,31,32,42,36,10,34,2]],[11,[]],[31,[]],[32,[]],[22,[]],[42,[49,41,35,28,30]],[1,[]],[36,[]],[49,[]],[41,[]],[12,[]],[10,[]],[17,[]],[34,[]],[35,[]],[2,[]],[8,[]],[16,[]],[28,[]],[30,[]]],[[0,[3,4]],[5,[5,7,6]],[3,[]],[15,[15,19,13,20,14]],[7,[]],[19,[]],[13,[]],[6,[]],[47,[47,46,39,27,23,40,50,26]],[25,[25,48,33,44,21,37,24]],[46,[]],[39,[]],[27,[]],[48,[]],[23,[]],[40,[]],[50,[]],[33,[]],[4,[]],[44,[]],[21,[]],[37,[]],[24,[]],[26,[]],[43,[43,38]],[20,[]],[38,[]],[14,[]]]],[[[5,[5,7,6]]],[[9,[9,18,22,12,17,8,16,11]]],[[15,[15,19,13,14,20]]],[[29,[29]]],[[45,[45,31,32,2,36,10,34,42]]],[[47,[47,46,39,27,40,50,23,26]]],[[25,[25,21,24,44,48,37,33]]],[[42,[49,41,35,28,30]]],[[43,[43,38]]]]]",,,43.56601644949,0,9,5.222222222222,,,,,,,"ATS(nimp=50,seg=4,div=3,t=7200s,selected=best_on_timeout,timeout=True,attempt=1/3,seed=3775919308) | parallel_runs=3,chosen_attempt=1,best_multi_from_attempt=",48.56601644949,2.903672597308,0,,,
96,test_data/data_demand_random_50_batch_all1_equal_random/C201_0.5.dat,8,120,2,500,"[[[[0,[3,4]],[13,[13,7,6,15]],[19,[19,25,24,23,21,16,20]],[7,[]],[6,[]],[15,[]],[3,[]],[25,[]],[47,[47,27,39,46,33,40,37,28]],[27,[]],[39,[]],[46,[]],[24,[]],[4,[]],[33,[]],[50,[50,48,44,26,43]],[40,[]],[23,[]],[48,[]],[37,[]],[21,[]],[44,[]],[16,[]],[28,[]],[26,[]],[43,[]],[20,[]]],[[0,[2,1]],[5,[5,8,10,12,11]],[8,[]],[2,[]],[35,[35,34,17,22,29,18,9,14]],[34,[]],[17,[]],[10,[]],[12,[]],[41,[41,49,36,42,45,31,32]],[49,[]],[36,[]],[1,[]],[42,[]],[22,[]],[11,[]],[29,[]],[45,[]],[18,[]],[9,[]],[31,[]],[32,[]],[14,[]],[38,[38,30]],[30,[]]]],[[[5,[5,8,11,12,10]]],[[13,[13,6,7,15]]],[[19,[19,24,23,21,16,25,20]]],[[35,[35,34,29,18,22,9,14,17]]],[[41,[41,49,42,45,32,31,36]]],[[47,[47,39,46,33,40,37,28,27]]],[[38,[38,30]]],[[50,[50,48,44,43,26]]]]]",,,52.660562564908,0,8,5.75,,,,,,,"ATS(nimp=50,seg=4,div=3,t=7200s,selected=best_on_timeout,timeout=True,attempt=1/3,seed=424441040) | parallel_runs=3,chosen_attempt=1,best_multi_from_attempt=",57.660562564908,1.625,0,,,
97,test_data/data_demand_random_50_batch_all1_equal_random/C201_1.5.dat,4,60,3,745.76305461424,"[[[[0,[4,2,3]],[4,[]],[2,[]],[20,[20,6,7,17]],[6,[28]],[7,[]],[17,[]],[28,[]],[30,[30,23,33]],[23,[]],[35,[35,29,12,16]],[29,[41,14,27,25]],[33,[]],[12,[]],[16,[]],[41,[]],[14,[]],[27,[]],[3,[]],[25,[]],[50,[50,22,24,48]],[22,[]],[44,[44,37,43,46]],[37,[]],[43,[]],[46,[]],[24,[]],[48,[]]],[[0,[5]],[9,[9,1]],[13,[13,8,10]],[8,[]],[19,[19,11,15,18]],[10,[]],[11,[]],[38,[38,32,31,26]],[32,[]],[31,[]],[1,[]],[5,[]],[26,[]],[36,[36,40,39,21]],[15,[49,47,42,34]],[40,[]],[39,[]],[18,[]],[49,[]],[21,[]],[47,[]],[42,[]],[34,[]],[45,[45]]]],[[[20,[20,6,7,17]]],[[9,[9,1]]],[[13,[13,8,10]]],[[19,[19,11,15,18]]],[[6,[28]]],[[30,[30,23,33]]],[[38,[38,32,31,26]]],[[35,[35,29,12,16]]],[[29,[41,14,27,25]]],[[36,[36,39,40,21]]],[[15,[49,47,42,34]]],[[50,[50,22,24,48]]],[[45,[45]]],[[44,[44,37,43,46]]]]]",745.76305461424,"[[[[0,[4,2,3]],[4,[]],[2,[]],[20,[20,6,7,17]],[6,[28]],[7,[]],[17,[]],[28,[]],[30,[30,23,33]],[23,[]],[35,[35,29,12,16]],[29,[41,14,27,25]],[33,[]],[12,[]],[16,[]],[41,[]],[14,[]],[27,[]],[3,[]],[25,[]],[50,[50,22,24,48]],[22,[]],[44,[44,37,43,46]],[37,[]],[43,[]],[46,[]],[24,[]],[48,[]]],[[0,[]],[9,[9,1]],[13,[13,8,10]],[8,[]],[19,[19,11,15,18]],[10,[]],[11,[5]],[38,[38,32,31,26]],[32,[]],[31,[]],[1,[]],[5,[]],[26,[]],[36,[36,39,40,21]],[15,[49,47,42,34]],[40,[]],[39,[]],[18,[]],[49,[]],[21,[]],[47,[]],[42,[]],[34,[]],[45,[45]]]],[[[20,[20,6,7,17]]],[[9,[9,1]]],[[13,[13,8,10]]],[[19,[19,11,15,18]]],[[6,[28]],[11,[5]]],[[30,[30,23,33]]],[[38,[38,32,31,26]]],[[35,[35,29,12,16]]],[[29,[41,14,27,25]]],[[36,[36,39,40,21]]],[[15,[49,47,42,34]]],[[50,[50,22,24,48]]],[[45,[45]]],[[44,[44,37,43,46]]]]]",35.283037167066,0,14,3.285714285714,37.37760534548,1,13,3.307692307692,,(not found),"ATS(nimp=50,seg=4,div=3,t=7200s,selected=best_on_timeout,timeout=True,attempt=1/3,seed=1118750378) | parallel_runs=3,chosen_attempt=1,best_multi_from_attempt=",40.283037167066,5.635414326047,0,42.762220730095,2.278271468904,0.448385662393
98,test_data/data_demand_random_50_batch_all1_equal_random/C201_1.5.dat,4,90,3,716.068883707497,"[[[[0,[2,4,3]],[9,[9]],[13,[13,8,10]],[8,[]],[10,[]],[19,[19,16,12,21]],[2,[]],[25,[25,27,14,28]],[27,[]],[14,[]],[4,[]],[3,[]],[16,[]],[34,[34,41,42,39]],[41,[]],[12,[]],[42,[]],[47,[47,49,40,23]],[39,[]],[49,[]],[21,[30,29]],[40,[]],[28,[]],[30,[]],[23,[]],[29,[]]],[[0,[5,1]],[5,[]],[18,[18,17,7,11]],[17,[]],[7,[]],[15,[15,6]],[1,[]],[31,[31,32,22,24]],[32,[]],[38,[38,26,37]],[26,[]],[36,[36,20,33]],[6,[]],[20,[]],[45,[45,35,44,43]],[11,[]],[33,[]],[35,[]],[50,[50,46,48]],[22,[]],[44,[]],[37,[]],[43,[]],[46,[]],[24,[]],[48,[]]]],[[[18,[18,17,7,11]]],[[9,[9]]],[[13,[13,8,10]]],[[15,[15,6]]],[[19,[19,16,12,21]]],[[25,[25,27,14,28]]],[[31,[31,32,22,24]]],[[34,[34,41,42,39]]],[[38,[38,26,37]]],[[36,[36,20,33]]],[[45,[45,35,44,43]]],[[50,[50,46,48]]],[[47,[47,49,40,23]]],[[21,[30,29]]]]]",716.068883707497,"[[[[0,[4,3]],[9,[9]],[13,[13,8,10]],[8,[]],[10,[2]],[19,[19,16,12,21]],[2,[]],[25,[25,27,14,28]],[27,[]],[14,[]],[4,[]],[3,[]],[16,[]],[34,[34,41,42,39]],[41,[]],[12,[]],[42,[]],[47,[47,49,40,23]],[39,[]],[49,[]],[21,[30,29]],[40,[]],[28,[]],[30,[]],[23,[]],[29,[]]],[[0,[5,1]],[5,[]],[18,[18,17,7,11]],[17,[]],[7,[]],[15,[15,6]],[1,[]],[31,[31,32,22,24]],[32,[]],[38,[38,26,37]],[26,[]],[36,[36,20,33]],[6,[]],[20,[]],[45,[45,35,44,43]],[11,[]],[33,[]],[35,[]],[50,[50,46,48]],[22,[]],[44,[]],[37,[]],[43,[]],[46,[]],[24,[]],[48,[]]]],[[[18,[18,17,7,11]]],[[9,[9]]],[[13,[13,8,10]]],[[10,[2]],[15,[15,6]]],[[19,[19,16,12,21]]],[[25,[25,27,14,28]]],[[31,[31,32,22,24]]],[[34,[34,41,42,39]]],[[38,[38,26,37]]],[[36,[36,20,33]]],[[45,[45,35,44,43]]],[[50,[50,46,48]]],[[47,[47,49,40,23]]],[[21,[30,29]]]]]",49.147921618257,0,14,3.214285714286,,,,,,(not found),"ATS(nimp=50,seg=4,div=3,t=7200s,selected=best_on_timeout,timeout=True,attempt=1/3,seed=833237208) | parallel_runs=3,chosen_attempt=1,best_multi_from_attempt=",54.147921618257,7.743889099876,0,,,
99,test_data/data_demand_random_50_batch_all1_equal_random/C201_1.5.dat,4,120,5,713.840522027551,"[[[[0,[5,1]],[5,[7,9]],[7,[]],[18,[18,17,15,6]],[17,[]],[15,[]],[32,[32,31,20,24]],[31,[]],[1,[]],[26,[26,38,36,19]],[38,[]],[36,[]],[6,[]],[20,[]],[45,[45,43,37,46]],[9,[]],[50,[50,22,44,48]],[19,[]],[43,[]],[22,[]],[44,[]],[37,[]],[46,[]],[24,[]],[48,[]]],[[0,[3,4,2]],[10,[10,8,13,12]],[8,[]],[13,[14,23,16,21]],[3,[]],[4,[]],[2,[]],[14,[]],[27,[27,25,34,28]],[25,[]],[23,[]],[35,[35,41,42,39]],[12,[]],[16,[]],[41,[]],[34,[]],[42,[]],[47,[47,49,40,30]],[21,[]],[49,[]],[39,[]],[40,[]],[28,[]],[30,[]],[29,[29,33,11]],[33,[]],[11,[]]]],[[[5,[7,9]]],[[10,[10,13,8,12]]],[[18,[18,17,15,6]]],[[13,[23,16,21,14]]],[[27,[27,25,34,28]]],[[32,[32,31,20,24]]],[[26,[26,36,38,19]]],[[35,[35,41,42,39]]],[[45,[45,43,37,46]]],[[50,[50,22,44,48]]],[[47,[47,49,40,30]]],[[29,[29,33,11]]]]]",713.840522027551,"[[[[0,[5,1]],[5,[7,9]],[7,[]],[18,[18,17,15,6]],[17,[]],[15,[]],[32,[32,31,20,24]],[31,[]],[1,[]],[26,[26,36,38,19]],[38,[]],[36,[]],[6,[]],[20,[]],[45,[45,43,37,46]],[9,[]],[50,[50,22,44,48]],[19,[]],[43,[]],[22,[]],[44,[]],[37,[]],[46,[]],[24,[]],[48,[]]],[[0,[10,13,3,4,2,12,11]],[10,[8]],[8,[]],[13,[23,16,21,14]],[3,[]],[4,[]],[2,[]],[14,[]],[27,[27,25,34,28]],[25,[]],[23,[]],[35,[35,41,42,39]],[12,[]],[16,[]],[41,[]],[34,[]],[42,[]],[47,[47,49,40,30]],[21,[]],[49,[]],[39,[]],[40,[]],[28,[]],[30,[]],[29,[29,33]],[33,[]],[11,[]]]],[[[5,[7,9]],[10,[8]]],[[18,[18,17,15,6]]],[[13,[23,16,21,14]]],[[27,[27,25,34,28]]],[[32,[32,31,20,24]]],[[26,[26,36,38,19]]],[[35,[35,41,42,39]]],[[45,[45,43,37,46]]],[[50,[50,22,44,48]]],[[47,[47,49,40,30]]],[[29,[29,33]]]]]",47.936973777827,0,12,3.75,,,,,,,"ATS(nimp=50,seg=4,div=3,t=7200s,selected=best_on_timeout,timeout=True,attempt=1/3,seed=2324612029) | parallel_runs=3,chosen_attempt=1,best_multi_from_attempt=",52.936973777827,7.427857286361,0,,,
100,test_data/data_demand_random_50_batch_all1_equal_random/C201_1.5.dat,8,60,1,719,"[[[[0,[4,2,1]],[4,[]],[2,[]],[13,[13,6]],[19,[19,22,10,20,21,23]],[22,[]],[10,[]],[20,[]],[38,[38,32,31,26,36,30,28,34]],[32,[]],[31,[]],[1,[]],[26,[]],[36,[]],[6,[]],[30,[40,39,49,47,42,45]],[28,[]],[40,[]],[39,[]],[49,[]],[21,[]],[47,[]],[42,[]],[34,[]],[23,[]],[45,[]]],[[0,[5,3]],[5,[]],[11,[11,15,18,17,7,9,12,16]],[15,[]],[18,[]],[17,[]],[7,[]],[9,[]],[33,[33,29,35,37]],[29,[]],[35,[41,14,27,25,8]],[12,[]],[16,[]],[41,[]],[14,[]],[27,[]],[3,[]],[25,[]],[50,[50,43,48,24,46,44]],[43,[]],[8,[]],[48,[]],[24,[]],[46,[]],[37,[]],[44,[]]]],[[[13,[13,6]]],[[11,[11,15,18,17,7,9,12,16]]],[[19,[19,10,20,21,23,22]]],[[33,[33,29,35,37]]],[[38,[38,32,31,26,36,30,28,34]]],[[35,[41,14,27,25,8]]],[[50,[50,43,48,24,46,44]]],[[30,[40,39,49,47,42,45]]]]]",,,35.771998626401,0,8,5.625,40.464397293174,1,8,5.625,,(not found),"ATS(nimp=50,seg=4,div=3,t=7200s,selected=best_on_timeout,timeout=True,attempt=1/3,seed=1163521828) | parallel_runs=3,chosen_attempt=1,best_multi_from_attempt=",40.771998626401,3.760398644698,0,46.089397293174,2.787021017509,0
101,test_data/data_demand_random_50_batch_all1_equal_random/C201_1.5.dat,8,90,3,706.04834939252,"[[[[0,[4,2,3]],[4,[]],[3,[]],[12,[12,13,10,9]],[2,[]],[22,[22,8]],[13,[]],[10,[24,19,27,14,16,25,21]],[24,[]],[8,[]],[19,[30,28,20]],[25,[]],[27,[]],[14,[]],[41,[41,42,34,36,39,40]],[16,[]],[34,[]],[42,[]],[47,[47,45,49]],[21,[]],[49,[]],[39,[]],[40,[]],[28,[]],[30,[]],[36,[]],[20,[]],[45,[]],[9,[]]],[[0,[1,5]],[6,[6]],[7,[7,18,17,15]],[18,[]],[17,[]],[15,[]],[26,[26]],[5,[]],[1,[31,32,23,33,11]],[31,[]],[32,[]],[38,[38,37,35,29]],[48,[48,46,50,44,43]],[46,[]],[43,[]],[37,[]],[44,[]],[50,[]],[35,[]],[23,[]],[29,[]],[33,[]],[11,[]]]],[[[6,[6]]],[[12,[12,13,10,9]]],[[7,[7,18,17,15]]],[[22,[22,8]]],[[26,[26]]],[[10,[24,19,27,14,16,25,21]]],[[19,[30,28,20]]],[[1,[31,32,23,33,11]]],[[38,[38,37,35,29]]],[[41,[41,42,34,36,39,40]]],[[47,[47,45,49]]],[[48,[48,46,50,44,43]]]]]",,,51.881138591359,0,12,3.75,,,,,,,"ATS(nimp=50,seg=4,div=3,t=7200s,selected=best_after_ats,timeout=False,attempt=1/3,seed=2885674103) | parallel_runs=3,chosen_attempt=1,best_multi_from_attempt=",56.881138591359,7.310824257066,0,,,
102,test_data/data_demand_random_50_batch_all1_equal_random/C201_1.5.dat,8,120,3,712.051248379533,"[[[[0,[1,5,3]],[3,[]],[13,[13,6,16,12,11]],[6,[]],[20,[20]],[32,[32,31,26,30,28,21,34]],[31,[]],[1,[]],[5,[]],[26,[]],[38,[38,36,40,39,42,41]],[36,[]],[30,[]],[28,[]],[40,[]],[39,[]],[49,[49,47,50]],[21,[]],[47,[]],[42,[]],[34,[]],[41,[]],[16,[]],[12,[]],[50,[]],[11,[]]],[[0,[4,2]],[17,[17,18,7,15,14,8,10]],[18,[]],[7,[]],[15,[]],[29,[29,33,23,19]],[33,[]],[23,[]],[35,[35,25,27,24,37,22]],[25,[]],[27,[]],[14,[]],[4,[]],[2,[]],[19,[]],[43,[43,48,46,44,45,9]],[8,[]],[48,[]],[24,[]],[46,[]],[10,[]],[37,[]],[44,[]],[22,[]],[45,[]],[9,[]]]],[[[13,[13,6,16,12,11]]],[[17,[17,18,7,15,14,8,10]]],[[20,[20]]],[[29,[29,33,23,19]]],[[32,[32,31,26,30,28,21,34]]],[[35,[35,25,27,24,37,22]]],[[38,[38,36,40,39,42,41]]],[[43,[43,48,46,44,45,9]]],[[49,[49,47,50]]]]]",712.051248379533,"[[[[0,[3,5]],[3,[]],[13,[13,6,12,11]],[6,[1]],[20,[20,16]],[32,[32,31,26,30,28,21,34]],[31,[]],[1,[]],[5,[]],[26,[]],[38,[38,36,40,39,42,41]],[36,[]],[30,[]],[28,[]],[40,[]],[39,[]],[49,[49,47,50]],[21,[]],[47,[]],[42,[]],[34,[]],[41,[]],[16,[]],[12,[]],[50,[]],[11,[]]],[[0,[2]],[17,[17,18,7,15,14,8,10]],[18,[]],[7,[]],[15,[4]],[29,[29,33,23,19]],[33,[]],[23,[]],[35,[35,25,27,24,37,22]],[25,[]],[27,[]],[14,[]],[4,[]],[2,[]],[19,[]],[43,[43,48,46,44,45,9]],[8,[]],[48,[]],[24,[]],[46,[]],[10,[]],[37,[]],[44,[]],[22,[]],[45,[]],[9,[]]]],[[[13,[13,6,12,11]]],[[17,[17,18,7,15,14,8,10]],[6,[1]]],[[20,[20,16]],[15,[4]]],[[29,[29,33,23,19]]],[[32,[32,31,26,30,28,21,34]]],[[35,[35,25,27,24,37,22]]],[[38,[38,36,40,39,42,41]]],[[43,[43,48,46,44,45,9]]],[[49,[49,47,50]]]]]",44.68088545235,0,9,5,47.31991364699,2,9,5,,,"ATS(nimp=50,seg=4,div=3,t=7200s,selected=best_after_ats,timeout=False,attempt=1/3,seed=953978520) | parallel_runs=3,chosen_attempt=1,best_multi_from_attempt=",49.68088545235,13.672360931059,0,53.431024758101,10.277386216321,0
103,test_data/data_demand_random_50_batch_all1_equal_random/C201_1.dat,4,60,3,729.02775637732,"[[[[0,[1,2,3,4]],[1,[]],[2,[6,5]],[3,[]],[6,[]],[5,[]],[18,[18,20,14]],[20,[38,32,13,16]],[36,[36,41,7,17]],[41,[43,35,24,46]],[38,[]],[32,[47,39,49,27]],[14,[]],[47,[]],[39,[]],[13,[]],[16,[]],[7,[]],[49,[]],[27,[]],[43,[]],[17,[]],[35,[]],[4,[]],[24,[]],[46,[]]],[[0,[11,10,12,8,9]],[11,[]],[29,[29,25,31,22]],[10,[26,23,19,15]],[12,[]],[25,[]],[31,[]],[22,[]],[45,[45,48,40,28]],[48,[]],[40,[]],[28,[33,50,44,21]],[33,[]],[26,[]],[23,[]],[8,[]],[19,[]],[50,[]],[44,[]],[9,[]],[21,[]],[15,[]],[37,[37,42,34,30]],[42,[]],[34,[]],[30,[]]]],[[[2,[6,5]]],[[29,[29,25,31,22]]],[[18,[18,20,14]]],[[10,[26,23,19,15]]],[[20,[38,32,13,16]]],[[36,[36,41,7,17]]],[[41,[43,35,46,24]]],[[45,[45,48,40,28]]],[[32,[47,39,49,27]]],[[28,[50,44,21,33]]],[[37,[37,30,42,34]]]]]",,,36.820721296484,0,11,3.727272727273,,,,,,(not found),"ATS(nimp=50,seg=4,div=3,t=7200s,selected=best_on_timeout,timeout=True,attempt=1/3,seed=2753980887) | parallel_runs=3,chosen_attempt=1,best_multi_from_attempt=",41.820721296484,4.044222056818,0,,,
104,test_data/data_demand_random_50_batch_all1_equal_random/C201_1.dat,4,90,3,627.357337308309,"[[[[0,[1]],[1,[4]],[12,[12,11,10,18]],[11,[]],[10,[]],[31,[31,25,22,29]],[25,[]],[40,[40,17,20,24]],[18,[]],[29,[]],[48,[48,45,35,38]],[22,[]],[45,[]],[20,[]],[24,[]],[4,[]],[35,[]],[17,[]],[43,[43,37,41,36]],[37,[]],[38,[]],[41,[]],[36,[]]],[[0,[2,3]],[2,[]],[3,[]],[6,[6,5,9,7]],[5,[]],[9,[]],[7,[15,13,16,14]],[16,[]],[13,[]],[32,[32,27,23,26]],[15,[]],[27,[]],[14,[]],[47,[47,39,49,44]],[39,[]],[49,[]],[21,[21,28,19,8]],[44,[]],[50,[50,33,42,34]],[19,[]],[8,[]],[23,[]],[26,[]],[33,[]],[28,[]],[42,[]],[34,[]],[46,[46,30]],[30,[]]]],[[[1,[4]]],[[6,[6,5,9,7]]],[[12,[12,11,10,18]]],[[7,[15,13,16,14]]],[[31,[31,25,22,29]]],[[32,[32,27,23,26]]],[[40,[40,17,20,24]]],[[48,[48,45,35,38]]],[[47,[47,39,49,44]]],[[21,[21,28,19,8]]],[[50,[50,33,42,34]]],[[43,[43,37,41,36]]],[[46,[46,30]]]]]",,,53.705279878171,0,13,3.615384615385,,,,,,(not found),"ATS(nimp=50,seg=4,div=3,t=7200s,selected=best_on_timeout,timeout=True,attempt=1/3,seed=784988376) | parallel_runs=3,chosen_attempt=1,best_multi_from_attempt=",58.705279878171,0.354336023193,0,,,
105,test_data/data_demand_random_50_batch_all1_equal_random/C201_1.dat,4,120,3,627.357337308309,"[[[[0,[1]],[1,[4]],[12,[12,11,10,18]],[11,[]],[10,[]],[31,[31,25,22,29]],[25,[]],[40,[40,17,20,24]],[18,[]],[29,[]],[48,[48,45,35,38]],[22,[]],[45,[]],[20,[]],[24,[]],[4,[]],[35,[]],[17,[]],[43,[43,37,41,36]],[37,[]],[38,[]],[41,[]],[36,[]]],[[0,[2,3]],[2,[]],[3,[]],[6,[6,5,9,7]],[5,[]],[9,[]],[7,[15,13,16,14]],[16,[]],[13,[]],[32,[32,27,23,26]],[15,[]],[27,[]],[14,[]],[47,[47,39,49,44]],[39,[]],[49,[]],[21,[21,28,19,8]],[44,[]],[50,[50,33,42,34]],[19,[]],[8,[]],[23,[]],[26,[]],[33,[]],[28,[]],[42,[]],[34,[]],[46,[46,30]],[30,[]]]],[[[1,[4]]],[[6,[6,5,9,7]]],[[12,[12,11,10,18]]],[[7,[15,13,16,14]]],[[31,[31,25,22,29]]],[[32,[32,27,23,26]]],[[40,[40,17,20,24]]],[[48,[48,45,35,38]]],[[47,[47,39,49,44]]],[[21,[21,28,19,8]]],[[50,[50,33,42,34]]],[[43,[43,37,41,36]]],[[46,[46,30]]]]]",,,53.705279878171,0,13,3.615384615385,,,,,,,"A4L120<=A4L90 | ATS(nimp=50,seg=4,div=3,t=7200s,selected=best_on_timeout,timeout=True,attempt=1/3,seed=54078216) | parallel_runs=3,chosen_attempt=1,best_multi_from_attempt=",58.705279878171,0.354336023193,0,,,
106,test_data/data_demand_random_50_batch_all1_equal_random/C201_1.dat,8,60,3,608.76305461424,"[[[[0,[1,2,4,3]],[2,[5,6]],[6,[]],[5,[]],[3,[]],[1,[17,14,13,16,7,15]],[36,[36,24,35,37,32,27,20]],[41,[41]],[24,[]],[4,[]],[35,[]],[17,[43,38,47,39,49]],[43,[]],[37,[]],[38,[]],[32,[]],[14,[]],[47,[]],[39,[]],[13,[]],[16,[]],[7,[]],[49,[]],[27,[]],[15,[]],[20,[]]],[[0,[11,12,10,8,9]],[11,[]],[12,[]],[10,[25,18,26,23,19,21,22]],[25,[]],[29,[29,31,28,34,30,40,33]],[18,[]],[31,[]],[22,[]],[45,[45,50,44,42,48]],[48,[]],[40,[]],[28,[]],[33,[]],[26,[]],[23,[]],[8,[]],[19,[]],[50,[]],[44,[]],[9,[]],[21,[]],[42,[]],[34,[]],[46,[46]],[30,[]]]],[[[2,[5,6]]],[[1,[17,14,13,16,7,15]]],[[10,[25,18,26,23,19,21,22]]],[[36,[36,24,35,37,32,27,20]]],[[29,[29,31,28,34,30,40,33]]],[[41,[41]]],[[45,[45,50,44,42,48]]],[[17,[43,38,47,39,49]]],[[46,[46]]]]]",,,34.890163958806,0,9,4.555555555556,,,,,,,"ATS(nimp=50,seg=4,div=3,t=7200s,selected=best_after_ats,timeout=False,attempt=1/3,seed=865509606) | parallel_runs=3,chosen_attempt=1,best_multi_from_attempt=",39.890163958806,5.087867887951,0,,,
107,test_data/data_demand_random_50_batch_all1_equal_random/C201_1.dat,8,90,4,587.328408000169,"[[[[0,[]],[11,[11,12,10,6,5,8]],[12,[]],[10,[]],[25,[25,22,26,23,19,20,18]],[22,[]],[28,[28,33,34,30,29]],[26,[]],[33,[]],[6,[]],[5,[]],[23,[]],[8,[]],[19,[]],[50,[50,44,42,46,45,31,40,48]],[44,[]],[42,[]],[34,[]],[46,[]],[20,[]],[30,[]],[45,[]],[31,[]],[40,[]],[48,[]],[18,[]],[29,[]]],[[0,[3]],[1,[1,2,9,4,7]],[2,[]],[3,[]],[9,[]],[21,[21,15,17]],[15,[]],[4,[]],[35,[35,24,14,13,16,27]],[17,[]],[43,[43,37,41,38,32,39,36]],[37,[]],[24,[]],[41,[]],[38,[]],[32,[]],[14,[]],[47,[47,49]],[39,[]],[13,[]],[16,[]],[7,[]],[49,[]],[27,[]],[36,[]]]],[[[11,[11,12,6,5,8,10]]],[[1,[1,2,9,4,7]]],[[21,[21,15,17]]],[[25,[25,26,23,19,20,22,18]]],[[35,[35,24,14,13,16,27]]],[[28,[28,33,34,30,29]]],[[43,[43,37,41,38,32,39,36]]],[[50,[50,44,42,46,45,48,40,31]]],[[47,[47,49]]]]]",,,58.763556540932,0,9,5.444444444444,,,,,,,"ATS(nimp=50,seg=4,div=3,t=7200s,selected=best_on_timeout,timeout=True,attempt=1/3,seed=1773450051) | parallel_runs=3,chosen_attempt=1,best_multi_from_attempt=",63.763556540932,10.152973043632,0,,,
108,test_data/data_demand_random_50_batch_all1_equal_random/C201_1.dat,8,120,4,583.360679774998,"[[[[0,[]],[11,[11,12,10,18,6,5,8]],[12,[]],[10,[]],[18,[]],[31,[31,26,23,19,30,29,25,22]],[25,[]],[40,[40,28,33,34]],[28,[]],[26,[]],[33,[]],[6,[]],[5,[]],[23,[]],[8,[]],[19,[]],[50,[50,44,42,46,45,48]],[44,[]],[42,[]],[34,[]],[46,[]],[30,[]],[45,[]],[22,[]],[48,[]],[29,[]]],[[0,[]],[1,[1,9,2,3,4,7]],[2,[]],[3,[]],[9,[]],[21,[21,15,17,14,16,20]],[15,[]],[24,[24,37,35,36,32,27]],[37,[]],[4,[]],[35,[]],[17,[]],[43,[43,38,41,47,39,49]],[27,[]],[49,[]],[7,[]],[16,[]],[13,[13]],[39,[]],[47,[]],[14,[]],[32,[]],[38,[]],[41,[]],[36,[]],[20,[]]]],[[[1,[1,9,2,3,4,7]]],[[11,[11,12,10,18,6,5,8]]],[[21,[21,15,17,14,16,20]]],[[31,[31,26,23,19,30,29,25,22]]],[[24,[24,37,35,36,32,27]]],[[40,[40,28,33,34]]],[[43,[43,38,41,47,39,49]]],[[50,[50,44,42,46,45,48]]],[[13,[13]]]]]",,,52.44792438368,0,9,5.555555555556,,,,,,,"ATS(nimp=50,seg=4,div=3,t=7200s,selected=best_on_timeout,timeout=True,attempt=1/3,seed=502614646) | parallel_runs=3,chosen_attempt=1,best_multi_from_attempt=",57.44792438368,10.232392113636,0,,,
109,test_data/data_demand_random_50_batch_all1_equal_random/C201_2.5.dat,4,60,5,1049.661903789691,"[[[[0,[1,3]],[1,[]],[12,[12,13,6]],[19,[19,17]],[29,[29,26,27,21]],[13,[]],[26,[]],[6,[]],[21,[]],[34,[34,9,11,10]],[27,[]],[3,[]],[9,[]],[37,[37,38,39]],[11,[46,40,45,41]],[46,[]],[38,[]],[39,[50,28,42]],[50,[]],[28,[]],[40,[]],[45,[]],[41,[]],[10,[]],[17,[]],[42,[]]],[[0,[7,2,4]],[7,[]],[15,[15,5,16,8]],[5,[]],[18,[18,20]],[20,[23,14]],[16,[]],[33,[33,24,25,30]],[2,[]],[24,[35,32,31,36]],[8,[]],[35,[]],[25,[]],[23,[]],[14,[]],[30,[]],[4,[]],[47,[47,22]],[32,[]],[48,[48,44,43,49]],[22,[]],[44,[]],[43,[]],[31,[]],[36,[]],[49,[]]]],[[[12,[12,6,13]]],[[15,[15,5,16,8]]],[[18,[18,20]]],[[19,[19,17]]],[[20,[23,14]]],[[29,[29,27,26,21]]],[[33,[33,24,30,25]]],[[34,[34,9,11,10]]],[[24,[32,35,36,31]]],[[37,[37,38,39]]],[[11,[46,40,45,41]]],[[39,[50,28,42]]],[[47,[47,22]]],[[48,[48,44,43,49]]]]]",1049.661903789691,"[[[[0,[1,3]],[1,[]],[12,[12,6,13]],[19,[19,17]],[29,[29,27,26,21]],[13,[]],[26,[]],[6,[]],[21,[]],[34,[34,9,11,10]],[27,[]],[3,[]],[9,[]],[37,[37,38,39]],[11,[46,40,45,41]],[46,[]],[38,[]],[39,[50,28,42]],[50,[]],[28,[]],[40,[]],[45,[]],[41,[]],[10,[]],[17,[]],[42,[]]],[[0,[7,2,4]],[7,[]],[15,[15,5,16,8]],[5,[]],[18,[18,20]],[20,[23,14]],[16,[]],[33,[33,24,30,25]],[2,[]],[24,[32,35,36,31]],[8,[]],[35,[]],[25,[]],[23,[]],[14,[]],[30,[]],[4,[]],[47,[47,22]],[32,[]],[48,[48,44,43,49]],[22,[]],[44,[]],[43,[]],[31,[]],[36,[]],[49,[]]]],[[[12,[12,6,13]]],[[15,[15,5,16,8]]],[[19,[19,17]],[18,[18,20]]],[[20,[23,14]]],[[29,[29,27,26,21]]],[[33,[33,24,30,25]]],[[34,[34,9,11,10]]],[[24,[32,35,36,31]]],[[37,[37,38,39]]],[[11,[46,40,45,41]]],[[39,[50,28,42]]],[[47,[47,22]]],[[48,[48,44,43,49]]]]]",39.942945236632,0,14,3.214285714286,41.105884658466,1,13,3.461538461538,,(not found),"ATS(nimp=50,seg=4,div=3,t=7200s,selected=best_on_timeout,timeout=True,attempt=1/3,seed=1418761447) | parallel_runs=3,chosen_attempt=1,best_multi_from_attempt=",44.942945236632,18.46922513456,0,46.490500043081,18.46922513456,0
110,test_data/data_demand_random_50_batch_all1_equal_random/C201_2.5.dat,4,90,2,1006.803508501983,"[[[[0,[3]],[7,[7]],[10,[10,6,12]],[6,[]],[3,[]],[18,[18,15,13]],[25,[25,23]],[23,[]],[26,[26,29,17]],[29,[]],[36,[36,31,32]],[31,[]],[32,[]],[12,[]],[42,[42,5,34,40]],[5,[]],[34,[]],[15,[]],[40,[]],[45,[45,41,33,22]],[41,[]],[17,[]],[13,[]],[33,[]],[49,[49,48,43,44]],[48,[]],[43,[]],[22,[]],[44,[]]],[[0,[1]],[1,[]],[2,[2]],[9,[9,8,4,11]],[19,[19,16,14]],[16,[]],[28,[28,21,24]],[21,[]],[24,[27,20]],[8,[]],[14,[]],[4,[]],[30,[30,35]],[35,[]],[27,[]],[20,[]],[11,[]],[37,[37,46,38,39]],[46,[]],[38,[]],[39,[]],[50,[50,47]],[47,[]]]],[[[7,[7]]],[[2,[2]]],[[10,[10,6,12]]],[[9,[9,4,8,11]]],[[19,[19,14,16]]],[[18,[18,15,13]]],[[25,[25,23]]],[[26,[26,17,29]]],[[28,[28,21,24]]],[[24,[20,27]]],[[36,[36,32,31]]],[[30,[30,35]]],[[42,[42,5,34,40]]],[[37,[37,46,38,39]]],[[45,[45,41,33,22]]],[[49,[49,48,43,44]]],[[50,[50,47]]]]]",1006.803508501983,"[[[[0,[]],[7,[7]],[10,[10,6,12]],[6,[]],[3,[3]],[18,[18,15,13]],[25,[25,23]],[23,[]],[26,[26,17]],[29,[29]],[36,[36,32,31]],[31,[]],[32,[]],[12,[]],[42,[42,5,34,40]],[5,[]],[34,[]],[15,[]],[40,[]],[45,[45,41,33,22]],[41,[]],[17,[]],[13,[]],[33,[]],[49,[49,48,43,44]],[48,[]],[43,[]],[22,[]],[44,[]]],[[0,[1]],[1,[]],[2,[2]],[9,[9,4,8,11]],[19,[19,14]],[16,[16]],[28,[28,21,24]],[21,[]],[24,[20,27]],[8,[]],[14,[]],[4,[]],[30,[30,35]],[35,[]],[27,[]],[20,[]],[11,[]],[37,[37,46,38,39]],[46,[]],[38,[]],[39,[]],[50,[50,47]],[47,[]]]],[[[7,[7]],[2,[2]]],[[10,[10,6,12]]],[[9,[9,4,8,11]]],[[19,[19,14]],[3,[3]]],[[18,[18,15,13]]],[[16,[16]],[25,[25,23]]],[[28,[28,21,24]]],[[26,[26,17]]],[[24,[20,27]],[29,[29]]],[[36,[36,32,31]]],[[30,[30,35]]],[[42,[42,5,34,40]]],[[37,[37,46,38,39]]],[[45,[45,41,33,22]]],[[49,[49,48,43,44]]],[[50,[50,47]]]]]",53.85336902581,0,17,2.823529411765,59.168277506996,2,16,3,,(not found),"ATS(nimp=50,seg=4,div=3,t=7200s,selected=best_on_timeout,timeout=True,attempt=1/3,seed=2795999174) | parallel_runs=3,chosen_attempt=1,best_multi_from_attempt=",58.85336902581,11.477341014322,0,64.793277506996,12.540433197876,0
111,test_data/data_demand_random_50_batch_all1_equal_random/C201_2.5.dat,4,120,5,1004.709920264365,"[[[[0,[4,3,2]],[4,[]],[3,[]],[20,[20,16,8,11]],[16,[]],[27,[27,28,25,14]],[28,[]],[25,[]],[8,[]],[14,[]],[30,[30,35,23,19]],[35,[]],[23,[]],[38,[38,18,34]],[46,[46,37,39]],[11,[]],[37,[]],[19,[]],[18,[]],[39,[]],[50,[50,47]],[34,[]],[2,[]],[47,[]]],[[0,[1]],[1,[]],[9,[9,6,7,10]],[5,[5,13,15,12]],[6,[]],[17,[17,21,24]],[7,[]],[13,[]],[21,[]],[24,[]],[29,[29,33,31,26]],[15,[]],[33,[36,32,22]],[36,[]],[31,[]],[32,[]],[22,[]],[44,[44,43,40,42]],[43,[]],[48,[48,49,41,45]],[12,[]],[49,[]],[26,[]],[10,[]],[41,[]],[45,[]],[40,[]],[42,[]]]],[[[9,[9,7,10,6]]],[[5,[5,15,12,13]]],[[20,[20,11,8,16]]],[[17,[17,21,24]]],[[27,[27,28,25,14]]],[[29,[29,31,26,33]]],[[30,[30,35,23,19]]],[[33,[32,36,22]]],[[38,[38,34,18]]],[[44,[44,43,42,40]]],[[46,[46,37,39]]],[[48,[48,49,41,45]]],[[50,[50,47]]]]]",1004.709920264365,"[[[[0,[4,3]],[4,[]],[3,[]],[20,[20,11,8,16]],[16,[2]],[27,[27,28,25,14]],[28,[]],[25,[]],[8,[]],[14,[]],[30,[30,35,23,19]],[35,[]],[23,[]],[38,[38,34,18]],[46,[46,37,39]],[11,[]],[37,[]],[19,[]],[18,[]],[39,[]],[50,[50,47]],[34,[]],[2,[]],[47,[]]],[[0,[1]],[1,[]],[9,[9,7,10,6]],[5,[5,15,12,13]],[6,[]],[17,[17,21,24]],[7,[]],[13,[]],[21,[]],[24,[]],[29,[29,31,26,33]],[15,[]],[33,[32,36,22]],[36,[]],[31,[]],[32,[]],[22,[]],[44,[44,43,42,40]],[43,[]],[48,[48,49,41,45]],[12,[]],[49,[]],[26,[]],[10,[]],[41,[]],[45,[]],[40,[]],[42,[]]]],[[[9,[9,7,10,6]]],[[5,[5,15,12,13]]],[[20,[20,11,8,16]]],[[17,[17,21,24]],[16,[2]]],[[27,[27,28,25,14]]],[[29,[29,31,26,33]]],[[30,[30,35,23,19]]],[[33,[32,36,22]]],[[38,[38,34,18]]],[[44,[44,43,42,40]]],[[46,[46,37,39]]],[[48,[48,49,41,45]]],[[50,[50,47]]]]]",52.446666291109,0,13,3.538461538462,58.653180851359,3,13,3.615384615385,,,"ATS(nimp=50,seg=4,div=3,t=7200s,selected=best_on_timeout,timeout=True,attempt=1/3,seed=2105572778) | parallel_runs=3,chosen_attempt=1,best_multi_from_attempt=",57.446666291109,15.418520731699,0,64.807027005205,11.590048094506,0
112,test_data/data_demand_random_50_batch_all1_equal_random/C201_2.5.dat,8,60,5,1028.313207915828,"[[[[0,[2]],[5,[5,7]],[7,[]],[15,[15,13,8,14,11]],[2,[]],[13,[]],[29,[29,26,17,21,28,24,25,23]],[26,[]],[17,[]],[21,[]],[28,[]],[24,[35,30,27,20,9]],[25,[]],[23,[]],[35,[]],[8,[]],[30,[]],[14,[]],[27,[]],[20,[]],[11,[]],[9,[]],[37,[37,46,38,39,50,47]],[46,[]],[38,[]],[39,[]],[50,[]],[47,[]]],[[0,[4,3,1]],[4,[]],[18,[18,19,12,10,6,16]],[19,[]],[3,[22]],[22,[]],[31,[31]],[33,[33]],[32,[32,36,34]],[1,[]],[36,[]],[34,[]],[12,[43,44]],[43,[]],[44,[]],[48,[48,49,41,45,40,42]],[49,[]],[10,[]],[41,[]],[45,[]],[6,[]],[40,[]],[16,[]],[42,[]]]],[[[5,[5,7]]],[[15,[15,14,8,11,13]]],[[18,[18,19,10,6,16,12]]],[[3,[22]]],[[29,[29,26,17,21,28,24,23,25]]],[[31,[31]]],[[33,[33]]],[[32,[32,36,34]]],[[24,[30,35,27,20,9]]],[[12,[43,44]]],[[48,[48,49,41,45,40,42]]],[[37,[37,46,38,39,50,47]]]]]",1028.313207915828,"[[[[0,[]],[5,[5,7]],[7,[]],[15,[15,14,8,11,13]],[2,[2]],[13,[]],[29,[29,26,17,21,28,24,23,25]],[26,[]],[17,[]],[21,[]],[28,[]],[24,[30,35,27,20,9]],[25,[]],[23,[]],[35,[]],[8,[]],[30,[]],[14,[]],[27,[]],[20,[]],[11,[]],[9,[]],[37,[37,46,38,39,50,47]],[46,[]],[38,[]],[39,[]],[50,[]],[47,[]]],[[0,[4,3,1]],[4,[]],[18,[18,19,10,6,16,12]],[19,[]],[3,[22]],[22,[]],[31,[31,33]],[33,[]],[32,[32,36,34]],[1,[]],[36,[]],[34,[]],[12,[43,44]],[43,[]],[44,[]],[48,[48,49,41,45,40,42]],[49,[]],[10,[]],[41,[]],[45,[]],[6,[]],[40,[]],[16,[]],[42,[]]]],[[[5,[5,7]]],[[15,[15,14,8,11,13]]],[[18,[18,19,10,6,16,12]],[2,[2]]],[[3,[22]]],[[29,[29,26,17,21,28,24,23,25]]],[[31,[31,33]]],[[32,[32,36,34]]],[[24,[30,35,27,20,9]]],[[12,[43,44]]],[[48,[48,49,41,45,40,42]]],[[37,[37,46,38,39,50,47]]]]]",39.489564666687,0,12,3.833333333333,41.673936894059,1,11,4.272727272727,,(not found),"ATS(nimp=50,seg=4,div=3,t=7200s,selected=best_on_timeout,timeout=True,attempt=1/3,seed=2197401148) | parallel_runs=3,chosen_attempt=1,best_multi_from_attempt=",44.489564666687,27.300952433098,0,47.128482348605,27.300952433098,0
113,test_data/data_demand_random_50_batch_all1_equal_random/C201_2.5.dat,8,90,1,1004.709920264365,"[[[[0,[2,1]],[6,[6,7]],[7,[]],[2,[]],[19,[19,16,13,10,12]],[16,[]],[13,[]],[10,[]],[1,[]],[12,[]],[33,[33,29,22,17]],[29,[]],[34,[34,36,31,32,26]],[36,[]],[31,[]],[32,[]],[44,[44,43]],[22,[]],[43,[]],[48,[48,49,41,45,40,42]],[49,[]],[26,[]],[17,[]],[41,[]],[45,[]],[40,[]],[42,[]]],[[0,[4]],[14,[14,3,15,5,8,11,9]],[4,[]],[3,[]],[15,[]],[5,[]],[28,[28,21,24,25,27,20,18,23]],[21,[]],[24,[]],[25,[]],[30,[30,35,37]],[8,[]],[35,[]],[27,[]],[20,[]],[46,[46,38]],[11,[]],[9,[]],[37,[]],[18,[]],[38,[]],[23,[50,39,47]],[50,[]],[39,[]],[47,[]]]],[[[14,[14,5,3,15,11,9,8]]],[[6,[6,7]]],[[19,[19,16,13,10,12]]],[[28,[28,21,27,20,18,23,24,25]]],[[33,[33,29,17,22]]],[[34,[34,36,31,32,26]]],[[30,[30,35,37]]],[[46,[46,38]]],[[44,[44,43]]],[[48,[48,49,41,45,40,42]]],[[23,[50,39,47]]]]]",1004.709920264365,"[[[[0,[2,1]],[6,[6,7]],[7,[]],[2,[]],[19,[19,16,13,10,12]],[16,[]],[13,[]],[10,[]],[1,[]],[12,[]],[33,[33,29,17,22]],[29,[]],[34,[34,36,31,32,26]],[36,[]],[31,[]],[32,[]],[44,[44,43]],[22,[]],[43,[]],[48,[48,49,41,45,40,42]],[49,[]],[26,[]],[17,[]],[41,[]],[45,[]],[40,[]],[42,[]]],[[0,[4]],[14,[14,5,15,11,9,8]],[4,[]],[3,[3]],[15,[]],[5,[]],[28,[28,21,27,20,18,23,24,25]],[21,[]],[24,[]],[25,[]],[30,[30,35,37]],[8,[]],[35,[]],[27,[]],[20,[]],[46,[46,38]],[11,[]],[9,[]],[37,[]],[18,[]],[38,[]],[23,[50,39,47]],[50,[]],[39,[]],[47,[]]]],[[[14,[14,5,15,11,9,8]]],[[6,[6,7]]],[[19,[19,16,13,10,12]],[3,[3]]],[[28,[28,21,27,20,18,23,24,25]]],[[33,[33,29,17,22]]],[[34,[34,36,31,32,26]]],[[30,[30,35,37]]],[[46,[46,38]]],[[44,[44,43]]],[[48,[48,49,41,45,40,42]]],[[23,[50,39,47]]]]]",56.739046615936,0,11,4.272727272727,58.260749171559,1,11,4.272727272727,,,"ATS(nimp=50,seg=4,div=3,t=7200s,selected=best_on_timeout,timeout=True,attempt=1/3,seed=420879015) | parallel_runs=3,chosen_attempt=1,best_multi_from_attempt=",61.739046615936,19.911019000533,0,63.715294626105,17.835100750488,0.346861134132
114,test_data/data_demand_random_50_batch_all1_equal_random/C201_2.5.dat,8,120,5,1004.709920264365,"[[[[0,[1,4,2]],[1,[]],[4,[]],[20,[20,16,8,11]],[16,[]],[27,[27,28,25,14]],[28,[]],[25,[]],[8,[]],[14,[]],[30,[30,35,23,19]],[35,[]],[23,[]],[38,[38,18,34]],[46,[46,37,39]],[11,[]],[37,[]],[19,[]],[18,[]],[39,[]],[50,[50,47]],[34,[]],[2,[]],[47,[]]],[[0,[3]],[3,[]],[9,[9,6,7,10]],[5,[5,13,15,12]],[6,[]],[17,[17,21,24]],[7,[]],[13,[]],[21,[]],[24,[]],[29,[29,33,31,26]],[15,[]],[33,[32,36,22]],[32,[]],[36,[]],[31,[]],[22,[]],[44,[44,43,40,42]],[43,[]],[48,[48,49,41,45]],[12,[]],[49,[]],[26,[]],[10,[]],[41,[]],[45,[]],[40,[]],[42,[]]]],[[[9,[9,7,10,6]]],[[5,[5,15,12,13]]],[[20,[20,11,8,16]]],[[17,[17,21,24]]],[[27,[27,28,25,14]]],[[29,[29,31,26,33]]],[[30,[30,35,23,19]]],[[33,[32,36,22]]],[[38,[38,34,18]]],[[44,[44,43,42,40]]],[[46,[46,37,39]]],[[48,[48,49,41,45]]],[[50,[50,47]]]]]",1004.709920264365,"[[[[0,[1]],[1,[]],[4,[4]],[20,[20,11,8,16]],[16,[2]],[27,[27,28,14]],[28,[]],[25,[25]],[8,[]],[14,[]],[30,[30,35,23,19]],[35,[]],[23,[]],[38,[38,34,18]],[46,[46,37,39]],[11,[]],[37,[]],[19,[]],[18,[]],[39,[]],[50,[50,47]],[34,[]],[2,[]],[47,[]]],[[0,[3]],[3,[]],[9,[9,7,10,6]],[5,[5,15,12,13]],[6,[]],[17,[17,21,24]],[7,[]],[13,[]],[21,[]],[24,[]],[29,[29,31,26,33]],[15,[]],[33,[32,36,22]],[32,[]],[36,[]],[31,[]],[22,[]],[44,[44,43,42,40]],[43,[]],[48,[48,49,41,45]],[12,[]],[49,[]],[26,[]],[10,[]],[41,[]],[45,[]],[40,[]],[42,[]]]],[[[9,[9,7,10,6]],[4,[4]]],[[5,[5,15,12,13]],[20,[20,11,8,16]]],[[17,[17,21,24]],[16,[2]]],[[27,[27,28,14]]],[[29,[29,31,26,33]],[25,[25]]],[[30,[30,35,23,19]]],[[33,[32,36,22]]],[[38,[38,34,18]]],[[44,[44,43,42,40]]],[[46,[46,37,39]]],[[48,[48,49,41,45]],[50,[50,47]]]]]",52.446666291109,0,13,3.538461538462,70.150269918573,5,11,4.272727272727,,,"A8L120<=A4L120 | ATS(nimp=50,seg=4,div=3,t=7200s,selected=best_on_timeout,timeout=True,attempt=1/3,seed=1850158368) | parallel_runs=3,chosen_attempt=1,best_multi_from_attempt=",57.446666291109,17.880059193238,0,77.422997191301,13.684045902701,1.056682187666
115,test_data/data_demand_random_50_batch_all1_equal_random/C201_2.dat,4,60,5,877.97069028377,"[[[[0,[1,2,8]],[17,[17,9,18]],[1,[]],[9,[]],[2,[24,27,10]],[10,[]],[24,[]],[27,[]],[30,[30,15]],[15,[]],[42,[42,38,35,33]],[38,[]],[35,[]],[18,[]],[47,[47,40,46,44]],[40,[48,39,31]],[46,[]],[8,[]],[48,[]],[44,[]],[39,[]],[31,[]],[33,[]]],[[0,[13,4,6,12,7,5,3]],[4,[]],[6,[]],[12,[]],[13,[]],[23,[23,16,14,20]],[7,[]],[21,[21,29,28,11]],[29,[]],[28,[]],[16,[]],[14,[]],[5,[34,36,19,22]],[34,[]],[36,[]],[41,[41,32,25,26]],[45,[45,49,43,37]],[3,[]],[26,[]],[32,[50]],[20,[]],[50,[]],[25,[]],[19,[]],[49,[]],[43,[]],[37,[]],[11,[]],[22,[]]]],[[[17,[17,9,18]]],[[23,[23,16,14,20]]],[[2,[24,27,10]]],[[21,[21,29,28,11]]],[[30,[30,15]]],[[5,[34,36,19,22]]],[[41,[41,32,25,26]]],[[42,[42,38,35,33]]],[[45,[45,49,43,37]]],[[47,[47,40,46,44]]],[[40,[48,39,31]]],[[32,[50]]]]]",,,37.62483630388,0,12,3.333333333333,,,,,,,"ATS(nimp=50,seg=4,div=3,t=7200s,selected=best_after_ats,timeout=False,attempt=1/3,seed=1225601119) | parallel_runs=3,chosen_attempt=1,best_multi_from_attempt=",42.62483630388,6.886049506122,0,,,
116,test_data/data_demand_random_50_batch_all1_equal_random/C201_2.dat,4,90,4,853.615528128088,"[[[[0,[4,1,3,7]],[1,[]],[4,[]],[3,[]],[7,[]],[16,[16,14]],[14,[]],[22,[22,18,11]],[11,[]],[26,[26,27,24]],[27,[]],[24,[]],[30,[30,15]],[15,[]],[42,[42,35,40,38]],[38,[]],[35,[]],[18,[]],[47,[47,46,48,45]],[40,[]],[46,[]],[48,[]],[39,[39,44]],[44,[]],[45,[]]],[[0,[2,5,6]],[2,[]],[9,[9]],[10,[10,8,12]],[8,[]],[12,[17,19,20,21]],[19,[]],[20,[]],[28,[28,29,23]],[21,[]],[29,[]],[17,[]],[5,[]],[34,[34,36,32,31]],[36,[]],[41,[41,25,37,13]],[32,[]],[6,[]],[25,[]],[50,[50,43,49,33]],[37,[]],[43,[]],[49,[]],[13,[]],[31,[]],[33,[]],[23,[]]]],[[[9,[9]]],[[10,[10,8,12]]],[[16,[16,14]]],[[12,[17,19,20,21]]],[[22,[22,18,11]]],[[26,[26,27,24]]],[[28,[28,29,23]]],[[30,[30,15]]],[[34,[34,36,32,31]]],[[42,[42,35,40,38]]],[[41,[41,25,37,13]]],[[50,[50,43,49,33]]],[[47,[47,46,48,45]]],[[39,[39,44]]]]]",853.615528128088,"[[[[0,[1,4,3,7]],[1,[]],[4,[]],[3,[]],[7,[]],[16,[16,14]],[14,[]],[22,[22,18,11]],[11,[]],[26,[26,27,24]],[27,[]],[24,[]],[30,[30,15]],[15,[]],[42,[42,35,40,38]],[38,[]],[35,[]],[18,[]],[47,[47,46,48,45]],[40,[]],[46,[]],[48,[]],[39,[39,44]],[44,[]],[45,[]]],[[0,[2,6]],[2,[]],[9,[9]],[10,[10,8,12]],[8,[]],[12,[17,19,20,21]],[19,[]],[20,[]],[28,[28,29,23]],[21,[]],[29,[5]],[17,[]],[5,[]],[34,[34,36,32,31]],[36,[]],[41,[41,25,37,13]],[32,[]],[6,[]],[25,[]],[50,[50,43,49,33]],[37,[]],[43,[]],[49,[]],[13,[]],[31,[]],[33,[]],[23,[]]]],[[[9,[9]]],[[10,[10,8,12]]],[[16,[16,14]]],[[12,[17,19,20,21]]],[[22,[22,18,11]]],[[26,[26,27,24]]],[[28,[28,29,23]]],[[29,[5]],[30,[30,15]]],[[34,[34,36,32,31]]],[[42,[42,35,40,38]]],[[41,[41,25,37,13]]],[[50,[50,43,49,33]]],[[47,[47,46,48,45]]],[[39,[39,44]]]]]",50.883235956487,0,14,3.071428571429,53.163008159516,1,14,3.071428571429,,(not found),"ATS(nimp=50,seg=4,div=3,t=7200s,selected=best_on_timeout,timeout=True,attempt=1/3,seed=2107127572) | parallel_runs=3,chosen_attempt=1,best_multi_from_attempt=",55.883235956487,1.225467699328,0,58.520151016659,0.810436519372,0.436885749064
117,test_data/data_demand_random_50_batch_all1_equal_random/C201_2.dat,4,120,1,853.615528128088,"[[[[0,[1,6,7,5,3]],[1,[]],[13,[13]],[6,[]],[16,[16,12]],[7,[]],[5,[]],[14,[14,21,17,20]],[28,[28,29,19,25]],[21,[]],[17,[]],[36,[36,34,32,23]],[29,[]],[34,[]],[41,[41,37,43]],[20,[]],[37,[]],[43,[]],[49,[49,50,33,22]],[19,[]],[12,[]],[25,[]],[50,[]],[32,[]],[33,[]],[3,[]],[23,[]],[22,[]]],[[0,[4,2]],[4,[]],[10,[10,8,9,11]],[8,[]],[9,[]],[2,[]],[11,[]],[26,[26,24,27,15]],[24,[]],[27,[]],[31,[31,30,35,18]],[30,[]],[15,[]],[42,[42,38]],[38,[]],[35,[]],[18,[]],[47,[47,40,45]],[40,[]],[46,[46,48,39,44]],[48,[]],[39,[]],[44,[]],[45,[]]]],[[[13,[13]]],[[10,[10,8,9,11]]],[[16,[16,12]]],[[14,[14,17,20,21]]],[[26,[26,24,27,15]]],[[28,[28,29,19,25]]],[[36,[36,34,32,23]]],[[31,[31,30,35,18]]],[[41,[41,37,43]]],[[42,[42,38]]],[[47,[47,40,45]]],[[49,[49,50,33,22]]],[[46,[46,48,39,44]]]]]",853.615528128088,"[[[[0,[1,6,7,5]],[1,[]],[13,[13]],[6,[]],[16,[16,12]],[7,[]],[5,[]],[14,[14,17,20,21]],[28,[28,29,19,25]],[21,[]],[17,[]],[36,[36,34,32,23]],[29,[]],[34,[]],[41,[41,37,43]],[20,[3]],[37,[]],[43,[]],[49,[49,50,33,22]],[19,[]],[12,[]],[25,[]],[50,[]],[32,[]],[33,[]],[3,[]],[23,[]],[22,[]]],[[0,[4,2]],[4,[]],[10,[10,8,9,11]],[8,[]],[9,[]],[2,[]],[11,[]],[26,[26,24,27,15]],[24,[]],[27,[]],[31,[31,30,35,18]],[30,[]],[15,[]],[42,[42,38]],[38,[]],[35,[]],[18,[]],[47,[47,40,45]],[40,[]],[46,[46,48,39,44]],[48,[]],[39,[]],[44,[]],[45,[]]]],[[[13,[13]]],[[10,[10,8,9,11]]],[[16,[16,12]]],[[14,[14,17,20,21]]],[[26,[26,24,27,15]]],[[28,[28,29,19,25]]],[[36,[36,34,32,23]]],[[31,[31,30,35,18]]],[[41,[41,37,43]]],[[42,[42,38]],[20,[3]]],[[47,[47,40,45]]],[[49,[49,50,33,22]]],[[46,[46,48,39,44]]]]]",53.996527647117,0,13,3.307692307692,64.03942577869,2,13,3.384615384615,,,"ATS(nimp=50,seg=4,div=3,t=7200s,selected=best_after_ats,timeout=False,attempt=1/3,seed=995136549) | parallel_runs=3,chosen_attempt=1,best_multi_from_attempt=",58.996527647117,6.225139759199,0,69.80865654792,7.015409010902,1.822177186166
118,test_data/data_demand_random_50_batch_all1_equal_random/C201_2.dat,8,60,4,856.615528128088,"[[[[0,[5,4,7,3]],[3,[]],[4,[]],[23,[23,22,14,17,21,16,20,12]],[22,[]],[14,[]],[7,[]],[28,[19,34,36,28,29,25,26]],[17,[]],[21,[]],[29,[]],[5,[]],[16,[]],[34,[]],[36,[41,32,43,37,33]],[41,[]],[32,[50,49,45]],[20,[]],[50,[]],[25,[]],[12,[]],[19,[]],[49,[]],[43,[]],[37,[]],[26,[]],[33,[]],[45,[]]],[[0,[13,9,2,1,6]],[11,[11]],[6,[]],[13,[]],[9,[]],[1,[]],[30,[30,31,15,18,8,10]],[31,[]],[15,[]],[42,[42,38,35,24,27]],[38,[]],[35,[]],[18,[]],[47,[47,46,48,39,44,40]],[2,[]],[46,[]],[8,[]],[48,[]],[10,[]],[24,[]],[27,[]],[39,[]],[44,[]],[40,[]]]],[[[11,[11]]],[[23,[23,22,14,17,21,16,20,12]]],[[28,[19,34,36,28,29,25,26]]],[[30,[30,31,15,18,8,10]]],[[42,[42,38,35,24,27]]],[[36,[41,32,43,37,33]]],[[47,[47,46,48,39,44,40]]],[[32,[50,49,45]]]]]",856.615528128088,"[[[[0,[4,7,5]],[3,[3]],[4,[]],[23,[23,22,14,17,21,16,20,12]],[22,[]],[14,[]],[7,[]],[28,[19,34,36,28,29,25,26]],[17,[]],[21,[]],[29,[]],[5,[]],[16,[]],[34,[]],[36,[41,32,43,37,33]],[41,[]],[32,[50,49,45]],[20,[]],[50,[]],[25,[]],[12,[]],[19,[]],[49,[]],[43,[]],[37,[]],[26,[]],[33,[]],[45,[]]],[[0,[6,13,9,1,2]],[11,[11]],[6,[]],[13,[]],[9,[]],[1,[]],[30,[30,31,15,18,8,10]],[31,[]],[15,[]],[42,[42,38,35,24,27]],[38,[]],[35,[]],[18,[]],[47,[47,46,48,39,44,40]],[2,[]],[46,[]],[8,[]],[48,[]],[10,[]],[24,[]],[27,[]],[39,[]],[44,[]],[40,[]]]],[[[11,[11]],[3,[3]]],[[23,[23,22,14,17,21,16,20,12]]],[[28,[19,34,36,28,29,25,26]]],[[30,[30,31,15,18,8,10]]],[[42,[42,38,35,24,27]]],[[36,[41,32,43,37,33]]],[[47,[47,46,48,39,44,40]]],[[32,[50,49,45]]]]]",38.334357761326,0,8,5.125,38.952566497998,1,8,5.25,,,"ATS(nimp=50,seg=4,div=3,t=7200s,selected=best_on_timeout,timeout=True,attempt=1/3,seed=3958476556) | parallel_runs=3,chosen_attempt=1,best_multi_from_attempt=",43.334357761326,16.864218676179,0,44.577566497998,14.434861045493,0
119,test_data/data_demand_random_50_batch_all1_equal_random/C201_2.dat,8,90,1,848.615528128088,"[[[[0,[2,4,1]],[2,[]],[4,[]],[10,[10]],[9,[9,16,14,17,12]],[1,[]],[22,[22,28,29,21,20,25,19,26]],[28,[]],[16,[]],[14,[]],[34,[34]],[41,[41,36,32,43,37,33]],[36,[]],[17,[]],[29,[]],[21,[]],[32,[]],[20,[]],[50,[50,49]],[25,[]],[12,[]],[19,[]],[49,[]],[43,[]],[37,[]],[26,[]],[33,[]]],[[0,[5,7,6,3]],[5,[]],[7,[]],[6,[]],[13,[13]],[3,[11,23,15,18,8]],[11,[]],[23,[]],[24,[24,27]],[27,[]],[31,[31,30]],[15,[]],[42,[42,38,35,40,39]],[38,[]],[35,[]],[18,[]],[47,[47,46,48,44,45]],[40,[]],[46,[]],[8,[]],[48,[]],[39,[]],[44,[]],[30,[]],[45,[]]]],[[[10,[10]]],[[13,[13]]],[[3,[18,8,23,11,15]]],[[9,[9,17,16,14,12]]],[[22,[22,28,29,21,20,25,19,26]]],[[24,[24,27]]],[[31,[31,30]]],[[34,[34]]],[[42,[42,38,35,40,39]]],[[41,[41,36,32,43,37,33]]],[[47,[47,46,48,44,45]]],[[50,[50,49]]]]]",848.615528128088,"[[[[0,[2,4,1]],[2,[]],[4,[]],[10,[10]],[9,[9,17,16,14,12]],[1,[]],[22,[22,28,29,21,20,25,19,26]],[28,[]],[16,[]],[14,[]],[34,[34]],[41,[41,36,32,43,37,33]],[36,[]],[17,[]],[29,[]],[21,[]],[32,[]],[20,[]],[50,[50,49]],[25,[]],[12,[]],[19,[]],[49,[]],[43,[]],[37,[]],[26,[]],[33,[]]],[[0,[5,7,6,13,3,11,8]],[5,[]],[7,[]],[6,[]],[13,[]],[3,[18,23,15]],[11,[]],[23,[]],[24,[24,27]],[27,[]],[31,[31,30]],[15,[]],[42,[42,38,35,40,39]],[38,[]],[35,[]],[18,[]],[47,[47,46,48,44,45]],[40,[]],[46,[]],[8,[]],[48,[]],[39,[]],[44,[]],[30,[]],[45,[]]]],[[[10,[10]]],[[9,[9,17,16,14,12]],[3,[18,23,15]]],[[22,[22,28,29,21,20,25,19,26]]],[[24,[24,27]]],[[31,[31,30]]],[[34,[34]]],[[42,[42,38,35,40,39]]],[[41,[41,36,32,43,37,33]]],[[47,[47,46,48,44,45]]],[[50,[50,49]]]]]",51.522957705785,0,12,3.583333333333,53.774978411817,1,10,4,,,"ATS(nimp=50,seg=4,div=3,t=7200s,selected=best_on_timeout,timeout=True,attempt=1/3,seed=3852965605) | parallel_runs=3,chosen_attempt=1,best_multi_from_attempt=",56.522957705785,10.846378982549,0,59.274978411817,6.304216125074,0
120,test_data/data_demand_random_50_batch_all1_equal_random/C201_2.dat,8,120,4,848.615528128088,"[[[[0,[4,6,3]],[4,[]],[6,[]],[12,[12,13,14,16,17]],[13,[]],[20,[20,19]],[19,[]],[28,[28,21,29,25,26,22]],[14,[]],[34,[34,36,32,37,33]],[16,[]],[36,[]],[17,[]],[21,[]],[29,[]],[41,[41]],[32,[]],[50,[50,43,49]],[25,[]],[43,[]],[49,[]],[37,[]],[26,[]],[33,[]],[3,[]],[22,[]]],[[0,[7,5,1,2]],[7,[]],[5,[]],[9,[9,11,10]],[1,[]],[23,[23]],[11,[24,27,15,18,8]],[10,[]],[24,[]],[27,[]],[31,[31,30]],[30,[]],[15,[]],[42,[42,38,35,40,39]],[38,[]],[35,[]],[18,[]],[47,[47,46,48,44,45]],[40,[]],[46,[]],[8,[]],[48,[]],[39,[]],[44,[]],[2,[]],[45,[]]]],[[[9,[9,11,10]]],[[12,[12,13,14,16,17]]],[[23,[23]]],[[20,[20,19]]],[[11,[24,27,15,18,8]]],[[28,[28,21,29,25,26,22]]],[[31,[31,30]]],[[34,[34,36,37,32,33]]],[[42,[42,38,35,40,39]]],[[41,[41]]],[[47,[47,46,48,44,45]]],[[50,[50,49,43]]]]]",851.113002811147,"[[[[0,[4,6,3]],[4,[]],[6,[]],[12,[12,13,14,16,17]],[13,[]],[20,[20,19]],[19,[]],[28,[28,21,29,25,26,22]],[14,[]],[34,[34,36,37,32,33]],[16,[]],[36,[]],[17,[]],[21,[]],[29,[]],[41,[41]],[32,[]],[50,[50,49,43]],[25,[]],[43,[]],[49,[]],[37,[]],[26,[]],[33,[]],[3,[]],[22,[]]],[[0,[7,5,1,2]],[7,[]],[5,[]],[9,[9,11,10]],[1,[]],[23,[23]],[11,[24,27,15,18,8]],[10,[]],[24,[]],[27,[]],[31,[31,30]],[30,[]],[15,[]],[42,[42,38,35,40,39]],[38,[]],[35,[]],[18,[]],[47,[47,46,48,44,45]],[40,[]],[46,[]],[8,[]],[48,[]],[39,[]],[44,[]],[2,[]],[45,[]]]],[[[9,[9,11,10]]],[[12,[12,13,14,16,17]]],[[20,[20,19]],[23,[23]]],[[11,[24,27,15,18,8]]],[[28,[28,21,29,25,26,22]]],[[31,[31,30]]],[[34,[34,36,37,32,33]]],[[42,[42,38,35,40,39]],[41,[41]]],[[47,[47,46,48,44,45]],[50,[50,49,43]]]]]",48.501820914533,0,12,3.583333333333,56.44176174101,2,10,4.3,,,"ATS(nimp=50,seg=4,div=3,t=7200s,selected=best_on_timeout,timeout=True,attempt=1/3,seed=1542126949) | parallel_runs=3,chosen_attempt=1,best_multi_from_attempt=",53.501820914533,8.846378982549,0,62.44176174101,8.846378982549,0.395326312128
121,test_data/data_demand_random_50_batch_all1_equal_random/C201_3.dat,4,60,5,1228.709920264365,"[[[[0,[3,6]],[14,[14,17,8,19]],[17,[18,15,13,12]],[18,[]],[8,[]],[15,[]],[19,[]],[3,[]],[13,[7,27]],[20,[20,9,32,16]],[9,[]],[32,[]],[12,[]],[30,[30,38,28,33]],[38,[]],[28,[]],[41,[41,31,36]],[16,[]],[31,[]],[6,[]],[7,[44,48,43,49]],[44,[]],[36,[]],[48,[]],[27,[]],[43,[]],[49,[]],[33,[]]],[[0,[10,2,4,5,1]],[10,[]],[2,[]],[23,[23,21,11]],[21,[]],[4,[]],[24,[24]],[5,[]],[35,[35,37,22,26]],[37,[]],[22,[]],[26,[25,34,29]],[25,[]],[34,[]],[1,[]],[29,[]],[47,[47,46,39,50]],[46,[]],[39,[42,45,40]],[11,[]],[50,[]],[42,[]],[45,[]],[40,[]]]],[[[14,[14,17,19,8]]],[[17,[18,15,13,12]]],[[23,[23,21,11]]],[[24,[24]]],[[13,[27,7]]],[[20,[20,32,9,16]]],[[35,[35,37,22,26]]],[[30,[30,38,33,28]]],[[26,[34,25,29]]],[[41,[41,36,31]]],[[7,[44,48,49,43]]],[[47,[47,46,39,50]]],[[39,[42,45,40]]]]]",1228.709920264365,"[[[[0,[3,6]],[14,[14,17,19,8]],[17,[18,15,13,12]],[18,[]],[8,[]],[15,[]],[19,[]],[3,[]],[13,[27,7]],[20,[20,32,9,16]],[9,[]],[32,[]],[12,[]],[30,[30,38,33,28]],[38,[]],[28,[]],[41,[41,36,31]],[16,[]],[31,[]],[6,[]],[7,[44,48,49,43]],[44,[]],[36,[]],[48,[]],[27,[]],[43,[]],[49,[]],[33,[]]],[[0,[10,2,4,5,1]],[10,[]],[2,[]],[23,[23,21,11]],[21,[]],[4,[]],[24,[24]],[5,[]],[35,[35,37,22,26]],[37,[]],[22,[]],[26,[34,25,29]],[25,[]],[34,[]],[1,[]],[29,[]],[47,[47,46,39,50]],[46,[]],[39,[42,45,40]],[11,[]],[50,[]],[42,[]],[45,[]],[40,[]]]],[[[14,[14,17,19,8]]],[[17,[18,15,13,12]]],[[23,[23,21,11]]],[[13,[27,7]],[24,[24]]],[[20,[20,32,9,16]]],[[35,[35,37,22,26]]],[[30,[30,38,33,28]]],[[26,[34,25,29]]],[[41,[41,36,31]]],[[7,[44,48,49,43]]],[[47,[47,46,39,50]]],[[39,[42,45,40]]]]]",40.127159792088,0,13,3.307692307692,42.666302553724,1,12,3.583333333333,,(not found),"ATS(nimp=50,seg=4,div=3,t=7200s,selected=best_on_timeout,timeout=True,attempt=1/3,seed=159557155) | parallel_runs=3,chosen_attempt=1,best_multi_from_attempt=",45.127159792088,25.201320642962,0,48.082969220391,25.201320642962,0
122,test_data/data_demand_random_50_batch_all1_equal_random/C201_3.dat,4,90,5,1203.051248379533,"[[[[0,[13,10,12,9,11,14]],[13,[]],[10,[]],[12,[]],[9,[]],[11,[]],[22,[22,15,23,24]],[15,[]],[33,[33,31]],[23,[29]],[31,[36,16,26]],[36,[]],[24,[]],[16,[]],[14,[]],[26,[]],[35,[35,40]],[40,[]],[47,[47,46,44]],[29,[]],[46,[]],[44,[]]],[[0,[5,4,2,3]],[5,[6,1]],[4,[7]],[2,[]],[3,[]],[7,[]],[6,[]],[8,[8,17,19,18]],[17,[]],[20,[20,21]],[21,[27,28]],[27,[]],[28,[]],[19,[]],[18,[]],[38,[38,30,34,25]],[30,[]],[34,[]],[39,[39,37,32]],[1,[]],[25,[]],[37,[]],[32,[]],[50,[50,42,43,49]],[42,[]],[43,[]],[49,[]],[48,[48,41,45]],[41,[]],[45,[]]]],[[[5,[6,1]]],[[4,[7]]],[[22,[22,15,23,24]]],[[8,[8,17,19,18]]],[[20,[20,21]]],[[21,[27,28]]],[[33,[33,31]]],[[23,[29]]],[[31,[36,16,26]]],[[38,[38,30,34,25]]],[[39,[39,37,32]]],[[35,[35,40]]],[[47,[47,46,44]]],[[50,[50,42,43,49]]],[[48,[48,41,45]]]]]",1203.051248379533,"[[[[0,[10,12,9,11,14]],[13,[13]],[10,[]],[12,[]],[9,[]],[11,[]],[22,[22,15,23,24]],[15,[]],[33,[33,31]],[23,[]],[31,[36,16]],[36,[]],[24,[]],[16,[]],[14,[]],[26,[26]],[35,[35,40,29]],[40,[]],[47,[47,46,44]],[29,[]],[46,[]],[44,[]]],[[0,[5,4,2,3,6,1]],[5,[]],[4,[7]],[2,[]],[3,[]],[7,[]],[6,[]],[8,[8,17,19,18]],[17,[]],[20,[20,21]],[21,[27,28]],[27,[]],[28,[]],[19,[]],[18,[]],[38,[38,30,34,25]],[30,[]],[34,[]],[39,[39,37,32]],[1,[]],[25,[]],[37,[]],[32,[]],[50,[50,42,43,49]],[42,[]],[43,[]],[49,[]],[48,[48,41,45]],[41,[]],[45,[]]]],[[[4,[7]],[13,[13]]],[[22,[22,15,23,24]]],[[8,[8,17,19,18]]],[[20,[20,21]]],[[21,[27,28]],[33,[33,31]]],[[31,[36,16]]],[[38,[38,30,34,25]]],[[26,[26]],[39,[39,37,32]]],[[35,[35,40,29]]],[[47,[47,46,44]]],[[50,[50,42,43,49]]],[[48,[48,41,45]]]]]",52.589122017316,0,15,2.666666666667,61.63367702126,3,12,3.25,,(not found),"ATS(nimp=50,seg=4,div=3,t=7200s,selected=best_on_timeout,timeout=True,attempt=1/3,seed=3178257874) | parallel_runs=3,chosen_attempt=1,best_multi_from_attempt=",57.589122017316,15.958337063928,0,67.88367702126,17.113208738928,0.644261429966
123,test_data/data_demand_random_50_batch_all1_equal_random/C201_3.dat,4,120,2,1190.612496949731,"[[[[0,[2,6,4,3]],[13,[13,14,8,7]],[14,[]],[8,[]],[2,[]],[6,[]],[7,[]],[4,[]],[24,[24,21,18]],[21,[]],[3,[]],[18,[]],[28,[28,33,23,31]],[33,[]],[23,[]],[31,[]],[16,[16,26,27]],[26,[]],[38,[38,42,41,36]],[42,[]],[41,[]],[43,[43,49,48,44]],[49,[]],[27,[]],[48,[]],[36,[]],[44,[]]],[[0,[5]],[1,[1,9]],[12,[12,17,11,10]],[19,[19,15,25,20]],[15,[]],[17,[]],[30,[30]],[25,[]],[5,[]],[11,[]],[10,[]],[37,[37,34]],[9,[]],[22,[22,29,32]],[35,[35,39,40]],[34,[]],[29,[]],[46,[46,47,50,45]],[47,[]],[39,[]],[32,[]],[50,[]],[20,[]],[45,[]],[40,[]]]],[[[1,[1,9]]],[[13,[13,14,8,7]]],[[12,[12,17,11,10]]],[[24,[24,18,21]]],[[19,[19,15,25,20]]],[[30,[30]]],[[28,[28,33,31,23]]],[[16,[16,26,27]]],[[37,[37,34]]],[[22,[22,29,32]]],[[38,[38,41,36,42]]],[[35,[35,39,40]]],[[46,[46,47,50,45]]],[[43,[43,49,48,44]]]]]",1190.612496949731,"[[[[0,[2,6,4]],[13,[13,14,8,7]],[14,[]],[8,[]],[2,[]],[6,[]],[7,[]],[4,[]],[24,[24,18,21]],[21,[]],[3,[3]],[18,[]],[28,[28,33,31,23]],[33,[]],[23,[]],[31,[]],[16,[16,26,27]],[26,[]],[38,[38,41,36]],[42,[42]],[41,[]],[43,[43,49,48,44]],[49,[]],[27,[]],[48,[]],[36,[]],[44,[]]],[[0,[1,12,19,15,17,5,10,9]],[1,[]],[12,[]],[19,[25,20]],[15,[]],[17,[]],[30,[30]],[25,[]],[5,[]],[11,[11]],[10,[]],[37,[37,34]],[9,[]],[22,[22,29,32]],[35,[35,39,40]],[34,[]],[29,[]],[46,[46,47,50,45]],[47,[]],[39,[]],[32,[]],[50,[]],[20,[]],[45,[]],[40,[]]]],[[[13,[13,14,8,7]]],[[24,[24,18,21]]],[[3,[3]],[19,[25,20]]],[[30,[30]]],[[28,[28,33,31,23]]],[[11,[11]],[16,[16,26,27]]],[[37,[37,34]]],[[22,[22,29,32]]],[[38,[38,41,36]]],[[35,[35,39,40]],[42,[42]]],[[46,[46,47,50,45]]],[[43,[43,49,48,44]]]]]",56.796186184132,0,14,3.214285714286,65.802227429101,3,12,3.166666666667,,,"ATS(nimp=50,seg=4,div=3,t=7200s,selected=best_on_timeout,timeout=True,attempt=1/3,seed=484119385) | parallel_runs=3,chosen_attempt=1,best_multi_from_attempt=",61.796186184132,35.493304454179,0,72.052227429101,15.060417490567,4.112941495971
124,test_data/data_demand_random_50_batch_all1_equal_random/C201_3.dat,8,60,4,1202.298221281347,"[[[[0,[5,3]],[17,[17,8,18,19,16]],[8,[]],[18,[]],[19,[]],[3,[]],[16,[]],[5,[]],[25,[25,23,20,29]],[23,[]],[20,[27,28,38,34,32]],[27,[]],[28,[]],[38,[]],[39,[39]],[29,[]],[46,[46,47,50,42,45,40]],[47,[]],[34,[]],[32,[]],[50,[]],[42,[]],[45,[]],[40,[]]],[[0,[1,6,2]],[13,[13,14,12,9,10,11,15,7]],[14,[]],[1,[]],[12,[]],[26,[26,4,21]],[24,[24]],[4,[]],[21,[]],[6,[]],[2,[]],[31,[31]],[35,[35,37,22,30,33,36]],[9,[]],[37,[]],[22,[]],[10,[]],[11,[]],[30,[]],[15,[]],[33,[]],[41,[41,43,49,48,44]],[43,[]],[49,[]],[48,[]],[36,[]],[7,[]],[44,[]]]],[[[13,[13,14,12,9,10,11,15,7]]],[[17,[17,8,18,19,16]]],[[25,[25,23,20,29]]],[[26,[26,4,21]]],[[24,[24]]],[[31,[31]]],[[20,[27,28,38,34,32]]],[[35,[35,37,22,30,33,36]]],[[41,[41,43,49,48,44]]],[[39,[39]]],[[46,[46,47,50,42,45,40]]]]]",1202.298221281347,"[[[[0,[3,5]],[17,[17,8,18,19,16]],[8,[]],[18,[]],[19,[]],[3,[]],[16,[]],[5,[]],[25,[25,23,20,29]],[23,[]],[20,[27,28,38,34,32]],[27,[]],[28,[]],[38,[]],[39,[39]],[29,[]],[46,[46,47,50,42,45,40]],[47,[]],[34,[]],[32,[]],[50,[]],[42,[]],[45,[]],[40,[]]],[[0,[6,2]],[13,[13,14,12,9,10,11,15,7]],[14,[1]],[1,[]],[12,[]],[26,[26,4,21]],[24,[24,31]],[4,[]],[21,[]],[6,[]],[2,[]],[31,[]],[35,[35,37,22,30,33,36]],[9,[]],[37,[]],[22,[]],[10,[]],[11,[]],[30,[]],[15,[]],[33,[]],[41,[41,43,49,48,44]],[43,[]],[49,[]],[48,[]],[36,[]],[7,[]],[44,[]]]],[[[13,[13,14,12,9,10,11,15,7]]],[[17,[17,8,18,19,16]],[14,[1]]],[[25,[25,23,20,29]]],[[26,[26,4,21]]],[[24,[24,31]]],[[20,[27,28,38,34,32]]],[[35,[35,37,22,30,33,36]]],[[41,[41,43,49,48,44]]],[[39,[39]]],[[46,[46,47,50,42,45,40]]]]]",39.612288233468,0,11,4.090909090909,40.228657658287,1,10,4.5,,(not found),"ATS(nimp=50,seg=4,div=3,t=7200s,selected=best_after_ats,timeout=False,attempt=1/3,seed=3728837702) | parallel_runs=3,chosen_attempt=1,best_multi_from_attempt=",44.612288233468,46.831070407932,0,45.728657658287,46.831070407932,0
125,test_data/data_demand_random_50_batch_all1_equal_random/C201_3.dat,8,90,5,1190.612496949731,"[[[[0,[]],[14,[14,10,11,15,19,12,8,18]],[12,[]],[10,[]],[11,[]],[8,[]],[18,[]],[15,[]],[19,[]],[28,[28,33,17,23,25,22]],[33,[]],[17,[]],[23,[]],[25,[]],[35,[35,30,37,29,34,32]],[30,[]],[22,[]],[37,[]],[39,[39]],[29,[]],[46,[46,47,50,45,40]],[47,[]],[34,[]],[32,[]],[50,[]],[45,[]],[40,[]]],[[0,[6,1,4,5,3,2]],[5,[]],[9,[9,7,13]],[3,[]],[2,[]],[6,[]],[16,[16]],[13,[]],[26,[26,21,24,31,20,27]],[1,[]],[21,[]],[24,[]],[31,[]],[4,[]],[42,[42]],[38,[38,41,36]],[20,[]],[41,[]],[27,[]],[43,[43,49,48,44]],[49,[]],[48,[]],[36,[]],[7,[]],[44,[]]]],[[[14,[14,10,11,15,19,12,8,18]]],[[9,[9,7,13]]],[[16,[16]]],[[26,[26,21,24,31,20,27]]],[[28,[28,33,17,23,25,22]]],[[35,[35,30,37,29,34,32]]],[[42,[42]]],[[38,[38,41,36]]],[[39,[39]]],[[46,[46,47,50,45,40]]],[[43,[43,49,48,44]]]]]",1190.612496949731,"[[[[0,[]],[14,[14,11,15,19,12,8,18]],[12,[]],[10,[10]],[11,[]],[8,[]],[18,[]],[15,[]],[19,[]],[28,[28,33,17,23,25,22]],[33,[]],[17,[]],[23,[]],[25,[]],[35,[35,30,37,29,34,32]],[30,[]],[22,[]],[37,[]],[39,[39]],[29,[]],[46,[46,47,50,45,40]],[47,[]],[34,[]],[32,[]],[50,[]],[45,[]],[40,[]]],[[0,[5,3,2,6,1]],[5,[]],[9,[9,7,13]],[3,[]],[2,[]],[6,[]],[16,[16]],[13,[]],[26,[26,21,24,31,20,27]],[1,[]],[21,[4]],[24,[]],[31,[]],[4,[]],[42,[42]],[38,[38,41,36]],[20,[]],[41,[]],[27,[]],[43,[43,49,48,44]],[49,[]],[48,[]],[36,[]],[7,[]],[44,[]]]],[[[14,[14,11,15,19,12,8,18]]],[[9,[9,7,13]]],[[10,[10]],[16,[16]]],[[26,[26,21,24,31,20,27]]],[[28,[28,33,17,23,25,22]]],[[21,[4]],[35,[35,30,37,29,34,32]]],[[42,[42]],[39,[39]]],[[38,[38,41,36]]],[[46,[46,47,50,45,40]]],[[43,[43,49,48,44]]]]]",54.031227126948,0,11,4,63.663334407179,2,10,4.4,,,"ATS(nimp=50,seg=4,div=3,t=7200s,selected=best_on_timeout,timeout=True,attempt=1/3,seed=2550881039) | parallel_runs=3,chosen_attempt=1,best_multi_from_attempt=",59.031227126948,38.900569305319,0,69.663334407179,35.242188529876,0.370448499588
126,test_data/data_demand_random_50_batch_all1_equal_random/C201_3.dat,8,120,3,1190.612496949731,"[[[[0,[5,4,6,3,1]],[5,[]],[14,[14,16,15,9,10,12,11]],[4,[]],[6,[]],[3,[]],[16,[]],[26,[26,25]],[25,[]],[1,[23,33,22,32,29]],[23,[]],[33,[]],[15,[]],[38,[38,35,37,34]],[35,[]],[37,[]],[22,[]],[9,[]],[32,[]],[10,[]],[34,[]],[29,[]],[46,[46,47,39,50,45]],[47,[]],[39,[]],[50,[]],[12,[]],[11,[]],[45,[]]],[[0,[2]],[2,[]],[18,[18,19,13,8,7,17]],[19,[]],[13,[]],[8,[]],[7,[]],[31,[31,21,28,30,27,24,20]],[21,[]],[28,[]],[20,[]],[40,[40,42,41,36]],[17,[]],[30,[]],[42,[]],[41,[]],[27,[]],[43,[43,49,44,48]],[49,[]],[48,[]],[36,[]],[24,[]],[44,[]]]],[[[18,[18,19,13,8,7,17]]],[[14,[14,16,15,9,10,12,11]]],[[31,[31,21,28,30,27,24,20]]],[[26,[26,25]]],[[1,[23,33,22,32,29]]],[[38,[38,35,37,34]]],[[40,[40,42,41,36]]],[[46,[46,47,39,50,45]]],[[43,[43,49,44,48]]]]]",1190.612496949731,"[[[[0,[5,4,6,3,1]],[5,[]],[14,[14]],[4,[]],[6,[]],[3,[]],[16,[16,15,9,12,11]],[26,[26,25]],[25,[]],[1,[23,33,22,32,29]],[23,[]],[33,[]],[15,[]],[38,[38,35,37,34]],[35,[]],[37,[]],[22,[]],[9,[]],[32,[]],[10,[10]],[34,[]],[29,[]],[46,[46,47,39,50,45]],[47,[]],[39,[]],[50,[]],[12,[]],[11,[]],[45,[]]],[[0,[2]],[2,[]],[18,[18,19,13,8,7,17]],[19,[]],[13,[]],[8,[]],[7,[]],[31,[31,28,30,27,24]],[21,[21]],[28,[]],[20,[20]],[40,[40,42,41,36]],[17,[]],[30,[]],[42,[]],[41,[]],[27,[]],[43,[43,49,44,48]],[49,[]],[48,[]],[36,[]],[24,[]],[44,[]]]],[[[14,[14]],[18,[18,19,13,8,7,17]]],[[16,[16,15,9,12,11]]],[[31,[31,28,30,27,24]]],[[26,[26,25]]],[[1,[23,33,22,32,29]],[21,[21]]],[[38,[38,35,37,34]],[20,[20]]],[[40,[40,42,41,36]],[10,[10]]],[[46,[46,47,39,50,45]]],[[43,[43,49,44,48]]]]]",46.64380663386,0,9,4.888888888889,58.292124174241,4,9,5,,,"ATS(nimp=50,seg=4,div=3,t=7200s,selected=best_on_timeout,timeout=True,attempt=1/3,seed=517628943) | parallel_runs=3,chosen_attempt=1,best_multi_from_attempt=",51.64380663386,44.211806928723,0,65.514346396464,29.069712489116,2.99495868884
127,test_data/data_demand_random_50_batch_all1_equal_random/RC101_0.5.dat,4,60,1,752,"[[[[0,[22,1,35,44,16,14,47,33,5,17,42,39,7,45,36,46,18,19,29,26]],[22,[]],[1,[]],[35,[]],[44,[]],[16,[]],[14,[]],[47,[]],[33,[]],[5,[]],[17,[]],[42,[]],[39,[]],[7,[]],[45,[]],[36,[]],[46,[]],[18,[]],[19,[]],[29,[]],[26,[]]],[[0,[30,48,13,10,12,38,34,21,28,25,20,27,41,11,49,32,8,31,6,4,3,24,9,40,50,43,23,37,2,15]],[30,[]],[48,[]],[13,[]],[10,[]],[12,[]],[38,[]],[34,[]],[21,[]],[28,[]],[25,[]],[20,[]],[27,[]],[41,[]],[11,[]],[49,[]],[32,[]],[8,[]],[31,[]],[6,[]],[4,[]],[3,[]],[24,[]],[9,[]],[40,[]],[50,[]],[43,[]],[23,[]],[37,[]],[2,[]],[15,[]]]],[]]",,,0,0,0,0,,,,,results/sol_best_RC101_0.5.dat_A4_L60_pid2765.txt,(not found),"ATS(nimp=50,seg=4,div=3,t=7200s,selected=best_on_timeout,timeout=True,attempt=1/3,seed=2587275354) | parallel_runs=3,chosen_attempt=1,best_multi_from_attempt=",0,0,0,,,
128,test_data/data_demand_random_50_batch_all1_equal_random/RC101_0.5.dat,4,90,1,700,"[[[[0,[29,19,18,46,36,39,42,7,45,26,48,30,13,10,12,38,34,21,28,25,20,31,32,8,49,11,6,27,41,4]],[29,[]],[19,[]],[18,[]],[46,[]],[36,[]],[39,[]],[42,[]],[7,[]],[45,[]],[26,[]],[48,[]],[30,[]],[13,[]],[10,[]],[12,[]],[38,[]],[34,[]],[21,[]],[28,[]],[25,[]],[20,[]],[31,[]],[32,[]],[8,[]],[49,[]],[11,[]],[6,[]],[27,[]],[41,[]],[4,[]]],[[0,[17,5,33,47,14,16,44,35,1,22,3,24,9,50,40,43,23,37,2,15]],[17,[]],[5,[]],[33,[]],[47,[]],[14,[]],[16,[]],[44,[]],[35,[]],[1,[]],[22,[]],[3,[]],[24,[]],[9,[]],[50,[]],[40,[]],[43,[]],[23,[]],[37,[]],[2,[]],[15,[]]]],[]]",,,0,0,0,0,,,,,results/sol_best_RC101_0.5.dat_A4_L90_pid2737.txt,(not found),"ATS(nimp=50,seg=4,div=3,t=7200s,selected=best_on_timeout,timeout=True,attempt=1/3,seed=2494888094) | parallel_runs=3,chosen_attempt=1,best_multi_from_attempt=",0,0,0,,,
129,test_data/data_demand_random_50_batch_all1_equal_random/RC101_0.5.dat,4,120,1,700,"[[[[0,[7,45,42,39,36,46,18,19,29,26,48,30,13,10,12,38,34,21,28,25,20,27,41,11,49,32,8,31,6,4]],[7,[]],[45,[]],[42,[]],[39,[]],[36,[]],[46,[]],[18,[]],[19,[]],[29,[]],[26,[]],[48,[]],[30,[]],[13,[]],[10,[]],[12,[]],[38,[]],[34,[]],[21,[]],[28,[]],[25,[]],[20,[]],[27,[]],[41,[]],[11,[]],[49,[]],[32,[]],[8,[]],[31,[]],[6,[]],[4,[]]],[[0,[15,2,37,23,43,50,40,9,24,3,22,1,35,44,16,14,47,33,5,17]],[15,[]],[2,[]],[37,[]],[23,[]],[43,[]],[50,[]],[40,[]],[9,[]],[24,[]],[3,[]],[22,[]],[1,[]],[35,[]],[44,[]],[16,[]],[14,[]],[47,[]],[33,[]],[5,[]],[17,[]]]],[]]",,,0,0,0,0,,,,,results/sol_best_RC101_0.5.dat_A4_L120_pid2742.txt,(not found),"ATS(nimp=50,seg=4,div=3,t=7200s,selected=best_on_timeout,timeout=True,attempt=2/3,seed=1210839181) | parallel_runs=3,chosen_attempt=2,best_multi_from_attempt=",0,0,0,,,
130,test_data/data_demand_random_50_batch_all1_equal_random/RC101_0.5.dat,8,60,1,752,"[[[[0,[26,29,19,18,46,36,45,7,39,42,17,5,33,47,14,16,44,35,1,22]],[26,[]],[29,[]],[19,[]],[18,[]],[46,[]],[36,[]],[45,[]],[7,[]],[39,[]],[42,[]],[17,[]],[5,[]],[33,[]],[47,[]],[14,[]],[16,[]],[44,[]],[35,[]],[1,[]],[22,[]]],[[0,[30,48,13,10,12,38,34,21,28,25,20,27,41,11,49,32,8,31,6,4,3,24,9,40,50,43,23,37,2,15]],[30,[]],[48,[]],[13,[]],[10,[]],[12,[]],[38,[]],[34,[]],[21,[]],[28,[]],[25,[]],[20,[]],[27,[]],[41,[]],[11,[]],[49,[]],[32,[]],[8,[]],[31,[]],[6,[]],[4,[]],[3,[]],[24,[]],[9,[]],[40,[]],[50,[]],[43,[]],[23,[]],[37,[]],[2,[]],[15,[]]]],[]]",,,0,0,0,0,,,,,results/sol_best_RC101_0.5.dat_A8_L60_pid2746.txt,(not found),"ATS(nimp=50,seg=4,div=3,t=7200s,selected=best_on_timeout,timeout=True,attempt=1/3,seed=1042443673) | parallel_runs=3,chosen_attempt=1,best_multi_from_attempt=",0,0,0,,,
131,test_data/data_demand_random_50_batch_all1_equal_random/RC101_0.5.dat,8,90,1,700,"[[[[0,[45,7,42,39,36,46,18,19,29,26,13,30,48,10,12,38,34,21,28,25,27,41,20,31,32,8,49,11,6,4]],[45,[]],[7,[]],[42,[]],[39,[]],[36,[]],[46,[]],[18,[]],[19,[]],[29,[]],[26,[]],[13,[]],[30,[]],[48,[]],[10,[]],[12,[]],[38,[]],[34,[]],[21,[]],[28,[]],[25,[]],[27,[]],[41,[]],[20,[]],[31,[]],[32,[]],[8,[]],[49,[]],[11,[]],[6,[]],[4,[]]],[[0,[15,2,37,23,43,40,50,9,24,3,22,1,35,44,16,14,47,33,5,17]],[15,[]],[2,[]],[37,[]],[23,[]],[43,[]],[40,[]],[50,[]],[9,[]],[24,[]],[3,[]],[22,[]],[1,[]],[35,[]],[44,[]],[16,[]],[14,[]],[47,[]],[33,[]],[5,[]],[17,[]]]],[]]",,,0,0,0,0,,,,,results/sol_best_RC101_0.5.dat_A8_L90_pid2803.txt,(not found),"ATS(nimp=50,seg=4,div=3,t=7200s,selected=best_on_timeout,timeout=True,attempt=1/3,seed=1256919513) | parallel_runs=3,chosen_attempt=1,best_multi_from_attempt=",0,0,0,,,
132,test_data/data_demand_random_50_batch_all1_equal_random/RC101_0.5.dat,8,120,1,700,"[[[[0,[29,19,18,46,36,39,42,7,45,26,30,48,13,10,12,38,34,21,28,25,41,27,20,31,8,32,49,11,6,4]],[29,[]],[19,[]],[18,[]],[46,[]],[36,[]],[39,[]],[42,[]],[7,[]],[45,[]],[26,[]],[30,[]],[48,[]],[13,[]],[10,[]],[12,[]],[38,[]],[34,[]],[21,[]],[28,[]],[25,[]],[41,[]],[27,[]],[20,[]],[31,[]],[8,[]],[32,[]],[49,[]],[11,[]],[6,[]],[4,[]]],[[0,[15,2,37,23,43,40,50,9,24,3,22,1,35,44,16,14,47,33,5,17]],[15,[]],[2,[]],[37,[]],[23,[]],[43,[]],[40,[]],[50,[]],[9,[]],[24,[]],[3,[]],[22,[]],[1,[]],[35,[]],[44,[]],[16,[]],[14,[]],[47,[]],[33,[]],[5,[]],[17,[]]]],[]]",,,0,0,0,0,,,,,results/sol_best_RC101_0.5.dat_A8_L120_pid2752.txt,(not found),"ATS(nimp=50,seg=4,div=3,t=7200s,selected=best_on_timeout,timeout=True,attempt=2/3,seed=1614197953) | parallel_runs=3,chosen_attempt=2,best_multi_from_attempt=",0,0,0,,,
133,test_data/data_demand_random_50_batch_all1_equal_random/RC101_1.5.dat,4,60,1,1068,"[[[[0,[12,34,3,15,5,20,45,4,2,46,38,25,18,11,28,7,30,19,42,48,1]],[12,[]],[34,[]],[3,[]],[15,[]],[5,[]],[20,[]],[45,[]],[4,[]],[2,[]],[46,[]],[38,[]],[25,[]],[18,[]],[11,[]],[28,[]],[7,[]],[30,[]],[19,[]],[42,[]],[48,[]],[1,[]]],[[0,[10,26,17,31,24,49,8,21,37,6,40,36,47,35,13,27,14,44,43,39,33,32,9,41,16,29,22,23,50]],[10,[]],[26,[]],[17,[]],[31,[]],[24,[]],[49,[]],[8,[]],[21,[]],[37,[]],[6,[]],[40,[]],[36,[]],[47,[]],[35,[]],[13,[]],[27,[]],[14,[]],[44,[]],[43,[]],[39,[]],[33,[]],[32,[]],[9,[]],[41,[]],[16,[]],[29,[]],[22,[]],[23,[]],[50,[]]]],[]]",,,0,0,0,0,,,,,results/sol_best_RC101_1.5.dat_A4_L60_pid2668.txt,(not found),"ATS(nimp=50,seg=4,div=3,t=7200s,selected=best_on_timeout,timeout=True,attempt=1/3,seed=2892229044) | parallel_runs=3,chosen_attempt=1,best_multi_from_attempt=",0,0,0,,,
134,test_data/data_demand_random_50_batch_all1_equal_random/RC101_1.5.dat,4,90,1,1020,"[[[[0,[12,34,3,15,5,20,45,4,2,46,48,42,19,30,7,28,11,18,25,38]],[12,[]],[34,[]],[3,[]],[15,[]],[5,[]],[20,[]],[45,[]],[4,[]],[2,[]],[46,[]],[48,[]],[42,[]],[19,[]],[30,[]],[7,[]],[28,[]],[11,[]],[18,[]],[25,[]],[38,[]]],[[0,[10,26,17,31,24,8,21,37,6,40,36,35,13,27,14,44,43,39,33,32,9,41,16,29,22,23,1]],[10,[]],[26,[]],[17,[]],[31,[]],[24,[]],[49,[49,47,50]],[8,[]],[21,[]],[37,[]],[6,[]],[40,[]],[36,[]],[47,[]],[35,[]],[13,[]],[27,[]],[14,[]],[44,[]],[43,[]],[39,[]],[33,[]],[32,[]],[9,[]],[41,[]],[16,[]],[29,[]],[22,[]],[23,[]],[1,[]],[50,[]]]],[[[49,[49,47,50]]]]]",,,72.11102550928,0,1,3,,,,,results/sol_best_RC101_1.5.dat_A4_L90_pid2749.txt,(not found),"ATS(nimp=50,seg=4,div=3,t=7200s,selected=best_on_timeout,timeout=True,attempt=1/3,seed=2178362365) | parallel_runs=3,chosen_attempt=1,best_multi_from_attempt=",77.11102550928,0,0,,,
135,test_data/data_demand_random_50_batch_all1_equal_random/RC101_1.5.dat,4,120,1,1020,"[[[[0,[12,34,3,15,5,20,45,4,2,46,48,42,19,30,7,28,11,18,25,38]],[12,[]],[34,[]],[3,[]],[15,[]],[5,[]],[20,[]],[45,[]],[4,[]],[2,[]],[46,[]],[48,[]],[42,[]],[19,[]],[30,[]],[7,[]],[28,[]],[11,[]],[18,[]],[25,[]],[38,[]]],[[0,[10,17,26,31,24,8,21,37,6,40,36,35,13,27,44,14,39,43,33,32,9,16,41,29,22,23,1]],[10,[]],[17,[]],[26,[]],[31,[]],[24,[]],[49,[49,47,50]],[8,[]],[21,[]],[37,[]],[6,[]],[40,[]],[36,[]],[47,[]],[35,[]],[13,[]],[27,[]],[44,[]],[14,[]],[39,[]],[43,[]],[33,[]],[32,[]],[9,[]],[16,[]],[41,[]],[29,[]],[22,[]],[23,[]],[50,[]],[1,[]]]],[[[49,[49,47,50]]]]]",985.05551275464,"[[[[0,[12,34,3,15,5,4,2,42,19,30,7,28,11,18,25,38]],[12,[45,46,48]],[34,[]],[3,[]],[15,[]],[5,[]],[20,[20]],[45,[]],[4,[]],[2,[]],[46,[]],[48,[]],[42,[]],[19,[]],[30,[]],[7,[]],[28,[]],[11,[]],[18,[]],[25,[]],[38,[]]],[[0,[10,17,26,31,24,8,21,37,6,36,35,13,27,14,39,33,32,9,16,29,22,23,1]],[10,[40,44,43,41]],[17,[]],[26,[]],[31,[]],[24,[]],[49,[49,47,50]],[8,[]],[21,[]],[37,[]],[6,[]],[40,[]],[36,[]],[47,[]],[35,[]],[13,[]],[27,[]],[44,[]],[14,[]],[39,[]],[43,[]],[33,[]],[32,[]],[9,[]],[16,[]],[41,[]],[29,[]],[22,[]],[23,[]],[50,[]],[1,[]]]],[[[10,[40,44,43,41]]],[[12,[45,46,48]]],[[49,[49,47,50]],[20,[20]]]]]",72.11102550928,0,1,3,79.967154881207,1,3,3.666666666667,results/sol_best_RC101_1.5.dat_A4_L120_pid2752.txt,(not found),"ATS(nimp=50,seg=4,div=3,t=7200s,selected=best_on_timeout,timeout=True,attempt=3/3,seed=4065428194) | parallel_runs=3,chosen_attempt=3,best_multi_from_attempt=",77.11102550928,0,0,86.633821547873,19.855578562693,0
136,test_data/data_demand_random_50_batch_all1_equal_random/RC101_1.5.dat,8,60,1,1068,"[[[[0,[10,17,26,31,24,49,8,21,6,37,14,44,40,36,47,35,13,27,43,39,33,32,9,41,16,29,22]],[10,[]],[17,[]],[26,[]],[31,[]],[24,[]],[49,[]],[8,[]],[21,[]],[6,[]],[37,[]],[14,[]],[44,[]],[40,[]],[36,[]],[47,[]],[35,[]],[13,[]],[27,[]],[43,[]],[39,[]],[33,[]],[32,[]],[9,[]],[41,[]],[16,[]],[29,[]],[22,[]]],[[0,[12,34,3,15,5,20,45,4,2,46,38,25,18,11,28,7,30,19,42,48,23,50,1]],[12,[]],[34,[]],[3,[]],[15,[]],[5,[]],[20,[]],[45,[]],[4,[]],[2,[]],[46,[]],[38,[]],[25,[]],[18,[]],[11,[]],[28,[]],[7,[]],[30,[]],[19,[]],[42,[]],[48,[]],[23,[]],[50,[]],[1,[]]]],[]]",,,0,0,0,0,,,,,results/sol_best_RC101_1.5.dat_A8_L60_pid2754.txt,(not found),"ATS(nimp=50,seg=4,div=3,t=7200s,selected=best_on_timeout,timeout=True,attempt=1/3,seed=454082940) | parallel_runs=3,chosen_attempt=1,best_multi_from_attempt=",0,0,0,,,
137,test_data/data_demand_random_50_batch_all1_equal_random/RC101_1.5.dat,8,90,1,1024,"[[[[0,[12,45,20,34,3,15,5,46,2,4,48,42,19,30,7,28,11,18,25,38]],[12,[]],[45,[]],[20,[]],[34,[]],[3,[]],[15,[]],[5,[]],[46,[]],[2,[]],[4,[]],[48,[]],[42,[]],[19,[]],[30,[]],[7,[]],[28,[]],[11,[]],[18,[]],[25,[]],[38,[]]],[[0,[10,17,26,31,24,21,8,6,37,40,36,35,13,27,43,44,14,39,33,32,9,41,16,29,22,23,1]],[10,[]],[17,[]],[26,[]],[31,[]],[24,[]],[49,[49,47,50]],[21,[]],[8,[]],[6,[]],[37,[]],[40,[]],[36,[]],[47,[]],[35,[]],[13,[]],[27,[]],[43,[]],[44,[]],[14,[]],[39,[]],[33,[]],[32,[]],[9,[]],[41,[]],[16,[]],[29,[]],[22,[]],[23,[]],[1,[]],[50,[]]]],[[[49,[49,47,50]]]]]",,,72.11102550928,0,1,3,,,,,results/sol_best_RC101_1.5.dat_A8_L90_pid2748.txt,(not found),"ATS(nimp=50,seg=4,div=3,t=7200s,selected=best_on_timeout,timeout=True,attempt=1/3,seed=2237414861) | parallel_runs=3,chosen_attempt=1,best_multi_from_attempt=",77.11102550928,0,0,,,
138,test_data/data_demand_random_50_batch_all1_equal_random/RC101_1.5.dat,8,120,3,1068,"[[[[0,[1,48,42,19,30,7,28,11,18,25,38,46,2,4,45,20,5,15,3,34,12]],[1,[]],[48,[]],[42,[]],[19,[]],[30,[]],[7,[]],[28,[]],[11,[]],[18,[]],[25,[]],[38,[]],[46,[]],[2,[]],[4,[]],[45,[]],[20,[]],[5,[]],[15,[]],[3,[]],[34,[]],[12,[]]],[[0,[10,17,26,31,24,49,8,21,6,37,40,36,47,35,13,27,14,44,43,39,33,32,9,16,41,29,22,23,50]],[10,[]],[17,[]],[26,[]],[31,[]],[24,[]],[49,[]],[8,[]],[21,[]],[6,[]],[37,[]],[40,[]],[36,[]],[47,[]],[35,[]],[13,[]],[27,[]],[14,[]],[44,[]],[43,[]],[39,[]],[33,[]],[32,[]],[9,[]],[16,[]],[41,[]],[29,[]],[22,[]],[23,[]],[50,[]]]],[]]",,,0,0,0,0,,,,,results/sol_best_RC101_1.5.dat_A8_L120_pid2758.txt,(not found),"ATS(nimp=50,seg=4,div=3,t=7200s,selected=best_on_timeout,timeout=True,attempt=1/3,seed=2232914960) | parallel_runs=3,chosen_attempt=1,best_multi_from_attempt=",0,0,0,,,
139,test_data/data_demand_random_50_batch_all1_equal_random/RC101_1.dat,4,60,2,876,"[[[[0,[35,30,42,4,23,34,21,37,46,7,44,38,27,33,8,24,22,47,31,41,50,10,49,15,9,26,5,11,1,40]],[35,[]],[30,[]],[42,[]],[4,[]],[23,[]],[34,[]],[21,[]],[37,[]],[46,[]],[7,[]],[44,[]],[38,[]],[27,[]],[33,[]],[8,[]],[24,[]],[22,[]],[47,[]],[31,[]],[41,[]],[50,[]],[10,[]],[49,[]],[15,[]],[9,[]],[26,[]],[5,[]],[11,[]],[1,[]],[40,[]]],[[0,[14,18,48,25,20,29,3,19,39,6,17,36,12,43,16,45,28,13,32,2]],[14,[]],[18,[]],[48,[]],[25,[]],[20,[]],[29,[]],[3,[]],[19,[]],[39,[]],[6,[]],[17,[]],[36,[]],[12,[]],[43,[]],[16,[]],[45,[]],[28,[]],[13,[]],[32,[]],[2,[]]]],[]]",,,0,0,0,0,,,,,results/sol_best_RC101_1.dat_A4_L60_pid2757.txt,(not found),"ATS(nimp=50,seg=4,div=3,t=7200s,selected=best_after_ats,timeout=False,attempt=1/3,seed=3122492702) | parallel_runs=3,chosen_attempt=1,best_multi_from_attempt=",0,0,0,,,
140,test_data/data_demand_random_50_batch_all1_equal_random/RC101_1.dat,4,90,2,864,"[[[[0,[35,30,42,4,23,34,21,37,46,7,44,8,33,27,38,24,22,47,31,41,50,9,5,26,11,1,15,10,49]],[35,[]],[30,[]],[42,[]],[4,[]],[23,[]],[34,[]],[21,[]],[37,[]],[46,[]],[7,[]],[44,[]],[8,[]],[33,[]],[27,[]],[38,[]],[24,[]],[22,[]],[47,[]],[31,[]],[41,[]],[50,[]],[9,[]],[5,[]],[26,[]],[11,[]],[1,[]],[15,[]],[10,[]],[49,[]]],[[0,[40,14,18,25,20,29,3,19,39,6,17,36,12,16,43,45,13,28,32,2]],[40,[]],[14,[48]],[18,[]],[48,[]],[25,[]],[20,[]],[29,[]],[3,[]],[19,[]],[39,[]],[6,[]],[17,[]],[36,[]],[12,[]],[16,[]],[43,[]],[45,[]],[13,[]],[28,[]],[32,[]],[2,[]]]],[[[14,[48]]]]]",,,70.682388188289,0,1,1,,,,,results/sol_best_RC101_1.dat_A4_L60_pid2757.txt,,"A4L90<=A4L60 | ATS(nimp=50,seg=4,div=3,t=7200s,selected=best_on_timeout,timeout=True,attempt=1/3,seed=1580991768) | parallel_runs=3,chosen_attempt=1,best_multi_from_attempt=",75.682388188289,0,0,,,
141,test_data/data_demand_random_50_batch_all1_equal_random/RC101_1.dat,4,120,2,864,"[[[[0,[10,49,15,1,11,26,5,9,50,41,31,47,22,24,33,8,44,38,27,30,35,42,4,23,34,21,37,46,7]],[10,[]],[49,[]],[15,[]],[1,[]],[11,[]],[26,[]],[5,[]],[9,[]],[50,[]],[41,[]],[31,[]],[47,[]],[22,[]],[24,[]],[33,[]],[8,[]],[44,[]],[38,[]],[27,[]],[30,[]],[35,[]],[42,[]],[4,[]],[23,[]],[34,[]],[21,[]],[37,[]],[46,[]],[7,[]]],[[0,[40,14,18,25,20,29,3,19,39,6,17,36,12,16,43,45,28,13,32,2]],[40,[]],[14,[]],[18,[48]],[48,[]],[25,[]],[20,[]],[29,[]],[3,[]],[19,[]],[39,[]],[6,[]],[17,[]],[36,[]],[12,[]],[16,[]],[43,[]],[45,[]],[28,[]],[13,[]],[32,[]],[2,[]]]],[[[18,[48]]]]]",,,94.868329805051,0,1,1,,,,,results/sol_best_RC101_1.dat_A4_L60_pid2757.txt,,"A4L120<=A4L90 | ATS(nimp=50,seg=4,div=3,t=7200s,selected=best_on_timeout,timeout=True,attempt=1/3,seed=2303598909) | parallel_runs=3,chosen_attempt=1,best_multi_from_attempt=",99.868329805051,0,0,,,
142,test_data/data_demand_random_50_batch_all1_equal_random/RC101_1.dat,8,60,1,876,"[[[[0,[46,37,21,34,23,4,42,35,30,7,44,38,27,33,8,24,22,47,31,41,50,10,49,15,9,26,5,11,1,40]],[46,[]],[37,[]],[21,[]],[34,[]],[23,[]],[4,[]],[42,[]],[35,[]],[30,[]],[7,[]],[44,[]],[38,[]],[27,[]],[33,[]],[8,[]],[24,[]],[22,[]],[47,[]],[31,[]],[41,[]],[50,[]],[10,[]],[49,[]],[15,[]],[9,[]],[26,[]],[5,[]],[11,[]],[1,[]],[40,[]]],[[0,[14,18,48,25,20,29,3,19,39,6,17,36,12,43,16,45,28,13,32,2]],[14,[]],[18,[]],[48,[]],[25,[]],[20,[]],[29,[]],[3,[]],[19,[]],[39,[]],[6,[]],[17,[]],[36,[]],[12,[]],[43,[]],[16,[]],[45,[]],[28,[]],[13,[]],[32,[]],[2,[]]]],[]]",,,0,0,0,0,,,,,results/sol_best_RC101_1.dat_A8_L60_pid2744.txt,(not found),"ATS(nimp=50,seg=4,div=3,t=7200s,selected=best_after_ats,timeout=False,attempt=1/3,seed=1777681104) | parallel_runs=3,chosen_attempt=1,best_multi_from_attempt=",0,0,0,,,
143,test_data/data_demand_random_50_batch_all1_equal_random/RC101_1.dat,8,90,2,786.541019662497,"[[[[0,[7,30,4,23,21,27,8,24,22,31,10,15,9,26,5,11,1]],[7,[37,38,40,34,33,35]],[30,[]],[35,[]],[42,[42]],[4,[]],[23,[]],[34,[]],[21,[47,50,49,44,41,46]],[37,[]],[46,[]],[44,[]],[38,[]],[27,[]],[33,[]],[8,[]],[24,[]],[22,[]],[47,[]],[31,[]],[41,[]],[50,[]],[10,[]],[49,[]],[15,[]],[9,[]],[26,[]],[5,[]],[11,[]],[1,[]],[40,[]]],[[0,[14,18,25,20,29,3,19,39,6,17,36,12,43,16,45,28,13,32,2]],[14,[48]],[18,[]],[48,[]],[25,[]],[20,[]],[29,[]],[3,[]],[19,[]],[39,[]],[6,[]],[17,[]],[36,[]],[12,[]],[43,[]],[16,[]],[45,[]],[28,[]],[13,[]],[32,[]],[2,[]]]],[[[7,[37,38,40,34,33,35]]],[[42,[42]]],[[21,[47,50,49,44,41,46]]],[[14,[48]]]]]",,,70.790885989769,0,4,3.5,,,,,results/sol_best_RC101_1.dat_A8_L90_pid2672.txt,(not found),"ATS(nimp=50,seg=4,div=3,t=7200s,selected=best_after_ats,timeout=False,attempt=1/3,seed=1257247613) | parallel_runs=3,chosen_attempt=1,best_multi_from_attempt=",75.790885989769,12.491063270409,0,,,
144,test_data/data_demand_random_50_batch_all1_equal_random/RC101_1.dat,8,120,2,864,"[[[[0,[30,35,42,4,23,34,21,37,46,7,44,8,33,27,38,24,22,47,31,41,50,9,5,26,11,1,15,49,10]],[30,[]],[35,[]],[42,[]],[4,[]],[23,[]],[34,[]],[21,[]],[37,[]],[46,[]],[7,[]],[44,[]],[8,[]],[33,[]],[27,[]],[38,[]],[24,[]],[22,[]],[47,[]],[31,[]],[41,[]],[50,[]],[9,[]],[5,[]],[26,[]],[11,[]],[1,[]],[15,[]],[49,[]],[10,[]]],[[0,[40,14,18,25,20,29,3,19,39,6,17,36,12,16,43,45,28,13,32,2]],[40,[]],[14,[]],[18,[48]],[48,[]],[25,[]],[20,[]],[29,[]],[3,[]],[19,[]],[39,[]],[6,[]],[17,[]],[36,[]],[12,[]],[16,[]],[43,[]],[45,[]],[28,[]],[13,[]],[32,[]],[2,[]]]],[[[18,[48]]]]]",,,94.868329805051,0,1,1,,,,,results/sol_best_RC101_1.dat_A4_L60_pid2757.txt,,"A8L120<=A4L120 | ATS(nimp=50,seg=4,div=3,t=7200s,selected=best_on_timeout,timeout=True,attempt=1/3,seed=2328035863) | parallel_runs=3,chosen_attempt=1,best_multi_from_attempt=",99.868329805051,0,0,,,
145,test_data/data_demand_random_50_batch_all1_equal_random/RC101_2.5.dat,4,60,1,1405,"[[[[0,[18,26,14,3,20,13,49,15,12,1,29,41,19,34,33,42,36,37,21,46]],[18,[]],[26,[]],[14,[]],[3,[]],[20,[]],[13,[]],[49,[]],[15,[]],[12,[]],[1,[]],[29,[]],[41,[]],[19,[]],[34,[]],[33,[]],[42,[]],[36,[]],[37,[]],[21,[]],[46,[]]],[[0,[4,47,6,39,27,38,35,40,5,30,45,11,28,44,16,50,10,9,23,7,2,31,48,25,24,43,32,22,17,8]],[4,[]],[47,[]],[6,[]],[39,[]],[27,[]],[38,[]],[35,[]],[40,[]],[5,[]],[30,[]],[45,[]],[11,[]],[28,[]],[44,[]],[16,[]],[50,[]],[10,[]],[9,[]],[23,[]],[7,[]],[2,[]],[31,[]],[48,[]],[25,[]],[24,[]],[43,[]],[32,[]],[22,[]],[17,[]],[8,[]]]],[]]",,,0,0,0,0,,,,,results/sol_best_RC101_2.5.dat_A4_L60_pid2749.txt,(not found),"ATS(nimp=50,seg=4,div=3,t=7200s,selected=best_on_timeout,timeout=True,attempt=1/3,seed=4019824653) | parallel_runs=3,chosen_attempt=1,best_multi_from_attempt=",0,0,0,,,
146,test_data/data_demand_random_50_batch_all1_equal_random/RC101_2.5.dat,4,90,1,1405,"[[[[0,[46,21,37,36,42,33,34,19,41,29,1,12,15,49,13,20,14,3,26,18]],[46,[]],[21,[]],[37,[]],[36,[]],[42,[]],[33,[]],[34,[]],[19,[]],[41,[]],[29,[]],[1,[]],[12,[]],[15,[]],[49,[]],[13,[]],[20,[]],[14,[]],[3,[]],[26,[]],[18,[]]],[[0,[4,5,30,40,35,38,27,39,6,47,11,28,45,16,50,44,10,9,23,7,2,31,48,25,24,43,32,22,17,8]],[4,[]],[5,[]],[30,[]],[40,[]],[35,[]],[38,[]],[27,[]],[39,[]],[6,[]],[47,[]],[11,[]],[28,[]],[45,[]],[16,[]],[50,[]],[44,[]],[10,[]],[9,[]],[23,[]],[7,[]],[2,[]],[31,[]],[48,[]],[25,[]],[24,[]],[43,[]],[32,[]],[22,[]],[17,[]],[8,[]]]],[]]",,,0,0,0,0,,,,,results/sol_best_RC101_2.5.dat_A4_L60_pid2749.txt,,"A4L90<=A4L60 | ATS(nimp=50,seg=4,div=3,t=7200s,selected=best_after_ats,timeout=False,attempt=1/3,seed=419034555) | parallel_runs=3,chosen_attempt=1,best_multi_from_attempt=",0,0,0,,,
147,test_data/data_demand_random_50_batch_all1_equal_random/RC101_2.5.dat,4,120,1,1405,"[[[[0,[46,21,37,36,42,33,34,19,41,29,1,12,15,49,13,20,3,14,26,18]],[46,[]],[21,[]],[37,[]],[36,[]],[42,[]],[33,[]],[34,[]],[19,[]],[41,[]],[29,[]],[1,[]],[12,[]],[15,[]],[49,[]],[13,[]],[20,[]],[3,[]],[14,[]],[26,[]],[18,[]]],[[0,[47,6,39,27,38,35,40,30,5,4,45,11,28,44,16,50,10,9,23,7,2,22,17,32,31,25,48,24,43,8]],[47,[]],[6,[]],[39,[]],[27,[]],[38,[]],[35,[]],[40,[]],[30,[]],[5,[]],[4,[]],[45,[]],[11,[]],[28,[]],[44,[]],[16,[]],[50,[]],[10,[]],[9,[]],[23,[]],[7,[]],[2,[]],[22,[]],[17,[]],[32,[]],[31,[]],[25,[]],[48,[]],[24,[]],[43,[]],[8,[]]]],[]]",,,0,0,0,0,,,,,results/sol_best_RC101_2.5.dat_A4_L60_pid2749.txt,,"A4L120<=A4L90 | ATS(nimp=50,seg=4,div=3,t=7200s,selected=best_on_timeout,timeout=True,attempt=1/3,seed=168818938) | parallel_runs=3,chosen_attempt=1,best_multi_from_attempt=",0,0,0,,,
148,test_data/data_demand_random_50_batch_all1_equal_random/RC101_2.5.dat,8,60,1,1405,"[[[[0,[18,26,3,14,20,13,49,15,12,1,29,41,19,34,33,42,36,37,21,46]],[18,[]],[26,[]],[3,[]],[14,[]],[20,[]],[13,[]],[49,[]],[15,[]],[12,[]],[1,[]],[29,[]],[41,[]],[19,[]],[34,[]],[33,[]],[42,[]],[36,[]],[37,[]],[21,[]],[46,[]]],[[0,[8,22,17,32,43,24,25,48,31,2,7,23,9,10,44,50,16,45,28,11,30,5,40,35,38,27,39,6,47,4]],[8,[]],[22,[]],[17,[]],[32,[]],[43,[]],[24,[]],[25,[]],[48,[]],[31,[]],[2,[]],[7,[]],[23,[]],[9,[]],[10,[]],[44,[]],[50,[]],[16,[]],[45,[]],[28,[]],[11,[]],[30,[]],[5,[]],[40,[]],[35,[]],[38,[]],[27,[]],[39,[]],[6,[]],[47,[]],[4,[]]]],[]]",,,0,0,0,0,,,,,results/sol_best_RC101_2.5.dat_A4_L60_pid2749.txt,(not found),"A8L60<=A4L60 | ATS(nimp=50,seg=4,div=3,t=7200s,selected=best_on_timeout,timeout=True,attempt=1/3,seed=784269795) | parallel_runs=3,chosen_attempt=1,best_multi_from_attempt=",0,0,0,,,
149,test_data/data_demand_random_50_batch_all1_equal_random/RC101_2.5.dat,8,90,1,1405,"[[[[0,[18,26,3,14,20,13,49,15,12,1,29,41,19,34,33,42,36,37,21,46]],[18,[]],[26,[]],[3,[]],[14,[]],[20,[]],[13,[]],[49,[]],[15,[]],[12,[]],[1,[]],[29,[]],[41,[]],[19,[]],[34,[]],[33,[]],[42,[]],[36,[]],[37,[]],[21,[]],[46,[]]],[[0,[47,6,39,27,38,35,40,30,5,4,45,28,11,16,50,44,10,9,23,7,2,31,48,25,24,43,32,17,22,8]],[47,[]],[6,[]],[39,[]],[27,[]],[38,[]],[35,[]],[40,[]],[30,[]],[5,[]],[4,[]],[45,[]],[28,[]],[11,[]],[16,[]],[50,[]],[44,[]],[10,[]],[9,[]],[23,[]],[7,[]],[2,[]],[31,[]],[48,[]],[25,[]],[24,[]],[43,[]],[32,[]],[17,[]],[22,[]],[8,[]]]],[]]",,,0,0,0,0,,,,,results/sol_best_RC101_2.5.dat_A4_L60_pid2749.txt,,"A8L90<=A4L90 | ATS(nimp=50,seg=4,div=3,t=7200s,selected=best_on_timeout,timeout=True,attempt=1/3,seed=673101021) | parallel_runs=3,chosen_attempt=1,best_multi_from_attempt=",0,0,0,,,
150,test_data/data_demand_random_50_batch_all1_equal_random/RC101_2.5.dat,8,120,1,1405,"[[[[0,[18,26,3,14,20,13,49,15,12,1,29,41,19,34,33,42,36,37,21,46]],[18,[]],[26,[]],[3,[]],[14,[]],[20,[]],[13,[]],[49,[]],[15,[]],[12,[]],[1,[]],[29,[]],[41,[]],[19,[]],[34,[]],[33,[]],[42,[]],[36,[]],[37,[]],[21,[]],[46,[]]],[[0,[8,32,43,24,48,25,31,2,17,22,7,23,9,10,44,50,16,45,28,11,30,5,40,35,38,27,39,6,47,4]],[8,[]],[32,[]],[43,[]],[24,[]],[48,[]],[25,[]],[31,[]],[2,[]],[17,[]],[22,[]],[7,[]],[23,[]],[9,[]],[10,[]],[44,[]],[50,[]],[16,[]],[45,[]],[28,[]],[11,[]],[30,[]],[5,[]],[40,[]],[35,[]],[38,[]],[27,[]],[39,[]],[6,[]],[47,[]],[4,[]]]],[]]",,,0,0,0,0,,,,,results/sol_best_RC101_2.5.dat_A4_L60_pid2749.txt,,"A8L120<=A4L120 | ATS(nimp=50,seg=4,div=3,t=7200s,selected=best_on_timeout,timeout=True,attempt=1/3,seed=3571247880) | parallel_runs=3,chosen_attempt=1,best_multi_from_attempt=",0,0,0,,,
151,test_data/data_demand_random_50_batch_all1_equal_random/RC101_2.dat,4,60,1,1229,"[[[[0,[39,16,3,47,33,44,7,29,35,46,23,11,6,5,34,19,24,14,22,10,50,43,12,38,48,28,36,26,13,17]],[39,[]],[16,[]],[3,[]],[47,[]],[33,[]],[44,[]],[7,[]],[29,[]],[35,[]],[46,[]],[23,[]],[11,[]],[6,[]],[5,[]],[34,[]],[19,[]],[24,[]],[14,[]],[22,[]],[10,[]],[50,[]],[43,[]],[12,[]],[38,[]],[48,[]],[28,[]],[36,[]],[26,[]],[13,[]],[17,[]]],[[0,[49,32,30,45,15,42,21,20,37,27,9,41,31,25,40,8,1,4,2,18]],[49,[]],[32,[]],[30,[]],[45,[]],[15,[]],[42,[]],[21,[]],[20,[]],[37,[]],[27,[]],[9,[]],[41,[]],[31,[]],[25,[]],[40,[]],[8,[]],[1,[]],[4,[]],[2,[]],[18,[]]]],[]]",,,0,0,0,0,,,,,results/sol_best_RC101_2.dat_A4_L60_pid2750.txt,(not found),"ATS(nimp=50,seg=4,div=3,t=7200s,selected=best_after_ats,timeout=False,attempt=1/3,seed=1239941073) | parallel_runs=3,chosen_attempt=1,best_multi_from_attempt=",0,0,0,,,
152,test_data/data_demand_random_50_batch_all1_equal_random/RC101_2.dat,4,90,1,1229,"[[[[0,[17,26,13,36,28,48,38,12,43,50,10,22,14,24,34,5,19,11,23,6,39,35,46,29,7,44,33,47,3,16]],[17,[]],[26,[]],[13,[]],[36,[]],[28,[]],[48,[]],[38,[]],[12,[]],[43,[]],[50,[]],[10,[]],[22,[]],[14,[]],[24,[]],[34,[]],[5,[]],[19,[]],[11,[]],[23,[]],[6,[]],[39,[]],[35,[]],[46,[]],[29,[]],[7,[]],[44,[]],[33,[]],[47,[]],[3,[]],[16,[]]],[[0,[49,32,30,45,15,42,21,20,37,27,9,41,31,25,40,8,1,4,2,18]],[49,[]],[32,[]],[30,[]],[45,[]],[15,[]],[42,[]],[21,[]],[20,[]],[37,[]],[27,[]],[9,[]],[41,[]],[31,[]],[25,[]],[40,[]],[8,[]],[1,[]],[4,[]],[2,[]],[18,[]]]],[]]",,,0,0,0,0,,,,,results/sol_best_RC101_2.dat_A4_L60_pid2750.txt,,"A4L90<=A4L60 | ATS(nimp=50,seg=4,div=3,t=7200s,selected=best_on_timeout,timeout=True,attempt=1/3,seed=1154342021) | parallel_runs=3,chosen_attempt=1,best_multi_from_attempt=",0,0,0,,,
153,test_data/data_demand_random_50_batch_all1_equal_random/RC101_2.dat,4,120,1,1229,"[[[[0,[17,13,26,36,28,48,38,12,43,50,10,22,14,24,19,34,5,6,11,23,39,35,46,29,7,44,33,47,3,16]],[17,[]],[13,[]],[26,[]],[36,[]],[28,[]],[48,[]],[38,[]],[12,[]],[43,[]],[50,[]],[10,[]],[22,[]],[14,[]],[24,[]],[19,[]],[34,[]],[5,[]],[6,[]],[11,[]],[23,[]],[39,[]],[35,[]],[46,[]],[29,[]],[7,[]],[44,[]],[33,[]],[47,[]],[3,[]],[16,[]]],[[0,[49,32,45,30,15,42,21,20,37,27,9,41,31,25,40,8,1,4,2,18]],[49,[]],[32,[]],[45,[]],[30,[]],[15,[]],[42,[]],[21,[]],[20,[]],[37,[]],[27,[]],[9,[]],[41,[]],[31,[]],[25,[]],[40,[]],[8,[]],[1,[]],[4,[]],[2,[]],[18,[]]]],[]]",,,0,0,0,0,,,,,results/sol_best_RC101_2.dat_A4_L60_pid2750.txt,,"A4L120<=A4L90 | ATS(nimp=50,seg=4,div=3,t=7200s,selected=best_after_ats,timeout=False,attempt=1/3,seed=2868459544) | parallel_runs=3,chosen_attempt=1,best_multi_from_attempt=",0,0,0,,,
154,test_data/data_demand_random_50_batch_all1_equal_random/RC101_2.dat,8,60,2,1229,"[[[[0,[17,36,28,48,12,38,43,50,26,13,10,22,14,24,19,34,5,11,23,6,16,3,47,33,44,7,29,46,35,39]],[17,[]],[36,[]],[28,[]],[48,[]],[12,[]],[38,[]],[43,[]],[50,[]],[26,[]],[13,[]],[10,[]],[22,[]],[14,[]],[24,[]],[19,[]],[34,[]],[5,[]],[11,[]],[23,[]],[6,[]],[16,[]],[3,[]],[47,[]],[33,[]],[44,[]],[7,[]],[29,[]],[46,[]],[35,[]],[39,[]]],[[0,[49,32,30,45,15,42,21,20,37,27,9,41,31,25,40,8,1,4,2,18]],[49,[]],[32,[]],[30,[]],[45,[]],[15,[]],[42,[]],[21,[]],[20,[]],[37,[]],[27,[]],[9,[]],[41,[]],[31,[]],[25,[]],[40,[]],[8,[]],[1,[]],[4,[]],[2,[]],[18,[]]]],[]]",,,0,0,0,0,,,,,results/sol_best_RC101_2.dat_A8_L60_pid2752.txt,(not found),"ATS(nimp=50,seg=4,div=3,t=7200s,selected=best_on_timeout,timeout=True,attempt=1/3,seed=3491638449) | parallel_runs=3,chosen_attempt=1,best_multi_from_attempt=",0,0,0,,,
155,test_data/data_demand_random_50_batch_all1_equal_random/RC101_2.dat,8,90,1,1229,"[[[[0,[17,36,28,48,38,12,43,26,13,50,10,22,14,24,19,34,5,23,11,6,16,3,47,33,44,7,29,46,35,39]],[17,[]],[36,[]],[28,[]],[48,[]],[38,[]],[12,[]],[43,[]],[26,[]],[13,[]],[50,[]],[10,[]],[22,[]],[14,[]],[24,[]],[19,[]],[34,[]],[5,[]],[23,[]],[11,[]],[6,[]],[16,[]],[3,[]],[47,[]],[33,[]],[44,[]],[7,[]],[29,[]],[46,[]],[35,[]],[39,[]]],[[0,[49,32,45,30,15,42,21,20,37,27,9,41,31,25,40,8,1,4,2,18]],[49,[]],[32,[]],[45,[]],[30,[]],[15,[]],[42,[]],[21,[]],[20,[]],[37,[]],[27,[]],[9,[]],[41,[]],[31,[]],[25,[]],[40,[]],[8,[]],[1,[]],[4,[]],[2,[]],[18,[]]]],[]]",,,0,0,0,0,,,,,results/sol_best_RC101_2.dat_A4_L60_pid2750.txt,,"A8L90<=A4L90 | ATS(nimp=50,seg=4,div=3,t=7200s,selected=best_on_timeout,timeout=True,attempt=1/3,seed=1520398181) | parallel_runs=3,chosen_attempt=1,best_multi_from_attempt=",0,0,0,,,
156,test_data/data_demand_random_50_batch_all1_equal_random/RC101_2.dat,8,120,1,1229,"[[[[0,[17,13,26,36,28,48,38,12,43,50,10,22,14,24,34,5,19,11,23,6,39,35,46,29,7,44,33,47,3,16]],[17,[]],[13,[]],[26,[]],[36,[]],[28,[]],[48,[]],[38,[]],[12,[]],[43,[]],[50,[]],[10,[]],[22,[]],[14,[]],[24,[]],[34,[]],[5,[]],[19,[]],[11,[]],[23,[]],[6,[]],[39,[]],[35,[]],[46,[]],[29,[]],[7,[]],[44,[]],[33,[]],[47,[]],[3,[]],[16,[]]],[[0,[49,32,30,45,15,42,21,20,37,27,9,41,31,25,40,8,1,4,2,18]],[49,[]],[32,[]],[30,[]],[45,[]],[15,[]],[42,[]],[21,[]],[20,[]],[37,[]],[27,[]],[9,[]],[41,[]],[31,[]],[25,[]],[40,[]],[8,[]],[1,[]],[4,[]],[2,[]],[18,[]]]],[]]",,,0,0,0,0,,,,,results/sol_best_RC101_2.dat_A4_L60_pid2750.txt,,"A8L120<=A4L120 | ATS(nimp=50,seg=4,div=3,t=7200s,selected=best_on_timeout,timeout=True,attempt=1/3,seed=2448647066) | parallel_runs=3,chosen_attempt=1,best_multi_from_attempt=",0,0,0,,,
157,test_data/data_demand_random_50_batch_all1_equal_random/RC101_3.dat,4,60,3,1581,"[[[[0,[12,19,31,39,37,1,23,47,17,5,22,41,28,25,42,33,29,9,20,43,21,16,46,30,10,34,50,27,44,40]],[12,[]],[19,[]],[31,[]],[39,[]],[37,[]],[1,[]],[23,[]],[47,[]],[17,[]],[5,[]],[22,[]],[41,[]],[28,[]],[25,[]],[42,[]],[33,[]],[29,[]],[9,[]],[20,[]],[43,[]],[21,[]],[16,[]],[46,[]],[30,[]],[10,[]],[34,[]],[50,[]],[27,[]],[44,[]],[40,[]]],[[0,[8,2,36,6,15,14,18,49,7,24,38,4,13,11,48,3,32,35,26,45]],[8,[]],[2,[]],[36,[]],[6,[]],[15,[]],[14,[]],[18,[]],[49,[]],[7,[]],[24,[]],[38,[]],[4,[]],[13,[]],[11,[]],[48,[]],[3,[]],[32,[]],[35,[]],[26,[]],[45,[]]]],[]]",,,0,0,0,0,,,,,results/sol_best_RC101_3.dat_A4_L60_pid2759.txt,(not found),"ATS(nimp=50,seg=4,div=3,t=7200s,selected=best_on_timeout,timeout=True,attempt=1/3,seed=1547017459) | parallel_runs=3,chosen_attempt=1,best_multi_from_attempt=",0,0,0,,,
158,test_data/data_demand_random_50_batch_all1_equal_random/RC101_3.dat,4,90,1,1577,"[[[[0,[2,18,14,15,6,36,23,1,37,39,31,19,12,5,17,22,41,28,25,42,33,29,9,20,27,40]],[2,[]],[18,[]],[14,[]],[15,[]],[6,[]],[36,[]],[23,[]],[1,[]],[37,[]],[39,[]],[31,[47,43,50,44]],[19,[]],[12,[]],[5,[]],[17,[]],[47,[]],[22,[]],[41,[]],[28,[]],[25,[]],[42,[]],[33,[]],[29,[]],[9,[]],[20,[]],[43,[]],[50,[]],[27,[]],[44,[]],[40,[]]],[[0,[8,49,7,24,38,4,13,11,48,3,32,35,26,45,10,34,30,46,16,21]],[8,[]],[49,[]],[7,[]],[24,[]],[38,[]],[4,[]],[13,[]],[11,[]],[48,[]],[3,[]],[32,[]],[35,[]],[26,[]],[45,[]],[10,[]],[34,[]],[30,[]],[46,[]],[16,[]],[21,[]]]],[[[31,[47,50,44,43]]]]]",,,80.622577482985,0,1,4,,,,,results/sol_best_RC101_3.dat_A4_L90_pid2674.txt,(not found),"ATS(nimp=50,seg=4,div=3,t=7200s,selected=best_on_timeout,timeout=True,attempt=1/3,seed=1197077694) | parallel_runs=3,chosen_attempt=1,best_multi_from_attempt=",85.622577482985,0,0,,,
159,test_data/data_demand_random_50_batch_all1_equal_random/RC101_3.dat,4,120,1,1577,"[[[[0,[2,24,7,14,18,15,6,36,23,1,37,39,31,19,12,5,17,28,25,42,22,41,33,29,9,20,27,40]],[2,[]],[24,[]],[7,[]],[14,[]],[18,[]],[15,[]],[6,[]],[36,[]],[23,[]],[1,[]],[37,[]],[39,[]],[31,[47,43,50,44]],[19,[]],[12,[]],[5,[]],[17,[]],[47,[]],[28,[]],[25,[]],[42,[]],[22,[]],[41,[]],[33,[]],[29,[]],[9,[]],[20,[]],[43,[]],[50,[]],[27,[]],[44,[]],[40,[]]],[[0,[21,16,46,30,34,10,45,26,35,32,3,48,11,13,4,38,49,8]],[21,[]],[16,[]],[46,[]],[30,[]],[34,[]],[10,[]],[45,[]],[26,[]],[35,[]],[32,[]],[3,[]],[48,[]],[11,[]],[13,[]],[4,[]],[38,[]],[49,[]],[8,[]]]],[[[31,[47,50,44,43]]]]]",,,80.622577482985,0,1,4,,,,,results/sol_best_RC101_3.dat_A4_L90_pid2674.txt,,"A4L120<=A4L90 | ATS(nimp=50,seg=4,div=3,t=7200s,selected=best_on_timeout,timeout=True,attempt=1/3,seed=1373596035) | parallel_runs=3,chosen_attempt=1,best_multi_from_attempt=",85.622577482985,0,0,,,
160,test_data/data_demand_random_50_batch_all1_equal_random/RC101_3.dat,8,60,1,1581,"[[[[0,[40,16,21,44,27,50,10,34,30,46,43,20,9,29,33,42,25,28,22,41,17,47,23,1,37,39,31,19,12,5]],[40,[]],[16,[]],[21,[]],[44,[]],[27,[]],[50,[]],[10,[]],[34,[]],[30,[]],[46,[]],[43,[]],[20,[]],[9,[]],[29,[]],[33,[]],[42,[]],[25,[]],[28,[]],[22,[]],[41,[]],[17,[]],[47,[]],[23,[]],[1,[]],[37,[]],[39,[]],[31,[]],[19,[]],[12,[]],[5,[]]],[[0,[45,26,35,32,3,48,11,13,4,38,24,7,49,18,14,15,6,36,2,8]],[45,[]],[26,[]],[35,[]],[32,[]],[3,[]],[48,[]],[11,[]],[13,[]],[4,[]],[38,[]],[24,[]],[7,[]],[49,[]],[18,[]],[14,[]],[15,[]],[6,[]],[36,[]],[2,[]],[8,[]]]],[]]",,,0,0,0,0,,,,,results/sol_best_RC101_3.dat_A8_L60_pid2697.txt,(not found),"ATS(nimp=50,seg=4,div=3,t=7200s,selected=best_on_timeout,timeout=True,attempt=1/3,seed=3489355052) | parallel_runs=3,chosen_attempt=1,best_multi_from_attempt=",0,0,0,,,
161,test_data/data_demand_random_50_batch_all1_equal_random/RC101_3.dat,8,90,1,1577,"[[[[0,[2,14,18,15,6,36,23,1,37,39,31,19,12,5,17,28,41,22,25,42,33,29,9,20,34,27,40]],[2,[]],[14,[]],[18,[]],[15,[]],[6,[]],[36,[]],[23,[]],[1,[]],[37,[]],[39,[]],[31,[47,43,50,44]],[19,[]],[12,[]],[5,[]],[17,[]],[47,[]],[28,[]],[41,[]],[22,[]],[25,[]],[42,[]],[33,[]],[29,[]],[9,[]],[20,[]],[43,[]],[34,[]],[50,[]],[27,[]],[44,[]],[40,[]]],[[0,[21,16,46,30,10,45,26,35,32,3,48,11,13,4,38,24,7,49,8]],[21,[]],[16,[]],[46,[]],[30,[]],[10,[]],[45,[]],[26,[]],[35,[]],[32,[]],[3,[]],[48,[]],[11,[]],[13,[]],[4,[]],[38,[]],[24,[]],[7,[]],[49,[]],[8,[]]]],[[[31,[47,50,44,43]]]]]",,,80.622577482985,0,1,4,,,,,results/sol_best_RC101_3.dat_A4_L90_pid2674.txt,,"A8L90<=A4L90 | ATS(nimp=50,seg=4,div=3,t=7200s,selected=best_on_timeout,timeout=True,attempt=1/3,seed=802254682) | parallel_runs=3,chosen_attempt=1,best_multi_from_attempt=",85.622577482985,0,0,,,
162,test_data/data_demand_random_50_batch_all1_equal_random/RC101_3.dat,8,120,1,1577,"[[[[0,[2,15,18,14,6,36,23,1,37,39,31,19,12,5,17,28,22,41,25,42,33,29,9,20,27,40]],[2,[]],[15,[]],[18,[]],[14,[]],[6,[]],[36,[]],[23,[]],[1,[]],[37,[]],[39,[]],[31,[47,43,50,44]],[19,[]],[12,[]],[5,[]],[17,[]],[47,[]],[28,[]],[22,[]],[41,[]],[25,[]],[42,[]],[33,[]],[29,[]],[9,[]],[20,[]],[43,[]],[50,[]],[27,[]],[44,[]],[40,[]]],[[0,[21,16,46,30,34,10,45,26,35,32,3,48,11,13,4,38,49,7,24,8]],[21,[]],[16,[]],[46,[]],[30,[]],[34,[]],[10,[]],[45,[]],[26,[]],[35,[]],[32,[]],[3,[]],[48,[]],[11,[]],[13,[]],[4,[]],[38,[]],[49,[]],[7,[]],[24,[]],[8,[]]]],[[[31,[47,50,44,43]]]]]",,,80.622577482985,0,1,4,,,,,results/sol_best_RC101_3.dat_A4_L90_pid2674.txt,,"A8L120<=A4L120 | ATS(nimp=50,seg=4,div=3,t=7200s,selected=best_on_timeout,timeout=True,attempt=1/3,seed=1149146198) | parallel_runs=3,chosen_attempt=1,best_multi_from_attempt=",85.622577482985,0,0,,,
