Loaded instance: test_data/data_demand_random_50_batch_all1_equal_cluster/C101_0.5.dat
Customers (incl. depot): 51
Trucks: 2, Drones: 2
Truck time matrix [0..4][0..4]:
0.00	20.00	24.00	28.00	34.00
20.00	0.00	4.00	8.00	14.00
24.00	4.00	0.00	4.00	10.00
28.00	8.00	4.00	0.00	6.00
34.00	14.00	10.00	6.00	0.00
Drone time matrix [0..4][0..4]:
0.00	10.00	10.20	12.17	13.00
10.00	0.00	2.00	2.83	5.39
10.20	2.00	0.00	2.00	3.61
12.17	2.83	2.00	0.00	3.00
13.00	5.39	3.61	3.00	0.00
--- After initial truck build ---
Truck 0: 0 -> 11 -> 13 -> 30 -> 14 -> 12 -> 32 -> 31 -> 10 -> 9 -> 8 -> 29 -> 49 -> 48 -> 47 -> 46 -> 4 -> 3 -> 38 -> 37 -> 36 -> 35 -> 28 -> 27 -> 26 -> 25 -> 24 -> 23 -> 22 -> 1 -> 0
Truck 1: 0 -> 50 -> 43 -> 42 -> 41 -> 40 -> 39 -> 21 -> 20 -> 19 -> 18 -> 17 -> 45 -> 44 -> 34 -> 33 -> 16 -> 15 -> 6 -> 7 -> 5 -> 2 -> 0
Fitness_full (makespan): 412.00
Objective (full) makespan: 412.00
Truck-only makespan: 412.00
--- After truck 2-opt ---
Truck 0: 0 -> 11 -> 8 -> 9 -> 10 -> 31 -> 32 -> 12 -> 14 -> 13 -> 30 -> 29 -> 49 -> 48 -> 47 -> 46 -> 4 -> 3 -> 38 -> 37 -> 36 -> 35 -> 28 -> 27 -> 26 -> 25 -> 24 -> 23 -> 22 -> 1 -> 0
Truck 1: 0 -> 50 -> 43 -> 42 -> 41 -> 40 -> 39 -> 21 -> 20 -> 19 -> 18 -> 17 -> 45 -> 44 -> 34 -> 33 -> 16 -> 15 -> 6 -> 7 -> 5 -> 2 -> 0
Fitness_full (makespan): 396.00
Objective (full) makespan: 396.00
Truck-only makespan: 396.00
[ATS] seg 0 iter 0 div_round 0 nid 1 fit_cur 396.00 fit_best_global 396.00 fit_best_segment 396.00
[ATS] seg 0 iter 1 div_round 0 nid 2 fit_cur 396.00 fit_best_global 396.00 fit_best_segment 396.00
[ATS] seg 0 iter 2 div_round 0 nid 1 fit_cur 396.00 fit_best_global 396.00 fit_best_segment 396.00
[ATS] seg 0 iter 3 div_round 0 nid 3 fit_cur 380.00 fit_best_global 380.00 fit_best_segment 380.00 *
[ATS] seg 0 iter 4 div_round 0 nid 0 fit_cur 376.00 fit_best_global 376.00 fit_best_segment 376.00 *
[ATS] seg 0 iter 5 div_round 0 nid 2 fit_cur 376.00 fit_best_global 376.00 fit_best_segment 376.00
[ATS] seg 0 iter 6 div_round 0 nid 2 fit_cur 376.00 fit_best_global 376.00 fit_best_segment 376.00
[ATS] seg 0 iter 7 div_round 0 nid 3 fit_cur 368.00 fit_best_global 368.00 fit_best_segment 368.00 *
[ATS] seg 0 iter 8 div_round 0 nid 0 fit_cur 368.00 fit_best_global 368.00 fit_best_segment 368.00
[ATS] seg 0 iter 9 div_round 0 nid 0 fit_cur 368.00 fit_best_global 368.00 fit_best_segment 368.00
[ATS] seg 0 iter 10 div_round 0 nid 2 fit_cur 368.00 fit_best_global 368.00 fit_best_segment 368.00
[ATS] seg 0 iter 11 div_round 0 nid 0 fit_cur 368.00 fit_best_global 368.00 fit_best_segment 368.00
[ATS] seg 0 iter 12 div_round 0 nid 0 fit_cur 368.00 fit_best_global 368.00 fit_best_segment 368.00
[ATS] seg 0 iter 13 div_round 0 nid 2 fit_cur 368.00 fit_best_global 368.00 fit_best_segment 368.00
[ATS] seg 0 iter 14 div_round 0 nid 2 fit_cur 368.00 fit_best_global 368.00 fit_best_segment 368.00
[ATS] seg 0 iter 15 div_round 0 nid 0 fit_cur 368.00 fit_best_global 368.00 fit_best_segment 368.00
[ATS] seg 0 iter 16 div_round 0 nid 1 fit_cur 368.00 fit_best_global 368.00 fit_best_segment 368.00
[ATS] seg 0 iter 17 div_round 0 nid 0 fit_cur 368.00 fit_best_global 368.00 fit_best_segment 368.00
[ATS] seg 0 iter 18 div_round 0 nid 0 fit_cur 368.00 fit_best_global 368.00 fit_best_segment 368.00
[ATS] seg 0 iter 19 div_round 0 nid 0 fit_cur 368.00 fit_best_global 368.00 fit_best_segment 368.00
[ATS] seg 0 iter 20 div_round 0 nid 2 fit_cur 368.00 fit_best_global 368.00 fit_best_segment 368.00
[ATS] seg 0 iter 21 div_round 0 nid 1 fit_cur 368.00 fit_best_global 368.00 fit_best_segment 368.00
[ATS] seg 0 iter 22 div_round 0 nid 0 fit_cur 368.00 fit_best_global 368.00 fit_best_segment 368.00
[ATS] seg 0 iter 23 div_round 0 nid 1 fit_cur 368.00 fit_best_global 368.00 fit_best_segment 368.00
[ATS] seg 0 iter 24 div_round 0 nid 0 fit_cur 368.00 fit_best_global 368.00 fit_best_segment 368.00
[ATS] seg 0 iter 25 div_round 0 nid 1 fit_cur 368.00 fit_best_global 368.00 fit_best_segment 368.00
[ATS] seg 0 iter 26 div_round 0 nid 2 fit_cur 368.00 fit_best_global 368.00 fit_best_segment 368.00
[ATS] seg 0 iter 27 div_round 0 nid 1 fit_cur 368.00 fit_best_global 368.00 fit_best_segment 368.00
[ATS] seg 0 iter 28 div_round 0 nid 0 fit_cur 368.00 fit_best_global 368.00 fit_best_segment 368.00
[ATS] seg 0 iter 29 div_round 0 nid 0 fit_cur 368.00 fit_best_global 368.00 fit_best_segment 368.00
[ATS] seg 0 iter 30 div_round 0 nid 2 fit_cur 368.00 fit_best_global 368.00 fit_best_segment 368.00
[ATS] seg 0 iter 31 div_round 0 nid 0 fit_cur 368.00 fit_best_global 368.00 fit_best_segment 368.00
[ATS] seg 0 iter 32 div_round 0 nid 2 fit_cur 372.00 fit_best_global 368.00 fit_best_segment 368.00
[ATS] seg 0 iter 33 div_round 0 nid 0 fit_cur 372.00 fit_best_global 368.00 fit_best_segment 368.00
[ATS] seg 0 iter 34 div_round 0 nid 0 fit_cur 372.00 fit_best_global 368.00 fit_best_segment 368.00
[ATS] seg 0 iter 35 div_round 0 nid 2 fit_cur 376.00 fit_best_global 368.00 fit_best_segment 368.00
[ATS] seg 0 iter 36 div_round 0 nid 2 fit_cur 376.00 fit_best_global 368.00 fit_best_segment 368.00
[ATS] seg 0 iter 37 div_round 0 nid 1 fit_cur 368.00 fit_best_global 368.00 fit_best_segment 368.00
[ATS] seg 0 iter 38 div_round 0 nid 1 fit_cur 368.00 fit_best_global 368.00 fit_best_segment 368.00
[ATS] seg 0 iter 39 div_round 0 nid 1 fit_cur 368.00 fit_best_global 368.00 fit_best_segment 368.00
[ATS] seg 0 iter 40 div_round 0 nid 1 fit_cur 372.00 fit_best_global 368.00 fit_best_segment 368.00
[ATS] seg 0 iter 41 div_round 0 nid 1 fit_cur 372.00 fit_best_global 368.00 fit_best_segment 368.00
[ATS] seg 0 iter 42 div_round 0 nid 1 fit_cur 372.00 fit_best_global 368.00 fit_best_segment 368.00
[ATS] seg 0 iter 43 div_round 0 nid 1 fit_cur 372.00 fit_best_global 368.00 fit_best_segment 368.00
[ATS] seg 0 iter 44 div_round 0 nid 0 fit_cur 368.00 fit_best_global 368.00 fit_best_segment 368.00
[ATS] seg 0 iter 45 div_round 0 nid 0 fit_cur 372.00 fit_best_global 368.00 fit_best_segment 368.00
[ATS] seg 0 iter 46 div_round 0 nid 0 fit_cur 372.00 fit_best_global 368.00 fit_best_segment 368.00
[ATS] seg 0 iter 47 div_round 0 nid 1 fit_cur 368.00 fit_best_global 368.00 fit_best_segment 368.00
[ATS] seg 0 iter 48 div_round 0 nid 0 fit_cur 368.00 fit_best_global 368.00 fit_best_segment 368.00
[ATS] seg 0 iter 49 div_round 0 nid 2 fit_cur 376.00 fit_best_global 368.00 fit_best_segment 368.00
[ATS] seg 0 iter 50 div_round 0 nid 1 fit_cur 372.00 fit_best_global 368.00 fit_best_segment 368.00
[ATS] seg 0 iter 51 div_round 0 nid 0 fit_cur 368.00 fit_best_global 368.00 fit_best_segment 368.00
[ATS] seg 0 iter 52 div_round 0 nid 2 fit_cur 376.00 fit_best_global 368.00 fit_best_segment 368.00
[ATS] seg 0 iter 53 div_round 0 nid 0 fit_cur 372.00 fit_best_global 368.00 fit_best_segment 368.00
[ATS] seg 0 iter 54 div_round 0 nid 0 fit_cur 372.00 fit_best_global 368.00 fit_best_segment 368.00
[ATS] seg 0 iter 55 div_round 0 nid 2 fit_cur 376.00 fit_best_global 368.00 fit_best_segment 368.00
[ATS] seg 0 iter 56 div_round 0 nid 1 fit_cur 372.00 fit_best_global 368.00 fit_best_segment 368.00
[ATS] seg 0 iter 57 div_round 0 nid 1 fit_cur 372.00 fit_best_global 368.00 fit_best_segment 368.00
[ATS] seg 0 iter 58 div_round 0 nid 0 fit_cur 372.00 fit_best_global 368.00 fit_best_segment 368.00
[ATS] seg 0 iter 59 div_round 0 nid 1 fit_cur 372.00 fit_best_global 368.00 fit_best_segment 368.00
[ATS] seg 0 iter 60 div_round 0 nid 1 fit_cur 372.00 fit_best_global 368.00 fit_best_segment 368.00
[ATS] seg 0 iter 61 div_round 0 nid 2 fit_cur 380.00 fit_best_global 368.00 fit_best_segment 368.00
[ATS] seg 0 iter 62 div_round 0 nid 1 fit_cur 376.00 fit_best_global 368.00 fit_best_segment 368.00
[ATS] seg 0 iter 63 div_round 0 nid 1 fit_cur 376.00 fit_best_global 368.00 fit_best_segment 368.00
[ATS] seg 0 iter 64 div_round 0 nid 0 fit_cur 372.00 fit_best_global 368.00 fit_best_segment 368.00
[ATS] seg 0 iter 65 div_round 0 nid 1 fit_cur 376.00 fit_best_global 368.00 fit_best_segment 368.00
[ATS] seg 0 iter 66 div_round 0 nid 1 fit_cur 376.00 fit_best_global 368.00 fit_best_segment 368.00
[ATS] seg 0 iter 67 div_round 0 nid 1 fit_cur 376.00 fit_best_global 368.00 fit_best_segment 368.00
[ATS] seg 0 iter 68 div_round 0 nid 0 fit_cur 372.00 fit_best_global 368.00 fit_best_segment 368.00
[ATS] seg 1 iter 0 div_round 0 nid 1 fit_cur 368.00 fit_best_global 368.00 fit_best_segment 368.00
[ATS] seg 1 iter 1 div_round 0 nid 2 fit_cur 372.00 fit_best_global 368.00 fit_best_segment 368.00
[ATS] seg 1 iter 2 div_round 0 nid 0 fit_cur 368.00 fit_best_global 368.00 fit_best_segment 368.00
[ATS] seg 1 iter 3 div_round 0 nid 2 fit_cur 368.00 fit_best_global 368.00 fit_best_segment 368.00
[ATS] seg 1 iter 4 div_round 0 nid 0 fit_cur 368.00 fit_best_global 368.00 fit_best_segment 368.00
[ATS] seg 1 iter 5 div_round 0 nid 0 fit_cur 368.00 fit_best_global 368.00 fit_best_segment 368.00
[ATS] seg 1 iter 6 div_round 0 nid 0 fit_cur 368.00 fit_best_global 368.00 fit_best_segment 368.00
[ATS] seg 1 iter 7 div_round 0 nid 0 fit_cur 368.00 fit_best_global 368.00 fit_best_segment 368.00
[ATS] seg 1 iter 8 div_round 0 nid 1 fit_cur 368.00 fit_best_global 368.00 fit_best_segment 368.00
[ATS] seg 1 iter 9 div_round 0 nid 2 fit_cur 368.00 fit_best_global 368.00 fit_best_segment 368.00
[ATS] seg 1 iter 10 div_round 0 nid 1 fit_cur 368.00 fit_best_global 368.00 fit_best_segment 368.00
[ATS] seg 1 iter 11 div_round 0 nid 0 fit_cur 368.00 fit_best_global 368.00 fit_best_segment 368.00
[ATS] seg 1 iter 12 div_round 0 nid 2 fit_cur 368.00 fit_best_global 368.00 fit_best_segment 368.00
[ATS] seg 1 iter 13 div_round 0 nid 2 fit_cur 368.00 fit_best_global 368.00 fit_best_segment 368.00
[ATS] seg 1 iter 14 div_round 0 nid 1 fit_cur 368.00 fit_best_global 368.00 fit_best_segment 368.00
[ATS] seg 1 iter 15 div_round 0 nid 2 fit_cur 372.00 fit_best_global 368.00 fit_best_segment 368.00
[ATS] seg 1 iter 16 div_round 0 nid 2 fit_cur 376.00 fit_best_global 368.00 fit_best_segment 368.00
[ATS] seg 1 iter 17 div_round 0 nid 2 fit_cur 376.00 fit_best_global 368.00 fit_best_segment 368.00
[ATS] seg 1 iter 18 div_round 0 nid 1 fit_cur 368.00 fit_best_global 368.00 fit_best_segment 368.00
[ATS] seg 1 iter 19 div_round 0 nid 2 fit_cur 376.00 fit_best_global 368.00 fit_best_segment 368.00
[ATS] seg 1 iter 20 div_round 0 nid 0 fit_cur 368.00 fit_best_global 368.00 fit_best_segment 368.00
[ATS] seg 1 iter 21 div_round 0 nid 2 fit_cur 368.00 fit_best_global 368.00 fit_best_segment 368.00
[ATS] seg 1 iter 22 div_round 0 nid 1 fit_cur 368.00 fit_best_global 368.00 fit_best_segment 368.00
[ATS] seg 1 iter 23 div_round 0 nid 0 fit_cur 368.00 fit_best_global 368.00 fit_best_segment 368.00
[ATS] seg 1 iter 24 div_round 0 nid 1 fit_cur 368.00 fit_best_global 368.00 fit_best_segment 368.00
[ATS] seg 1 iter 25 div_round 0 nid 2 fit_cur 368.00 fit_best_global 368.00 fit_best_segment 368.00
[ATS] seg 1 iter 26 div_round 0 nid 1 fit_cur 368.00 fit_best_global 368.00 fit_best_segment 368.00
[ATS] seg 1 iter 27 div_round 0 nid 2 fit_cur 376.00 fit_best_global 368.00 fit_best_segment 368.00
[ATS] seg 1 iter 28 div_round 0 nid 0 fit_cur 368.00 fit_best_global 368.00 fit_best_segment 368.00
[ATS] seg 1 iter 29 div_round 0 nid 2 fit_cur 368.00 fit_best_global 368.00 fit_best_segment 368.00
[ATS] seg 1 iter 30 div_round 0 nid 1 fit_cur 368.00 fit_best_global 368.00 fit_best_segment 368.00
[ATS] seg 1 iter 31 div_round 0 nid 2 fit_cur 368.00 fit_best_global 368.00 fit_best_segment 368.00
[ATS] seg 1 iter 32 div_round 0 nid 1 fit_cur 368.00 fit_best_global 368.00 fit_best_segment 368.00
[ATS] seg 1 iter 33 div_round 0 nid 1 fit_cur 368.00 fit_best_global 368.00 fit_best_segment 368.00
[ATS] seg 1 iter 34 div_round 0 nid 1 fit_cur 372.00 fit_best_global 368.00 fit_best_segment 368.00
[ATS] seg 1 iter 35 div_round 0 nid 0 fit_cur 368.00 fit_best_global 368.00 fit_best_segment 368.00
[ATS] seg 1 iter 36 div_round 0 nid 1 fit_cur 368.00 fit_best_global 368.00 fit_best_segment 368.00
[ATS] seg 1 iter 37 div_round 0 nid 0 fit_cur 368.00 fit_best_global 368.00 fit_best_segment 368.00
[ATS] seg 1 iter 38 div_round 0 nid 1 fit_cur 372.00 fit_best_global 368.00 fit_best_segment 368.00
[ATS] seg 1 iter 39 div_round 0 nid 0 fit_cur 368.00 fit_best_global 368.00 fit_best_segment 368.00
[ATS] seg 1 iter 40 div_round 0 nid 0 fit_cur 368.00 fit_best_global 368.00 fit_best_segment 368.00
[ATS] seg 1 iter 41 div_round 0 nid 0 fit_cur 368.00 fit_best_global 368.00 fit_best_segment 368.00
[ATS] seg 1 iter 42 div_round 0 nid 1 fit_cur 372.00 fit_best_global 368.00 fit_best_segment 368.00
[ATS] seg 1 iter 43 div_round 0 nid 1 fit_cur 372.00 fit_best_global 368.00 fit_best_segment 368.00
[ATS] seg 1 iter 44 div_round 0 nid 2 fit_cur 368.00 fit_best_global 368.00 fit_best_segment 368.00
[ATS] seg 1 iter 45 div_round 0 nid 1 fit_cur 372.00 fit_best_global 368.00 fit_best_segment 368.00
[ATS] seg 1 iter 46 div_round 0 nid 0 fit_cur 368.00 fit_best_global 368.00 fit_best_segment 368.00
[ATS] seg 1 iter 47 div_round 0 nid 1 fit_cur 372.00 fit_best_global 368.00 fit_best_segment 368.00
[ATS] seg 1 iter 48 div_round 0 nid 2 fit_cur 368.00 fit_best_global 368.00 fit_best_segment 368.00
[ATS] seg 1 iter 49 div_round 0 nid 1 fit_cur 368.00 fit_best_global 368.00 fit_best_segment 368.00
[ATS] seg 1 iter 50 div_round 0 nid 0 fit_cur 368.00 fit_best_global 368.00 fit_best_segment 368.00
[ATS] seg 1 iter 51 div_round 0 nid 1 fit_cur 368.00 fit_best_global 368.00 fit_best_segment 368.00
[ATS] seg 1 iter 52 div_round 0 nid 2 fit_cur 368.00 fit_best_global 368.00 fit_best_segment 368.00
[ATS] seg 1 iter 53 div_round 0 nid 0 fit_cur 368.00 fit_best_global 368.00 fit_best_segment 368.00
[ATS] seg 1 iter 54 div_round 0 nid 1 fit_cur 368.00 fit_best_global 368.00 fit_best_segment 368.00
[ATS] seg 1 iter 55 div_round 0 nid 2 fit_cur 368.00 fit_best_global 368.00 fit_best_segment 368.00
[ATS] seg 1 iter 56 div_round 0 nid 1 fit_cur 376.00 fit_best_global 368.00 fit_best_segment 368.00
[ATS] seg 1 iter 57 div_round 0 nid 2 fit_cur 376.00 fit_best_global 368.00 fit_best_segment 368.00
[ATS] seg 1 iter 58 div_round 0 nid 0 fit_cur 372.00 fit_best_global 368.00 fit_best_segment 368.00
[ATS] seg 1 iter 59 div_round 0 nid 2 fit_cur 376.00 fit_best_global 368.00 fit_best_segment 368.00
[ATS] seg 1 iter 60 div_round 0 nid 2 fit_cur 376.00 fit_best_global 368.00 fit_best_segment 368.00
[ATS] seg 1 iter 61 div_round 0 nid 1 fit_cur 376.00 fit_best_global 368.00 fit_best_segment 368.00
[ATS] seg 1 iter 62 div_round 0 nid 1 fit_cur 376.00 fit_best_global 368.00 fit_best_segment 368.00
[ATS] seg 1 iter 63 div_round 0 nid 2 fit_cur 376.00 fit_best_global 368.00 fit_best_segment 368.00
[ATS] seg 1 iter 64 div_round 0 nid 1 fit_cur 376.00 fit_best_global 368.00 fit_best_segment 368.00
[ATS] seg 1 iter 65 div_round 0 nid 1 fit_cur 376.00 fit_best_global 368.00 fit_best_segment 368.00
[ATS] seg 2 iter 0 div_round 0 nid 0 fit_cur 368.00 fit_best_global 368.00 fit_best_segment 368.00
[ATS] seg 2 iter 1 div_round 0 nid 1 fit_cur 368.00 fit_best_global 368.00 fit_best_segment 368.00
[ATS] seg 2 iter 2 div_round 0 nid 0 fit_cur 368.00 fit_best_global 368.00 fit_best_segment 368.00
[ATS] seg 2 iter 3 div_round 0 nid 0 fit_cur 368.00 fit_best_global 368.00 fit_best_segment 368.00
[ATS] seg 2 iter 4 div_round 0 nid 0 fit_cur 368.00 fit_best_global 368.00 fit_best_segment 368.00
[ATS] seg 2 iter 5 div_round 0 nid 2 fit_cur 368.00 fit_best_global 368.00 fit_best_segment 368.00
[ATS] seg 2 iter 6 div_round 0 nid 1 fit_cur 368.00 fit_best_global 368.00 fit_best_segment 368.00
[ATS] seg 2 iter 7 div_round 0 nid 2 fit_cur 368.00 fit_best_global 368.00 fit_best_segment 368.00
[ATS] seg 2 iter 8 div_round 0 nid 2 fit_cur 368.00 fit_best_global 368.00 fit_best_segment 368.00
[ATS] seg 2 iter 9 div_round 0 nid 2 fit_cur 368.00 fit_best_global 368.00 fit_best_segment 368.00
[ATS] seg 2 iter 10 div_round 0 nid 0 fit_cur 368.00 fit_best_global 368.00 fit_best_segment 368.00
[ATS] seg 2 iter 11 div_round 0 nid 1 fit_cur 368.00 fit_best_global 368.00 fit_best_segment 368.00
[ATS] seg 2 iter 12 div_round 0 nid 0 fit_cur 368.00 fit_best_global 368.00 fit_best_segment 368.00
[ATS] seg 2 iter 13 div_round 0 nid 0 fit_cur 368.00 fit_best_global 368.00 fit_best_segment 368.00
[ATS] seg 2 iter 14 div_round 0 nid 0 fit_cur 368.00 fit_best_global 368.00 fit_best_segment 368.00
[ATS] seg 2 iter 15 div_round 0 nid 2 fit_cur 368.00 fit_best_global 368.00 fit_best_segment 368.00
[ATS] seg 2 iter 16 div_round 0 nid 2 fit_cur 368.00 fit_best_global 368.00 fit_best_segment 368.00
[ATS] seg 2 iter 17 div_round 0 nid 1 fit_cur 368.00 fit_best_global 368.00 fit_best_segment 368.00
[ATS] seg 2 iter 18 div_round 0 nid 2 fit_cur 368.00 fit_best_global 368.00 fit_best_segment 368.00
[ATS] seg 2 iter 19 div_round 0 nid 1 fit_cur 368.00 fit_best_global 368.00 fit_best_segment 368.00
[ATS] seg 2 iter 20 div_round 0 nid 2 fit_cur 368.00 fit_best_global 368.00 fit_best_segment 368.00
[ATS] seg 2 iter 21 div_round 0 nid 0 fit_cur 368.00 fit_best_global 368.00 fit_best_segment 368.00
[ATS] seg 2 iter 22 div_round 0 nid 1 fit_cur 368.00 fit_best_global 368.00 fit_best_segment 368.00
[ATS] seg 2 iter 23 div_round 0 nid 0 fit_cur 368.00 fit_best_global 368.00 fit_best_segment 368.00
[ATS] seg 2 iter 24 div_round 0 nid 0 fit_cur 368.00 fit_best_global 368.00 fit_best_segment 368.00
[ATS] seg 2 iter 25 div_round 0 nid 0 fit_cur 368.00 fit_best_global 368.00 fit_best_segment 368.00
[ATS] seg 2 iter 26 div_round 0 nid 2 fit_cur 368.00 fit_best_global 368.00 fit_best_segment 368.00
[ATS] seg 2 iter 27 div_round 0 nid 1 fit_cur 368.00 fit_best_global 368.00 fit_best_segment 368.00
[ATS] seg 2 iter 28 div_round 0 nid 0 fit_cur 368.00 fit_best_global 368.00 fit_best_segment 368.00
[ATS] seg 2 iter 29 div_round 0 nid 0 fit_cur 368.00 fit_best_global 368.00 fit_best_segment 368.00
[ATS] seg 2 iter 30 div_round 0 nid 1 fit_cur 368.00 fit_best_global 368.00 fit_best_segment 368.00
[ATS] seg 2 iter 31 div_round 0 nid 0 fit_cur 368.00 fit_best_global 368.00 fit_best_segment 368.00
[ATS] seg 2 iter 32 div_round 0 nid 1 fit_cur 368.00 fit_best_global 368.00 fit_best_segment 368.00
[ATS] seg 2 iter 33 div_round 0 nid 2 fit_cur 372.00 fit_best_global 368.00 fit_best_segment 368.00
[ATS] seg 2 iter 34 div_round 0 nid 1 fit_cur 368.00 fit_best_global 368.00 fit_best_segment 368.00
[ATS] seg 2 iter 35 div_round 0 nid 0 fit_cur 368.00 fit_best_global 368.00 fit_best_segment 368.00
[ATS] seg 2 iter 36 div_round 0 nid 2 fit_cur 368.00 fit_best_global 368.00 fit_best_segment 368.00
[ATS] seg 2 iter 37 div_round 0 nid 2 fit_cur 368.00 fit_best_global 368.00 fit_best_segment 368.00
[ATS] seg 2 iter 38 div_round 0 nid 0 fit_cur 368.00 fit_best_global 368.00 fit_best_segment 368.00
[ATS] seg 2 iter 39 div_round 0 nid 0 fit_cur 368.00 fit_best_global 368.00 fit_best_segment 368.00
[ATS] seg 2 iter 40 div_round 0 nid 2 fit_cur 376.00 fit_best_global 368.00 fit_best_segment 368.00
[ATS] seg 2 iter 41 div_round 0 nid 0 fit_cur 372.00 fit_best_global 368.00 fit_best_segment 368.00
[ATS] seg 2 iter 42 div_round 0 nid 0 fit_cur 372.00 fit_best_global 368.00 fit_best_segment 368.00
[ATS] seg 2 iter 43 div_round 0 nid 0 fit_cur 372.00 fit_best_global 368.00 fit_best_segment 368.00
[ATS] seg 2 iter 44 div_round 0 nid 1 fit_cur 368.00 fit_best_global 368.00 fit_best_segment 368.00
[ATS] seg 2 iter 45 div_round 0 nid 0 fit_cur 372.00 fit_best_global 368.00 fit_best_segment 368.00
[ATS] seg 2 iter 46 div_round 0 nid 1 fit_cur 372.00 fit_best_global 368.00 fit_best_segment 368.00
[ATS] seg 2 iter 47 div_round 0 nid 0 fit_cur 372.00 fit_best_global 368.00 fit_best_segment 368.00
[ATS] seg 2 iter 48 div_round 0 nid 1 fit_cur 372.00 fit_best_global 368.00 fit_best_segment 368.00
[ATS] seg 2 iter 49 div_round 0 nid 1 fit_cur 372.00 fit_best_global 368.00 fit_best_segment 368.00
[ATS] seg 2 iter 50 div_round 0 nid 0 fit_cur 372.00 fit_best_global 368.00 fit_best_segment 368.00
[ATS] seg 2 iter 51 div_round 0 nid 2 fit_cur 376.00 fit_best_global 368.00 fit_best_segment 368.00
[ATS] seg 2 iter 52 div_round 0 nid 1 fit_cur 372.00 fit_best_global 368.00 fit_best_segment 368.00
[ATS] seg 2 iter 53 div_round 0 nid 0 fit_cur 372.00 fit_best_global 368.00 fit_best_segment 368.00
[ATS] seg 2 iter 54 div_round 0 nid 0 fit_cur 372.00 fit_best_global 368.00 fit_best_segment 368.00
[ATS] seg 2 iter 55 div_round 0 nid 0 fit_cur 372.00 fit_best_global 368.00 fit_best_segment 368.00
[ATS] seg 3 iter 0 div_round 0 nid 1 fit_cur 368.00 fit_best_global 368.00 fit_best_segment 368.00
[ATS] seg 3 iter 1 div_round 0 nid 1 fit_cur 368.00 fit_best_global 368.00 fit_best_segment 368.00
[ATS] seg 3 iter 2 div_round 0 nid 0 fit_cur 368.00 fit_best_global 368.00 fit_best_segment 368.00
[ATS] seg 3 iter 3 div_round 0 nid 1 fit_cur 368.00 fit_best_global 368.00 fit_best_segment 368.00
[ATS] seg 3 iter 4 div_round 0 nid 0 fit_cur 368.00 fit_best_global 368.00 fit_best_segment 368.00
[ATS] seg 3 iter 5 div_round 0 nid 1 fit_cur 368.00 fit_best_global 368.00 fit_best_segment 368.00
[ATS] seg 3 iter 6 div_round 0 nid 0 fit_cur 368.00 fit_best_global 368.00 fit_best_segment 368.00
[ATS] seg 3 iter 7 div_round 0 nid 2 fit_cur 368.00 fit_best_global 368.00 fit_best_segment 368.00
[ATS] seg 3 iter 8 div_round 0 nid 1 fit_cur 368.00 fit_best_global 368.00 fit_best_segment 368.00
[ATS] seg 3 iter 9 div_round 0 nid 2 fit_cur 368.00 fit_best_global 368.00 fit_best_segment 368.00
[ATS] seg 3 iter 10 div_round 0 nid 2 fit_cur 376.00 fit_best_global 368.00 fit_best_segment 368.00
[ATS] seg 3 iter 11 div_round 0 nid 2 fit_cur 376.00 fit_best_global 368.00 fit_best_segment 368.00
[ATS] seg 3 iter 12 div_round 0 nid 1 fit_cur 368.00 fit_best_global 368.00 fit_best_segment 368.00
[ATS] seg 3 iter 13 div_round 0 nid 1 fit_cur 368.00 fit_best_global 368.00 fit_best_segment 368.00
[ATS] seg 3 iter 14 div_round 0 nid 2 fit_cur 368.00 fit_best_global 368.00 fit_best_segment 368.00
[ATS] seg 3 iter 15 div_round 0 nid 0 fit_cur 368.00 fit_best_global 368.00 fit_best_segment 368.00
[ATS] seg 3 iter 16 div_round 0 nid 1 fit_cur 368.00 fit_best_global 368.00 fit_best_segment 368.00
[ATS] seg 3 iter 17 div_round 0 nid 2 fit_cur 368.00 fit_best_global 368.00 fit_best_segment 368.00
[ATS] seg 3 iter 18 div_round 0 nid 0 fit_cur 368.00 fit_best_global 368.00 fit_best_segment 368.00
[ATS] seg 3 iter 19 div_round 0 nid 1 fit_cur 368.00 fit_best_global 368.00 fit_best_segment 368.00
[ATS] seg 3 iter 20 div_round 0 nid 2 fit_cur 368.00 fit_best_global 368.00 fit_best_segment 368.00
[ATS] seg 3 iter 21 div_round 0 nid 2 fit_cur 368.00 fit_best_global 368.00 fit_best_segment 368.00
[ATS] seg 3 iter 22 div_round 0 nid 1 fit_cur 368.00 fit_best_global 368.00 fit_best_segment 368.00
[ATS] seg 3 iter 23 div_round 0 nid 1 fit_cur 368.00 fit_best_global 368.00 fit_best_segment 368.00
[ATS] seg 3 iter 24 div_round 0 nid 0 fit_cur 368.00 fit_best_global 368.00 fit_best_segment 368.00
[ATS] seg 3 iter 25 div_round 0 nid 0 fit_cur 368.00 fit_best_global 368.00 fit_best_segment 368.00
[ATS] seg 3 iter 26 div_round 0 nid 1 fit_cur 368.00 fit_best_global 368.00 fit_best_segment 368.00
[ATS] seg 3 iter 27 div_round 0 nid 1 fit_cur 372.00 fit_best_global 368.00 fit_best_segment 368.00
[ATS] seg 3 iter 28 div_round 0 nid 1 fit_cur 372.00 fit_best_global 368.00 fit_best_segment 368.00
[ATS] seg 3 iter 29 div_round 0 nid 2 fit_cur 376.00 fit_best_global 368.00 fit_best_segment 368.00
[ATS] seg 3 iter 30 div_round 0 nid 1 fit_cur 372.00 fit_best_global 368.00 fit_best_segment 368.00
[ATS] seg 3 iter 31 div_round 0 nid 0 fit_cur 368.00 fit_best_global 368.00 fit_best_segment 368.00
[ATS] seg 3 iter 32 div_round 0 nid 0 fit_cur 368.00 fit_best_global 368.00 fit_best_segment 368.00
[ATS] seg 3 iter 33 div_round 0 nid 2 fit_cur 368.00 fit_best_global 368.00 fit_best_segment 368.00
[ATS] seg 3 iter 34 div_round 0 nid 1 fit_cur 368.00 fit_best_global 368.00 fit_best_segment 368.00
[ATS] seg 3 iter 35 div_round 0 nid 2 fit_cur 368.00 fit_best_global 368.00 fit_best_segment 368.00
[ATS] seg 3 iter 36 div_round 0 nid 1 fit_cur 368.00 fit_best_global 368.00 fit_best_segment 368.00
[ATS] seg 3 iter 37 div_round 0 nid 0 fit_cur 368.00 fit_best_global 368.00 fit_best_segment 368.00
[ATS] seg 3 iter 38 div_round 0 nid 1 fit_cur 368.00 fit_best_global 368.00 fit_best_segment 368.00
[ATS] seg 3 iter 39 div_round 0 nid 1 fit_cur 368.00 fit_best_global 368.00 fit_best_segment 368.00
[ATS] seg 3 iter 40 div_round 0 nid 1 fit_cur 372.00 fit_best_global 368.00 fit_best_segment 368.00
[ATS] seg 3 iter 41 div_round 0 nid 1 fit_cur 372.00 fit_best_global 368.00 fit_best_segment 368.00
[ATS] seg 3 iter 42 div_round 0 nid 1 fit_cur 372.00 fit_best_global 368.00 fit_best_segment 368.00
[ATS] seg 3 iter 43 div_round 0 nid 0 fit_cur 368.00 fit_best_global 368.00 fit_best_segment 368.00
[ATS] seg 3 iter 44 div_round 0 nid 1 fit_cur 376.00 fit_best_global 368.00 fit_best_segment 368.00
[ATS] seg 3 iter 45 div_round 0 nid 0 fit_cur 368.00 fit_best_global 368.00 fit_best_segment 368.00
[ATS] seg 3 iter 46 div_round 0 nid 0 fit_cur 368.00 fit_best_global 368.00 fit_best_segment 368.00
[ATS] seg 3 iter 47 div_round 0 nid 0 fit_cur 368.00 fit_best_global 368.00 fit_best_segment 368.00
[ATS] seg 3 iter 48 div_round 0 nid 2 fit_cur 368.00 fit_best_global 368.00 fit_best_segment 368.00
[ATS] seg 3 iter 49 div_round 0 nid 0 fit_cur 368.00 fit_best_global 368.00 fit_best_segment 368.00
[ATS] seg 3 iter 50 div_round 0 nid 1 fit_cur 376.00 fit_best_global 368.00 fit_best_segment 368.00
[ATS] seg 3 iter 51 div_round 0 nid 2 fit_cur 372.00 fit_best_global 368.00 fit_best_segment 368.00
[ATS] seg 3 iter 52 div_round 0 nid 1 fit_cur 376.00 fit_best_global 368.00 fit_best_segment 368.00
[ATS] seg 3 iter 53 div_round 0 nid 1 fit_cur 376.00 fit_best_global 368.00 fit_best_segment 368.00
[ATS] seg 3 iter 54 div_round 0 nid 0 fit_cur 368.00 fit_best_global 368.00 fit_best_segment 368.00
[ATS] seg 3 iter 55 div_round 0 nid 2 fit_cur 368.00 fit_best_global 368.00 fit_best_segment 368.00
[ATS] seg 3 iter 56 div_round 0 nid 2 fit_cur 376.00 fit_best_global 368.00 fit_best_segment 368.00
[ATS] seg 3 iter 57 div_round 0 nid 2 fit_cur 376.00 fit_best_global 368.00 fit_best_segment 368.00
[ATS] seg 3 iter 58 div_round 0 nid 2 fit_cur 376.00 fit_best_global 368.00 fit_best_segment 368.00
[ATS] seg 3 iter 59 div_round 0 nid 0 fit_cur 368.00 fit_best_global 368.00 fit_best_segment 368.00
[ATS] seg 3 iter 60 div_round 0 nid 1 fit_cur 376.00 fit_best_global 368.00 fit_best_segment 368.00
[ATS] seg 3 iter 61 div_round 0 nid 1 fit_cur 376.00 fit_best_global 368.00 fit_best_segment 368.00
[ATS] seg 3 iter 62 div_round 0 nid 1 fit_cur 376.00 fit_best_global 368.00 fit_best_segment 368.00
[ATS] seg 3 iter 63 div_round 0 nid 2 fit_cur 368.00 fit_best_global 368.00 fit_best_segment 368.00
[ATS] seg 3 iter 64 div_round 0 nid 2 fit_cur 368.00 fit_best_global 368.00 fit_best_segment 368.00
[ATS] seg 3 iter 65 div_round 0 nid 1 fit_cur 376.00 fit_best_global 368.00 fit_best_segment 368.00
[ATS] seg 3 iter 66 div_round 0 nid 0 fit_cur 372.00 fit_best_global 368.00 fit_best_segment 368.00
[ATS] seg 3 iter 67 div_round 0 nid 1 fit_cur 376.00 fit_best_global 368.00 fit_best_segment 368.00
[ATS] seg 3 iter 68 div_round 0 nid 0 fit_cur 372.00 fit_best_global 368.00 fit_best_segment 368.00
[ATS] seg 3 iter 69 div_round 0 nid 2 fit_cur 376.00 fit_best_global 368.00 fit_best_segment 368.00
[ATS] seg 3 iter 70 div_round 0 nid 2 fit_cur 376.00 fit_best_global 368.00 fit_best_segment 368.00
[ATS] seg 3 iter 71 div_round 0 nid 0 fit_cur 372.00 fit_best_global 368.00 fit_best_segment 368.00
[ATS] seg 3 iter 72 div_round 0 nid 1 fit_cur 380.00 fit_best_global 368.00 fit_best_segment 368.00
[ATS] seg 3 iter 73 div_round 0 nid 0 fit_cur 372.00 fit_best_global 368.00 fit_best_segment 368.00
[ATS] seg 3 iter 74 div_round 0 nid 0 fit_cur 372.00 fit_best_global 368.00 fit_best_segment 368.00
[ATS] seg 3 iter 75 div_round 0 nid 1 fit_cur 380.00 fit_best_global 368.00 fit_best_segment 368.00
[ATS] seg 4 iter 0 div_round 0 nid 2 fit_cur 368.00 fit_best_global 368.00 fit_best_segment 368.00
[ATS] seg 4 iter 1 div_round 0 nid 1 fit_cur 368.00 fit_best_global 368.00 fit_best_segment 368.00
[ATS] seg 4 iter 2 div_round 0 nid 1 fit_cur 368.00 fit_best_global 368.00 fit_best_segment 368.00
[ATS] seg 4 iter 3 div_round 0 nid 1 fit_cur 368.00 fit_best_global 368.00 fit_best_segment 368.00
[ATS] seg 4 iter 4 div_round 0 nid 0 fit_cur 368.00 fit_best_global 368.00 fit_best_segment 368.00
[ATS] seg 4 iter 5 div_round 0 nid 0 fit_cur 368.00 fit_best_global 368.00 fit_best_segment 368.00
[ATS] seg 4 iter 6 div_round 0 nid 1 fit_cur 368.00 fit_best_global 368.00 fit_best_segment 368.00
[ATS] seg 4 iter 7 div_round 0 nid 1 fit_cur 368.00 fit_best_global 368.00 fit_best_segment 368.00
[ATS] seg 4 iter 8 div_round 0 nid 1 fit_cur 368.00 fit_best_global 368.00 fit_best_segment 368.00
[ATS] seg 4 iter 9 div_round 0 nid 0 fit_cur 368.00 fit_best_global 368.00 fit_best_segment 368.00
[ATS] seg 4 iter 10 div_round 0 nid 2 fit_cur 368.00 fit_best_global 368.00 fit_best_segment 368.00
[ATS] seg 4 iter 11 div_round 0 nid 0 fit_cur 368.00 fit_best_global 368.00 fit_best_segment 368.00
[ATS] seg 4 iter 12 div_round 0 nid 2 fit_cur 368.00 fit_best_global 368.00 fit_best_segment 368.00
[ATS] seg 4 iter 13 div_round 0 nid 0 fit_cur 368.00 fit_best_global 368.00 fit_best_segment 368.00
[ATS] seg 4 iter 14 div_round 0 nid 0 fit_cur 368.00 fit_best_global 368.00 fit_best_segment 368.00
[ATS] seg 4 iter 15 div_round 0 nid 1 fit_cur 368.00 fit_best_global 368.00 fit_best_segment 368.00
[ATS] seg 4 iter 16 div_round 0 nid 0 fit_cur 368.00 fit_best_global 368.00 fit_best_segment 368.00
[ATS] seg 4 iter 17 div_round 0 nid 1 fit_cur 368.00 fit_best_global 368.00 fit_best_segment 368.00
[ATS] seg 4 iter 18 div_round 0 nid 2 fit_cur 368.00 fit_best_global 368.00 fit_best_segment 368.00
[ATS] seg 4 iter 19 div_round 0 nid 1 fit_cur 368.00 fit_best_global 368.00 fit_best_segment 368.00
[ATS] seg 4 iter 20 div_round 0 nid 2 fit_cur 368.00 fit_best_global 368.00 fit_best_segment 368.00
[ATS] seg 4 iter 21 div_round 0 nid 2 fit_cur 372.00 fit_best_global 368.00 fit_best_segment 368.00
[ATS] seg 4 iter 22 div_round 0 nid 2 fit_cur 376.00 fit_best_global 368.00 fit_best_segment 368.00
[ATS] seg 4 iter 23 div_round 0 nid 1 fit_cur 368.00 fit_best_global 368.00 fit_best_segment 368.00
[ATS] seg 4 iter 24 div_round 0 nid 1 fit_cur 372.00 fit_best_global 368.00 fit_best_segment 368.00
[ATS] seg 4 iter 25 div_round 0 nid 2 fit_cur 376.00 fit_best_global 368.00 fit_best_segment 368.00
[ATS] seg 4 iter 26 div_round 0 nid 0 fit_cur 368.00 fit_best_global 368.00 fit_best_segment 368.00
[ATS] seg 4 iter 27 div_round 0 nid 0 fit_cur 368.00 fit_best_global 368.00 fit_best_segment 368.00
[ATS] seg 4 iter 28 div_round 0 nid 1 fit_cur 368.00 fit_best_global 368.00 fit_best_segment 368.00
[ATS] seg 4 iter 29 div_round 0 nid 2 fit_cur 368.00 fit_best_global 368.00 fit_best_segment 368.00
[ATS] seg 4 iter 30 div_round 0 nid 1 fit_cur 368.00 fit_best_global 368.00 fit_best_segment 368.00
[ATS] seg 4 iter 31 div_round 0 nid 0 fit_cur 368.00 fit_best_global 368.00 fit_best_segment 368.00
[ATS] seg 4 iter 32 div_round 0 nid 2 fit_cur 368.00 fit_best_global 368.00 fit_best_segment 368.00
[ATS] seg 4 iter 33 div_round 0 nid 1 fit_cur 368.00 fit_best_global 368.00 fit_best_segment 368.00
[ATS] seg 4 iter 34 div_round 0 nid 0 fit_cur 368.00 fit_best_global 368.00 fit_best_segment 368.00
[ATS] seg 4 iter 35 div_round 0 nid 0 fit_cur 368.00 fit_best_global 368.00 fit_best_segment 368.00
[ATS] seg 4 iter 36 div_round 0 nid 0 fit_cur 368.00 fit_best_global 368.00 fit_best_segment 368.00
[ATS] seg 4 iter 37 div_round 0 nid 2 fit_cur 368.00 fit_best_global 368.00 fit_best_segment 368.00
[ATS] seg 4 iter 38 div_round 0 nid 0 fit_cur 368.00 fit_best_global 368.00 fit_best_segment 368.00
[ATS] seg 4 iter 39 div_round 0 nid 1 fit_cur 368.00 fit_best_global 368.00 fit_best_segment 368.00
[ATS] seg 4 iter 40 div_round 0 nid 0 fit_cur 368.00 fit_best_global 368.00 fit_best_segment 368.00
[ATS] seg 4 iter 41 div_round 0 nid 2 fit_cur 368.00 fit_best_global 368.00 fit_best_segment 368.00
[ATS] seg 4 iter 42 div_round 0 nid 0 fit_cur 368.00 fit_best_global 368.00 fit_best_segment 368.00
[ATS] seg 4 iter 43 div_round 0 nid 0 fit_cur 368.00 fit_best_global 368.00 fit_best_segment 368.00
[ATS] seg 4 iter 44 div_round 0 nid 0 fit_cur 368.00 fit_best_global 368.00 fit_best_segment 368.00
[ATS] seg 4 iter 45 div_round 0 nid 1 fit_cur 372.00 fit_best_global 368.00 fit_best_segment 368.00
[ATS] seg 4 iter 46 div_round 0 nid 2 fit_cur 376.00 fit_best_global 368.00 fit_best_segment 368.00
[ATS] seg 4 iter 47 div_round 0 nid 1 fit_cur 372.00 fit_best_global 368.00 fit_best_segment 368.00
[ATS] seg 4 iter 48 div_round 0 nid 1 fit_cur 372.00 fit_best_global 368.00 fit_best_segment 368.00
[ATS] seg 4 iter 49 div_round 0 nid 1 fit_cur 372.00 fit_best_global 368.00 fit_best_segment 368.00
[ATS] seg 4 iter 50 div_round 0 nid 1 fit_cur 372.00 fit_best_global 368.00 fit_best_segment 368.00
[ATS] seg 4 iter 51 div_round 0 nid 1 fit_cur 376.00 fit_best_global 368.00 fit_best_segment 368.00
[ATS] seg 4 iter 52 div_round 0 nid 2 fit_cur 376.00 fit_best_global 368.00 fit_best_segment 368.00
[ATS] seg 4 iter 53 div_round 0 nid 2 fit_cur 376.00 fit_best_global 368.00 fit_best_segment 368.00
[ATS] seg 4 iter 54 div_round 0 nid 0 fit_cur 368.00 fit_best_global 368.00 fit_best_segment 368.00
[ATS] seg 4 iter 55 div_round 0 nid 2 fit_cur 380.00 fit_best_global 368.00 fit_best_segment 368.00
[ATS] seg 4 iter 56 div_round 0 nid 0 fit_cur 372.00 fit_best_global 368.00 fit_best_segment 368.00
[ATS] seg 4 iter 57 div_round 0 nid 2 fit_cur 380.00 fit_best_global 368.00 fit_best_segment 368.00
[ATS] seg 4 iter 58 div_round 0 nid 2 fit_cur 380.00 fit_best_global 368.00 fit_best_segment 368.00
[ATS] seg 5 iter 0 div_round 0 nid 2 fit_cur 372.00 fit_best_global 368.00 fit_best_segment 368.00
[ATS] seg 5 iter 1 div_round 0 nid 1 fit_cur 368.00 fit_best_global 368.00 fit_best_segment 368.00
[ATS] seg 5 iter 2 div_round 0 nid 0 fit_cur 368.00 fit_best_global 368.00 fit_best_segment 368.00
[ATS] seg 5 iter 3 div_round 0 nid 1 fit_cur 368.00 fit_best_global 368.00 fit_best_segment 368.00
[ATS] seg 5 iter 4 div_round 0 nid 2 fit_cur 368.00 fit_best_global 368.00 fit_best_segment 368.00
[ATS] seg 5 iter 5 div_round 0 nid 0 fit_cur 368.00 fit_best_global 368.00 fit_best_segment 368.00
[ATS] seg 5 iter 6 div_round 0 nid 1 fit_cur 368.00 fit_best_global 368.00 fit_best_segment 368.00
[ATS] seg 5 iter 7 div_round 0 nid 2 fit_cur 368.00 fit_best_global 368.00 fit_best_segment 368.00
[ATS] seg 5 iter 8 div_round 0 nid 2 fit_cur 368.00 fit_best_global 368.00 fit_best_segment 368.00
[ATS] seg 5 iter 9 div_round 0 nid 1 fit_cur 368.00 fit_best_global 368.00 fit_best_segment 368.00
[ATS] seg 5 iter 10 div_round 0 nid 1 fit_cur 368.00 fit_best_global 368.00 fit_best_segment 368.00
[ATS] seg 5 iter 11 div_round 0 nid 2 fit_cur 368.00 fit_best_global 368.00 fit_best_segment 368.00
[ATS] seg 5 iter 12 div_round 0 nid 0 fit_cur 368.00 fit_best_global 368.00 fit_best_segment 368.00
[ATS] seg 5 iter 13 div_round 0 nid 1 fit_cur 368.00 fit_best_global 368.00 fit_best_segment 368.00
[ATS] seg 5 iter 14 div_round 0 nid 2 fit_cur 368.00 fit_best_global 368.00 fit_best_segment 368.00
[ATS] seg 5 iter 15 div_round 0 nid 2 fit_cur 368.00 fit_best_global 368.00 fit_best_segment 368.00
[ATS] seg 5 iter 16 div_round 0 nid 1 fit_cur 368.00 fit_best_global 368.00 fit_best_segment 368.00
[ATS] seg 5 iter 17 div_round 0 nid 2 fit_cur 372.00 fit_best_global 368.00 fit_best_segment 368.00
[ATS] seg 5 iter 18 div_round 0 nid 1 fit_cur 368.00 fit_best_global 368.00 fit_best_segment 368.00
[ATS] seg 5 iter 19 div_round 0 nid 0 fit_cur 368.00 fit_best_global 368.00 fit_best_segment 368.00
[ATS] seg 5 iter 20 div_round 0 nid 1 fit_cur 368.00 fit_best_global 368.00 fit_best_segment 368.00
[ATS] seg 5 iter 21 div_round 0 nid 0 fit_cur 368.00 fit_best_global 368.00 fit_best_segment 368.00
[ATS] seg 5 iter 22 div_round 0 nid 0 fit_cur 368.00 fit_best_global 368.00 fit_best_segment 368.00
[ATS] seg 5 iter 23 div_round 0 nid 2 fit_cur 368.00 fit_best_global 368.00 fit_best_segment 368.00
[ATS] seg 5 iter 24 div_round 0 nid 2 fit_cur 376.00 fit_best_global 368.00 fit_best_segment 368.00
[ATS] seg 5 iter 25 div_round 0 nid 1 fit_cur 368.00 fit_best_global 368.00 fit_best_segment 368.00
[ATS] seg 5 iter 26 div_round 0 nid 0 fit_cur 368.00 fit_best_global 368.00 fit_best_segment 368.00
[ATS] seg 5 iter 27 div_round 0 nid 0 fit_cur 368.00 fit_best_global 368.00 fit_best_segment 368.00
[ATS] seg 5 iter 28 div_round 0 nid 1 fit_cur 368.00 fit_best_global 368.00 fit_best_segment 368.00
[ATS] seg 5 iter 29 div_round 0 nid 2 fit_cur 376.00 fit_best_global 368.00 fit_best_segment 368.00
[ATS] seg 5 iter 30 div_round 0 nid 0 fit_cur 368.00 fit_best_global 368.00 fit_best_segment 368.00
[ATS] seg 5 iter 31 div_round 0 nid 1 fit_cur 368.00 fit_best_global 368.00 fit_best_segment 368.00
[ATS] seg 5 iter 32 div_round 0 nid 0 fit_cur 368.00 fit_best_global 368.00 fit_best_segment 368.00
[ATS] seg 5 iter 33 div_round 0 nid 2 fit_cur 368.00 fit_best_global 368.00 fit_best_segment 368.00
[ATS] seg 5 iter 34 div_round 0 nid 2 fit_cur 376.00 fit_best_global 368.00 fit_best_segment 368.00
[ATS] seg 5 iter 35 div_round 0 nid 0 fit_cur 368.00 fit_best_global 368.00 fit_best_segment 368.00
[ATS] seg 5 iter 36 div_round 0 nid 0 fit_cur 368.00 fit_best_global 368.00 fit_best_segment 368.00
[ATS] seg 5 iter 37 div_round 0 nid 0 fit_cur 368.00 fit_best_global 368.00 fit_best_segment 368.00
[ATS] seg 5 iter 38 div_round 0 nid 0 fit_cur 368.00 fit_best_global 368.00 fit_best_segment 368.00
[ATS] seg 5 iter 39 div_round 0 nid 2 fit_cur 368.00 fit_best_global 368.00 fit_best_segment 368.00
[ATS] seg 5 iter 40 div_round 0 nid 0 fit_cur 368.00 fit_best_global 368.00 fit_best_segment 368.00
[ATS] seg 5 iter 41 div_round 0 nid 1 fit_cur 368.00 fit_best_global 368.00 fit_best_segment 368.00
[ATS] seg 5 iter 42 div_round 0 nid 1 fit_cur 368.00 fit_best_global 368.00 fit_best_segment 368.00
[ATS] seg 5 iter 43 div_round 0 nid 1 fit_cur 372.00 fit_best_global 368.00 fit_best_segment 368.00
[ATS] seg 5 iter 44 div_round 0 nid 2 fit_cur 376.00 fit_best_global 368.00 fit_best_segment 368.00
[ATS] seg 5 iter 45 div_round 0 nid 2 fit_cur 376.00 fit_best_global 368.00 fit_best_segment 368.00
[ATS] seg 5 iter 46 div_round 0 nid 1 fit_cur 368.00 fit_best_global 368.00 fit_best_segment 368.00
[ATS] seg 5 iter 47 div_round 0 nid 2 fit_cur 376.00 fit_best_global 368.00 fit_best_segment 368.00
[ATS] seg 5 iter 48 div_round 0 nid 0 fit_cur 368.00 fit_best_global 368.00 fit_best_segment 368.00
[ATS] seg 5 iter 49 div_round 0 nid 1 fit_cur 368.00 fit_best_global 368.00 fit_best_segment 368.00
[ATS] seg 5 iter 50 div_round 0 nid 0 fit_cur 368.00 fit_best_global 368.00 fit_best_segment 368.00
[ATS] seg 5 iter 51 div_round 0 nid 0 fit_cur 368.00 fit_best_global 368.00 fit_best_segment 368.00
[ATS] seg 5 iter 52 div_round 0 nid 0 fit_cur 368.00 fit_best_global 368.00 fit_best_segment 368.00
[ATS] seg 5 iter 53 div_round 0 nid 0 fit_cur 368.00 fit_best_global 368.00 fit_best_segment 368.00
[ATS] seg 5 iter 54 div_round 0 nid 1 fit_cur 368.00 fit_best_global 368.00 fit_best_segment 368.00
[ATS] seg 5 iter 55 div_round 0 nid 0 fit_cur 368.00 fit_best_global 368.00 fit_best_segment 368.00
[ATS] seg 5 iter 56 div_round 0 nid 2 fit_cur 376.00 fit_best_global 368.00 fit_best_segment 368.00
[ATS] seg 5 iter 57 div_round 0 nid 0 fit_cur 372.00 fit_best_global 368.00 fit_best_segment 368.00
[ATS] seg 5 iter 58 div_round 0 nid 1 fit_cur 368.00 fit_best_global 368.00 fit_best_segment 368.00
[ATS] seg 5 iter 59 div_round 0 nid 2 fit_cur 376.00 fit_best_global 368.00 fit_best_segment 368.00
[ATS] seg 5 iter 60 div_round 0 nid 0 fit_cur 368.00 fit_best_global 368.00 fit_best_segment 368.00
[ATS] seg 5 iter 61 div_round 0 nid 0 fit_cur 368.00 fit_best_global 368.00 fit_best_segment 368.00
[ATS] seg 5 iter 62 div_round 0 nid 2 fit_cur 376.00 fit_best_global 368.00 fit_best_segment 368.00
[ATS] seg 5 iter 63 div_round 0 nid 1 fit_cur 368.00 fit_best_global 368.00 fit_best_segment 368.00
[ATS] seg 5 iter 64 div_round 0 nid 2 fit_cur 380.00 fit_best_global 368.00 fit_best_segment 368.00
[ATS] seg 5 iter 65 div_round 0 nid 0 fit_cur 368.00 fit_best_global 368.00 fit_best_segment 368.00
[ATS] seg 5 iter 66 div_round 0 nid 2 fit_cur 380.00 fit_best_global 368.00 fit_best_segment 368.00
[ATS] seg 5 iter 67 div_round 0 nid 2 fit_cur 380.00 fit_best_global 368.00 fit_best_segment 368.00
[ATS] seg 5 iter 68 div_round 0 nid 0 fit_cur 368.00 fit_best_global 368.00 fit_best_segment 368.00
[ATS] seg 5 iter 69 div_round 0 nid 0 fit_cur 372.00 fit_best_global 368.00 fit_best_segment 368.00
[ATS] seg 5 iter 70 div_round 0 nid 0 fit_cur 372.00 fit_best_global 368.00 fit_best_segment 368.00
[ATS] seg 5 iter 71 div_round 0 nid 1 fit_cur 368.00 fit_best_global 368.00 fit_best_segment 368.00
[ATS] seg 5 iter 72 div_round 0 nid 2 fit_cur 380.00 fit_best_global 368.00 fit_best_segment 368.00
[ATS] seg 5 iter 73 div_round 0 nid 2 fit_cur 380.00 fit_best_global 368.00 fit_best_segment 368.00
[ATS] seg 5 iter 74 div_round 0 nid 1 fit_cur 368.00 fit_best_global 368.00 fit_best_segment 368.00
[ATS] seg 5 iter 75 div_round 0 nid 2 fit_cur 384.00 fit_best_global 368.00 fit_best_segment 368.00
[ATS] seg 5 iter 76 div_round 0 nid 1 fit_cur 368.00 fit_best_global 368.00 fit_best_segment 368.00
[ATS] seg 5 iter 77 div_round 0 nid 0 fit_cur 368.00 fit_best_global 368.00 fit_best_segment 368.00
[ATS] seg 5 iter 78 div_round 0 nid 0 fit_cur 368.00 fit_best_global 368.00 fit_best_segment 368.00
[ATS] seg 5 iter 79 div_round 0 nid 0 fit_cur 368.00 fit_best_global 368.00 fit_best_segment 368.00
[ATS] seg 5 iter 80 div_round 0 nid 2 fit_cur 384.00 fit_best_global 368.00 fit_best_segment 368.00
[ATS] seg 5 iter 81 div_round 0 nid 0 fit_cur 368.00 fit_best_global 368.00 fit_best_segment 368.00
[ATS] seg 5 iter 82 div_round 0 nid 0 fit_cur 372.00 fit_best_global 368.00 fit_best_segment 368.00
[ATS] seg 5 iter 83 div_round 0 nid 1 fit_cur 368.00 fit_best_global 368.00 fit_best_segment 368.00
[ATS] seg 5 iter 84 div_round 0 nid 0 fit_cur 368.00 fit_best_global 368.00 fit_best_segment 368.00
[ATS] seg 5 iter 85 div_round 0 nid 1 fit_cur 368.00 fit_best_global 368.00 fit_best_segment 368.00
[ATS] seg 5 iter 86 div_round 0 nid 0 fit_cur 368.00 fit_best_global 368.00 fit_best_segment 368.00
[ATS] seg 5 iter 87 div_round 0 nid 0 fit_cur 368.00 fit_best_global 368.00 fit_best_segment 368.00
[ATS] seg 5 iter 88 div_round 0 nid 1 fit_cur 368.00 fit_best_global 368.00 fit_best_segment 368.00
[ATS] seg 5 iter 89 div_round 0 nid 1 fit_cur 368.00 fit_best_global 368.00 fit_best_segment 368.00
[ATS] seg 5 iter 90 div_round 0 nid 0 fit_cur 368.00 fit_best_global 368.00 fit_best_segment 368.00
[ATS] seg 5 iter 91 div_round 0 nid 0 fit_cur 368.00 fit_best_global 368.00 fit_best_segment 368.00
[ATS] seg 5 iter 92 div_round 0 nid 2 fit_cur 376.00 fit_best_global 368.00 fit_best_segment 368.00
[ATS] seg 5 iter 93 div_round 0 nid 0 fit_cur 368.00 fit_best_global 368.00 fit_best_segment 368.00
[ATS] seg 5 iter 94 div_round 0 nid 0 fit_cur 368.00 fit_best_global 368.00 fit_best_segment 368.00
[ATS] seg 5 iter 95 div_round 0 nid 0 fit_cur 368.00 fit_best_global 368.00 fit_best_segment 368.00
[ATS] seg 5 iter 96 div_round 0 nid 2 fit_cur 384.00 fit_best_global 368.00 fit_best_segment 368.00
[ATS] seg 5 iter 97 div_round 0 nid 2 fit_cur 388.00 fit_best_global 368.00 fit_best_segment 368.00
[ATS] seg 5 iter 98 div_round 0 nid 1 fit_cur 368.00 fit_best_global 368.00 fit_best_segment 368.00
[ATS] seg 5 iter 99 div_round 0 nid 2 fit_cur 396.00 fit_best_global 368.00 fit_best_segment 368.00
[ATS] seg 5 iter 100 div_round 0 nid 0 fit_cur 368.00 fit_best_global 368.00 fit_best_segment 368.00
[ATS] seg 5 iter 101 div_round 0 nid 2 fit_cur 388.00 fit_best_global 368.00 fit_best_segment 368.00
[ATS] seg 5 iter 102 div_round 0 nid 1 fit_cur 368.00 fit_best_global 368.00 fit_best_segment 368.00
[ATS] seg 5 iter 103 div_round 0 nid 1 fit_cur 368.00 fit_best_global 368.00 fit_best_segment 368.00
[ATS] seg 5 iter 104 div_round 0 nid 1 fit_cur 368.00 fit_best_global 368.00 fit_best_segment 368.00
[ATS] seg 5 iter 105 div_round 0 nid 0 fit_cur 372.00 fit_best_global 368.00 fit_best_segment 368.00
[ATS] seg 5 iter 106 div_round 0 nid 0 fit_cur 372.00 fit_best_global 368.00 fit_best_segment 368.00
[ATS] seg 5 iter 107 div_round 0 nid 0 fit_cur 368.00 fit_best_global 368.00 fit_best_segment 368.00
[ATS] seg 5 iter 108 div_round 0 nid 0 fit_cur 368.00 fit_best_global 368.00 fit_best_segment 368.00
[ATS] seg 5 iter 109 div_round 0 nid 0 fit_cur 368.00 fit_best_global 368.00 fit_best_segment 368.00
[ATS] seg 5 iter 110 div_round 0 nid 1 fit_cur 368.00 fit_best_global 368.00 fit_best_segment 368.00
[ATS] seg 5 iter 111 div_round 0 nid 0 fit_cur 368.00 fit_best_global 368.00 fit_best_segment 368.00
[ATS] seg 5 iter 112 div_round 0 nid 0 fit_cur 372.00 fit_best_global 368.00 fit_best_segment 368.00
[ATS] seg 5 iter 113 div_round 0 nid 1 fit_cur 368.00 fit_best_global 368.00 fit_best_segment 368.00
[ATS] seg 5 iter 114 div_round 0 nid 1 fit_cur 368.00 fit_best_global 368.00 fit_best_segment 368.00
[ATS] seg 5 iter 115 div_round 0 nid 0 fit_cur 368.00 fit_best_global 368.00 fit_best_segment 368.00
[ATS] seg 5 iter 116 div_round 0 nid 0 fit_cur 368.00 fit_best_global 368.00 fit_best_segment 368.00
[ATS] seg 5 iter 117 div_round 0 nid 1 fit_cur 368.00 fit_best_global 368.00 fit_best_segment 368.00
[ATS] seg 5 iter 118 div_round 0 nid 0 fit_cur 368.00 fit_best_global 368.00 fit_best_segment 368.00
[ATS] seg 5 iter 119 div_round 0 nid 0 fit_cur 368.00 fit_best_global 368.00 fit_best_segment 368.00
[ATS] seg 5 iter 120 div_round 0 nid 0 fit_cur 368.00 fit_best_global 368.00 fit_best_segment 368.00
[ATS] seg 5 iter 121 div_round 0 nid 0 fit_cur 368.00 fit_best_global 368.00 fit_best_segment 368.00
[ATS] seg 5 iter 122 div_round 0 nid 0 fit_cur 368.00 fit_best_global 368.00 fit_best_segment 368.00
[ATS] seg 5 iter 123 div_round 0 nid 0 fit_cur 368.00 fit_best_global 368.00 fit_best_segment 368.00
[ATS] seg 5 iter 124 div_round 0 nid 0 fit_cur 368.00 fit_best_global 368.00 fit_best_segment 368.00
[ATS] seg 5 iter 125 div_round 0 nid 1 fit_cur 368.00 fit_best_global 368.00 fit_best_segment 368.00
[ATS] seg 5 iter 126 div_round 0 nid 0 fit_cur 368.00 fit_best_global 368.00 fit_best_segment 368.00
[ATS] seg 5 iter 127 div_round 0 nid 0 fit_cur 368.00 fit_best_global 368.00 fit_best_segment 368.00
[ATS] seg 5 iter 128 div_round 0 nid 1 fit_cur 368.00 fit_best_global 368.00 fit_best_segment 368.00
[ATS] seg 5 iter 129 div_round 0 nid 0 fit_cur 368.00 fit_best_global 368.00 fit_best_segment 368.00
[ATS] seg 5 iter 130 div_round 0 nid 0 fit_cur 368.00 fit_best_global 368.00 fit_best_segment 368.00
[ATS] seg 5 iter 131 div_round 0 nid 0 fit_cur 368.00 fit_best_global 368.00 fit_best_segment 368.00
[ATS] seg 5 iter 132 div_round 0 nid 1 fit_cur 368.00 fit_best_global 368.00 fit_best_segment 368.00
[ATS] seg 5 iter 133 div_round 0 nid 1 fit_cur 368.00 fit_best_global 368.00 fit_best_segment 368.00
[ATS] seg 5 iter 134 div_round 0 nid 0 fit_cur 372.00 fit_best_global 368.00 fit_best_segment 368.00
[ATS] seg 5 iter 135 div_round 0 nid 1 fit_cur 368.00 fit_best_global 368.00 fit_best_segment 368.00
[ATS] seg 5 iter 136 div_round 0 nid 1 fit_cur 368.00 fit_best_global 368.00 fit_best_segment 368.00
[ATS] seg 5 iter 137 div_round 0 nid 1 fit_cur 368.00 fit_best_global 368.00 fit_best_segment 368.00
[ATS] seg 5 iter 138 div_round 0 nid 1 fit_cur 368.00 fit_best_global 368.00 fit_best_segment 368.00
[ATS] seg 5 iter 139 div_round 0 nid 1 fit_cur 368.00 fit_best_global 368.00 fit_best_segment 368.00
[ATS] seg 5 iter 140 div_round 0 nid 0 fit_cur 368.00 fit_best_global 368.00 fit_best_segment 368.00
[ATS] seg 5 iter 141 div_round 0 nid 1 fit_cur 368.00 fit_best_global 368.00 fit_best_segment 368.00
[ATS] seg 5 iter 142 div_round 0 nid 0 fit_cur 368.00 fit_best_global 368.00 fit_best_segment 368.00
[ATS] seg 5 iter 143 div_round 0 nid 0 fit_cur 368.00 fit_best_global 368.00 fit_best_segment 368.00
[ATS] seg 5 iter 144 div_round 0 nid 0 fit_cur 368.00 fit_best_global 368.00 fit_best_segment 368.00
[ATS] seg 5 iter 145 div_round 0 nid 0 fit_cur 368.00 fit_best_global 368.00 fit_best_segment 368.00
[ATS] seg 5 iter 146 div_round 0 nid 1 fit_cur 368.00 fit_best_global 368.00 fit_best_segment 368.00
[ATS] seg 5 iter 147 div_round 0 nid 0 fit_cur 368.00 fit_best_global 368.00 fit_best_segment 368.00
[ATS] seg 5 iter 148 div_round 0 nid 1 fit_cur 368.00 fit_best_global 368.00 fit_best_segment 368.00
[ATS] seg 5 iter 149 div_round 0 nid 1 fit_cur 368.00 fit_best_global 368.00 fit_best_segment 368.00
[ATS] seg 5 iter 150 div_round 0 nid 0 fit_cur 368.00 fit_best_global 368.00 fit_best_segment 368.00
[ATS] seg 5 iter 151 div_round 0 nid 1 fit_cur 368.00 fit_best_global 368.00 fit_best_segment 368.00
[ATS] seg 5 iter 152 div_round 0 nid 0 fit_cur 368.00 fit_best_global 368.00 fit_best_segment 368.00
[ATS] seg 5 iter 153 div_round 0 nid 0 fit_cur 368.00 fit_best_global 368.00 fit_best_segment 368.00
[ATS] seg 5 iter 154 div_round 0 nid 0 fit_cur 368.00 fit_best_global 368.00 fit_best_segment 368.00
[ATS] seg 5 iter 155 div_round 0 nid 0 fit_cur 368.00 fit_best_global 368.00 fit_best_segment 368.00
[ATS] seg 5 iter 156 div_round 0 nid 0 fit_cur 368.00 fit_best_global 368.00 fit_best_segment 368.00
[ATS] seg 5 iter 157 div_round 0 nid 0 fit_cur 368.00 fit_best_global 368.00 fit_best_segment 368.00
[ATS] seg 5 iter 158 div_round 0 nid 1 fit_cur 368.00 fit_best_global 368.00 fit_best_segment 368.00
[ATS] seg 5 iter 159 div_round 0 nid 1 fit_cur 368.00 fit_best_global 368.00 fit_best_segment 368.00
[ATS] seg 5 iter 160 div_round 0 nid 0 fit_cur 368.00 fit_best_global 368.00 fit_best_segment 368.00
[ATS] seg 5 iter 161 div_round 0 nid 1 fit_cur 368.00 fit_best_global 368.00 fit_best_segment 368.00
[ATS] seg 5 iter 162 div_round 0 nid 1 fit_cur 368.00 fit_best_global 368.00 fit_best_segment 368.00
[ATS] seg 5 iter 163 div_round 0 nid 1 fit_cur 368.00 fit_best_global 368.00 fit_best_segment 368.00
[ATS] seg 5 iter 164 div_round 0 nid 0 fit_cur 368.00 fit_best_global 368.00 fit_best_segment 368.00
[ATS] seg 5 iter 165 div_round 0 nid 0 fit_cur 368.00 fit_best_global 368.00 fit_best_segment 368.00
[ATS] seg 5 iter 166 div_round 0 nid 1 fit_cur 368.00 fit_best_global 368.00 fit_best_segment 368.00
[ATS] seg 5 iter 167 div_round 0 nid 0 fit_cur 368.00 fit_best_global 368.00 fit_best_segment 368.00
[ATS] seg 5 iter 168 div_round 0 nid 1 fit_cur 372.00 fit_best_global 368.00 fit_best_segment 368.00
[ATS] seg 5 iter 169 div_round 0 nid 1 fit_cur 368.00 fit_best_global 368.00 fit_best_segment 368.00
[ATS] seg 5 iter 170 div_round 0 nid 1 fit_cur 368.00 fit_best_global 368.00 fit_best_segment 368.00
[ATS] seg 5 iter 171 div_round 0 nid 0 fit_cur 368.00 fit_best_global 368.00 fit_best_segment 368.00
[ATS] seg 5 iter 172 div_round 0 nid 0 fit_cur 368.00 fit_best_global 368.00 fit_best_segment 368.00
[ATS] seg 5 iter 173 div_round 0 nid 0 fit_cur 368.00 fit_best_global 368.00 fit_best_segment 368.00
[ATS] seg 5 iter 174 div_round 0 nid 1 fit_cur 368.00 fit_best_global 368.00 fit_best_segment 368.00
[ATS] seg 5 iter 175 div_round 0 nid 0 fit_cur 372.00 fit_best_global 368.00 fit_best_segment 368.00
[ATS] seg 5 iter 176 div_round 0 nid 1 fit_cur 368.00 fit_best_global 368.00 fit_best_segment 368.00
[ATS] seg 5 iter 177 div_round 0 nid 0 fit_cur 368.00 fit_best_global 368.00 fit_best_segment 368.00
[ATS] seg 5 iter 178 div_round 0 nid 1 fit_cur 368.00 fit_best_global 368.00 fit_best_segment 368.00
[ATS] seg 5 iter 179 div_round 0 nid 0 fit_cur 368.00 fit_best_global 368.00 fit_best_segment 368.00
[ATS] seg 5 iter 180 div_round 0 nid 0 fit_cur 368.00 fit_best_global 368.00 fit_best_segment 368.00
[ATS] seg 5 iter 181 div_round 0 nid 1 fit_cur 372.00 fit_best_global 368.00 fit_best_segment 368.00
[ATS] seg 5 iter 182 div_round 0 nid 1 fit_cur 372.00 fit_best_global 368.00 fit_best_segment 368.00
[ATS] seg 5 iter 183 div_round 0 nid 1 fit_cur 368.00 fit_best_global 368.00 fit_best_segment 368.00
[ATS] seg 5 iter 184 div_round 0 nid 1 fit_cur 368.00 fit_best_global 368.00 fit_best_segment 368.00
[ATS] seg 5 iter 185 div_round 0 nid 1 fit_cur 368.00 fit_best_global 368.00 fit_best_segment 368.00
[ATS] seg 5 iter 186 div_round 0 nid 1 fit_cur 372.00 fit_best_global 368.00 fit_best_segment 368.00
[ATS] seg 5 iter 187 div_round 0 nid 0 fit_cur 368.00 fit_best_global 368.00 fit_best_segment 368.00
[ATS] seg 5 iter 188 div_round 0 nid 0 fit_cur 368.00 fit_best_global 368.00 fit_best_segment 368.00
[ATS] seg 5 iter 189 div_round 0 nid 0 fit_cur 372.00 fit_best_global 368.00 fit_best_segment 368.00
[ATS] seg 5 iter 190 div_round 0 nid 0 fit_cur 368.00 fit_best_global 368.00 fit_best_segment 368.00
[ATS] seg 5 iter 191 div_round 0 nid 0 fit_cur 368.00 fit_best_global 368.00 fit_best_segment 368.00
[ATS] seg 5 iter 192 div_round 0 nid 1 fit_cur 368.00 fit_best_global 368.00 fit_best_segment 368.00
[ATS] seg 5 iter 193 div_round 0 nid 0 fit_cur 368.00 fit_best_global 368.00 fit_best_segment 368.00
[ATS] seg 5 iter 194 div_round 0 nid 1 fit_cur 368.00 fit_best_global 368.00 fit_best_segment 368.00
[ATS] seg 5 iter 195 div_round 0 nid 0 fit_cur 372.00 fit_best_global 368.00 fit_best_segment 368.00
[ATS] seg 5 iter 196 div_round 0 nid 0 fit_cur 372.00 fit_best_global 368.00 fit_best_segment 368.00
[ATS] seg 5 iter 197 div_round 0 nid 0 fit_cur 372.00 fit_best_global 368.00 fit_best_segment 368.00
[ATS] seg 5 iter 198 div_round 0 nid 0 fit_cur 372.00 fit_best_global 368.00 fit_best_segment 368.00
[ATS] seg 5 iter 199 div_round 0 nid 1 fit_cur 372.00 fit_best_global 368.00 fit_best_segment 368.00
[ATS] seg 5 iter 200 div_round 0 nid 1 fit_cur 368.00 fit_best_global 368.00 fit_best_segment 368.00
[ATS] seg 5 iter 201 div_round 0 nid 0 fit_cur 368.00 fit_best_global 368.00 fit_best_segment 368.00
[ATS] seg 5 iter 202 div_round 0 nid 1 fit_cur 372.00 fit_best_global 368.00 fit_best_segment 368.00
[ATS] seg 5 iter 203 div_round 0 nid 0 fit_cur 368.00 fit_best_global 368.00 fit_best_segment 368.00
[ATS] seg 5 iter 204 div_round 0 nid 0 fit_cur 368.00 fit_best_global 368.00 fit_best_segment 368.00
[ATS] seg 5 iter 205 div_round 0 nid 1 fit_cur 368.00 fit_best_global 368.00 fit_best_segment 368.00
[ATS] seg 5 iter 206 div_round 0 nid 0 fit_cur 368.00 fit_best_global 368.00 fit_best_segment 368.00
[ATS] seg 5 iter 207 div_round 0 nid 1 fit_cur 368.00 fit_best_global 368.00 fit_best_segment 368.00
[ATS] seg 5 iter 208 div_round 0 nid 0 fit_cur 368.00 fit_best_global 368.00 fit_best_segment 368.00
[ATS] seg 5 iter 209 div_round 0 nid 0 fit_cur 368.00 fit_best_global 368.00 fit_best_segment 368.00
[ATS] seg 5 iter 210 div_round 0 nid 1 fit_cur 368.00 fit_best_global 368.00 fit_best_segment 368.00
[ATS] seg 5 iter 211 div_round 0 nid 0 fit_cur 368.00 fit_best_global 368.00 fit_best_segment 368.00
[ATS] seg 5 iter 212 div_round 0 nid 1 fit_cur 368.00 fit_best_global 368.00 fit_best_segment 368.00
[ATS] seg 5 iter 213 div_round 0 nid 0 fit_cur 368.00 fit_best_global 368.00 fit_best_segment 368.00
[ATS] seg 5 iter 214 div_round 0 nid 0 fit_cur 368.00 fit_best_global 368.00 fit_best_segment 368.00
[ATS] seg 5 iter 215 div_round 0 nid 1 fit_cur 368.00 fit_best_global 368.00 fit_best_segment 368.00
[ATS] seg 5 iter 216 div_round 0 nid 0 fit_cur 368.00 fit_best_global 368.00 fit_best_segment 368.00
[ATS] seg 5 iter 217 div_round 0 nid 1 fit_cur 368.00 fit_best_global 368.00 fit_best_segment 368.00
[ATS] seg 5 iter 218 div_round 0 nid 0 fit_cur 368.00 fit_best_global 368.00 fit_best_segment 368.00
[ATS] seg 5 iter 219 div_round 0 nid 0 fit_cur 368.00 fit_best_global 368.00 fit_best_segment 368.00
[ATS] seg 5 iter 220 div_round 0 nid 0 fit_cur 368.00 fit_best_global 368.00 fit_best_segment 368.00
[ATS] seg 5 iter 221 div_round 0 nid 0 fit_cur 368.00 fit_best_global 368.00 fit_best_segment 368.00
[ATS] seg 5 iter 222 div_round 0 nid 1 fit_cur 368.00 fit_best_global 368.00 fit_best_segment 368.00
[ATS] seg 5 iter 223 div_round 0 nid 0 fit_cur 368.00 fit_best_global 368.00 fit_best_segment 368.00
[ATS] seg 5 iter 224 div_round 0 nid 1 fit_cur 368.00 fit_best_global 368.00 fit_best_segment 368.00
[ATS] seg 5 iter 225 div_round 0 nid 0 fit_cur 368.00 fit_best_global 368.00 fit_best_segment 368.00
[ATS] seg 5 iter 226 div_round 0 nid 0 fit_cur 368.00 fit_best_global 368.00 fit_best_segment 368.00
[ATS] seg 5 iter 227 div_round 0 nid 0 fit_cur 368.00 fit_best_global 368.00 fit_best_segment 368.00
[ATS] seg 5 iter 228 div_round 0 nid 0 fit_cur 368.00 fit_best_global 368.00 fit_best_segment 368.00
[ATS] seg 5 iter 229 div_round 0 nid 0 fit_cur 372.00 fit_best_global 368.00 fit_best_segment 368.00
[ATS] seg 5 iter 230 div_round 0 nid 1 fit_cur 368.00 fit_best_global 368.00 fit_best_segment 368.00
[ATS] seg 5 iter 231 div_round 0 nid 0 fit_cur 368.00 fit_best_global 368.00 fit_best_segment 368.00
[ATS] seg 5 iter 232 div_round 0 nid 0 fit_cur 368.00 fit_best_global 368.00 fit_best_segment 368.00
[ATS] seg 5 iter 233 div_round 0 nid 1 fit_cur 368.00 fit_best_global 368.00 fit_best_segment 368.00
[ATS] seg 5 iter 234 div_round 0 nid 1 fit_cur 368.00 fit_best_global 368.00 fit_best_segment 368.00
[ATS] seg 5 iter 235 div_round 0 nid 1 fit_cur 368.00 fit_best_global 368.00 fit_best_segment 368.00
[ATS] seg 5 iter 236 div_round 0 nid 1 fit_cur 368.00 fit_best_global 368.00 fit_best_segment 368.00
[ATS] seg 5 iter 237 div_round 0 nid 1 fit_cur 368.00 fit_best_global 368.00 fit_best_segment 368.00
[ATS] seg 5 iter 238 div_round 0 nid 0 fit_cur 368.00 fit_best_global 368.00 fit_best_segment 368.00
[ATS] seg 5 iter 239 div_round 0 nid 1 fit_cur 368.00 fit_best_global 368.00 fit_best_segment 368.00
[ATS] seg 5 iter 240 div_round 0 nid 0 fit_cur 368.00 fit_best_global 368.00 fit_best_segment 368.00
[ATS] seg 5 iter 241 div_round 0 nid 1 fit_cur 368.00 fit_best_global 368.00 fit_best_segment 368.00
[ATS] seg 5 iter 242 div_round 0 nid 0 fit_cur 368.00 fit_best_global 368.00 fit_best_segment 368.00
[ATS] seg 5 iter 243 div_round 0 nid 0 fit_cur 368.00 fit_best_global 368.00 fit_best_segment 368.00
[ATS] seg 5 iter 244 div_round 0 nid 0 fit_cur 368.00 fit_best_global 368.00 fit_best_segment 368.00
[ATS] seg 5 iter 245 div_round 0 nid 1 fit_cur 368.00 fit_best_global 368.00 fit_best_segment 368.00
[ATS] seg 5 iter 246 div_round 0 nid 1 fit_cur 368.00 fit_best_global 368.00 fit_best_segment 368.00
[ATS] seg 5 iter 247 div_round 0 nid 1 fit_cur 368.00 fit_best_global 368.00 fit_best_segment 368.00
[ATS] seg 5 iter 248 div_round 0 nid 1 fit_cur 368.00 fit_best_global 368.00 fit_best_segment 368.00
[ATS] seg 5 iter 249 div_round 0 nid 1 fit_cur 372.00 fit_best_global 368.00 fit_best_segment 368.00
[ATS] seg 5 iter 250 div_round 0 nid 0 fit_cur 368.00 fit_best_global 368.00 fit_best_segment 368.00
[ATS] seg 5 iter 251 div_round 0 nid 0 fit_cur 372.00 fit_best_global 368.00 fit_best_segment 368.00
[ATS] seg 5 iter 252 div_round 0 nid 0 fit_cur 368.00 fit_best_global 368.00 fit_best_segment 368.00
[ATS] seg 5 iter 253 div_round 0 nid 1 fit_cur 368.00 fit_best_global 368.00 fit_best_segment 368.00
[ATS] seg 5 iter 254 div_round 0 nid 1 fit_cur 368.00 fit_best_global 368.00 fit_best_segment 368.00
[ATS] seg 5 iter 255 div_round 0 nid 0 fit_cur 368.00 fit_best_global 368.00 fit_best_segment 368.00
[ATS] seg 5 iter 256 div_round 0 nid 0 fit_cur 368.00 fit_best_global 368.00 fit_best_segment 368.00
[ATS] seg 5 iter 257 div_round 0 nid 0 fit_cur 368.00 fit_best_global 368.00 fit_best_segment 368.00
[ATS] seg 5 iter 258 div_round 0 nid 1 fit_cur 368.00 fit_best_global 368.00 fit_best_segment 368.00
[ATS] seg 5 iter 259 div_round 0 nid 0 fit_cur 368.00 fit_best_global 368.00 fit_best_segment 368.00
[ATS] seg 5 iter 260 div_round 0 nid 0 fit_cur 372.00 fit_best_global 368.00 fit_best_segment 368.00
[ATS] seg 5 iter 261 div_round 0 nid 1 fit_cur 368.00 fit_best_global 368.00 fit_best_segment 368.00
[ATS] seg 5 iter 262 div_round 0 nid 0 fit_cur 368.00 fit_best_global 368.00 fit_best_segment 368.00
[ATS] seg 5 iter 263 div_round 0 nid 0 fit_cur 372.00 fit_best_global 368.00 fit_best_segment 368.00
[ATS] seg 5 iter 264 div_round 0 nid 0 fit_cur 368.00 fit_best_global 368.00 fit_best_segment 368.00
[ATS] seg 5 iter 265 div_round 0 nid 0 fit_cur 368.00 fit_best_global 368.00 fit_best_segment 368.00
[ATS] seg 5 iter 266 div_round 0 nid 0 fit_cur 368.00 fit_best_global 368.00 fit_best_segment 368.00
[ATS] seg 5 iter 267 div_round 0 nid 1 fit_cur 368.00 fit_best_global 368.00 fit_best_segment 368.00
[ATS] seg 5 iter 268 div_round 0 nid 0 fit_cur 372.00 fit_best_global 368.00 fit_best_segment 368.00
[ATS] seg 5 iter 269 div_round 0 nid 0 fit_cur 368.00 fit_best_global 368.00 fit_best_segment 368.00
[ATS] seg 5 iter 270 div_round 0 nid 0 fit_cur 368.00 fit_best_global 368.00 fit_best_segment 368.00
[ATS] seg 5 iter 271 div_round 0 nid 0 fit_cur 368.00 fit_best_global 368.00 fit_best_segment 368.00
[ATS] seg 5 iter 272 div_round 0 nid 1 fit_cur 368.00 fit_best_global 368.00 fit_best_segment 368.00
[ATS] seg 5 iter 273 div_round 0 nid 1 fit_cur 368.00 fit_best_global 368.00 fit_best_segment 368.00
[ATS] seg 5 iter 274 div_round 0 nid 1 fit_cur 368.00 fit_best_global 368.00 fit_best_segment 368.00
[ATS] seg 5 iter 275 div_round 0 nid 0 fit_cur 368.00 fit_best_global 368.00 fit_best_segment 368.00
[ATS] seg 5 iter 276 div_round 0 nid 1 fit_cur 368.00 fit_best_global 368.00 fit_best_segment 368.00
[ATS] seg 5 iter 277 div_round 0 nid 1 fit_cur 368.00 fit_best_global 368.00 fit_best_segment 368.00
[ATS] seg 5 iter 278 div_round 0 nid 1 fit_cur 372.00 fit_best_global 368.00 fit_best_segment 368.00
[ATS] seg 5 iter 279 div_round 0 nid 0 fit_cur 368.00 fit_best_global 368.00 fit_best_segment 368.00
[ATS] seg 5 iter 280 div_round 0 nid 0 fit_cur 368.00 fit_best_global 368.00 fit_best_segment 368.00
[ATS] seg 5 iter 281 div_round 0 nid 0 fit_cur 368.00 fit_best_global 368.00 fit_best_segment 368.00
[ATS] seg 5 iter 282 div_round 0 nid 1 fit_cur 368.00 fit_best_global 368.00 fit_best_segment 368.00
[ATS] seg 5 iter 283 div_round 0 nid 0 fit_cur 368.00 fit_best_global 368.00 fit_best_segment 368.00
[ATS] seg 5 iter 284 div_round 0 nid 1 fit_cur 368.00 fit_best_global 368.00 fit_best_segment 368.00
[ATS] seg 5 iter 285 div_round 0 nid 1 fit_cur 368.00 fit_best_global 368.00 fit_best_segment 368.00
[ATS] seg 5 iter 286 div_round 0 nid 1 fit_cur 368.00 fit_best_global 368.00 fit_best_segment 368.00
[ATS] seg 5 iter 287 div_round 0 nid 0 fit_cur 368.00 fit_best_global 368.00 fit_best_segment 368.00
[ATS] seg 5 iter 288 div_round 0 nid 0 fit_cur 368.00 fit_best_global 368.00 fit_best_segment 368.00
[ATS] seg 5 iter 289 div_round 0 nid 1 fit_cur 368.00 fit_best_global 368.00 fit_best_segment 368.00
[ATS] seg 5 iter 290 div_round 0 nid 0 fit_cur 368.00 fit_best_global 368.00 fit_best_segment 368.00
[ATS] seg 5 iter 291 div_round 0 nid 1 fit_cur 368.00 fit_best_global 368.00 fit_best_segment 368.00
[ATS] seg 5 iter 292 div_round 0 nid 1 fit_cur 368.00 fit_best_global 368.00 fit_best_segment 368.00
[ATS] seg 5 iter 293 div_round 0 nid 1 fit_cur 368.00 fit_best_global 368.00 fit_best_segment 368.00
[ATS] seg 5 iter 294 div_round 0 nid 0 fit_cur 368.00 fit_best_global 368.00 fit_best_segment 368.00
[ATS] seg 5 iter 295 div_round 0 nid 1 fit_cur 368.00 fit_best_global 368.00 fit_best_segment 368.00
[ATS] seg 5 iter 296 div_round 0 nid 1 fit_cur 368.00 fit_best_global 368.00 fit_best_segment 368.00
[ATS] seg 5 iter 297 div_round 0 nid 1 fit_cur 368.00 fit_best_global 368.00 fit_best_segment 368.00
[ATS] seg 5 iter 298 div_round 0 nid 0 fit_cur 368.00 fit_best_global 368.00 fit_best_segment 368.00
[ATS] seg 5 iter 299 div_round 0 nid 1 fit_cur 368.00 fit_best_global 368.00 fit_best_segment 368.00
[ATS] seg 5 iter 300 div_round 0 nid 1 fit_cur 368.00 fit_best_global 368.00 fit_best_segment 368.00
[ATS] seg 5 iter 301 div_round 0 nid 1 fit_cur 368.00 fit_best_global 368.00 fit_best_segment 368.00
[ATS] seg 5 iter 302 div_round 0 nid 1 fit_cur 372.00 fit_best_global 368.00 fit_best_segment 368.00
[ATS] seg 5 iter 303 div_round 0 nid 1 fit_cur 372.00 fit_best_global 368.00 fit_best_segment 368.00
[ATS] seg 5 iter 304 div_round 0 nid 1 fit_cur 372.00 fit_best_global 368.00 fit_best_segment 368.00
[ATS] seg 5 iter 305 div_round 0 nid 1 fit_cur 368.00 fit_best_global 368.00 fit_best_segment 368.00
[ATS] seg 5 iter 306 div_round 0 nid 0 fit_cur 368.00 fit_best_global 368.00 fit_best_segment 368.00
[ATS] seg 5 iter 307 div_round 0 nid 1 fit_cur 368.00 fit_best_global 368.00 fit_best_segment 368.00
[ATS] seg 5 iter 308 div_round 0 nid 1 fit_cur 368.00 fit_best_global 368.00 fit_best_segment 368.00
[ATS] seg 5 iter 309 div_round 0 nid 1 fit_cur 368.00 fit_best_global 368.00 fit_best_segment 368.00
[ATS] seg 5 iter 310 div_round 0 nid 0 fit_cur 368.00 fit_best_global 368.00 fit_best_segment 368.00
[ATS] seg 5 iter 311 div_round 0 nid 0 fit_cur 368.00 fit_best_global 368.00 fit_best_segment 368.00
[ATS] seg 5 iter 312 div_round 0 nid 0 fit_cur 368.00 fit_best_global 368.00 fit_best_segment 368.00
[ATS] seg 5 iter 313 div_round 0 nid 0 fit_cur 368.00 fit_best_global 368.00 fit_best_segment 368.00
[ATS] seg 5 iter 314 div_round 0 nid 0 fit_cur 368.00 fit_best_global 368.00 fit_best_segment 368.00
[ATS] seg 5 iter 315 div_round 0 nid 0 fit_cur 368.00 fit_best_global 368.00 fit_best_segment 368.00
[ATS] seg 5 iter 316 div_round 0 nid 0 fit_cur 368.00 fit_best_global 368.00 fit_best_segment 368.00
[ATS] seg 5 iter 317 div_round 0 nid 1 fit_cur 368.00 fit_best_global 368.00 fit_best_segment 368.00
[ATS] seg 5 iter 318 div_round 0 nid 0 fit_cur 368.00 fit_best_global 368.00 fit_best_segment 368.00
[ATS] seg 5 iter 319 div_round 0 nid 0 fit_cur 372.00 fit_best_global 368.00 fit_best_segment 368.00
[ATS] seg 5 iter 320 div_round 0 nid 1 fit_cur 368.00 fit_best_global 368.00 fit_best_segment 368.00
[ATS] seg 5 iter 321 div_round 0 nid 1 fit_cur 368.00 fit_best_global 368.00 fit_best_segment 368.00
[ATS] seg 5 iter 322 div_round 0 nid 1 fit_cur 368.00 fit_best_global 368.00 fit_best_segment 368.00
[ATS] seg 5 iter 323 div_round 0 nid 0 fit_cur 372.00 fit_best_global 368.00 fit_best_segment 368.00
[ATS] seg 5 iter 324 div_round 0 nid 1 fit_cur 368.00 fit_best_global 368.00 fit_best_segment 368.00
[ATS] seg 5 iter 325 div_round 0 nid 1 fit_cur 372.00 fit_best_global 368.00 fit_best_segment 368.00
[ATS] seg 5 iter 326 div_round 0 nid 0 fit_cur 368.00 fit_best_global 368.00 fit_best_segment 368.00
[ATS] seg 5 iter 327 div_round 0 nid 0 fit_cur 368.00 fit_best_global 368.00 fit_best_segment 368.00
[ATS] seg 5 iter 328 div_round 0 nid 1 fit_cur 368.00 fit_best_global 368.00 fit_best_segment 368.00
[ATS] seg 5 iter 329 div_round 0 nid 1 fit_cur 368.00 fit_best_global 368.00 fit_best_segment 368.00
[ATS] seg 5 iter 330 div_round 0 nid 0 fit_cur 368.00 fit_best_global 368.00 fit_best_segment 368.00
[ATS] seg 5 iter 331 div_round 0 nid 1 fit_cur 368.00 fit_best_global 368.00 fit_best_segment 368.00
[ATS] seg 5 iter 332 div_round 0 nid 0 fit_cur 372.00 fit_best_global 368.00 fit_best_segment 368.00
[ATS] seg 5 iter 333 div_round 0 nid 1 fit_cur 368.00 fit_best_global 368.00 fit_best_segment 368.00
[ATS] seg 5 iter 334 div_round 0 nid 1 fit_cur 368.00 fit_best_global 368.00 fit_best_segment 368.00
[ATS] seg 5 iter 335 div_round 0 nid 1 fit_cur 368.00 fit_best_global 368.00 fit_best_segment 368.00
[ATS] seg 5 iter 336 div_round 0 nid 0 fit_cur 368.00 fit_best_global 368.00 fit_best_segment 368.00
[ATS] seg 5 iter 337 div_round 0 nid 1 fit_cur 368.00 fit_best_global 368.00 fit_best_segment 368.00
[ATS] seg 5 iter 338 div_round 0 nid 1 fit_cur 368.00 fit_best_global 368.00 fit_best_segment 368.00
[ATS] seg 5 iter 339 div_round 0 nid 1 fit_cur 368.00 fit_best_global 368.00 fit_best_segment 368.00
[ATS] seg 5 iter 340 div_round 0 nid 0 fit_cur 368.00 fit_best_global 368.00 fit_best_segment 368.00
[ATS] seg 5 iter 341 div_round 0 nid 1 fit_cur 368.00 fit_best_global 368.00 fit_best_segment 368.00
[ATS] seg 5 iter 342 div_round 0 nid 0 fit_cur 368.00 fit_best_global 368.00 fit_best_segment 368.00
[ATS] seg 5 iter 343 div_round 0 nid 0 fit_cur 368.00 fit_best_global 368.00 fit_best_segment 368.00
[ATS] seg 5 iter 344 div_round 0 nid 0 fit_cur 368.00 fit_best_global 368.00 fit_best_segment 368.00
[ATS] seg 5 iter 345 div_round 0 nid 1 fit_cur 368.00 fit_best_global 368.00 fit_best_segment 368.00
[ATS] seg 5 iter 346 div_round 0 nid 1 fit_cur 368.00 fit_best_global 368.00 fit_best_segment 368.00
[ATS] seg 5 iter 347 div_round 0 nid 0 fit_cur 368.00 fit_best_global 368.00 fit_best_segment 368.00
[ATS] seg 5 iter 348 div_round 0 nid 0 fit_cur 368.00 fit_best_global 368.00 fit_best_segment 368.00
[ATS] seg 5 iter 349 div_round 0 nid 0 fit_cur 368.00 fit_best_global 368.00 fit_best_segment 368.00
[ATS] seg 5 iter 350 div_round 0 nid 1 fit_cur 368.00 fit_best_global 368.00 fit_best_segment 368.00
[ATS] seg 5 iter 351 div_round 0 nid 1 fit_cur 372.00 fit_best_global 368.00 fit_best_segment 368.00
[ATS] seg 5 iter 352 div_round 0 nid 1 fit_cur 372.00 fit_best_global 368.00 fit_best_segment 368.00
[ATS] seg 5 iter 353 div_round 0 nid 0 fit_cur 368.00 fit_best_global 368.00 fit_best_segment 368.00
[ATS] seg 5 iter 354 div_round 0 nid 1 fit_cur 372.00 fit_best_global 368.00 fit_best_segment 368.00
[ATS] seg 5 iter 355 div_round 0 nid 0 fit_cur 372.00 fit_best_global 368.00 fit_best_segment 368.00
[ATS] seg 5 iter 356 div_round 0 nid 0 fit_cur 368.00 fit_best_global 368.00 fit_best_segment 368.00
[ATS] seg 5 iter 357 div_round 0 nid 0 fit_cur 368.00 fit_best_global 368.00 fit_best_segment 368.00
[ATS] seg 5 iter 358 div_round 0 nid 1 fit_cur 368.00 fit_best_global 368.00 fit_best_segment 368.00
[ATS] seg 5 iter 359 div_round 0 nid 0 fit_cur 372.00 fit_best_global 368.00 fit_best_segment 368.00
[ATS] seg 5 iter 360 div_round 0 nid 1 fit_cur 368.00 fit_best_global 368.00 fit_best_segment 368.00
[ATS] seg 5 iter 361 div_round 0 nid 1 fit_cur 368.00 fit_best_global 368.00 fit_best_segment 368.00
[ATS] seg 5 iter 362 div_round 0 nid 1 fit_cur 368.00 fit_best_global 368.00 fit_best_segment 368.00
[ATS] seg 5 iter 363 div_round 0 nid 1 fit_cur 368.00 fit_best_global 368.00 fit_best_segment 368.00
[ATS] seg 5 iter 364 div_round 0 nid 1 fit_cur 368.00 fit_best_global 368.00 fit_best_segment 368.00
[ATS] seg 5 iter 365 div_round 0 nid 1 fit_cur 368.00 fit_best_global 368.00 fit_best_segment 368.00
[ATS] seg 5 iter 366 div_round 0 nid 0 fit_cur 368.00 fit_best_global 368.00 fit_best_segment 368.00
[ATS] seg 5 iter 367 div_round 0 nid 1 fit_cur 368.00 fit_best_global 368.00 fit_best_segment 368.00
[ATS] seg 5 iter 368 div_round 0 nid 1 fit_cur 368.00 fit_best_global 368.00 fit_best_segment 368.00
[ATS] seg 5 iter 369 div_round 0 nid 0 fit_cur 368.00 fit_best_global 368.00 fit_best_segment 368.00
[ATS] seg 5 iter 370 div_round 0 nid 0 fit_cur 368.00 fit_best_global 368.00 fit_best_segment 368.00
[ATS] seg 5 iter 371 div_round 0 nid 0 fit_cur 368.00 fit_best_global 368.00 fit_best_segment 368.00
[ATS] seg 5 iter 372 div_round 0 nid 0 fit_cur 372.00 fit_best_global 368.00 fit_best_segment 368.00
[ATS] seg 5 iter 373 div_round 0 nid 0 fit_cur 372.00 fit_best_global 368.00 fit_best_segment 368.00
[ATS] seg 5 iter 374 div_round 0 nid 1 fit_cur 372.00 fit_best_global 368.00 fit_best_segment 368.00
[ATS] seg 5 iter 375 div_round 0 nid 1 fit_cur 368.00 fit_best_global 368.00 fit_best_segment 368.00
[ATS] seg 5 iter 376 div_round 0 nid 0 fit_cur 368.00 fit_best_global 368.00 fit_best_segment 368.00
[ATS] seg 5 iter 377 div_round 0 nid 1 fit_cur 368.00 fit_best_global 368.00 fit_best_segment 368.00
[ATS] seg 5 iter 378 div_round 0 nid 1 fit_cur 368.00 fit_best_global 368.00 fit_best_segment 368.00
[ATS] seg 5 iter 379 div_round 0 nid 0 fit_cur 368.00 fit_best_global 368.00 fit_best_segment 368.00
[ATS] seg 5 iter 380 div_round 0 nid 0 fit_cur 368.00 fit_best_global 368.00 fit_best_segment 368.00
[ATS] seg 5 iter 381 div_round 0 nid 0 fit_cur 372.00 fit_best_global 368.00 fit_best_segment 368.00
[ATS] seg 5 iter 382 div_round 0 nid 0 fit_cur 368.00 fit_best_global 368.00 fit_best_segment 368.00
[ATS] seg 5 iter 383 div_round 0 nid 0 fit_cur 368.00 fit_best_global 368.00 fit_best_segment 368.00
[ATS] seg 5 iter 384 div_round 0 nid 0 fit_cur 368.00 fit_best_global 368.00 fit_best_segment 368.00
[ATS] seg 5 iter 385 div_round 0 nid 1 fit_cur 372.00 fit_best_global 368.00 fit_best_segment 368.00
[ATS] seg 5 iter 386 div_round 0 nid 1 fit_cur 368.00 fit_best_global 368.00 fit_best_segment 368.00
[ATS] seg 5 iter 387 div_round 0 nid 1 fit_cur 368.00 fit_best_global 368.00 fit_best_segment 368.00
[ATS] seg 5 iter 388 div_round 0 nid 0 fit_cur 368.00 fit_best_global 368.00 fit_best_segment 368.00
[ATS] seg 5 iter 389 div_round 0 nid 1 fit_cur 368.00 fit_best_global 368.00 fit_best_segment 368.00
[ATS] seg 5 iter 390 div_round 0 nid 0 fit_cur 368.00 fit_best_global 368.00 fit_best_segment 368.00
[ATS] seg 5 iter 391 div_round 0 nid 1 fit_cur 368.00 fit_best_global 368.00 fit_best_segment 368.00
[ATS] seg 5 iter 392 div_round 0 nid 0 fit_cur 368.00 fit_best_global 368.00 fit_best_segment 368.00
[ATS] seg 5 iter 393 div_round 0 nid 1 fit_cur 368.00 fit_best_global 368.00 fit_best_segment 368.00
[ATS] seg 5 iter 394 div_round 0 nid 1 fit_cur 368.00 fit_best_global 368.00 fit_best_segment 368.00
[ATS] seg 5 iter 395 div_round 0 nid 1 fit_cur 368.00 fit_best_global 368.00 fit_best_segment 368.00
[ATS] seg 5 iter 396 div_round 0 nid 0 fit_cur 368.00 fit_best_global 368.00 fit_best_segment 368.00
[ATS] seg 5 iter 397 div_round 0 nid 1 fit_cur 368.00 fit_best_global 368.00 fit_best_segment 368.00
[ATS] seg 5 iter 398 div_round 0 nid 1 fit_cur 368.00 fit_best_global 368.00 fit_best_segment 368.00
[ATS] seg 5 iter 399 div_round 0 nid 1 fit_cur 368.00 fit_best_global 368.00 fit_best_segment 368.00
[ATS] seg 5 iter 400 div_round 0 nid 0 fit_cur 372.00 fit_best_global 368.00 fit_best_segment 368.00
[ATS] seg 5 iter 401 div_round 0 nid 0 fit_cur 368.00 fit_best_global 368.00 fit_best_segment 368.00
[ATS] seg 5 iter 402 div_round 0 nid 0 fit_cur 368.00 fit_best_global 368.00 fit_best_segment 368.00
[ATS] seg 5 iter 403 div_round 0 nid 0 fit_cur 372.00 fit_best_global 368.00 fit_best_segment 368.00
[ATS] seg 5 iter 404 div_round 0 nid 1 fit_cur 368.00 fit_best_global 368.00 fit_best_segment 368.00
[ATS] seg 5 iter 405 div_round 0 nid 0 fit_cur 372.00 fit_best_global 368.00 fit_best_segment 368.00
[ATS] seg 5 iter 406 div_round 0 nid 0 fit_cur 368.00 fit_best_global 368.00 fit_best_segment 368.00
[ATS] seg 5 iter 407 div_round 0 nid 0 fit_cur 368.00 fit_best_global 368.00 fit_best_segment 368.00
[ATS] seg 5 iter 408 div_round 0 nid 0 fit_cur 368.00 fit_best_global 368.00 fit_best_segment 368.00
[ATS] seg 5 iter 409 div_round 0 nid 1 fit_cur 368.00 fit_best_global 368.00 fit_best_segment 368.00
[ATS] seg 5 iter 410 div_round 0 nid 1 fit_cur 368.00 fit_best_global 368.00 fit_best_segment 368.00
[ATS] seg 5 iter 411 div_round 0 nid 1 fit_cur 368.00 fit_best_global 368.00 fit_best_segment 368.00
[ATS] seg 5 iter 412 div_round 0 nid 0 fit_cur 368.00 fit_best_global 368.00 fit_best_segment 368.00
[ATS] seg 5 iter 413 div_round 0 nid 0 fit_cur 368.00 fit_best_global 368.00 fit_best_segment 368.00
[ATS] seg 5 iter 414 div_round 0 nid 0 fit_cur 368.00 fit_best_global 368.00 fit_best_segment 368.00
[ATS] seg 5 iter 415 div_round 0 nid 1 fit_cur 368.00 fit_best_global 368.00 fit_best_segment 368.00
[ATS] seg 5 iter 416 div_round 0 nid 0 fit_cur 368.00 fit_best_global 368.00 fit_best_segment 368.00
[ATS] seg 5 iter 417 div_round 0 nid 0 fit_cur 368.00 fit_best_global 368.00 fit_best_segment 368.00
[ATS] seg 5 iter 418 div_round 0 nid 0 fit_cur 368.00 fit_best_global 368.00 fit_best_segment 368.00
[ATS] seg 5 iter 419 div_round 0 nid 1 fit_cur 368.00 fit_best_global 368.00 fit_best_segment 368.00
[ATS] seg 5 iter 420 div_round 0 nid 0 fit_cur 368.00 fit_best_global 368.00 fit_best_segment 368.00
[ATS] seg 5 iter 421 div_round 0 nid 0 fit_cur 368.00 fit_best_global 368.00 fit_best_segment 368.00
[ATS] seg 5 iter 422 div_round 0 nid 1 fit_cur 368.00 fit_best_global 368.00 fit_best_segment 368.00
[ATS] seg 5 iter 423 div_round 0 nid 0 fit_cur 368.00 fit_best_global 368.00 fit_best_segment 368.00
[ATS] seg 5 iter 424 div_round 0 nid 0 fit_cur 372.00 fit_best_global 368.00 fit_best_segment 368.00
[ATS] seg 5 iter 425 div_round 0 nid 0 fit_cur 372.00 fit_best_global 368.00 fit_best_segment 368.00
[ATS] seg 5 iter 426 div_round 0 nid 0 fit_cur 368.00 fit_best_global 368.00 fit_best_segment 368.00
[ATS] seg 5 iter 427 div_round 0 nid 1 fit_cur 368.00 fit_best_global 368.00 fit_best_segment 368.00
[ATS] seg 5 iter 428 div_round 0 nid 1 fit_cur 368.00 fit_best_global 368.00 fit_best_segment 368.00
[ATS] seg 5 iter 429 div_round 0 nid 1 fit_cur 368.00 fit_best_global 368.00 fit_best_segment 368.00
[ATS] seg 5 iter 430 div_round 0 nid 0 fit_cur 368.00 fit_best_global 368.00 fit_best_segment 368.00
[ATS] seg 5 iter 431 div_round 0 nid 0 fit_cur 368.00 fit_best_global 368.00 fit_best_segment 368.00
[ATS] seg 5 iter 432 div_round 0 nid 1 fit_cur 368.00 fit_best_global 368.00 fit_best_segment 368.00
[ATS] seg 5 iter 433 div_round 0 nid 0 fit_cur 368.00 fit_best_global 368.00 fit_best_segment 368.00
[ATS] seg 5 iter 434 div_round 0 nid 1 fit_cur 368.00 fit_best_global 368.00 fit_best_segment 368.00
[ATS] seg 5 iter 435 div_round 0 nid 1 fit_cur 368.00 fit_best_global 368.00 fit_best_segment 368.00
[ATS] seg 5 iter 436 div_round 0 nid 0 fit_cur 368.00 fit_best_global 368.00 fit_best_segment 368.00
[ATS] seg 5 iter 437 div_round 0 nid 1 fit_cur 368.00 fit_best_global 368.00 fit_best_segment 368.00
[ATS] seg 5 iter 438 div_round 0 nid 0 fit_cur 368.00 fit_best_global 368.00 fit_best_segment 368.00
[ATS] seg 5 iter 439 div_round 0 nid 0 fit_cur 372.00 fit_best_global 368.00 fit_best_segment 368.00
[ATS] seg 5 iter 440 div_round 0 nid 1 fit_cur 372.00 fit_best_global 368.00 fit_best_segment 368.00
[ATS] seg 5 iter 441 div_round 0 nid 0 fit_cur 368.00 fit_best_global 368.00 fit_best_segment 368.00
[ATS] seg 5 iter 442 div_round 0 nid 0 fit_cur 372.00 fit_best_global 368.00 fit_best_segment 368.00
[ATS] seg 5 iter 443 div_round 0 nid 0 fit_cur 368.00 fit_best_global 368.00 fit_best_segment 368.00
[ATS] seg 5 iter 444 div_round 0 nid 0 fit_cur 368.00 fit_best_global 368.00 fit_best_segment 368.00
[ATS] seg 5 iter 445 div_round 0 nid 1 fit_cur 372.00 fit_best_global 368.00 fit_best_segment 368.00
[ATS] seg 5 iter 446 div_round 0 nid 1 fit_cur 372.00 fit_best_global 368.00 fit_best_segment 368.00
[ATS] seg 5 iter 447 div_round 0 nid 0 fit_cur 372.00 fit_best_global 368.00 fit_best_segment 368.00
[ATS] seg 5 iter 448 div_round 0 nid 0 fit_cur 372.00 fit_best_global 368.00 fit_best_segment 368.00
[ATS] seg 5 iter 449 div_round 0 nid 1 fit_cur 372.00 fit_best_global 368.00 fit_best_segment 368.00
[ATS] seg 5 iter 450 div_round 0 nid 1 fit_cur 372.00 fit_best_global 368.00 fit_best_segment 368.00
[ATS] seg 6 iter 0 div_round 0 nid 1 fit_cur 368.00 fit_best_global 368.00 fit_best_segment 368.00
[ATS] seg 6 iter 1 div_round 0 nid 1 fit_cur 368.00 fit_best_global 368.00 fit_best_segment 368.00
[ATS] seg 6 iter 2 div_round 0 nid 0 fit_cur 368.00 fit_best_global 368.00 fit_best_segment 368.00
[ATS] seg 6 iter 3 div_round 0 nid 0 fit_cur 368.00 fit_best_global 368.00 fit_best_segment 368.00
[ATS] seg 6 iter 4 div_round 0 nid 1 fit_cur 368.00 fit_best_global 368.00 fit_best_segment 368.00
[ATS] seg 6 iter 5 div_round 0 nid 2 fit_cur 368.00 fit_best_global 368.00 fit_best_segment 368.00
[ATS] seg 6 iter 6 div_round 0 nid 1 fit_cur 368.00 fit_best_global 368.00 fit_best_segment 368.00
[ATS] seg 6 iter 7 div_round 0 nid 0 fit_cur 368.00 fit_best_global 368.00 fit_best_segment 368.00
[ATS] seg 6 iter 8 div_round 0 nid 0 fit_cur 368.00 fit_best_global 368.00 fit_best_segment 368.00
[ATS] seg 6 iter 9 div_round 0 nid 1 fit_cur 368.00 fit_best_global 368.00 fit_best_segment 368.00
[ATS] seg 6 iter 10 div_round 0 nid 2 fit_cur 368.00 fit_best_global 368.00 fit_best_segment 368.00
[ATS] seg 6 iter 11 div_round 0 nid 2 fit_cur 368.00 fit_best_global 368.00 fit_best_segment 368.00
[ATS] seg 6 iter 12 div_round 0 nid 1 fit_cur 368.00 fit_best_global 368.00 fit_best_segment 368.00
[ATS] seg 6 iter 13 div_round 0 nid 1 fit_cur 368.00 fit_best_global 368.00 fit_best_segment 368.00
[ATS] seg 6 iter 14 div_round 0 nid 1 fit_cur 368.00 fit_best_global 368.00 fit_best_segment 368.00
[ATS] seg 6 iter 15 div_round 0 nid 2 fit_cur 368.00 fit_best_global 368.00 fit_best_segment 368.00
[ATS] seg 6 iter 16 div_round 0 nid 0 fit_cur 368.00 fit_best_global 368.00 fit_best_segment 368.00
[ATS] seg 6 iter 17 div_round 0 nid 2 fit_cur 368.00 fit_best_global 368.00 fit_best_segment 368.00
[ATS] seg 6 iter 18 div_round 0 nid 0 fit_cur 368.00 fit_best_global 368.00 fit_best_segment 368.00
[ATS] seg 6 iter 19 div_round 0 nid 1 fit_cur 368.00 fit_best_global 368.00 fit_best_segment 368.00
[ATS] seg 6 iter 20 div_round 0 nid 1 fit_cur 372.00 fit_best_global 368.00 fit_best_segment 368.00
[ATS] seg 6 iter 21 div_round 0 nid 0 fit_cur 368.00 fit_best_global 368.00 fit_best_segment 368.00
[ATS] seg 6 iter 22 div_round 0 nid 0 fit_cur 368.00 fit_best_global 368.00 fit_best_segment 368.00
[ATS] seg 6 iter 23 div_round 0 nid 2 fit_cur 368.00 fit_best_global 368.00 fit_best_segment 368.00
[ATS] seg 6 iter 24 div_round 0 nid 1 fit_cur 368.00 fit_best_global 368.00 fit_best_segment 368.00
[ATS] seg 6 iter 25 div_round 0 nid 0 fit_cur 368.00 fit_best_global 368.00 fit_best_segment 368.00
[ATS] seg 6 iter 26 div_round 0 nid 1 fit_cur 368.00 fit_best_global 368.00 fit_best_segment 368.00
[ATS] seg 6 iter 27 div_round 0 nid 2 fit_cur 372.00 fit_best_global 368.00 fit_best_segment 368.00
[ATS] seg 6 iter 28 div_round 0 nid 0 fit_cur 368.00 fit_best_global 368.00 fit_best_segment 368.00
[ATS] seg 6 iter 29 div_round 0 nid 1 fit_cur 368.00 fit_best_global 368.00 fit_best_segment 368.00
[ATS] seg 6 iter 30 div_round 0 nid 1 fit_cur 368.00 fit_best_global 368.00 fit_best_segment 368.00
[ATS] seg 6 iter 31 div_round 0 nid 0 fit_cur 368.00 fit_best_global 368.00 fit_best_segment 368.00
[ATS] seg 6 iter 32 div_round 0 nid 2 fit_cur 368.00 fit_best_global 368.00 fit_best_segment 368.00
[ATS] seg 6 iter 33 div_round 0 nid 0 fit_cur 368.00 fit_best_global 368.00 fit_best_segment 368.00
[ATS] seg 6 iter 34 div_round 0 nid 0 fit_cur 368.00 fit_best_global 368.00 fit_best_segment 368.00
[ATS] seg 6 iter 35 div_round 0 nid 0 fit_cur 368.00 fit_best_global 368.00 fit_best_segment 368.00
[ATS] seg 6 iter 36 div_round 0 nid 0 fit_cur 368.00 fit_best_global 368.00 fit_best_segment 368.00
[ATS] seg 6 iter 37 div_round 0 nid 0 fit_cur 368.00 fit_best_global 368.00 fit_best_segment 368.00
[ATS] seg 6 iter 38 div_round 0 nid 2 fit_cur 368.00 fit_best_global 368.00 fit_best_segment 368.00
[ATS] seg 6 iter 39 div_round 0 nid 0 fit_cur 368.00 fit_best_global 368.00 fit_best_segment 368.00
[ATS] seg 6 iter 40 div_round 0 nid 0 fit_cur 368.00 fit_best_global 368.00 fit_best_segment 368.00
[ATS] seg 6 iter 41 div_round 0 nid 1 fit_cur 368.00 fit_best_global 368.00 fit_best_segment 368.00
[ATS] seg 6 iter 42 div_round 0 nid 2 fit_cur 368.00 fit_best_global 368.00 fit_best_segment 368.00
[ATS] seg 6 iter 43 div_round 0 nid 1 fit_cur 368.00 fit_best_global 368.00 fit_best_segment 368.00
[ATS] seg 6 iter 44 div_round 0 nid 0 fit_cur 368.00 fit_best_global 368.00 fit_best_segment 368.00
[ATS] seg 6 iter 45 div_round 0 nid 2 fit_cur 368.00 fit_best_global 368.00 fit_best_segment 368.00
[ATS] seg 6 iter 46 div_round 0 nid 1 fit_cur 372.00 fit_best_global 368.00 fit_best_segment 368.00
[ATS] seg 6 iter 47 div_round 0 nid 2 fit_cur 376.00 fit_best_global 368.00 fit_best_segment 368.00
[ATS] seg 6 iter 48 div_round 0 nid 1 fit_cur 372.00 fit_best_global 368.00 fit_best_segment 368.00
[ATS] seg 6 iter 49 div_round 0 nid 1 fit_cur 372.00 fit_best_global 368.00 fit_best_segment 368.00
[ATS] seg 6 iter 50 div_round 0 nid 0 fit_cur 368.00 fit_best_global 368.00 fit_best_segment 368.00
[ATS] seg 6 iter 51 div_round 0 nid 0 fit_cur 368.00 fit_best_global 368.00 fit_best_segment 368.00
[ATS] seg 6 iter 52 div_round 0 nid 1 fit_cur 372.00 fit_best_global 368.00 fit_best_segment 368.00
[ATS] seg 6 iter 53 div_round 0 nid 0 fit_cur 368.00 fit_best_global 368.00 fit_best_segment 368.00
[ATS] seg 6 iter 54 div_round 0 nid 1 fit_cur 372.00 fit_best_global 368.00 fit_best_segment 368.00
[ATS] seg 6 iter 55 div_round 0 nid 0 fit_cur 368.00 fit_best_global 368.00 fit_best_segment 368.00
[ATS] seg 6 iter 56 div_round 0 nid 0 fit_cur 368.00 fit_best_global 368.00 fit_best_segment 368.00
[ATS] seg 6 iter 57 div_round 0 nid 1 fit_cur 376.00 fit_best_global 368.00 fit_best_segment 368.00
[ATS] seg 6 iter 58 div_round 0 nid 1 fit_cur 376.00 fit_best_global 368.00 fit_best_segment 368.00
[ATS] seg 6 iter 59 div_round 0 nid 0 fit_cur 368.00 fit_best_global 368.00 fit_best_segment 368.00
[ATS] seg 6 iter 60 div_round 0 nid 0 fit_cur 368.00 fit_best_global 368.00 fit_best_segment 368.00
[ATS] seg 6 iter 61 div_round 0 nid 0 fit_cur 368.00 fit_best_global 368.00 fit_best_segment 368.00
[ATS] seg 6 iter 62 div_round 0 nid 0 fit_cur 368.00 fit_best_global 368.00 fit_best_segment 368.00
[ATS] seg 6 iter 63 div_round 0 nid 1 fit_cur 368.00 fit_best_global 368.00 fit_best_segment 368.00
[ATS] seg 6 iter 64 div_round 0 nid 1 fit_cur 368.00 fit_best_global 368.00 fit_best_segment 368.00
[ATS] seg 6 iter 65 div_round 0 nid 1 fit_cur 368.00 fit_best_global 368.00 fit_best_segment 368.00
[ATS] seg 6 iter 66 div_round 0 nid 2 fit_cur 376.00 fit_best_global 368.00 fit_best_segment 368.00
[ATS] seg 6 iter 67 div_round 0 nid 1 fit_cur 376.00 fit_best_global 368.00 fit_best_segment 368.00
[ATS] seg 6 iter 68 div_round 0 nid 1 fit_cur 368.00 fit_best_global 368.00 fit_best_segment 368.00
[ATS] seg 6 iter 69 div_round 0 nid 2 fit_cur 376.00 fit_best_global 368.00 fit_best_segment 368.00
[ATS] seg 6 iter 70 div_round 0 nid 0 fit_cur 368.00 fit_best_global 368.00 fit_best_segment 368.00
[ATS] seg 6 iter 71 div_round 0 nid 2 fit_cur 368.00 fit_best_global 368.00 fit_best_segment 368.00
[ATS] seg 6 iter 72 div_round 0 nid 2 fit_cur 376.00 fit_best_global 368.00 fit_best_segment 368.00
[ATS] seg 6 iter 73 div_round 0 nid 0 fit_cur 368.00 fit_best_global 368.00 fit_best_segment 368.00
[ATS] seg 6 iter 74 div_round 0 nid 2 fit_cur 376.00 fit_best_global 368.00 fit_best_segment 368.00
[ATS] seg 6 iter 75 div_round 0 nid 0 fit_cur 368.00 fit_best_global 368.00 fit_best_segment 368.00
[ATS] seg 6 iter 76 div_round 0 nid 2 fit_cur 376.00 fit_best_global 368.00 fit_best_segment 368.00
[ATS] seg 6 iter 77 div_round 0 nid 1 fit_cur 368.00 fit_best_global 368.00 fit_best_segment 368.00
[ATS] seg 6 iter 78 div_round 0 nid 1 fit_cur 376.00 fit_best_global 368.00 fit_best_segment 368.00
[ATS] seg 6 iter 79 div_round 0 nid 2 fit_cur 380.00 fit_best_global 368.00 fit_best_segment 368.00
[ATS] seg 6 iter 80 div_round 0 nid 0 fit_cur 368.00 fit_best_global 368.00 fit_best_segment 368.00
[ATS] seg 6 iter 81 div_round 0 nid 2 fit_cur 376.00 fit_best_global 368.00 fit_best_segment 368.00
[ATS] seg 6 iter 82 div_round 0 nid 0 fit_cur 368.00 fit_best_global 368.00 fit_best_segment 368.00
[ATS] seg 6 iter 83 div_round 0 nid 1 fit_cur 368.00 fit_best_global 368.00 fit_best_segment 368.00
[ATS] seg 6 iter 84 div_round 0 nid 1 fit_cur 368.00 fit_best_global 368.00 fit_best_segment 368.00
[ATS] seg 6 iter 85 div_round 0 nid 2 fit_cur 380.00 fit_best_global 368.00 fit_best_segment 368.00
[ATS] seg 6 iter 86 div_round 0 nid 0 fit_cur 368.00 fit_best_global 368.00 fit_best_segment 368.00
[ATS] seg 6 iter 87 div_round 0 nid 2 fit_cur 380.00 fit_best_global 368.00 fit_best_segment 368.00
[ATS] seg 6 iter 88 div_round 0 nid 0 fit_cur 368.00 fit_best_global 368.00 fit_best_segment 368.00
[ATS] seg 6 iter 89 div_round 0 nid 0 fit_cur 368.00 fit_best_global 368.00 fit_best_segment 368.00
[ATS] seg 6 iter 90 div_round 0 nid 0 fit_cur 368.00 fit_best_global 368.00 fit_best_segment 368.00
[ATS] seg 6 iter 91 div_round 0 nid 2 fit_cur 380.00 fit_best_global 368.00 fit_best_segment 368.00
[ATS] seg 6 iter 92 div_round 0 nid 2 fit_cur 380.00 fit_best_global 368.00 fit_best_segment 368.00
[ATS] seg 6 iter 93 div_round 0 nid 1 fit_cur 368.00 fit_best_global 368.00 fit_best_segment 368.00
[ATS] seg 6 iter 94 div_round 0 nid 0 fit_cur 368.00 fit_best_global 368.00 fit_best_segment 368.00
[ATS] seg 6 iter 95 div_round 0 nid 1 fit_cur 368.00 fit_best_global 368.00 fit_best_segment 368.00
[ATS] seg 6 iter 96 div_round 0 nid 2 fit_cur 368.00 fit_best_global 368.00 fit_best_segment 368.00
[ATS] seg 6 iter 97 div_round 0 nid 2 fit_cur 380.00 fit_best_global 368.00 fit_best_segment 368.00
[ATS] seg 6 iter 98 div_round 0 nid 2 fit_cur 384.00 fit_best_global 368.00 fit_best_segment 368.00
[ATS] seg 6 iter 99 div_round 0 nid 2 fit_cur 384.00 fit_best_global 368.00 fit_best_segment 368.00
[ATS] seg 6 iter 100 div_round 0 nid 2 fit_cur 388.00 fit_best_global 368.00 fit_best_segment 368.00
[ATS] seg 6 iter 101 div_round 0 nid 1 fit_cur 368.00 fit_best_global 368.00 fit_best_segment 368.00
[ATS] seg 6 iter 102 div_round 0 nid 0 fit_cur 368.00 fit_best_global 368.00 fit_best_segment 368.00
[ATS] seg 6 iter 103 div_round 0 nid 0 fit_cur 368.00 fit_best_global 368.00 fit_best_segment 368.00
[ATS] seg 6 iter 104 div_round 0 nid 0 fit_cur 368.00 fit_best_global 368.00 fit_best_segment 368.00
[ATS] seg 6 iter 105 div_round 0 nid 1 fit_cur 372.00 fit_best_global 368.00 fit_best_segment 368.00
[ATS] seg 6 iter 106 div_round 0 nid 2 fit_cur 384.00 fit_best_global 368.00 fit_best_segment 368.00
[ATS] seg 6 iter 107 div_round 0 nid 1 fit_cur 368.00 fit_best_global 368.00 fit_best_segment 368.00
[ATS] seg 6 iter 108 div_round 0 nid 0 fit_cur 368.00 fit_best_global 368.00 fit_best_segment 368.00
[ATS] seg 6 iter 109 div_round 0 nid 1 fit_cur 368.00 fit_best_global 368.00 fit_best_segment 368.00
[ATS] seg 6 iter 110 div_round 0 nid 1 fit_cur 368.00 fit_best_global 368.00 fit_best_segment 368.00
[ATS] seg 6 iter 111 div_round 0 nid 1 fit_cur 368.00 fit_best_global 368.00 fit_best_segment 368.00
[ATS] seg 6 iter 112 div_round 0 nid 0 fit_cur 368.00 fit_best_global 368.00 fit_best_segment 368.00
[ATS] seg 6 iter 113 div_round 0 nid 1 fit_cur 372.00 fit_best_global 368.00 fit_best_segment 368.00
[ATS] seg 6 iter 114 div_round 0 nid 1 fit_cur 372.00 fit_best_global 368.00 fit_best_segment 368.00
[ATS] seg 6 iter 115 div_round 0 nid 0 fit_cur 368.00 fit_best_global 368.00 fit_best_segment 368.00
[ATS] seg 6 iter 116 div_round 0 nid 1 fit_cur 372.00 fit_best_global 368.00 fit_best_segment 368.00
[ATS] seg 6 iter 117 div_round 0 nid 0 fit_cur 368.00 fit_best_global 368.00 fit_best_segment 368.00
[ATS] seg 6 iter 118 div_round 0 nid 1 fit_cur 372.00 fit_best_global 368.00 fit_best_segment 368.00
[ATS] seg 6 iter 119 div_round 0 nid 1 fit_cur 372.00 fit_best_global 368.00 fit_best_segment 368.00
[ATS] seg 6 iter 120 div_round 0 nid 0 fit_cur 368.00 fit_best_global 368.00 fit_best_segment 368.00
[ATS] seg 6 iter 121 div_round 0 nid 1 fit_cur 376.00 fit_best_global 368.00 fit_best_segment 368.00
[ATS] seg 6 iter 122 div_round 0 nid 0 fit_cur 368.00 fit_best_global 368.00 fit_best_segment 368.00
[ATS] seg 6 iter 123 div_round 0 nid 0 fit_cur 368.00 fit_best_global 368.00 fit_best_segment 368.00
[ATS] seg 6 iter 124 div_round 0 nid 0 fit_cur 368.00 fit_best_global 368.00 fit_best_segment 368.00
[ATS] seg 6 iter 125 div_round 0 nid 1 fit_cur 372.00 fit_best_global 368.00 fit_best_segment 368.00
[ATS] seg 6 iter 126 div_round 0 nid 1 fit_cur 368.00 fit_best_global 368.00 fit_best_segment 368.00
[ATS] seg 6 iter 127 div_round 0 nid 0 fit_cur 368.00 fit_best_global 368.00 fit_best_segment 368.00
[ATS] seg 6 iter 128 div_round 0 nid 0 fit_cur 368.00 fit_best_global 368.00 fit_best_segment 368.00
[ATS] seg 6 iter 129 div_round 0 nid 1 fit_cur 368.00 fit_best_global 368.00 fit_best_segment 368.00
[ATS] seg 6 iter 130 div_round 0 nid 0 fit_cur 368.00 fit_best_global 368.00 fit_best_segment 368.00
[ATS] seg 6 iter 131 div_round 0 nid 1 fit_cur 368.00 fit_best_global 368.00 fit_best_segment 368.00
[ATS] seg 6 iter 132 div_round 0 nid 0 fit_cur 368.00 fit_best_global 368.00 fit_best_segment 368.00
[ATS] seg 6 iter 133 div_round 0 nid 0 fit_cur 368.00 fit_best_global 368.00 fit_best_segment 368.00
[ATS] seg 6 iter 134 div_round 0 nid 1 fit_cur 368.00 fit_best_global 368.00 fit_best_segment 368.00
[ATS] seg 6 iter 135 div_round 0 nid 0 fit_cur 368.00 fit_best_global 368.00 fit_best_segment 368.00
[ATS] seg 6 iter 136 div_round 0 nid 0 fit_cur 368.00 fit_best_global 368.00 fit_best_segment 368.00
[ATS] seg 6 iter 137 div_round 0 nid 0 fit_cur 368.00 fit_best_global 368.00 fit_best_segment 368.00
[ATS] seg 6 iter 138 div_round 0 nid 1 fit_cur 368.00 fit_best_global 368.00 fit_best_segment 368.00
[ATS] seg 6 iter 139 div_round 0 nid 0 fit_cur 368.00 fit_best_global 368.00 fit_best_segment 368.00
[ATS] seg 6 iter 140 div_round 0 nid 1 fit_cur 368.00 fit_best_global 368.00 fit_best_segment 368.00
[ATS] seg 6 iter 141 div_round 0 nid 1 fit_cur 368.00 fit_best_global 368.00 fit_best_segment 368.00
[ATS] seg 6 iter 142 div_round 0 nid 0 fit_cur 368.00 fit_best_global 368.00 fit_best_segment 368.00
[ATS] seg 6 iter 143 div_round 0 nid 1 fit_cur 368.00 fit_best_global 368.00 fit_best_segment 368.00
[ATS] seg 6 iter 144 div_round 0 nid 0 fit_cur 368.00 fit_best_global 368.00 fit_best_segment 368.00
[ATS] seg 6 iter 145 div_round 0 nid 0 fit_cur 368.00 fit_best_global 368.00 fit_best_segment 368.00
[ATS] seg 6 iter 146 div_round 0 nid 1 fit_cur 368.00 fit_best_global 368.00 fit_best_segment 368.00
[ATS] seg 6 iter 147 div_round 0 nid 0 fit_cur 368.00 fit_best_global 368.00 fit_best_segment 368.00
[ATS] seg 6 iter 148 div_round 0 nid 0 fit_cur 368.00 fit_best_global 368.00 fit_best_segment 368.00
[ATS] seg 6 iter 149 div_round 0 nid 1 fit_cur 368.00 fit_best_global 368.00 fit_best_segment 368.00
[ATS] seg 6 iter 150 div_round 0 nid 0 fit_cur 368.00 fit_best_global 368.00 fit_best_segment 368.00
[ATS] seg 6 iter 151 div_round 0 nid 0 fit_cur 368.00 fit_best_global 368.00 fit_best_segment 368.00
[ATS] seg 6 iter 152 div_round 0 nid 0 fit_cur 368.00 fit_best_global 368.00 fit_best_segment 368.00
[ATS] seg 6 iter 153 div_round 0 nid 1 fit_cur 368.00 fit_best_global 368.00 fit_best_segment 368.00
[ATS] seg 6 iter 154 div_round 0 nid 0 fit_cur 368.00 fit_best_global 368.00 fit_best_segment 368.00
[ATS] seg 6 iter 155 div_round 0 nid 0 fit_cur 368.00 fit_best_global 368.00 fit_best_segment 368.00
[ATS] seg 6 iter 156 div_round 0 nid 1 fit_cur 372.00 fit_best_global 368.00 fit_best_segment 368.00
[ATS] seg 6 iter 157 div_round 0 nid 1 fit_cur 368.00 fit_best_global 368.00 fit_best_segment 368.00
[ATS] seg 6 iter 158 div_round 0 nid 0 fit_cur 368.00 fit_best_global 368.00 fit_best_segment 368.00
[ATS] seg 6 iter 159 div_round 0 nid 0 fit_cur 368.00 fit_best_global 368.00 fit_best_segment 368.00
[ATS] seg 6 iter 160 div_round 0 nid 1 fit_cur 376.00 fit_best_global 368.00 fit_best_segment 368.00
[ATS] seg 6 iter 161 div_round 0 nid 1 fit_cur 368.00 fit_best_global 368.00 fit_best_segment 368.00
[ATS] seg 6 iter 162 div_round 0 nid 0 fit_cur 368.00 fit_best_global 368.00 fit_best_segment 368.00
[ATS] seg 6 iter 163 div_round 0 nid 1 fit_cur 368.00 fit_best_global 368.00 fit_best_segment 368.00
[ATS] seg 6 iter 164 div_round 0 nid 0 fit_cur 368.00 fit_best_global 368.00 fit_best_segment 368.00
[ATS] seg 6 iter 165 div_round 0 nid 0 fit_cur 368.00 fit_best_global 368.00 fit_best_segment 368.00
[ATS] seg 6 iter 166 div_round 0 nid 0 fit_cur 368.00 fit_best_global 368.00 fit_best_segment 368.00
[ATS] seg 6 iter 167 div_round 0 nid 0 fit_cur 368.00 fit_best_global 368.00 fit_best_segment 368.00
[ATS] seg 6 iter 168 div_round 0 nid 1 fit_cur 368.00 fit_best_global 368.00 fit_best_segment 368.00
[ATS] seg 6 iter 169 div_round 0 nid 0 fit_cur 368.00 fit_best_global 368.00 fit_best_segment 368.00
[ATS] seg 6 iter 170 div_round 0 nid 0 fit_cur 368.00 fit_best_global 368.00 fit_best_segment 368.00
[ATS] seg 6 iter 171 div_round 0 nid 0 fit_cur 368.00 fit_best_global 368.00 fit_best_segment 368.00
[ATS] seg 6 iter 172 div_round 0 nid 0 fit_cur 368.00 fit_best_global 368.00 fit_best_segment 368.00
[ATS] seg 6 iter 173 div_round 0 nid 0 fit_cur 368.00 fit_best_global 368.00 fit_best_segment 368.00
[ATS] seg 6 iter 174 div_round 0 nid 0 fit_cur 368.00 fit_best_global 368.00 fit_best_segment 368.00
[ATS] seg 6 iter 175 div_round 0 nid 1 fit_cur 372.00 fit_best_global 368.00 fit_best_segment 368.00
[ATS] seg 6 iter 176 div_round 0 nid 1 fit_cur 372.00 fit_best_global 368.00 fit_best_segment 368.00
[ATS] seg 6 iter 177 div_round 0 nid 0 fit_cur 368.00 fit_best_global 368.00 fit_best_segment 368.00
[ATS] seg 6 iter 178 div_round 0 nid 0 fit_cur 368.00 fit_best_global 368.00 fit_best_segment 368.00
[ATS] seg 6 iter 179 div_round 0 nid 1 fit_cur 372.00 fit_best_global 368.00 fit_best_segment 368.00
[ATS] seg 6 iter 180 div_round 0 nid 1 fit_cur 372.00 fit_best_global 368.00 fit_best_segment 368.00
[ATS] seg 6 iter 181 div_round 0 nid 0 fit_cur 368.00 fit_best_global 368.00 fit_best_segment 368.00
[ATS] seg 6 iter 182 div_round 0 nid 1 fit_cur 372.00 fit_best_global 368.00 fit_best_segment 368.00
[ATS] seg 6 iter 183 div_round 0 nid 0 fit_cur 368.00 fit_best_global 368.00 fit_best_segment 368.00
[ATS] seg 6 iter 184 div_round 0 nid 0 fit_cur 368.00 fit_best_global 368.00 fit_best_segment 368.00
[ATS] seg 6 iter 185 div_round 0 nid 1 fit_cur 376.00 fit_best_global 368.00 fit_best_segment 368.00
[ATS] seg 6 iter 186 div_round 0 nid 1 fit_cur 368.00 fit_best_global 368.00 fit_best_segment 368.00
[ATS] seg 6 iter 187 div_round 0 nid 1 fit_cur 368.00 fit_best_global 368.00 fit_best_segment 368.00
[ATS] seg 6 iter 188 div_round 0 nid 1 fit_cur 376.00 fit_best_global 368.00 fit_best_segment 368.00
[ATS] seg 6 iter 189 div_round 0 nid 0 fit_cur 368.00 fit_best_global 368.00 fit_best_segment 368.00
[ATS] seg 6 iter 190 div_round 0 nid 0 fit_cur 368.00 fit_best_global 368.00 fit_best_segment 368.00
[ATS] seg 6 iter 191 div_round 0 nid 1 fit_cur 368.00 fit_best_global 368.00 fit_best_segment 368.00
[ATS] seg 6 iter 192 div_round 0 nid 0 fit_cur 368.00 fit_best_global 368.00 fit_best_segment 368.00
[ATS] seg 6 iter 193 div_round 0 nid 0 fit_cur 368.00 fit_best_global 368.00 fit_best_segment 368.00
[ATS] seg 6 iter 194 div_round 0 nid 1 fit_cur 368.00 fit_best_global 368.00 fit_best_segment 368.00
[ATS] seg 6 iter 195 div_round 0 nid 0 fit_cur 368.00 fit_best_global 368.00 fit_best_segment 368.00
[ATS] seg 6 iter 196 div_round 0 nid 0 fit_cur 368.00 fit_best_global 368.00 fit_best_segment 368.00
[ATS] seg 6 iter 197 div_round 0 nid 0 fit_cur 368.00 fit_best_global 368.00 fit_best_segment 368.00
[ATS] seg 6 iter 198 div_round 0 nid 0 fit_cur 368.00 fit_best_global 368.00 fit_best_segment 368.00
[ATS] seg 6 iter 199 div_round 0 nid 1 fit_cur 368.00 fit_best_global 368.00 fit_best_segment 368.00
[ATS] seg 6 iter 200 div_round 0 nid 0 fit_cur 368.00 fit_best_global 368.00 fit_best_segment 368.00
[ATS] seg 6 iter 201 div_round 0 nid 0 fit_cur 368.00 fit_best_global 368.00 fit_best_segment 368.00
[ATS] seg 6 iter 202 div_round 0 nid 1 fit_cur 368.00 fit_best_global 368.00 fit_best_segment 368.00
[ATS] seg 6 iter 203 div_round 0 nid 1 fit_cur 368.00 fit_best_global 368.00 fit_best_segment 368.00
[ATS] seg 6 iter 204 div_round 0 nid 0 fit_cur 368.00 fit_best_global 368.00 fit_best_segment 368.00
[ATS] seg 6 iter 205 div_round 0 nid 1 fit_cur 368.00 fit_best_global 368.00 fit_best_segment 368.00
[ATS] seg 6 iter 206 div_round 0 nid 0 fit_cur 368.00 fit_best_global 368.00 fit_best_segment 368.00
[ATS] seg 6 iter 207 div_round 0 nid 0 fit_cur 368.00 fit_best_global 368.00 fit_best_segment 368.00
[ATS] seg 6 iter 208 div_round 0 nid 0 fit_cur 368.00 fit_best_global 368.00 fit_best_segment 368.00
[ATS] seg 6 iter 209 div_round 0 nid 1 fit_cur 368.00 fit_best_global 368.00 fit_best_segment 368.00
[ATS] seg 6 iter 210 div_round 0 nid 0 fit_cur 368.00 fit_best_global 368.00 fit_best_segment 368.00
[ATS] seg 6 iter 211 div_round 0 nid 1 fit_cur 368.00 fit_best_global 368.00 fit_best_segment 368.00
[ATS] seg 6 iter 212 div_round 0 nid 1 fit_cur 372.00 fit_best_global 368.00 fit_best_segment 368.00
[ATS] seg 6 iter 213 div_round 0 nid 0 fit_cur 368.00 fit_best_global 368.00 fit_best_segment 368.00
[ATS] seg 6 iter 214 div_round 0 nid 0 fit_cur 368.00 fit_best_global 368.00 fit_best_segment 368.00
[ATS] seg 6 iter 215 div_round 0 nid 1 fit_cur 368.00 fit_best_global 368.00 fit_best_segment 368.00
[ATS] seg 6 iter 216 div_round 0 nid 1 fit_cur 376.00 fit_best_global 368.00 fit_best_segment 368.00
[ATS] seg 6 iter 217 div_round 0 nid 1 fit_cur 368.00 fit_best_global 368.00 fit_best_segment 368.00
[ATS] seg 6 iter 218 div_round 0 nid 1 fit_cur 376.00 fit_best_global 368.00 fit_best_segment 368.00
[ATS] seg 6 iter 219 div_round 0 nid 1 fit_cur 376.00 fit_best_global 368.00 fit_best_segment 368.00
[ATS] seg 6 iter 220 div_round 0 nid 0 fit_cur 368.00 fit_best_global 368.00 fit_best_segment 368.00
[ATS] seg 6 iter 221 div_round 0 nid 0 fit_cur 368.00 fit_best_global 368.00 fit_best_segment 368.00
[ATS] seg 6 iter 222 div_round 0 nid 1 fit_cur 368.00 fit_best_global 368.00 fit_best_segment 368.00
[ATS] seg 6 iter 223 div_round 0 nid 1 fit_cur 368.00 fit_best_global 368.00 fit_best_segment 368.00
[ATS] seg 6 iter 224 div_round 0 nid 0 fit_cur 368.00 fit_best_global 368.00 fit_best_segment 368.00
[ATS] seg 6 iter 225 div_round 0 nid 0 fit_cur 368.00 fit_best_global 368.00 fit_best_segment 368.00
[ATS] seg 6 iter 226 div_round 0 nid 1 fit_cur 368.00 fit_best_global 368.00 fit_best_segment 368.00
[ATS] seg 6 iter 227 div_round 0 nid 0 fit_cur 368.00 fit_best_global 368.00 fit_best_segment 368.00
[ATS] seg 6 iter 228 div_round 0 nid 0 fit_cur 368.00 fit_best_global 368.00 fit_best_segment 368.00
[ATS] seg 6 iter 229 div_round 0 nid 1 fit_cur 368.00 fit_best_global 368.00 fit_best_segment 368.00
[ATS] seg 6 iter 230 div_round 0 nid 0 fit_cur 368.00 fit_best_global 368.00 fit_best_segment 368.00
[ATS] seg 6 iter 231 div_round 0 nid 1 fit_cur 372.00 fit_best_global 368.00 fit_best_segment 368.00
[ATS] seg 6 iter 232 div_round 0 nid 0 fit_cur 368.00 fit_best_global 368.00 fit_best_segment 368.00
[ATS] seg 6 iter 233 div_round 0 nid 1 fit_cur 372.00 fit_best_global 368.00 fit_best_segment 368.00
[ATS] seg 6 iter 234 div_round 0 nid 0 fit_cur 368.00 fit_best_global 368.00 fit_best_segment 368.00
[ATS] seg 6 iter 235 div_round 0 nid 0 fit_cur 368.00 fit_best_global 368.00 fit_best_segment 368.00
[ATS] seg 6 iter 236 div_round 0 nid 1 fit_cur 368.00 fit_best_global 368.00 fit_best_segment 368.00
[ATS] seg 6 iter 237 div_round 0 nid 0 fit_cur 368.00 fit_best_global 368.00 fit_best_segment 368.00
[ATS] seg 6 iter 238 div_round 0 nid 0 fit_cur 368.00 fit_best_global 368.00 fit_best_segment 368.00
[ATS] seg 6 iter 239 div_round 0 nid 1 fit_cur 368.00 fit_best_global 368.00 fit_best_segment 368.00
[ATS] seg 6 iter 240 div_round 0 nid 0 fit_cur 368.00 fit_best_global 368.00 fit_best_segment 368.00
[ATS] seg 6 iter 241 div_round 0 nid 0 fit_cur 368.00 fit_best_global 368.00 fit_best_segment 368.00
[ATS] seg 6 iter 242 div_round 0 nid 0 fit_cur 368.00 fit_best_global 368.00 fit_best_segment 368.00
[ATS] seg 6 iter 243 div_round 0 nid 1 fit_cur 372.00 fit_best_global 368.00 fit_best_segment 368.00
[ATS] seg 6 iter 244 div_round 0 nid 0 fit_cur 368.00 fit_best_global 368.00 fit_best_segment 368.00
[ATS] seg 6 iter 245 div_round 0 nid 1 fit_cur 368.00 fit_best_global 368.00 fit_best_segment 368.00
[ATS] seg 6 iter 246 div_round 0 nid 0 fit_cur 368.00 fit_best_global 368.00 fit_best_segment 368.00
[ATS] seg 6 iter 247 div_round 0 nid 1 fit_cur 368.00 fit_best_global 368.00 fit_best_segment 368.00
[ATS] seg 6 iter 248 div_round 0 nid 0 fit_cur 368.00 fit_best_global 368.00 fit_best_segment 368.00
[ATS] seg 6 iter 249 div_round 0 nid 0 fit_cur 368.00 fit_best_global 368.00 fit_best_segment 368.00
[ATS] seg 6 iter 250 div_round 0 nid 1 fit_cur 372.00 fit_best_global 368.00 fit_best_segment 368.00
[ATS] seg 6 iter 251 div_round 0 nid 1 fit_cur 368.00 fit_best_global 368.00 fit_best_segment 368.00
[ATS] seg 6 iter 252 div_round 0 nid 1 fit_cur 372.00 fit_best_global 368.00 fit_best_segment 368.00
[ATS] seg 6 iter 253 div_round 0 nid 0 fit_cur 368.00 fit_best_global 368.00 fit_best_segment 368.00
[ATS] seg 6 iter 254 div_round 0 nid 0 fit_cur 368.00 fit_best_global 368.00 fit_best_segment 368.00
[ATS] seg 6 iter 255 div_round 0 nid 1 fit_cur 368.00 fit_best_global 368.00 fit_best_segment 368.00
[ATS] seg 6 iter 256 div_round 0 nid 0 fit_cur 368.00 fit_best_global 368.00 fit_best_segment 368.00
[ATS] seg 6 iter 257 div_round 0 nid 0 fit_cur 368.00 fit_best_global 368.00 fit_best_segment 368.00
[ATS] seg 6 iter 258 div_round 0 nid 1 fit_cur 368.00 fit_best_global 368.00 fit_best_segment 368.00
[ATS] seg 6 iter 259 div_round 0 nid 0 fit_cur 368.00 fit_best_global 368.00 fit_best_segment 368.00
[ATS] seg 6 iter 260 div_round 0 nid 0 fit_cur 368.00 fit_best_global 368.00 fit_best_segment 368.00
[ATS] seg 6 iter 261 div_round 0 nid 1 fit_cur 368.00 fit_best_global 368.00 fit_best_segment 368.00
[ATS] seg 6 iter 262 div_round 0 nid 0 fit_cur 368.00 fit_best_global 368.00 fit_best_segment 368.00
[ATS] seg 6 iter 263 div_round 0 nid 0 fit_cur 368.00 fit_best_global 368.00 fit_best_segment 368.00
[ATS] seg 6 iter 264 div_round 0 nid 0 fit_cur 368.00 fit_best_global 368.00 fit_best_segment 368.00
[ATS] seg 6 iter 265 div_round 0 nid 0 fit_cur 368.00 fit_best_global 368.00 fit_best_segment 368.00
[ATS] seg 6 iter 266 div_round 0 nid 1 fit_cur 368.00 fit_best_global 368.00 fit_best_segment 368.00
[ATS] seg 6 iter 267 div_round 0 nid 0 fit_cur 368.00 fit_best_global 368.00 fit_best_segment 368.00
[ATS] seg 6 iter 268 div_round 0 nid 0 fit_cur 368.00 fit_best_global 368.00 fit_best_segment 368.00
[ATS] seg 6 iter 269 div_round 0 nid 1 fit_cur 368.00 fit_best_global 368.00 fit_best_segment 368.00
[ATS] seg 6 iter 270 div_round 0 nid 1 fit_cur 368.00 fit_best_global 368.00 fit_best_segment 368.00
[ATS] seg 6 iter 271 div_round 0 nid 0 fit_cur 368.00 fit_best_global 368.00 fit_best_segment 368.00
[ATS] seg 6 iter 272 div_round 0 nid 0 fit_cur 368.00 fit_best_global 368.00 fit_best_segment 368.00
[ATS] seg 6 iter 273 div_round 0 nid 1 fit_cur 372.00 fit_best_global 368.00 fit_best_segment 368.00
[ATS] seg 6 iter 274 div_round 0 nid 0 fit_cur 368.00 fit_best_global 368.00 fit_best_segment 368.00
[ATS] seg 6 iter 275 div_round 0 nid 0 fit_cur 368.00 fit_best_global 368.00 fit_best_segment 368.00
[ATS] seg 6 iter 276 div_round 0 nid 0 fit_cur 368.00 fit_best_global 368.00 fit_best_segment 368.00
[ATS] seg 6 iter 277 div_round 0 nid 1 fit_cur 376.00 fit_best_global 368.00 fit_best_segment 368.00
[ATS] seg 6 iter 278 div_round 0 nid 0 fit_cur 368.00 fit_best_global 368.00 fit_best_segment 368.00
[ATS] seg 6 iter 279 div_round 0 nid 1 fit_cur 376.00 fit_best_global 368.00 fit_best_segment 368.00
[ATS] seg 6 iter 280 div_round 0 nid 1 fit_cur 376.00 fit_best_global 368.00 fit_best_segment 368.00
[ATS] seg 6 iter 281 div_round 0 nid 1 fit_cur 368.00 fit_best_global 368.00 fit_best_segment 368.00
[ATS] seg 6 iter 282 div_round 0 nid 1 fit_cur 368.00 fit_best_global 368.00 fit_best_segment 368.00
[ATS] seg 6 iter 283 div_round 0 nid 0 fit_cur 368.00 fit_best_global 368.00 fit_best_segment 368.00
[ATS] seg 6 iter 284 div_round 0 nid 1 fit_cur 368.00 fit_best_global 368.00 fit_best_segment 368.00
[ATS] seg 6 iter 285 div_round 0 nid 0 fit_cur 368.00 fit_best_global 368.00 fit_best_segment 368.00
[ATS] seg 6 iter 286 div_round 0 nid 1 fit_cur 368.00 fit_best_global 368.00 fit_best_segment 368.00
[ATS] seg 6 iter 287 div_round 0 nid 0 fit_cur 368.00 fit_best_global 368.00 fit_best_segment 368.00
[ATS] seg 6 iter 288 div_round 0 nid 0 fit_cur 368.00 fit_best_global 368.00 fit_best_segment 368.00
[ATS] seg 6 iter 289 div_round 0 nid 1 fit_cur 372.00 fit_best_global 368.00 fit_best_segment 368.00
[ATS] seg 6 iter 290 div_round 0 nid 0 fit_cur 368.00 fit_best_global 368.00 fit_best_segment 368.00
[ATS] seg 6 iter 291 div_round 0 nid 1 fit_cur 368.00 fit_best_global 368.00 fit_best_segment 368.00
[ATS] seg 6 iter 292 div_round 0 nid 1 fit_cur 368.00 fit_best_global 368.00 fit_best_segment 368.00
[ATS] seg 6 iter 293 div_round 0 nid 0 fit_cur 368.00 fit_best_global 368.00 fit_best_segment 368.00
[ATS] seg 6 iter 294 div_round 0 nid 1 fit_cur 372.00 fit_best_global 368.00 fit_best_segment 368.00
[ATS] seg 6 iter 295 div_round 0 nid 1 fit_cur 368.00 fit_best_global 368.00 fit_best_segment 368.00
[ATS] seg 6 iter 296 div_round 0 nid 1 fit_cur 368.00 fit_best_global 368.00 fit_best_segment 368.00
[ATS] seg 6 iter 297 div_round 0 nid 0 fit_cur 368.00 fit_best_global 368.00 fit_best_segment 368.00
[ATS] seg 6 iter 298 div_round 0 nid 0 fit_cur 368.00 fit_best_global 368.00 fit_best_segment 368.00
[ATS] seg 6 iter 299 div_round 0 nid 0 fit_cur 368.00 fit_best_global 368.00 fit_best_segment 368.00
[ATS] seg 6 iter 300 div_round 0 nid 0 fit_cur 368.00 fit_best_global 368.00 fit_best_segment 368.00
[ATS] seg 6 iter 301 div_round 0 nid 1 fit_cur 372.00 fit_best_global 368.00 fit_best_segment 368.00
[ATS] seg 6 iter 302 div_round 0 nid 0 fit_cur 368.00 fit_best_global 368.00 fit_best_segment 368.00
[ATS] seg 6 iter 303 div_round 0 nid 0 fit_cur 368.00 fit_best_global 368.00 fit_best_segment 368.00
[ATS] seg 6 iter 304 div_round 0 nid 1 fit_cur 368.00 fit_best_global 368.00 fit_best_segment 368.00
[ATS] seg 6 iter 305 div_round 0 nid 1 fit_cur 368.00 fit_best_global 368.00 fit_best_segment 368.00
[ATS] seg 6 iter 306 div_round 0 nid 0 fit_cur 368.00 fit_best_global 368.00 fit_best_segment 368.00
[ATS] seg 6 iter 307 div_round 0 nid 0 fit_cur 368.00 fit_best_global 368.00 fit_best_segment 368.00
[ATS] seg 6 iter 308 div_round 0 nid 0 fit_cur 368.00 fit_best_global 368.00 fit_best_segment 368.00
[ATS] seg 6 iter 309 div_round 0 nid 0 fit_cur 368.00 fit_best_global 368.00 fit_best_segment 368.00
[ATS] seg 6 iter 310 div_round 0 nid 1 fit_cur 372.00 fit_best_global 368.00 fit_best_segment 368.00
[ATS] seg 6 iter 311 div_round 0 nid 0 fit_cur 368.00 fit_best_global 368.00 fit_best_segment 368.00
[ATS] seg 6 iter 312 div_round 0 nid 1 fit_cur 368.00 fit_best_global 368.00 fit_best_segment 368.00
[ATS] seg 6 iter 313 div_round 0 nid 1 fit_cur 372.00 fit_best_global 368.00 fit_best_segment 368.00
[ATS] seg 6 iter 314 div_round 0 nid 0 fit_cur 368.00 fit_best_global 368.00 fit_best_segment 368.00
[ATS] seg 6 iter 315 div_round 0 nid 1 fit_cur 368.00 fit_best_global 368.00 fit_best_segment 368.00
[ATS] seg 6 iter 316 div_round 0 nid 1 fit_cur 376.00 fit_best_global 368.00 fit_best_segment 368.00
[ATS] seg 6 iter 317 div_round 0 nid 1 fit_cur 368.00 fit_best_global 368.00 fit_best_segment 368.00
[ATS] seg 6 iter 318 div_round 0 nid 1 fit_cur 372.00 fit_best_global 368.00 fit_best_segment 368.00
[ATS] seg 6 iter 319 div_round 0 nid 1 fit_cur 372.00 fit_best_global 368.00 fit_best_segment 368.00
[ATS] seg 6 iter 320 div_round 0 nid 0 fit_cur 368.00 fit_best_global 368.00 fit_best_segment 368.00
[ATS] seg 6 iter 321 div_round 0 nid 0 fit_cur 368.00 fit_best_global 368.00 fit_best_segment 368.00
[ATS] seg 6 iter 322 div_round 0 nid 0 fit_cur 368.00 fit_best_global 368.00 fit_best_segment 368.00
[ATS] seg 6 iter 323 div_round 0 nid 1 fit_cur 368.00 fit_best_global 368.00 fit_best_segment 368.00
[ATS] seg 6 iter 324 div_round 0 nid 0 fit_cur 368.00 fit_best_global 368.00 fit_best_segment 368.00
[ATS] seg 6 iter 325 div_round 0 nid 0 fit_cur 368.00 fit_best_global 368.00 fit_best_segment 368.00
[ATS] seg 6 iter 326 div_round 0 nid 0 fit_cur 368.00 fit_best_global 368.00 fit_best_segment 368.00
[ATS] seg 6 iter 327 div_round 0 nid 1 fit_cur 376.00 fit_best_global 368.00 fit_best_segment 368.00
[ATS] seg 6 iter 328 div_round 0 nid 1 fit_cur 368.00 fit_best_global 368.00 fit_best_segment 368.00
[ATS] seg 6 iter 329 div_round 0 nid 1 fit_cur 368.00 fit_best_global 368.00 fit_best_segment 368.00
[ATS] seg 6 iter 330 div_round 0 nid 1 fit_cur 368.00 fit_best_global 368.00 fit_best_segment 368.00
[ATS] seg 6 iter 331 div_round 0 nid 0 fit_cur 368.00 fit_best_global 368.00 fit_best_segment 368.00
[ATS] seg 6 iter 332 div_round 0 nid 1 fit_cur 368.00 fit_best_global 368.00 fit_best_segment 368.00
[ATS] seg 6 iter 333 div_round 0 nid 0 fit_cur 368.00 fit_best_global 368.00 fit_best_segment 368.00
[ATS] seg 6 iter 334 div_round 0 nid 1 fit_cur 372.00 fit_best_global 368.00 fit_best_segment 368.00
[ATS] seg 6 iter 335 div_round 0 nid 0 fit_cur 368.00 fit_best_global 368.00 fit_best_segment 368.00
[ATS] seg 6 iter 336 div_round 0 nid 1 fit_cur 368.00 fit_best_global 368.00 fit_best_segment 368.00
[ATS] seg 6 iter 337 div_round 0 nid 0 fit_cur 368.00 fit_best_global 368.00 fit_best_segment 368.00
[ATS] seg 6 iter 338 div_round 0 nid 1 fit_cur 368.00 fit_best_global 368.00 fit_best_segment 368.00
[ATS] seg 6 iter 339 div_round 0 nid 0 fit_cur 368.00 fit_best_global 368.00 fit_best_segment 368.00
[ATS] seg 6 iter 340 div_round 0 nid 0 fit_cur 368.00 fit_best_global 368.00 fit_best_segment 368.00
[ATS] seg 6 iter 341 div_round 0 nid 0 fit_cur 368.00 fit_best_global 368.00 fit_best_segment 368.00
[ATS] seg 6 iter 342 div_round 0 nid 1 fit_cur 368.00 fit_best_global 368.00 fit_best_segment 368.00
[ATS] seg 6 iter 343 div_round 0 nid 1 fit_cur 368.00 fit_best_global 368.00 fit_best_segment 368.00
[ATS] seg 6 iter 344 div_round 0 nid 1 fit_cur 368.00 fit_best_global 368.00 fit_best_segment 368.00
[ATS] seg 6 iter 345 div_round 0 nid 1 fit_cur 372.00 fit_best_global 368.00 fit_best_segment 368.00
[ATS] seg 6 iter 346 div_round 0 nid 1 fit_cur 368.00 fit_best_global 368.00 fit_best_segment 368.00
[ATS] seg 6 iter 347 div_round 0 nid 1 fit_cur 372.00 fit_best_global 368.00 fit_best_segment 368.00
[ATS] seg 6 iter 348 div_round 0 nid 0 fit_cur 368.00 fit_best_global 368.00 fit_best_segment 368.00
[ATS] seg 6 iter 349 div_round 0 nid 0 fit_cur 368.00 fit_best_global 368.00 fit_best_segment 368.00
[ATS] seg 6 iter 350 div_round 0 nid 1 fit_cur 368.00 fit_best_global 368.00 fit_best_segment 368.00
[ATS] seg 6 iter 351 div_round 0 nid 0 fit_cur 368.00 fit_best_global 368.00 fit_best_segment 368.00
[ATS] seg 6 iter 352 div_round 0 nid 1 fit_cur 368.00 fit_best_global 368.00 fit_best_segment 368.00
[ATS] seg 6 iter 353 div_round 0 nid 0 fit_cur 368.00 fit_best_global 368.00 fit_best_segment 368.00
[ATS] seg 6 iter 354 div_round 0 nid 1 fit_cur 372.00 fit_best_global 368.00 fit_best_segment 368.00
[ATS] seg 6 iter 355 div_round 0 nid 0 fit_cur 368.00 fit_best_global 368.00 fit_best_segment 368.00
[ATS] seg 6 iter 356 div_round 0 nid 0 fit_cur 368.00 fit_best_global 368.00 fit_best_segment 368.00
[ATS] seg 6 iter 357 div_round 0 nid 0 fit_cur 368.00 fit_best_global 368.00 fit_best_segment 368.00
[ATS] seg 6 iter 358 div_round 0 nid 0 fit_cur 368.00 fit_best_global 368.00 fit_best_segment 368.00
[ATS] seg 6 iter 359 div_round 0 nid 1 fit_cur 372.00 fit_best_global 368.00 fit_best_segment 368.00
[ATS] seg 6 iter 360 div_round 0 nid 0 fit_cur 368.00 fit_best_global 368.00 fit_best_segment 368.00
[ATS] seg 6 iter 361 div_round 0 nid 1 fit_cur 368.00 fit_best_global 368.00 fit_best_segment 368.00
[ATS] seg 6 iter 362 div_round 0 nid 0 fit_cur 368.00 fit_best_global 368.00 fit_best_segment 368.00
[ATS] seg 6 iter 363 div_round 0 nid 0 fit_cur 368.00 fit_best_global 368.00 fit_best_segment 368.00
[ATS] seg 6 iter 364 div_round 0 nid 1 fit_cur 376.00 fit_best_global 368.00 fit_best_segment 368.00
[ATS] seg 6 iter 365 div_round 0 nid 0 fit_cur 368.00 fit_best_global 368.00 fit_best_segment 368.00
[ATS] seg 6 iter 366 div_round 0 nid 0 fit_cur 368.00 fit_best_global 368.00 fit_best_segment 368.00
[ATS] seg 6 iter 367 div_round 0 nid 1 fit_cur 372.00 fit_best_global 368.00 fit_best_segment 368.00
[ATS] seg 6 iter 368 div_round 0 nid 1 fit_cur 368.00 fit_best_global 368.00 fit_best_segment 368.00
[ATS] seg 6 iter 369 div_round 0 nid 1 fit_cur 368.00 fit_best_global 368.00 fit_best_segment 368.00
[ATS] seg 6 iter 370 div_round 0 nid 1 fit_cur 376.00 fit_best_global 368.00 fit_best_segment 368.00
[ATS] seg 6 iter 371 div_round 0 nid 1 fit_cur 368.00 fit_best_global 368.00 fit_best_segment 368.00
[ATS] seg 6 iter 372 div_round 0 nid 0 fit_cur 368.00 fit_best_global 368.00 fit_best_segment 368.00
[ATS] seg 6 iter 373 div_round 0 nid 1 fit_cur 368.00 fit_best_global 368.00 fit_best_segment 368.00
[ATS] seg 6 iter 374 div_round 0 nid 0 fit_cur 368.00 fit_best_global 368.00 fit_best_segment 368.00
[ATS] seg 6 iter 375 div_round 0 nid 0 fit_cur 368.00 fit_best_global 368.00 fit_best_segment 368.00
[ATS] seg 6 iter 376 div_round 0 nid 0 fit_cur 368.00 fit_best_global 368.00 fit_best_segment 368.00
[ATS] seg 6 iter 377 div_round 0 nid 1 fit_cur 368.00 fit_best_global 368.00 fit_best_segment 368.00
[ATS] seg 6 iter 378 div_round 0 nid 0 fit_cur 368.00 fit_best_global 368.00 fit_best_segment 368.00
[ATS] seg 6 iter 379 div_round 0 nid 0 fit_cur 368.00 fit_best_global 368.00 fit_best_segment 368.00
[ATS] seg 6 iter 380 div_round 0 nid 0 fit_cur 368.00 fit_best_global 368.00 fit_best_segment 368.00
[ATS] seg 6 iter 381 div_round 0 nid 0 fit_cur 368.00 fit_best_global 368.00 fit_best_segment 368.00
[ATS] seg 6 iter 382 div_round 0 nid 1 fit_cur 368.00 fit_best_global 368.00 fit_best_segment 368.00
[ATS] seg 6 iter 383 div_round 0 nid 1 fit_cur 372.00 fit_best_global 368.00 fit_best_segment 368.00
[ATS] seg 6 iter 384 div_round 0 nid 0 fit_cur 368.00 fit_best_global 368.00 fit_best_segment 368.00
[ATS] seg 6 iter 385 div_round 0 nid 1 fit_cur 368.00 fit_best_global 368.00 fit_best_segment 368.00
[ATS] seg 6 iter 386 div_round 0 nid 0 fit_cur 368.00 fit_best_global 368.00 fit_best_segment 368.00
[ATS] seg 6 iter 387 div_round 0 nid 1 fit_cur 368.00 fit_best_global 368.00 fit_best_segment 368.00
[ATS] seg 6 iter 388 div_round 0 nid 1 fit_cur 368.00 fit_best_global 368.00 fit_best_segment 368.00
[ATS] seg 6 iter 389 div_round 0 nid 1 fit_cur 368.00 fit_best_global 368.00 fit_best_segment 368.00
[ATS] seg 6 iter 390 div_round 0 nid 0 fit_cur 368.00 fit_best_global 368.00 fit_best_segment 368.00
[ATS] seg 6 iter 391 div_round 0 nid 1 fit_cur 376.00 fit_best_global 368.00 fit_best_segment 368.00
[ATS] seg 6 iter 392 div_round 0 nid 0 fit_cur 368.00 fit_best_global 368.00 fit_best_segment 368.00
[ATS] seg 6 iter 393 div_round 0 nid 0 fit_cur 368.00 fit_best_global 368.00 fit_best_segment 368.00
[ATS] seg 6 iter 394 div_round 0 nid 0 fit_cur 368.00 fit_best_global 368.00 fit_best_segment 368.00
[ATS] seg 6 iter 395 div_round 0 nid 0 fit_cur 368.00 fit_best_global 368.00 fit_best_segment 368.00
[ATS] seg 6 iter 396 div_round 0 nid 0 fit_cur 368.00 fit_best_global 368.00 fit_best_segment 368.00
[ATS] seg 6 iter 397 div_round 0 nid 1 fit_cur 372.00 fit_best_global 368.00 fit_best_segment 368.00
[ATS] seg 6 iter 398 div_round 0 nid 0 fit_cur 368.00 fit_best_global 368.00 fit_best_segment 368.00
[ATS] seg 6 iter 399 div_round 0 nid 1 fit_cur 368.00 fit_best_global 368.00 fit_best_segment 368.00
[ATS] seg 6 iter 400 div_round 0 nid 0 fit_cur 368.00 fit_best_global 368.00 fit_best_segment 368.00
[ATS] seg 6 iter 401 div_round 0 nid 0 fit_cur 368.00 fit_best_global 368.00 fit_best_segment 368.00
[ATS] seg 6 iter 402 div_round 0 nid 1 fit_cur 372.00 fit_best_global 368.00 fit_best_segment 368.00
[ATS] seg 6 iter 403 div_round 0 nid 0 fit_cur 368.00 fit_best_global 368.00 fit_best_segment 368.00
[ATS] seg 6 iter 404 div_round 0 nid 1 fit_cur 376.00 fit_best_global 368.00 fit_best_segment 368.00
[ATS] seg 6 iter 405 div_round 0 nid 1 fit_cur 376.00 fit_best_global 368.00 fit_best_segment 368.00
[ATS] seg 6 iter 406 div_round 0 nid 0 fit_cur 368.00 fit_best_global 368.00 fit_best_segment 368.00
[ATS] seg 6 iter 407 div_round 0 nid 1 fit_cur 368.00 fit_best_global 368.00 fit_best_segment 368.00
[ATS] seg 6 iter 408 div_round 0 nid 1 fit_cur 372.00 fit_best_global 368.00 fit_best_segment 368.00
[ATS] seg 6 iter 409 div_round 0 nid 1 fit_cur 368.00 fit_best_global 368.00 fit_best_segment 368.00
[ATS] seg 6 iter 410 div_round 0 nid 0 fit_cur 368.00 fit_best_global 368.00 fit_best_segment 368.00
[ATS] seg 6 iter 411 div_round 0 nid 1 fit_cur 368.00 fit_best_global 368.00 fit_best_segment 368.00
[ATS] seg 6 iter 412 div_round 0 nid 0 fit_cur 368.00 fit_best_global 368.00 fit_best_segment 368.00
[ATS] seg 6 iter 413 div_round 0 nid 0 fit_cur 368.00 fit_best_global 368.00 fit_best_segment 368.00
[ATS] seg 6 iter 414 div_round 0 nid 1 fit_cur 372.00 fit_best_global 368.00 fit_best_segment 368.00
[ATS] seg 6 iter 415 div_round 0 nid 0 fit_cur 368.00 fit_best_global 368.00 fit_best_segment 368.00
[ATS] seg 6 iter 416 div_round 0 nid 1 fit_cur 368.00 fit_best_global 368.00 fit_best_segment 368.00
[ATS] seg 6 iter 417 div_round 0 nid 1 fit_cur 368.00 fit_best_global 368.00 fit_best_segment 368.00
[ATS] seg 6 iter 418 div_round 0 nid 0 fit_cur 368.00 fit_best_global 368.00 fit_best_segment 368.00
[ATS] seg 6 iter 419 div_round 0 nid 0 fit_cur 368.00 fit_best_global 368.00 fit_best_segment 368.00
[ATS] seg 6 iter 420 div_round 0 nid 0 fit_cur 368.00 fit_best_global 368.00 fit_best_segment 368.00
[ATS] seg 6 iter 421 div_round 0 nid 1 fit_cur 368.00 fit_best_global 368.00 fit_best_segment 368.00
[ATS] seg 6 iter 422 div_round 0 nid 0 fit_cur 368.00 fit_best_global 368.00 fit_best_segment 368.00
[ATS] seg 6 iter 423 div_round 0 nid 1 fit_cur 368.00 fit_best_global 368.00 fit_best_segment 368.00
[ATS] seg 6 iter 424 div_round 0 nid 1 fit_cur 368.00 fit_best_global 368.00 fit_best_segment 368.00
[ATS] seg 6 iter 425 div_round 0 nid 1 fit_cur 368.00 fit_best_global 368.00 fit_best_segment 368.00
[ATS] seg 6 iter 426 div_round 0 nid 0 fit_cur 368.00 fit_best_global 368.00 fit_best_segment 368.00
[ATS] seg 6 iter 427 div_round 0 nid 1 fit_cur 368.00 fit_best_global 368.00 fit_best_segment 368.00
[ATS] seg 6 iter 428 div_round 0 nid 0 fit_cur 368.00 fit_best_global 368.00 fit_best_segment 368.00
[ATS] seg 6 iter 429 div_round 0 nid 1 fit_cur 372.00 fit_best_global 368.00 fit_best_segment 368.00
[ATS] seg 6 iter 430 div_round 0 nid 0 fit_cur 368.00 fit_best_global 368.00 fit_best_segment 368.00
[ATS] seg 6 iter 431 div_round 0 nid 0 fit_cur 368.00 fit_best_global 368.00 fit_best_segment 368.00
[ATS] seg 6 iter 432 div_round 0 nid 1 fit_cur 368.00 fit_best_global 368.00 fit_best_segment 368.00
[ATS] seg 6 iter 433 div_round 0 nid 0 fit_cur 368.00 fit_best_global 368.00 fit_best_segment 368.00
[ATS] seg 6 iter 434 div_round 0 nid 1 fit_cur 368.00 fit_best_global 368.00 fit_best_segment 368.00
[ATS] seg 6 iter 435 div_round 0 nid 0 fit_cur 368.00 fit_best_global 368.00 fit_best_segment 368.00
[ATS] seg 6 iter 436 div_round 0 nid 0 fit_cur 368.00 fit_best_global 368.00 fit_best_segment 368.00
[ATS] seg 6 iter 437 div_round 0 nid 0 fit_cur 368.00 fit_best_global 368.00 fit_best_segment 368.00
[ATS] seg 6 iter 438 div_round 0 nid 0 fit_cur 368.00 fit_best_global 368.00 fit_best_segment 368.00
[ATS] seg 6 iter 439 div_round 0 nid 0 fit_cur 368.00 fit_best_global 368.00 fit_best_segment 368.00
[ATS] seg 6 iter 440 div_round 0 nid 1 fit_cur 368.00 fit_best_global 368.00 fit_best_segment 368.00
[ATS] seg 6 iter 441 div_round 0 nid 1 fit_cur 368.00 fit_best_global 368.00 fit_best_segment 368.00
[ATS] seg 6 iter 442 div_round 0 nid 1 fit_cur 372.00 fit_best_global 368.00 fit_best_segment 368.00
[ATS] seg 6 iter 443 div_round 0 nid 1 fit_cur 372.00 fit_best_global 368.00 fit_best_segment 368.00
[ATS] seg 6 iter 444 div_round 0 nid 1 fit_cur 368.00 fit_best_global 368.00 fit_best_segment 368.00
[ATS] seg 6 iter 445 div_round 0 nid 1 fit_cur 372.00 fit_best_global 368.00 fit_best_segment 368.00
[ATS] seg 6 iter 446 div_round 0 nid 0 fit_cur 368.00 fit_best_global 368.00 fit_best_segment 368.00
[ATS] seg 6 iter 447 div_round 0 nid 1 fit_cur 368.00 fit_best_global 368.00 fit_best_segment 368.00
[ATS] seg 6 iter 448 div_round 0 nid 0 fit_cur 368.00 fit_best_global 368.00 fit_best_segment 368.00
[ATS] seg 6 iter 449 div_round 0 nid 0 fit_cur 368.00 fit_best_global 368.00 fit_best_segment 368.00
[ATS] seg 6 iter 450 div_round 0 nid 1 fit_cur 368.00 fit_best_global 368.00 fit_best_segment 368.00
[ATS] seg 6 iter 451 div_round 0 nid 0 fit_cur 368.00 fit_best_global 368.00 fit_best_segment 368.00
[ATS] seg 6 iter 452 div_round 0 nid 0 fit_cur 368.00 fit_best_global 368.00 fit_best_segment 368.00
[ATS] seg 6 iter 453 div_round 0 nid 0 fit_cur 368.00 fit_best_global 368.00 fit_best_segment 368.00
[ATS] seg 6 iter 454 div_round 0 nid 0 fit_cur 368.00 fit_best_global 368.00 fit_best_segment 368.00
[ATS] seg 6 iter 455 div_round 0 nid 1 fit_cur 368.00 fit_best_global 368.00 fit_best_segment 368.00
[ATS] seg 6 iter 456 div_round 0 nid 1 fit_cur 372.00 fit_best_global 368.00 fit_best_segment 368.00
[ATS] seg 6 iter 457 div_round 0 nid 0 fit_cur 368.00 fit_best_global 368.00 fit_best_segment 368.00
[ATS] seg 6 iter 458 div_round 0 nid 1 fit_cur 368.00 fit_best_global 368.00 fit_best_segment 368.00
[ATS] seg 6 iter 459 div_round 0 nid 1 fit_cur 376.00 fit_best_global 368.00 fit_best_segment 368.00
[ATS] seg 6 iter 460 div_round 0 nid 0 fit_cur 368.00 fit_best_global 368.00 fit_best_segment 368.00
[ATS] seg 6 iter 461 div_round 0 nid 0 fit_cur 368.00 fit_best_global 368.00 fit_best_segment 368.00
[ATS] seg 6 iter 462 div_round 0 nid 1 fit_cur 368.00 fit_best_global 368.00 fit_best_segment 368.00
[ATS] seg 6 iter 463 div_round 0 nid 0 fit_cur 368.00 fit_best_global 368.00 fit_best_segment 368.00
[ATS] seg 6 iter 464 div_round 0 nid 1 fit_cur 368.00 fit_best_global 368.00 fit_best_segment 368.00
[ATS] seg 6 iter 465 div_round 0 nid 0 fit_cur 368.00 fit_best_global 368.00 fit_best_segment 368.00
[ATS] seg 6 iter 466 div_round 0 nid 1 fit_cur 372.00 fit_best_global 368.00 fit_best_segment 368.00
[ATS] seg 6 iter 467 div_round 0 nid 1 fit_cur 368.00 fit_best_global 368.00 fit_best_segment 368.00
[ATS] seg 6 iter 468 div_round 0 nid 0 fit_cur 368.00 fit_best_global 368.00 fit_best_segment 368.00
[ATS] seg 6 iter 469 div_round 0 nid 1 fit_cur 368.00 fit_best_global 368.00 fit_best_segment 368.00
[ATS] seg 6 iter 470 div_round 0 nid 1 fit_cur 368.00 fit_best_global 368.00 fit_best_segment 368.00
[ATS] seg 6 iter 471 div_round 0 nid 0 fit_cur 368.00 fit_best_global 368.00 fit_best_segment 368.00
[ATS] seg 6 iter 472 div_round 0 nid 0 fit_cur 368.00 fit_best_global 368.00 fit_best_segment 368.00
[ATS] seg 6 iter 473 div_round 0 nid 1 fit_cur 368.00 fit_best_global 368.00 fit_best_segment 368.00
[ATS] seg 6 iter 474 div_round 0 nid 0 fit_cur 368.00 fit_best_global 368.00 fit_best_segment 368.00
[ATS] seg 6 iter 475 div_round 0 nid 0 fit_cur 368.00 fit_best_global 368.00 fit_best_segment 368.00
[ATS] seg 6 iter 476 div_round 0 nid 0 fit_cur 368.00 fit_best_global 368.00 fit_best_segment 368.00
[ATS] seg 6 iter 477 div_round 0 nid 1 fit_cur 368.00 fit_best_global 368.00 fit_best_segment 368.00
[ATS] seg 6 iter 478 div_round 0 nid 0 fit_cur 368.00 fit_best_global 368.00 fit_best_segment 368.00
[ATS] seg 6 iter 479 div_round 0 nid 0 fit_cur 368.00 fit_best_global 368.00 fit_best_segment 368.00
[ATS] seg 6 iter 480 div_round 0 nid 0 fit_cur 368.00 fit_best_global 368.00 fit_best_segment 368.00
[ATS] seg 6 iter 481 div_round 0 nid 1 fit_cur 368.00 fit_best_global 368.00 fit_best_segment 368.00
[ATS] seg 6 iter 482 div_round 0 nid 1 fit_cur 368.00 fit_best_global 368.00 fit_best_segment 368.00
[ATS] seg 6 iter 483 div_round 0 nid 1 fit_cur 368.00 fit_best_global 368.00 fit_best_segment 368.00
[ATS] seg 6 iter 484 div_round 0 nid 1 fit_cur 368.00 fit_best_global 368.00 fit_best_segment 368.00
[ATS] seg 6 iter 485 div_round 0 nid 0 fit_cur 368.00 fit_best_global 368.00 fit_best_segment 368.00
[ATS] seg 6 iter 486 div_round 0 nid 1 fit_cur 368.00 fit_best_global 368.00 fit_best_segment 368.00
[ATS] seg 6 iter 487 div_round 0 nid 1 fit_cur 372.00 fit_best_global 368.00 fit_best_segment 368.00
[ATS] seg 6 iter 488 div_round 0 nid 1 fit_cur 372.00 fit_best_global 368.00 fit_best_segment 368.00
[ATS] seg 6 iter 489 div_round 0 nid 0 fit_cur 368.00 fit_best_global 368.00 fit_best_segment 368.00
[ATS] seg 6 iter 490 div_round 0 nid 0 fit_cur 368.00 fit_best_global 368.00 fit_best_segment 368.00
[ATS] seg 6 iter 491 div_round 0 nid 0 fit_cur 368.00 fit_best_global 368.00 fit_best_segment 368.00
[ATS] seg 6 iter 492 div_round 0 nid 0 fit_cur 368.00 fit_best_global 368.00 fit_best_segment 368.00
[ATS] seg 6 iter 493 div_round 0 nid 0 fit_cur 368.00 fit_best_global 368.00 fit_best_segment 368.00
[ATS] seg 6 iter 494 div_round 0 nid 1 fit_cur 368.00 fit_best_global 368.00 fit_best_segment 368.00
[ATS] seg 6 iter 495 div_round 0 nid 1 fit_cur 372.00 fit_best_global 368.00 fit_best_segment 368.00
[ATS] seg 6 iter 496 div_round 0 nid 0 fit_cur 368.00 fit_best_global 368.00 fit_best_segment 368.00
[ATS] seg 6 iter 497 div_round 0 nid 0 fit_cur 368.00 fit_best_global 368.00 fit_best_segment 368.00
[ATS] seg 6 iter 498 div_round 0 nid 1 fit_cur 372.00 fit_best_global 368.00 fit_best_segment 368.00
[ATS] seg 6 iter 499 div_round 0 nid 1 fit_cur 368.00 fit_best_global 368.00 fit_best_segment 368.00
[ATS] seg 6 iter 500 div_round 0 nid 1 fit_cur 368.00 fit_best_global 368.00 fit_best_segment 368.00
[ATS] seg 6 iter 501 div_round 0 nid 0 fit_cur 368.00 fit_best_global 368.00 fit_best_segment 368.00
[ATS] seg 6 iter 502 div_round 0 nid 1 fit_cur 372.00 fit_best_global 368.00 fit_best_segment 368.00
[ATS] seg 6 iter 503 div_round 0 nid 1 fit_cur 368.00 fit_best_global 368.00 fit_best_segment 368.00
[ATS] seg 6 iter 504 div_round 0 nid 0 fit_cur 368.00 fit_best_global 368.00 fit_best_segment 368.00
[ATS] seg 6 iter 505 div_round 0 nid 1 fit_cur 376.00 fit_best_global 368.00 fit_best_segment 368.00
[ATS] seg 6 iter 506 div_round 0 nid 1 fit_cur 368.00 fit_best_global 368.00 fit_best_segment 368.00
[ATS] seg 6 iter 507 div_round 0 nid 1 fit_cur 376.00 fit_best_global 368.00 fit_best_segment 368.00
[ATS] seg 6 iter 508 div_round 0 nid 0 fit_cur 368.00 fit_best_global 368.00 fit_best_segment 368.00
[ATS] seg 6 iter 509 div_round 0 nid 0 fit_cur 368.00 fit_best_global 368.00 fit_best_segment 368.00
[ATS] seg 6 iter 510 div_round 0 nid 1 fit_cur 372.00 fit_best_global 368.00 fit_best_segment 368.00
[ATS] seg 6 iter 511 div_round 0 nid 1 fit_cur 368.00 fit_best_global 368.00 fit_best_segment 368.00
[ATS] seg 6 iter 512 div_round 0 nid 0 fit_cur 368.00 fit_best_global 368.00 fit_best_segment 368.00
[ATS] seg 6 iter 513 div_round 0 nid 0 fit_cur 368.00 fit_best_global 368.00 fit_best_segment 368.00
[ATS] seg 6 iter 514 div_round 0 nid 0 fit_cur 368.00 fit_best_global 368.00 fit_best_segment 368.00
[ATS] seg 6 iter 515 div_round 0 nid 1 fit_cur 368.00 fit_best_global 368.00 fit_best_segment 368.00
[ATS] seg 6 iter 516 div_round 0 nid 0 fit_cur 368.00 fit_best_global 368.00 fit_best_segment 368.00
[ATS] seg 6 iter 517 div_round 0 nid 1 fit_cur 368.00 fit_best_global 368.00 fit_best_segment 368.00
[ATS] seg 6 iter 518 div_round 0 nid 0 fit_cur 368.00 fit_best_global 368.00 fit_best_segment 368.00
[ATS] seg 6 iter 519 div_round 0 nid 0 fit_cur 368.00 fit_best_global 368.00 fit_best_segment 368.00
[ATS] seg 6 iter 520 div_round 0 nid 0 fit_cur 368.00 fit_best_global 368.00 fit_best_segment 368.00
[ATS] seg 6 iter 521 div_round 0 nid 1 fit_cur 368.00 fit_best_global 368.00 fit_best_segment 368.00
[ATS] seg 6 iter 522 div_round 0 nid 1 fit_cur 372.00 fit_best_global 368.00 fit_best_segment 368.00
[ATS] seg 6 iter 523 div_round 0 nid 1 fit_cur 376.00 fit_best_global 368.00 fit_best_segment 368.00
[ATS] seg 6 iter 524 div_round 0 nid 0 fit_cur 368.00 fit_best_global 368.00 fit_best_segment 368.00
[ATS] seg 6 iter 525 div_round 0 nid 0 fit_cur 368.00 fit_best_global 368.00 fit_best_segment 368.00
[ATS] seg 6 iter 526 div_round 0 nid 0 fit_cur 368.00 fit_best_global 368.00 fit_best_segment 368.00
[ATS] seg 6 iter 527 div_round 0 nid 0 fit_cur 368.00 fit_best_global 368.00 fit_best_segment 368.00
[ATS] seg 6 iter 528 div_round 0 nid 0 fit_cur 368.00 fit_best_global 368.00 fit_best_segment 368.00
[ATS] seg 6 iter 529 div_round 0 nid 0 fit_cur 368.00 fit_best_global 368.00 fit_best_segment 368.00
[ATS] seg 6 iter 530 div_round 0 nid 1 fit_cur 368.00 fit_best_global 368.00 fit_best_segment 368.00
[ATS] seg 6 iter 531 div_round 0 nid 1 fit_cur 368.00 fit_best_global 368.00 fit_best_segment 368.00
[ATS] seg 6 iter 532 div_round 0 nid 0 fit_cur 368.00 fit_best_global 368.00 fit_best_segment 368.00
[ATS] seg 6 iter 533 div_round 0 nid 0 fit_cur 368.00 fit_best_global 368.00 fit_best_segment 368.00
[ATS] seg 6 iter 534 div_round 0 nid 0 fit_cur 368.00 fit_best_global 368.00 fit_best_segment 368.00
[ATS] seg 6 iter 535 div_round 0 nid 0 fit_cur 368.00 fit_best_global 368.00 fit_best_segment 368.00
[ATS] seg 6 iter 536 div_round 0 nid 1 fit_cur 368.00 fit_best_global 368.00 fit_best_segment 368.00
[ATS] seg 6 iter 537 div_round 0 nid 0 fit_cur 368.00 fit_best_global 368.00 fit_best_segment 368.00
[ATS] seg 6 iter 538 div_round 0 nid 1 fit_cur 368.00 fit_best_global 368.00 fit_best_segment 368.00
[ATS] seg 6 iter 539 div_round 0 nid 1 fit_cur 368.00 fit_best_global 368.00 fit_best_segment 368.00
[ATS] seg 6 iter 540 div_round 0 nid 0 fit_cur 368.00 fit_best_global 368.00 fit_best_segment 368.00
[ATS] seg 6 iter 541 div_round 0 nid 0 fit_cur 368.00 fit_best_global 368.00 fit_best_segment 368.00
[ATS] seg 6 iter 542 div_round 0 nid 0 fit_cur 368.00 fit_best_global 368.00 fit_best_segment 368.00
[ATS] seg 6 iter 543 div_round 0 nid 1 fit_cur 372.00 fit_best_global 368.00 fit_best_segment 368.00
[ATS] seg 6 iter 544 div_round 0 nid 0 fit_cur 368.00 fit_best_global 368.00 fit_best_segment 368.00
[ATS] seg 6 iter 545 div_round 0 nid 1 fit_cur 368.00 fit_best_global 368.00 fit_best_segment 368.00
[ATS] seg 6 iter 546 div_round 0 nid 0 fit_cur 368.00 fit_best_global 368.00 fit_best_segment 368.00
[ATS] seg 6 iter 547 div_round 0 nid 0 fit_cur 368.00 fit_best_global 368.00 fit_best_segment 368.00
[ATS] seg 6 iter 548 div_round 0 nid 1 fit_cur 368.00 fit_best_global 368.00 fit_best_segment 368.00
[ATS] seg 6 iter 549 div_round 0 nid 1 fit_cur 372.00 fit_best_global 368.00 fit_best_segment 368.00
[ATS] seg 6 iter 550 div_round 0 nid 0 fit_cur 368.00 fit_best_global 368.00 fit_best_segment 368.00
[ATS] seg 6 iter 551 div_round 0 nid 0 fit_cur 368.00 fit_best_global 368.00 fit_best_segment 368.00
[ATS] seg 6 iter 552 div_round 0 nid 1 fit_cur 372.00 fit_best_global 368.00 fit_best_segment 368.00
[ATS] seg 6 iter 553 div_round 0 nid 1 fit_cur 368.00 fit_best_global 368.00 fit_best_segment 368.00
[ATS] seg 6 iter 554 div_round 0 nid 1 fit_cur 372.00 fit_best_global 368.00 fit_best_segment 368.00
[ATS] seg 6 iter 555 div_round 0 nid 0 fit_cur 368.00 fit_best_global 368.00 fit_best_segment 368.00
[ATS] seg 6 iter 556 div_round 0 nid 1 fit_cur 368.00 fit_best_global 368.00 fit_best_segment 368.00
[ATS] seg 6 iter 557 div_round 0 nid 0 fit_cur 368.00 fit_best_global 368.00 fit_best_segment 368.00
[ATS] seg 6 iter 558 div_round 0 nid 1 fit_cur 372.00 fit_best_global 368.00 fit_best_segment 368.00
[ATS] seg 6 iter 559 div_round 0 nid 0 fit_cur 368.00 fit_best_global 368.00 fit_best_segment 368.00
[ATS] seg 6 iter 560 div_round 0 nid 1 fit_cur 368.00 fit_best_global 368.00 fit_best_segment 368.00
[ATS] seg 6 iter 561 div_round 0 nid 0 fit_cur 368.00 fit_best_global 368.00 fit_best_segment 368.00
[ATS] seg 6 iter 562 div_round 0 nid 1 fit_cur 368.00 fit_best_global 368.00 fit_best_segment 368.00
[ATS] seg 6 iter 563 div_round 0 nid 0 fit_cur 368.00 fit_best_global 368.00 fit_best_segment 368.00
[ATS] seg 6 iter 564 div_round 0 nid 1 fit_cur 372.00 fit_best_global 368.00 fit_best_segment 368.00
[ATS] seg 6 iter 565 div_round 0 nid 1 fit_cur 376.00 fit_best_global 368.00 fit_best_segment 368.00
[ATS] seg 6 iter 566 div_round 0 nid 1 fit_cur 368.00 fit_best_global 368.00 fit_best_segment 368.00
[ATS] seg 6 iter 567 div_round 0 nid 1 fit_cur 376.00 fit_best_global 368.00 fit_best_segment 368.00
[ATS] seg 6 iter 568 div_round 0 nid 0 fit_cur 368.00 fit_best_global 368.00 fit_best_segment 368.00
[ATS] seg 6 iter 569 div_round 0 nid 0 fit_cur 368.00 fit_best_global 368.00 fit_best_segment 368.00
[ATS] seg 6 iter 570 div_round 0 nid 0 fit_cur 368.00 fit_best_global 368.00 fit_best_segment 368.00
[ATS] seg 6 iter 571 div_round 0 nid 0 fit_cur 368.00 fit_best_global 368.00 fit_best_segment 368.00
[ATS] seg 6 iter 572 div_round 0 nid 1 fit_cur 368.00 fit_best_global 368.00 fit_best_segment 368.00
[ATS] seg 6 iter 573 div_round 0 nid 0 fit_cur 368.00 fit_best_global 368.00 fit_best_segment 368.00
[ATS] seg 6 iter 574 div_round 0 nid 1 fit_cur 368.00 fit_best_global 368.00 fit_best_segment 368.00
[ATS] seg 6 iter 575 div_round 0 nid 1 fit_cur 368.00 fit_best_global 368.00 fit_best_segment 368.00
[ATS] seg 6 iter 576 div_round 0 nid 1 fit_cur 368.00 fit_best_global 368.00 fit_best_segment 368.00
[ATS] seg 6 iter 577 div_round 0 nid 1 fit_cur 368.00 fit_best_global 368.00 fit_best_segment 368.00
[ATS] seg 6 iter 578 div_round 0 nid 1 fit_cur 368.00 fit_best_global 368.00 fit_best_segment 368.00
[ATS] seg 6 iter 579 div_round 0 nid 0 fit_cur 368.00 fit_best_global 368.00 fit_best_segment 368.00
[ATS] seg 6 iter 580 div_round 0 nid 0 fit_cur 368.00 fit_best_global 368.00 fit_best_segment 368.00
[ATS] seg 6 iter 581 div_round 0 nid 0 fit_cur 368.00 fit_best_global 368.00 fit_best_segment 368.00
[ATS] seg 6 iter 582 div_round 0 nid 1 fit_cur 368.00 fit_best_global 368.00 fit_best_segment 368.00
[ATS] seg 6 iter 583 div_round 0 nid 1 fit_cur 368.00 fit_best_global 368.00 fit_best_segment 368.00
[ATS] seg 6 iter 584 div_round 0 nid 0 fit_cur 368.00 fit_best_global 368.00 fit_best_segment 368.00
[ATS] seg 6 iter 585 div_round 0 nid 1 fit_cur 368.00 fit_best_global 368.00 fit_best_segment 368.00
[ATS] seg 6 iter 586 div_round 0 nid 1 fit_cur 368.00 fit_best_global 368.00 fit_best_segment 368.00
[ATS] seg 6 iter 587 div_round 0 nid 0 fit_cur 368.00 fit_best_global 368.00 fit_best_segment 368.00
[ATS] seg 6 iter 588 div_round 0 nid 1 fit_cur 368.00 fit_best_global 368.00 fit_best_segment 368.00
[ATS] seg 6 iter 589 div_round 0 nid 0 fit_cur 368.00 fit_best_global 368.00 fit_best_segment 368.00
[ATS] seg 6 iter 590 div_round 0 nid 0 fit_cur 368.00 fit_best_global 368.00 fit_best_segment 368.00
[ATS] seg 6 iter 591 div_round 0 nid 1 fit_cur 372.00 fit_best_global 368.00 fit_best_segment 368.00
[ATS] seg 6 iter 592 div_round 0 nid 1 fit_cur 372.00 fit_best_global 368.00 fit_best_segment 368.00
[ATS] seg 6 iter 593 div_round 0 nid 1 fit_cur 372.00 fit_best_global 368.00 fit_best_segment 368.00
[ATS] seg 6 iter 594 div_round 0 nid 0 fit_cur 368.00 fit_best_global 368.00 fit_best_segment 368.00
[ATS] seg 6 iter 595 div_round 0 nid 0 fit_cur 368.00 fit_best_global 368.00 fit_best_segment 368.00
[ATS] seg 6 iter 596 div_round 0 nid 0 fit_cur 368.00 fit_best_global 368.00 fit_best_segment 368.00
[ATS] seg 6 iter 597 div_round 0 nid 0 fit_cur 368.00 fit_best_global 368.00 fit_best_segment 368.00
[ATS] seg 6 iter 598 div_round 0 nid 0 fit_cur 368.00 fit_best_global 368.00 fit_best_segment 368.00
[ATS] seg 6 iter 599 div_round 0 nid 0 fit_cur 368.00 fit_best_global 368.00 fit_best_segment 368.00
[ATS] seg 6 iter 600 div_round 0 nid 1 fit_cur 372.00 fit_best_global 368.00 fit_best_segment 368.00
[ATS] seg 6 iter 601 div_round 0 nid 0 fit_cur 368.00 fit_best_global 368.00 fit_best_segment 368.00
[ATS] seg 6 iter 602 div_round 0 nid 1 fit_cur 368.00 fit_best_global 368.00 fit_best_segment 368.00
[ATS] seg 6 iter 603 div_round 0 nid 0 fit_cur 368.00 fit_best_global 368.00 fit_best_segment 368.00
[ATS] seg 6 iter 604 div_round 0 nid 0 fit_cur 368.00 fit_best_global 368.00 fit_best_segment 368.00
[ATS] seg 6 iter 605 div_round 0 nid 1 fit_cur 372.00 fit_best_global 368.00 fit_best_segment 368.00
[ATS] seg 6 iter 606 div_round 0 nid 1 fit_cur 376.00 fit_best_global 368.00 fit_best_segment 368.00
[ATS] seg 6 iter 607 div_round 0 nid 1 fit_cur 368.00 fit_best_global 368.00 fit_best_segment 368.00
[ATS] seg 6 iter 608 div_round 0 nid 0 fit_cur 368.00 fit_best_global 368.00 fit_best_segment 368.00
[ATS] seg 6 iter 609 div_round 0 nid 0 fit_cur 368.00 fit_best_global 368.00 fit_best_segment 368.00
[ATS] seg 6 iter 610 div_round 0 nid 0 fit_cur 368.00 fit_best_global 368.00 fit_best_segment 368.00
[ATS] seg 6 iter 611 div_round 0 nid 0 fit_cur 368.00 fit_best_global 368.00 fit_best_segment 368.00
[ATS] seg 6 iter 612 div_round 0 nid 0 fit_cur 368.00 fit_best_global 368.00 fit_best_segment 368.00
[ATS] seg 6 iter 613 div_round 0 nid 1 fit_cur 368.00 fit_best_global 368.00 fit_best_segment 368.00
[ATS] seg 6 iter 614 div_round 0 nid 1 fit_cur 372.00 fit_best_global 368.00 fit_best_segment 368.00
[ATS] seg 6 iter 615 div_round 0 nid 0 fit_cur 368.00 fit_best_global 368.00 fit_best_segment 368.00
[ATS] seg 6 iter 616 div_round 0 nid 0 fit_cur 368.00 fit_best_global 368.00 fit_best_segment 368.00
[ATS] seg 6 iter 617 div_round 0 nid 1 fit_cur 368.00 fit_best_global 368.00 fit_best_segment 368.00
[ATS] seg 6 iter 618 div_round 0 nid 1 fit_cur 368.00 fit_best_global 368.00 fit_best_segment 368.00
[ATS] seg 6 iter 619 div_round 0 nid 1 fit_cur 368.00 fit_best_global 368.00 fit_best_segment 368.00
[ATS] seg 6 iter 620 div_round 0 nid 0 fit_cur 368.00 fit_best_global 368.00 fit_best_segment 368.00
[ATS] seg 6 iter 621 div_round 0 nid 0 fit_cur 368.00 fit_best_global 368.00 fit_best_segment 368.00
[ATS] seg 6 iter 622 div_round 0 nid 1 fit_cur 368.00 fit_best_global 368.00 fit_best_segment 368.00
[ATS] seg 6 iter 623 div_round 0 nid 0 fit_cur 368.00 fit_best_global 368.00 fit_best_segment 368.00
[ATS] seg 6 iter 624 div_round 0 nid 0 fit_cur 368.00 fit_best_global 368.00 fit_best_segment 368.00
[ATS] seg 6 iter 625 div_round 0 nid 0 fit_cur 368.00 fit_best_global 368.00 fit_best_segment 368.00
[ATS] seg 6 iter 626 div_round 0 nid 1 fit_cur 368.00 fit_best_global 368.00 fit_best_segment 368.00
[ATS] seg 6 iter 627 div_round 0 nid 1 fit_cur 368.00 fit_best_global 368.00 fit_best_segment 368.00
[ATS] seg 6 iter 628 div_round 0 nid 1 fit_cur 368.00 fit_best_global 368.00 fit_best_segment 368.00
[ATS] seg 6 iter 629 div_round 0 nid 0 fit_cur 368.00 fit_best_global 368.00 fit_best_segment 368.00
[ATS] seg 6 iter 630 div_round 0 nid 1 fit_cur 376.00 fit_best_global 368.00 fit_best_segment 368.00
[ATS] seg 6 iter 631 div_round 0 nid 0 fit_cur 368.00 fit_best_global 368.00 fit_best_segment 368.00
[ATS] seg 6 iter 632 div_round 0 nid 0 fit_cur 368.00 fit_best_global 368.00 fit_best_segment 368.00
[ATS] seg 6 iter 633 div_round 0 nid 1 fit_cur 368.00 fit_best_global 368.00 fit_best_segment 368.00
[ATS] seg 6 iter 634 div_round 0 nid 0 fit_cur 368.00 fit_best_global 368.00 fit_best_segment 368.00
[ATS] seg 6 iter 635 div_round 0 nid 0 fit_cur 368.00 fit_best_global 368.00 fit_best_segment 368.00
[ATS] seg 6 iter 636 div_round 0 nid 1 fit_cur 368.00 fit_best_global 368.00 fit_best_segment 368.00
[ATS] seg 6 iter 637 div_round 0 nid 1 fit_cur 368.00 fit_best_global 368.00 fit_best_segment 368.00
[ATS] seg 6 iter 638 div_round 0 nid 0 fit_cur 368.00 fit_best_global 368.00 fit_best_segment 368.00
[ATS] seg 6 iter 639 div_round 0 nid 1 fit_cur 368.00 fit_best_global 368.00 fit_best_segment 368.00
[ATS] seg 6 iter 640 div_round 0 nid 1 fit_cur 368.00 fit_best_global 368.00 fit_best_segment 368.00
[ATS] seg 6 iter 641 div_round 0 nid 0 fit_cur 368.00 fit_best_global 368.00 fit_best_segment 368.00
[ATS] seg 6 iter 642 div_round 0 nid 1 fit_cur 368.00 fit_best_global 368.00 fit_best_segment 368.00
[ATS] seg 6 iter 643 div_round 0 nid 1 fit_cur 372.00 fit_best_global 368.00 fit_best_segment 368.00
[ATS] seg 6 iter 644 div_round 0 nid 0 fit_cur 368.00 fit_best_global 368.00 fit_best_segment 368.00
[ATS] seg 6 iter 645 div_round 0 nid 1 fit_cur 368.00 fit_best_global 368.00 fit_best_segment 368.00
[ATS] seg 6 iter 646 div_round 0 nid 0 fit_cur 368.00 fit_best_global 368.00 fit_best_segment 368.00
[ATS] seg 6 iter 647 div_round 0 nid 0 fit_cur 368.00 fit_best_global 368.00 fit_best_segment 368.00
[ATS] seg 6 iter 648 div_round 0 nid 0 fit_cur 368.00 fit_best_global 368.00 fit_best_segment 368.00
[ATS] seg 6 iter 649 div_round 0 nid 0 fit_cur 368.00 fit_best_global 368.00 fit_best_segment 368.00
[ATS] seg 6 iter 650 div_round 0 nid 0 fit_cur 368.00 fit_best_global 368.00 fit_best_segment 368.00
[ATS] seg 6 iter 651 div_round 0 nid 0 fit_cur 368.00 fit_best_global 368.00 fit_best_segment 368.00
[ATS] seg 6 iter 652 div_round 0 nid 1 fit_cur 372.00 fit_best_global 368.00 fit_best_segment 368.00
[ATS] seg 6 iter 653 div_round 0 nid 1 fit_cur 368.00 fit_best_global 368.00 fit_best_segment 368.00
[ATS] seg 6 iter 654 div_round 0 nid 1 fit_cur 372.00 fit_best_global 368.00 fit_best_segment 368.00
[ATS] seg 6 iter 655 div_round 0 nid 1 fit_cur 372.00 fit_best_global 368.00 fit_best_segment 368.00
[ATS] seg 6 iter 656 div_round 0 nid 1 fit_cur 368.00 fit_best_global 368.00 fit_best_segment 368.00
[ATS] seg 6 iter 657 div_round 0 nid 0 fit_cur 368.00 fit_best_global 368.00 fit_best_segment 368.00
[ATS] seg 6 iter 658 div_round 0 nid 1 fit_cur 368.00 fit_best_global 368.00 fit_best_segment 368.00
[ATS] seg 6 iter 659 div_round 0 nid 0 fit_cur 368.00 fit_best_global 368.00 fit_best_segment 368.00
[ATS] seg 6 iter 660 div_round 0 nid 0 fit_cur 368.00 fit_best_global 368.00 fit_best_segment 368.00
[ATS] seg 6 iter 661 div_round 0 nid 1 fit_cur 372.00 fit_best_global 368.00 fit_best_segment 368.00
[ATS] seg 6 iter 662 div_round 0 nid 0 fit_cur 368.00 fit_best_global 368.00 fit_best_segment 368.00
[ATS] seg 6 iter 663 div_round 0 nid 0 fit_cur 368.00 fit_best_global 368.00 fit_best_segment 368.00
[ATS] seg 6 iter 664 div_round 0 nid 1 fit_cur 372.00 fit_best_global 368.00 fit_best_segment 368.00
[ATS] seg 6 iter 665 div_round 0 nid 1 fit_cur 368.00 fit_best_global 368.00 fit_best_segment 368.00
[ATS] seg 6 iter 666 div_round 0 nid 1 fit_cur 376.00 fit_best_global 368.00 fit_best_segment 368.00
[ATS] seg 6 iter 667 div_round 0 nid 1 fit_cur 368.00 fit_best_global 368.00 fit_best_segment 368.00
[ATS] seg 6 iter 668 div_round 0 nid 0 fit_cur 368.00 fit_best_global 368.00 fit_best_segment 368.00
[ATS] seg 6 iter 669 div_round 0 nid 0 fit_cur 368.00 fit_best_global 368.00 fit_best_segment 368.00
[ATS] seg 6 iter 670 div_round 0 nid 1 fit_cur 376.00 fit_best_global 368.00 fit_best_segment 368.00
[ATS] seg 6 iter 671 div_round 0 nid 1 fit_cur 368.00 fit_best_global 368.00 fit_best_segment 368.00
[ATS] seg 6 iter 672 div_round 0 nid 1 fit_cur 368.00 fit_best_global 368.00 fit_best_segment 368.00
[ATS] seg 6 iter 673 div_round 0 nid 0 fit_cur 368.00 fit_best_global 368.00 fit_best_segment 368.00
[ATS] seg 6 iter 674 div_round 0 nid 0 fit_cur 368.00 fit_best_global 368.00 fit_best_segment 368.00
[ATS] seg 6 iter 675 div_round 0 nid 1 fit_cur 376.00 fit_best_global 368.00 fit_best_segment 368.00
[ATS] seg 6 iter 676 div_round 0 nid 0 fit_cur 368.00 fit_best_global 368.00 fit_best_segment 368.00
[ATS] seg 6 iter 677 div_round 0 nid 0 fit_cur 368.00 fit_best_global 368.00 fit_best_segment 368.00
[ATS] seg 6 iter 678 div_round 0 nid 1 fit_cur 368.00 fit_best_global 368.00 fit_best_segment 368.00
[ATS] seg 6 iter 679 div_round 0 nid 1 fit_cur 368.00 fit_best_global 368.00 fit_best_segment 368.00
[ATS] seg 6 iter 680 div_round 0 nid 1 fit_cur 368.00 fit_best_global 368.00 fit_best_segment 368.00
[ATS] seg 6 iter 681 div_round 0 nid 1 fit_cur 368.00 fit_best_global 368.00 fit_best_segment 368.00
[ATS] seg 6 iter 682 div_round 0 nid 0 fit_cur 368.00 fit_best_global 368.00 fit_best_segment 368.00
[ATS] seg 6 iter 683 div_round 0 nid 0 fit_cur 368.00 fit_best_global 368.00 fit_best_segment 368.00
[ATS] seg 6 iter 684 div_round 0 nid 1 fit_cur 368.00 fit_best_global 368.00 fit_best_segment 368.00
[ATS] seg 6 iter 685 div_round 0 nid 0 fit_cur 368.00 fit_best_global 368.00 fit_best_segment 368.00
[ATS] seg 6 iter 686 div_round 0 nid 1 fit_cur 376.00 fit_best_global 368.00 fit_best_segment 368.00
[ATS] seg 6 iter 687 div_round 0 nid 1 fit_cur 372.00 fit_best_global 368.00 fit_best_segment 368.00
[ATS] seg 6 iter 688 div_round 0 nid 0 fit_cur 368.00 fit_best_global 368.00 fit_best_segment 368.00
[ATS] seg 6 iter 689 div_round 0 nid 1 fit_cur 376.00 fit_best_global 368.00 fit_best_segment 368.00
[ATS] seg 6 iter 690 div_round 0 nid 1 fit_cur 372.00 fit_best_global 368.00 fit_best_segment 368.00
[ATS] seg 6 iter 691 div_round 0 nid 0 fit_cur 368.00 fit_best_global 368.00 fit_best_segment 368.00
[ATS] seg 6 iter 692 div_round 0 nid 0 fit_cur 368.00 fit_best_global 368.00 fit_best_segment 368.00
[ATS] seg 6 iter 693 div_round 0 nid 1 fit_cur 372.00 fit_best_global 368.00 fit_best_segment 368.00
[ATS] seg 6 iter 694 div_round 0 nid 0 fit_cur 368.00 fit_best_global 368.00 fit_best_segment 368.00
[ATS] seg 6 iter 695 div_round 0 nid 1 fit_cur 368.00 fit_best_global 368.00 fit_best_segment 368.00
[ATS] seg 6 iter 696 div_round 0 nid 1 fit_cur 368.00 fit_best_global 368.00 fit_best_segment 368.00
[ATS] seg 6 iter 697 div_round 0 nid 1 fit_cur 368.00 fit_best_global 368.00 fit_best_segment 368.00
[ATS] seg 6 iter 698 div_round 0 nid 1 fit_cur 368.00 fit_best_global 368.00 fit_best_segment 368.00
[ATS] seg 6 iter 699 div_round 0 nid 0 fit_cur 368.00 fit_best_global 368.00 fit_best_segment 368.00
[ATS] seg 6 iter 700 div_round 0 nid 1 fit_cur 368.00 fit_best_global 368.00 fit_best_segment 368.00
[ATS] seg 6 iter 701 div_round 0 nid 1 fit_cur 372.00 fit_best_global 368.00 fit_best_segment 368.00
[ATS] seg 6 iter 702 div_round 0 nid 0 fit_cur 368.00 fit_best_global 368.00 fit_best_segment 368.00
[ATS] seg 6 iter 703 div_round 0 nid 0 fit_cur 368.00 fit_best_global 368.00 fit_best_segment 368.00
[ATS] seg 6 iter 704 div_round 0 nid 0 fit_cur 368.00 fit_best_global 368.00 fit_best_segment 368.00
[ATS] seg 6 iter 705 div_round 0 nid 0 fit_cur 368.00 fit_best_global 368.00 fit_best_segment 368.00
[ATS] seg 6 iter 706 div_round 0 nid 1 fit_cur 372.00 fit_best_global 368.00 fit_best_segment 368.00
[ATS] seg 6 iter 707 div_round 0 nid 0 fit_cur 368.00 fit_best_global 368.00 fit_best_segment 368.00
[ATS] seg 6 iter 708 div_round 0 nid 0 fit_cur 364.00 fit_best_global 364.00 fit_best_segment 364.00 *
[ATS] seg 6 iter 709 div_round 0 nid 1 fit_cur 364.00 fit_best_global 364.00 fit_best_segment 364.00
[ATS] seg 6 iter 710 div_round 0 nid 0 fit_cur 364.00 fit_best_global 364.00 fit_best_segment 364.00
[ATS] seg 6 iter 711 div_round 0 nid 1 fit_cur 364.00 fit_best_global 364.00 fit_best_segment 364.00
[ATS] seg 6 iter 712 div_round 0 nid 0 fit_cur 364.00 fit_best_global 364.00 fit_best_segment 364.00
[ATS] seg 6 iter 713 div_round 0 nid 0 fit_cur 364.00 fit_best_global 364.00 fit_best_segment 364.00
[ATS] seg 6 iter 714 div_round 0 nid 0 fit_cur 364.00 fit_best_global 364.00 fit_best_segment 364.00
[ATS] seg 6 iter 715 div_round 0 nid 1 fit_cur 364.00 fit_best_global 364.00 fit_best_segment 364.00
[ATS] seg 6 iter 716 div_round 0 nid 0 fit_cur 364.00 fit_best_global 364.00 fit_best_segment 364.00
[ATS] seg 6 iter 717 div_round 0 nid 0 fit_cur 364.00 fit_best_global 364.00 fit_best_segment 364.00
[ATS] seg 6 iter 718 div_round 0 nid 0 fit_cur 364.00 fit_best_global 364.00 fit_best_segment 364.00
[ATS] seg 6 iter 719 div_round 0 nid 0 fit_cur 364.00 fit_best_global 364.00 fit_best_segment 364.00
[ATS] seg 6 iter 720 div_round 0 nid 0 fit_cur 364.00 fit_best_global 364.00 fit_best_segment 364.00
[ATS] seg 6 iter 721 div_round 0 nid 0 fit_cur 364.00 fit_best_global 364.00 fit_best_segment 364.00
[ATS] seg 6 iter 722 div_round 0 nid 1 fit_cur 364.00 fit_best_global 364.00 fit_best_segment 364.00
[ATS] seg 6 iter 723 div_round 0 nid 1 fit_cur 364.00 fit_best_global 364.00 fit_best_segment 364.00
[ATS] seg 6 iter 724 div_round 0 nid 0 fit_cur 364.00 fit_best_global 364.00 fit_best_segment 364.00
[ATS] seg 6 iter 725 div_round 0 nid 1 fit_cur 364.00 fit_best_global 364.00 fit_best_segment 364.00
[ATS] seg 6 iter 726 div_round 0 nid 1 fit_cur 364.00 fit_best_global 364.00 fit_best_segment 364.00
[ATS] seg 6 iter 727 div_round 0 nid 1 fit_cur 364.00 fit_best_global 364.00 fit_best_segment 364.00
[ATS] seg 6 iter 728 div_round 0 nid 1 fit_cur 364.00 fit_best_global 364.00 fit_best_segment 364.00
[ATS] seg 6 iter 729 div_round 0 nid 1 fit_cur 364.00 fit_best_global 364.00 fit_best_segment 364.00
[ATS] seg 6 iter 730 div_round 0 nid 0 fit_cur 364.00 fit_best_global 364.00 fit_best_segment 364.00
[ATS] seg 6 iter 731 div_round 0 nid 1 fit_cur 364.00 fit_best_global 364.00 fit_best_segment 364.00
[ATS] seg 6 iter 732 div_round 0 nid 0 fit_cur 364.00 fit_best_global 364.00 fit_best_segment 364.00
[ATS] seg 6 iter 733 div_round 0 nid 0 fit_cur 364.00 fit_best_global 364.00 fit_best_segment 364.00
[ATS] seg 6 iter 734 div_round 0 nid 0 fit_cur 364.00 fit_best_global 364.00 fit_best_segment 364.00
[ATS] seg 6 iter 735 div_round 0 nid 0 fit_cur 364.00 fit_best_global 364.00 fit_best_segment 364.00
[ATS] seg 6 iter 736 div_round 0 nid 1 fit_cur 364.00 fit_best_global 364.00 fit_best_segment 364.00
[ATS] seg 6 iter 737 div_round 0 nid 1 fit_cur 364.00 fit_best_global 364.00 fit_best_segment 364.00
[ATS] seg 6 iter 738 div_round 0 nid 1 fit_cur 364.00 fit_best_global 364.00 fit_best_segment 364.00
[ATS] seg 6 iter 739 div_round 0 nid 1 fit_cur 364.00 fit_best_global 364.00 fit_best_segment 364.00
[ATS] seg 6 iter 740 div_round 0 nid 1 fit_cur 364.00 fit_best_global 364.00 fit_best_segment 364.00
[ATS] seg 6 iter 741 div_round 0 nid 0 fit_cur 364.00 fit_best_global 364.00 fit_best_segment 364.00
[ATS] seg 6 iter 742 div_round 0 nid 1 fit_cur 364.00 fit_best_global 364.00 fit_best_segment 364.00
[ATS] seg 6 iter 743 div_round 0 nid 0 fit_cur 364.00 fit_best_global 364.00 fit_best_segment 364.00
[ATS] seg 6 iter 744 div_round 0 nid 0 fit_cur 364.00 fit_best_global 364.00 fit_best_segment 364.00
[ATS] seg 6 iter 745 div_round 0 nid 1 fit_cur 364.00 fit_best_global 364.00 fit_best_segment 364.00
[ATS] seg 6 iter 746 div_round 0 nid 0 fit_cur 364.00 fit_best_global 364.00 fit_best_segment 364.00
[ATS] seg 6 iter 747 div_round 0 nid 0 fit_cur 364.00 fit_best_global 364.00 fit_best_segment 364.00
[ATS] seg 6 iter 748 div_round 0 nid 1 fit_cur 364.00 fit_best_global 364.00 fit_best_segment 364.00
[ATS] seg 6 iter 749 div_round 0 nid 0 fit_cur 364.00 fit_best_global 364.00 fit_best_segment 364.00
[ATS] seg 6 iter 750 div_round 0 nid 1 fit_cur 368.00 fit_best_global 364.00 fit_best_segment 364.00
[ATS] seg 6 iter 751 div_round 0 nid 0 fit_cur 364.00 fit_best_global 364.00 fit_best_segment 364.00
[ATS] seg 6 iter 752 div_round 0 nid 0 fit_cur 364.00 fit_best_global 364.00 fit_best_segment 364.00
[ATS] seg 6 iter 753 div_round 0 nid 0 fit_cur 364.00 fit_best_global 364.00 fit_best_segment 364.00
[ATS] seg 6 iter 754 div_round 0 nid 1 fit_cur 364.00 fit_best_global 364.00 fit_best_segment 364.00
[ATS] seg 6 iter 755 div_round 0 nid 1 fit_cur 364.00 fit_best_global 364.00 fit_best_segment 364.00
[ATS] seg 6 iter 756 div_round 0 nid 0 fit_cur 364.00 fit_best_global 364.00 fit_best_segment 364.00
[ATS] seg 6 iter 757 div_round 0 nid 1 fit_cur 364.00 fit_best_global 364.00 fit_best_segment 364.00
[ATS] seg 6 iter 758 div_round 0 nid 1 fit_cur 364.00 fit_best_global 364.00 fit_best_segment 364.00
[ATS] seg 6 iter 759 div_round 0 nid 0 fit_cur 364.00 fit_best_global 364.00 fit_best_segment 364.00
[ATS] seg 6 iter 760 div_round 0 nid 0 fit_cur 364.00 fit_best_global 364.00 fit_best_segment 364.00
[ATS] seg 6 iter 761 div_round 0 nid 1 fit_cur 368.00 fit_best_global 364.00 fit_best_segment 364.00
[ATS] seg 6 iter 762 div_round 0 nid 1 fit_cur 364.00 fit_best_global 364.00 fit_best_segment 364.00
[ATS] seg 6 iter 763 div_round 0 nid 0 fit_cur 364.00 fit_best_global 364.00 fit_best_segment 364.00
[ATS] seg 6 iter 764 div_round 0 nid 0 fit_cur 364.00 fit_best_global 364.00 fit_best_segment 364.00
[ATS] seg 6 iter 765 div_round 0 nid 1 fit_cur 364.00 fit_best_global 364.00 fit_best_segment 364.00
[ATS] seg 6 iter 766 div_round 0 nid 1 fit_cur 364.00 fit_best_global 364.00 fit_best_segment 364.00
[ATS] seg 6 iter 767 div_round 0 nid 0 fit_cur 364.00 fit_best_global 364.00 fit_best_segment 364.00
[ATS] seg 6 iter 768 div_round 0 nid 1 fit_cur 364.00 fit_best_global 364.00 fit_best_segment 364.00
[ATS] seg 6 iter 769 div_round 0 nid 0 fit_cur 364.00 fit_best_global 364.00 fit_best_segment 364.00
[ATS] seg 6 iter 770 div_round 0 nid 1 fit_cur 364.00 fit_best_global 364.00 fit_best_segment 364.00
[ATS] seg 6 iter 771 div_round 0 nid 1 fit_cur 364.00 fit_best_global 364.00 fit_best_segment 364.00
[ATS] seg 6 iter 772 div_round 0 nid 1 fit_cur 364.00 fit_best_global 364.00 fit_best_segment 364.00
[ATS] seg 6 iter 773 div_round 0 nid 0 fit_cur 364.00 fit_best_global 364.00 fit_best_segment 364.00
[ATS] seg 6 iter 774 div_round 0 nid 0 fit_cur 364.00 fit_best_global 364.00 fit_best_segment 364.00
[ATS] seg 6 iter 775 div_round 0 nid 0 fit_cur 364.00 fit_best_global 364.00 fit_best_segment 364.00
[ATS] seg 6 iter 776 div_round 0 nid 1 fit_cur 364.00 fit_best_global 364.00 fit_best_segment 364.00
[ATS] seg 6 iter 777 div_round 0 nid 1 fit_cur 364.00 fit_best_global 364.00 fit_best_segment 364.00
[ATS] seg 6 iter 778 div_round 0 nid 0 fit_cur 360.00 fit_best_global 360.00 fit_best_segment 360.00 *
[ATS] seg 6 iter 779 div_round 0 nid 0 fit_cur 364.00 fit_best_global 360.00 fit_best_segment 360.00
[ATS] seg 6 iter 780 div_round 0 nid 0 fit_cur 364.00 fit_best_global 360.00 fit_best_segment 360.00
[ATS] seg 6 iter 781 div_round 0 nid 0 fit_cur 360.00 fit_best_global 360.00 fit_best_segment 360.00
[ATS] seg 6 iter 782 div_round 0 nid 1 fit_cur 360.00 fit_best_global 360.00 fit_best_segment 360.00
[ATS] seg 6 iter 783 div_round 0 nid 1 fit_cur 364.00 fit_best_global 360.00 fit_best_segment 360.00
[ATS] seg 6 iter 784 div_round 0 nid 0 fit_cur 360.00 fit_best_global 360.00 fit_best_segment 360.00
[ATS] seg 6 iter 785 div_round 0 nid 1 fit_cur 364.00 fit_best_global 360.00 fit_best_segment 360.00
[ATS] seg 6 iter 786 div_round 0 nid 0 fit_cur 364.00 fit_best_global 360.00 fit_best_segment 360.00
[ATS] seg 6 iter 787 div_round 0 nid 0 fit_cur 364.00 fit_best_global 360.00 fit_best_segment 360.00
[ATS] seg 6 iter 788 div_round 0 nid 0 fit_cur 360.00 fit_best_global 360.00 fit_best_segment 360.00
[ATS] seg 6 iter 789 div_round 0 nid 1 fit_cur 364.00 fit_best_global 360.00 fit_best_segment 360.00
[ATS] seg 6 iter 790 div_round 0 nid 0 fit_cur 360.00 fit_best_global 360.00 fit_best_segment 360.00
[ATS] seg 6 iter 791 div_round 0 nid 1 fit_cur 368.00 fit_best_global 360.00 fit_best_segment 360.00
[ATS] seg 6 iter 792 div_round 0 nid 0 fit_cur 360.00 fit_best_global 360.00 fit_best_segment 360.00
[ATS] seg 6 iter 793 div_round 0 nid 1 fit_cur 368.00 fit_best_global 360.00 fit_best_segment 360.00
[ATS] seg 7 iter 0 div_round 0 nid 0 fit_cur 360.00 fit_best_global 360.00 fit_best_segment 360.00
[ATS] seg 7 iter 1 div_round 0 nid 2 fit_cur 364.00 fit_best_global 360.00 fit_best_segment 360.00
[ATS] seg 7 iter 2 div_round 0 nid 0 fit_cur 360.00 fit_best_global 360.00 fit_best_segment 360.00
[ATS] seg 7 iter 3 div_round 0 nid 0 fit_cur 360.00 fit_best_global 360.00 fit_best_segment 360.00
[ATS] seg 7 iter 4 div_round 0 nid 1 fit_cur 360.00 fit_best_global 360.00 fit_best_segment 360.00
[ATS] seg 7 iter 5 div_round 0 nid 2 fit_cur 364.00 fit_best_global 360.00 fit_best_segment 360.00
[ATS] seg 7 iter 6 div_round 0 nid 0 fit_cur 360.00 fit_best_global 360.00 fit_best_segment 360.00
[ATS] seg 7 iter 7 div_round 0 nid 0 fit_cur 360.00 fit_best_global 360.00 fit_best_segment 360.00
[ATS] seg 7 iter 8 div_round 0 nid 2 fit_cur 368.00 fit_best_global 360.00 fit_best_segment 360.00
[ATS] seg 7 iter 9 div_round 0 nid 1 fit_cur 360.00 fit_best_global 360.00 fit_best_segment 360.00
[ATS] seg 7 iter 10 div_round 0 nid 0 fit_cur 360.00 fit_best_global 360.00 fit_best_segment 360.00
[ATS] seg 7 iter 11 div_round 0 nid 1 fit_cur 360.00 fit_best_global 360.00 fit_best_segment 360.00
[ATS] seg 7 iter 12 div_round 0 nid 2 fit_cur 368.00 fit_best_global 360.00 fit_best_segment 360.00
[ATS] seg 8 iter 0 div_round 0 nid 1 fit_cur 360.00 fit_best_global 360.00 fit_best_segment 360.00
[ATS] seg 8 iter 1 div_round 0 nid 2 fit_cur 364.00 fit_best_global 360.00 fit_best_segment 360.00
[ATS] seg 8 iter 2 div_round 0 nid 1 fit_cur 360.00 fit_best_global 360.00 fit_best_segment 360.00
[ATS] seg 8 iter 3 div_round 0 nid 2 fit_cur 364.00 fit_best_global 360.00 fit_best_segment 360.00
[ATS] seg 8 iter 4 div_round 0 nid 0 fit_cur 360.00 fit_best_global 360.00 fit_best_segment 360.00
[ATS] seg 8 iter 5 div_round 0 nid 1 fit_cur 360.00 fit_best_global 360.00 fit_best_segment 360.00
[ATS] seg 8 iter 6 div_round 0 nid 1 fit_cur 364.00 fit_best_global 360.00 fit_best_segment 360.00
[ATS] seg 8 iter 7 div_round 0 nid 2 fit_cur 368.00 fit_best_global 360.00 fit_best_segment 360.00
[ATS] seg 8 iter 8 div_round 0 nid 1 fit_cur 364.00 fit_best_global 360.00 fit_best_segment 360.00
[ATS] seg 9 iter 0 div_round 0 nid 2 fit_cur 364.00 fit_best_global 360.00 fit_best_segment 360.00
[ATS] seg 9 iter 1 div_round 0 nid 1 fit_cur 360.00 fit_best_global 360.00 fit_best_segment 360.00
[ATS] seg 9 iter 2 div_round 0 nid 0 fit_cur 360.00 fit_best_global 360.00 fit_best_segment 360.00
[ATS] seg 9 iter 3 div_round 0 nid 0 fit_cur 360.00 fit_best_global 360.00 fit_best_segment 360.00
[ATS] seg 9 iter 4 div_round 0 nid 1 fit_cur 360.00 fit_best_global 360.00 fit_best_segment 360.00
[ATS] seg 9 iter 5 div_round 0 nid 1 fit_cur 360.00 fit_best_global 360.00 fit_best_segment 360.00
[ATS] seg 9 iter 6 div_round 0 nid 0 fit_cur 360.00 fit_best_global 360.00 fit_best_segment 360.00
[ATS] seg 9 iter 7 div_round 0 nid 2 fit_cur 364.00 fit_best_global 360.00 fit_best_segment 360.00
[ATS] seg 9 iter 8 div_round 0 nid 0 fit_cur 360.00 fit_best_global 360.00 fit_best_segment 360.00
[ATS] seg 9 iter 9 div_round 0 nid 0 fit_cur 360.00 fit_best_global 360.00 fit_best_segment 360.00
[ATS] seg 9 iter 10 div_round 0 nid 1 fit_cur 364.00 fit_best_global 360.00 fit_best_segment 360.00
[ATS] seg 10 iter 0 div_round 0 nid 1 fit_cur 360.00 fit_best_global 360.00 fit_best_segment 360.00
[ATS] seg 10 iter 1 div_round 0 nid 1 fit_cur 360.00 fit_best_global 360.00 fit_best_segment 360.00
[ATS] seg 10 iter 2 div_round 0 nid 1 fit_cur 360.00 fit_best_global 360.00 fit_best_segment 360.00
[ATS] seg 10 iter 3 div_round 0 nid 0 fit_cur 360.00 fit_best_global 360.00 fit_best_segment 360.00
[ATS] seg 10 iter 4 div_round 0 nid 2 fit_cur 364.00 fit_best_global 360.00 fit_best_segment 360.00
[ATS] seg 10 iter 5 div_round 0 nid 0 fit_cur 360.00 fit_best_global 360.00 fit_best_segment 360.00
[ATS] seg 10 iter 6 div_round 0 nid 1 fit_cur 364.00 fit_best_global 360.00 fit_best_segment 360.00
[ATS] seg 10 iter 7 div_round 0 nid 0 fit_cur 360.00 fit_best_global 360.00 fit_best_segment 360.00
[ATS] seg 10 iter 8 div_round 0 nid 1 fit_cur 364.00 fit_best_global 360.00 fit_best_segment 360.00
[ATS] seg 10 iter 9 div_round 0 nid 1 fit_cur 364.00 fit_best_global 360.00 fit_best_segment 360.00
[ATS] seg 10 iter 10 div_round 0 nid 0 fit_cur 360.00 fit_best_global 360.00 fit_best_segment 360.00
[ATS] seg 10 iter 11 div_round 0 nid 2 fit_cur 364.00 fit_best_global 360.00 fit_best_segment 360.00
[ATS] seg 10 iter 12 div_round 0 nid 1 fit_cur 364.00 fit_best_global 360.00 fit_best_segment 360.00
[ATS] seg 10 iter 13 div_round 0 nid 1 fit_cur 364.00 fit_best_global 360.00 fit_best_segment 360.00
[ATS] seg 11 iter 0 div_round 0 nid 2 fit_cur 364.00 fit_best_global 360.00 fit_best_segment 360.00
[ATS] seg 11 iter 1 div_round 0 nid 1 fit_cur 360.00 fit_best_global 360.00 fit_best_segment 360.00
[ATS] seg 11 iter 2 div_round 0 nid 2 fit_cur 364.00 fit_best_global 360.00 fit_best_segment 360.00
[ATS] seg 11 iter 3 div_round 0 nid 2 fit_cur 368.00 fit_best_global 360.00 fit_best_segment 360.00
[ATS] seg 11 iter 4 div_round 0 nid 1 fit_cur 360.00 fit_best_global 360.00 fit_best_segment 360.00
[ATS] seg 11 iter 5 div_round 0 nid 2 fit_cur 368.00 fit_best_global 360.00 fit_best_segment 360.00
[ATS] seg 11 iter 6 div_round 0 nid 1 fit_cur 360.00 fit_best_global 360.00 fit_best_segment 360.00
[ATS] seg 11 iter 7 div_round 0 nid 0 fit_cur 360.00 fit_best_global 360.00 fit_best_segment 360.00
[ATS] seg 11 iter 8 div_round 0 nid 0 fit_cur 360.00 fit_best_global 360.00 fit_best_segment 360.00
[ATS] seg 11 iter 9 div_round 0 nid 1 fit_cur 364.00 fit_best_global 360.00 fit_best_segment 360.00
[ATS] seg 12 iter 0 div_round 0 nid 0 fit_cur 360.00 fit_best_global 360.00 fit_best_segment 360.00
[ATS] seg 12 iter 1 div_round 0 nid 2 fit_cur 364.00 fit_best_global 360.00 fit_best_segment 360.00
[ATS] seg 12 iter 2 div_round 0 nid 2 fit_cur 364.00 fit_best_global 360.00 fit_best_segment 360.00
[ATS] seg 12 iter 3 div_round 0 nid 0 fit_cur 360.00 fit_best_global 360.00 fit_best_segment 360.00
[ATS] seg 12 iter 4 div_round 0 nid 2 fit_cur 368.00 fit_best_global 360.00 fit_best_segment 360.00
[ATS] seg 12 iter 5 div_round 0 nid 1 fit_cur 360.00 fit_best_global 360.00 fit_best_segment 360.00
[ATS] seg 12 iter 6 div_round 0 nid 1 fit_cur 360.00 fit_best_global 360.00 fit_best_segment 360.00
[ATS] seg 12 iter 7 div_round 0 nid 2 fit_cur 368.00 fit_best_global 360.00 fit_best_segment 360.00
[ATS] seg 12 iter 8 div_round 0 nid 1 fit_cur 360.00 fit_best_global 360.00 fit_best_segment 360.00
[ATS] seg 12 iter 9 div_round 0 nid 2 fit_cur 368.00 fit_best_global 360.00 fit_best_segment 360.00
[ATS] seg 12 iter 10 div_round 0 nid 2 fit_cur 368.00 fit_best_global 360.00 fit_best_segment 360.00
[ATS] seg 13 iter 0 div_round 0 nid 2 fit_cur 364.00 fit_best_global 360.00 fit_best_segment 360.00
[ATS] seg 13 iter 1 div_round 0 nid 2 fit_cur 364.00 fit_best_global 360.00 fit_best_segment 360.00
[ATS] seg 13 iter 2 div_round 0 nid 2 fit_cur 368.00 fit_best_global 360.00 fit_best_segment 360.00
[ATS] seg 13 iter 3 div_round 0 nid 1 fit_cur 360.00 fit_best_global 360.00 fit_best_segment 360.00
[ATS] seg 13 iter 4 div_round 0 nid 0 fit_cur 360.00 fit_best_global 360.00 fit_best_segment 360.00
[ATS] seg 13 iter 5 div_round 0 nid 2 fit_cur 368.00 fit_best_global 360.00 fit_best_segment 360.00
[ATS] seg 13 iter 6 div_round 0 nid 1 fit_cur 360.00 fit_best_global 360.00 fit_best_segment 360.00
[ATS] seg 14 iter 0 div_round 0 nid 2 fit_cur 364.00 fit_best_global 360.00 fit_best_segment 360.00
[ATS] seg 14 iter 1 div_round 0 nid 0 fit_cur 360.00 fit_best_global 360.00 fit_best_segment 360.00
[ATS] seg 14 iter 2 div_round 0 nid 1 fit_cur 360.00 fit_best_global 360.00 fit_best_segment 360.00
[ATS] seg 14 iter 3 div_round 0 nid 0 fit_cur 360.00 fit_best_global 360.00 fit_best_segment 360.00
[ATS] seg 14 iter 4 div_round 0 nid 1 fit_cur 360.00 fit_best_global 360.00 fit_best_segment 360.00
[ATS] seg 14 iter 5 div_round 0 nid 2 fit_cur 364.00 fit_best_global 360.00 fit_best_segment 360.00
[ATS] seg 14 iter 6 div_round 0 nid 0 fit_cur 360.00 fit_best_global 360.00 fit_best_segment 360.00
[ATS] seg 14 iter 7 div_round 0 nid 0 fit_cur 360.00 fit_best_global 360.00 fit_best_segment 360.00
[ATS] seg 14 iter 8 div_round 0 nid 2 fit_cur 368.00 fit_best_global 360.00 fit_best_segment 360.00
[ATS] seg 14 iter 9 div_round 0 nid 1 fit_cur 360.00 fit_best_global 360.00 fit_best_segment 360.00
[ATS] seg 14 iter 10 div_round 0 nid 2 fit_cur 368.00 fit_best_global 360.00 fit_best_segment 360.00
[ATS] seg 14 iter 11 div_round 0 nid 1 fit_cur 364.00 fit_best_global 360.00 fit_best_segment 360.00
[ATS] seg 14 iter 12 div_round 0 nid 2 fit_cur 368.00 fit_best_global 360.00 fit_best_segment 360.00
[ATS] seg 15 iter 0 div_round 0 nid 1 fit_cur 360.00 fit_best_global 360.00 fit_best_segment 360.00
[ATS] seg 15 iter 1 div_round 0 nid 2 fit_cur 364.00 fit_best_global 360.00 fit_best_segment 360.00
[ATS] seg 15 iter 2 div_round 0 nid 1 fit_cur 360.00 fit_best_global 360.00 fit_best_segment 360.00
[ATS] seg 15 iter 3 div_round 0 nid 0 fit_cur 360.00 fit_best_global 360.00 fit_best_segment 360.00
[ATS] seg 15 iter 4 div_round 0 nid 1 fit_cur 360.00 fit_best_global 360.00 fit_best_segment 360.00
[ATS] seg 15 iter 5 div_round 0 nid 1 fit_cur 364.00 fit_best_global 360.00 fit_best_segment 360.00
[ATS] seg 16 iter 0 div_round 0 nid 2 fit_cur 364.00 fit_best_global 360.00 fit_best_segment 360.00
[ATS] seg 16 iter 1 div_round 0 nid 0 fit_cur 360.00 fit_best_global 360.00 fit_best_segment 360.00
[ATS] seg 16 iter 2 div_round 0 nid 1 fit_cur 360.00 fit_best_global 360.00 fit_best_segment 360.00
[ATS] seg 16 iter 3 div_round 0 nid 1 fit_cur 360.00 fit_best_global 360.00 fit_best_segment 360.00
[ATS] seg 16 iter 4 div_round 0 nid 0 fit_cur 360.00 fit_best_global 360.00 fit_best_segment 360.00
[ATS] seg 16 iter 5 div_round 0 nid 1 fit_cur 360.00 fit_best_global 360.00 fit_best_segment 360.00
[ATS] diversification round 0 best_fit 360.00
[ATS] seg 0 iter 0 div_round 1 nid 1 fit_cur 360.00 fit_best_global 360.00 fit_best_segment 360.00
[ATS] seg 0 iter 1 div_round 1 nid 0 fit_cur 360.00 fit_best_global 360.00 fit_best_segment 360.00
[ATS] seg 0 iter 2 div_round 1 nid 1 fit_cur 360.00 fit_best_global 360.00 fit_best_segment 360.00
[ATS] seg 0 iter 3 div_round 1 nid 0 fit_cur 360.00 fit_best_global 360.00 fit_best_segment 360.00
[ATS] seg 0 iter 4 div_round 1 nid 2 fit_cur 364.00 fit_best_global 360.00 fit_best_segment 360.00
[ATS] seg 0 iter 5 div_round 1 nid 2 fit_cur 364.00 fit_best_global 360.00 fit_best_segment 360.00
[ATS] seg 0 iter 6 div_round 1 nid 1 fit_cur 360.00 fit_best_global 360.00 fit_best_segment 360.00
[ATS] seg 0 iter 7 div_round 1 nid 0 fit_cur 360.00 fit_best_global 360.00 fit_best_segment 360.00
[ATS] seg 0 iter 8 div_round 1 nid 2 fit_cur 368.00 fit_best_global 360.00 fit_best_segment 360.00
[ATS] seg 0 iter 9 div_round 1 nid 1 fit_cur 364.00 fit_best_global 360.00 fit_best_segment 360.00
[ATS] seg 0 iter 10 div_round 1 nid 1 fit_cur 364.00 fit_best_global 360.00 fit_best_segment 360.00
[ATS] seg 0 iter 11 div_round 1 nid 1 fit_cur 364.00 fit_best_global 360.00 fit_best_segment 360.00
[ATS] seg 0 iter 12 div_round 1 nid 2 fit_cur 368.00 fit_best_global 360.00 fit_best_segment 360.00
[ATS] seg 0 iter 13 div_round 1 nid 1 fit_cur 364.00 fit_best_global 360.00 fit_best_segment 360.00
[ATS] seg 1 iter 0 div_round 1 nid 2 fit_cur 364.00 fit_best_global 360.00 fit_best_segment 360.00
[ATS] seg 1 iter 1 div_round 1 nid 1 fit_cur 360.00 fit_best_global 360.00 fit_best_segment 360.00
[ATS] seg 1 iter 2 div_round 1 nid 0 fit_cur 360.00 fit_best_global 360.00 fit_best_segment 360.00
[ATS] seg 1 iter 3 div_round 1 nid 2 fit_cur 364.00 fit_best_global 360.00 fit_best_segment 360.00
[ATS] seg 1 iter 4 div_round 1 nid 1 fit_cur 360.00 fit_best_global 360.00 fit_best_segment 360.00
[ATS] seg 1 iter 5 div_round 1 nid 2 fit_cur 368.00 fit_best_global 360.00 fit_best_segment 360.00
[ATS] seg 1 iter 6 div_round 1 nid 1 fit_cur 360.00 fit_best_global 360.00 fit_best_segment 360.00
[ATS] seg 1 iter 7 div_round 1 nid 1 fit_cur 364.00 fit_best_global 360.00 fit_best_segment 360.00
[ATS] seg 1 iter 8 div_round 1 nid 0 fit_cur 360.00 fit_best_global 360.00 fit_best_segment 360.00
[ATS] seg 1 iter 9 div_round 1 nid 2 fit_cur 368.00 fit_best_global 360.00 fit_best_segment 360.00
[ATS] seg 1 iter 10 div_round 1 nid 2 fit_cur 368.00 fit_best_global 360.00 fit_best_segment 360.00
[ATS] seg 1 iter 11 div_round 1 nid 1 fit_cur 364.00 fit_best_global 360.00 fit_best_segment 360.00
[ATS] seg 1 iter 12 div_round 1 nid 0 fit_cur 360.00 fit_best_global 360.00 fit_best_segment 360.00
[ATS] seg 1 iter 13 div_round 1 nid 2 fit_cur 368.00 fit_best_global 360.00 fit_best_segment 360.00
[ATS] seg 1 iter 14 div_round 1 nid 2 fit_cur 368.00 fit_best_global 360.00 fit_best_segment 360.00
[ATS] seg 1 iter 15 div_round 1 nid 1 fit_cur 364.00 fit_best_global 360.00 fit_best_segment 360.00
[ATS] seg 2 iter 0 div_round 1 nid 0 fit_cur 360.00 fit_best_global 360.00 fit_best_segment 360.00
[ATS] seg 2 iter 1 div_round 1 nid 2 fit_cur 364.00 fit_best_global 360.00 fit_best_segment 360.00
[ATS] seg 2 iter 2 div_round 1 nid 0 fit_cur 360.00 fit_best_global 360.00 fit_best_segment 360.00
[ATS] seg 2 iter 3 div_round 1 nid 2 fit_cur 364.00 fit_best_global 360.00 fit_best_segment 360.00
[ATS] seg 2 iter 4 div_round 1 nid 0 fit_cur 360.00 fit_best_global 360.00 fit_best_segment 360.00
[ATS] seg 2 iter 5 div_round 1 nid 0 fit_cur 360.00 fit_best_global 360.00 fit_best_segment 360.00
[ATS] seg 2 iter 6 div_round 1 nid 2 fit_cur 368.00 fit_best_global 360.00 fit_best_segment 360.00
[ATS] seg 2 iter 7 div_round 1 nid 1 fit_cur 360.00 fit_best_global 360.00 fit_best_segment 360.00
[ATS] seg 2 iter 8 div_round 1 nid 0 fit_cur 360.00 fit_best_global 360.00 fit_best_segment 360.00
[ATS] seg 2 iter 9 div_round 1 nid 2 fit_cur 368.00 fit_best_global 360.00 fit_best_segment 360.00
[ATS] seg 2 iter 10 div_round 1 nid 1 fit_cur 360.00 fit_best_global 360.00 fit_best_segment 360.00
[ATS] seg 2 iter 11 div_round 1 nid 2 fit_cur 368.00 fit_best_global 360.00 fit_best_segment 360.00
[ATS] seg 2 iter 12 div_round 1 nid 0 fit_cur 360.00 fit_best_global 360.00 fit_best_segment 360.00
[ATS] seg 2 iter 13 div_round 1 nid 1 fit_cur 360.00 fit_best_global 360.00 fit_best_segment 360.00
[ATS] seg 2 iter 14 div_round 1 nid 1 fit_cur 364.00 fit_best_global 360.00 fit_best_segment 360.00
[ATS] seg 2 iter 15 div_round 1 nid 0 fit_cur 364.00 fit_best_global 360.00 fit_best_segment 360.00
[ATS] seg 2 iter 16 div_round 1 nid 1 fit_cur 364.00 fit_best_global 360.00 fit_best_segment 360.00
[ATS] seg 2 iter 17 div_round 1 nid 1 fit_cur 364.00 fit_best_global 360.00 fit_best_segment 360.00
[ATS] seg 2 iter 18 div_round 1 nid 2 fit_cur 368.00 fit_best_global 360.00 fit_best_segment 360.00
[ATS] seg 3 iter 0 div_round 1 nid 0 fit_cur 360.00 fit_best_global 360.00 fit_best_segment 360.00
[ATS] seg 3 iter 1 div_round 1 nid 2 fit_cur 364.00 fit_best_global 360.00 fit_best_segment 360.00
[ATS] seg 3 iter 2 div_round 1 nid 1 fit_cur 360.00 fit_best_global 360.00 fit_best_segment 360.00
[ATS] seg 3 iter 3 div_round 1 nid 0 fit_cur 360.00 fit_best_global 360.00 fit_best_segment 360.00
[ATS] seg 3 iter 4 div_round 1 nid 2 fit_cur 364.00 fit_best_global 360.00 fit_best_segment 360.00
[ATS] seg 3 iter 5 div_round 1 nid 2 fit_cur 368.00 fit_best_global 360.00 fit_best_segment 360.00
[ATS] seg 3 iter 6 div_round 1 nid 2 fit_cur 368.00 fit_best_global 360.00 fit_best_segment 360.00
[ATS] seg 3 iter 7 div_round 1 nid 1 fit_cur 360.00 fit_best_global 360.00 fit_best_segment 360.00
[ATS] seg 3 iter 8 div_round 1 nid 2 fit_cur 368.00 fit_best_global 360.00 fit_best_segment 360.00
[ATS] seg 3 iter 9 div_round 1 nid 1 fit_cur 360.00 fit_best_global 360.00 fit_best_segment 360.00
[ATS] seg 3 iter 10 div_round 1 nid 0 fit_cur 360.00 fit_best_global 360.00 fit_best_segment 360.00
[ATS] seg 3 iter 11 div_round 1 nid 0 fit_cur 360.00 fit_best_global 360.00 fit_best_segment 360.00
[ATS] seg 3 iter 12 div_round 1 nid 0 fit_cur 360.00 fit_best_global 360.00 fit_best_segment 360.00
[ATS] seg 3 iter 13 div_round 1 nid 1 fit_cur 364.00 fit_best_global 360.00 fit_best_segment 360.00
[ATS] seg 3 iter 14 div_round 1 nid 2 fit_cur 368.00 fit_best_global 360.00 fit_best_segment 360.00
[ATS] seg 3 iter 15 div_round 1 nid 1 fit_cur 364.00 fit_best_global 360.00 fit_best_segment 360.00
[ATS] seg 3 iter 16 div_round 1 nid 1 fit_cur 364.00 fit_best_global 360.00 fit_best_segment 360.00
[ATS] seg 4 iter 0 div_round 1 nid 0 fit_cur 360.00 fit_best_global 360.00 fit_best_segment 360.00
[ATS] seg 4 iter 1 div_round 1 nid 1 fit_cur 360.00 fit_best_global 360.00 fit_best_segment 360.00
[ATS] seg 4 iter 2 div_round 1 nid 0 fit_cur 360.00 fit_best_global 360.00 fit_best_segment 360.00
[ATS] seg 4 iter 3 div_round 1 nid 1 fit_cur 360.00 fit_best_global 360.00 fit_best_segment 360.00
[ATS] seg 4 iter 4 div_round 1 nid 1 fit_cur 360.00 fit_best_global 360.00 fit_best_segment 360.00
[ATS] seg 4 iter 5 div_round 1 nid 1 fit_cur 364.00 fit_best_global 360.00 fit_best_segment 360.00
[ATS] seg 4 iter 6 div_round 1 nid 0 fit_cur 360.00 fit_best_global 360.00 fit_best_segment 360.00
[ATS] seg 4 iter 7 div_round 1 nid 0 fit_cur 360.00 fit_best_global 360.00 fit_best_segment 360.00
[ATS] seg 4 iter 8 div_round 1 nid 0 fit_cur 360.00 fit_best_global 360.00 fit_best_segment 360.00
[ATS] seg 4 iter 9 div_round 1 nid 0 fit_cur 360.00 fit_best_global 360.00 fit_best_segment 360.00
[ATS] seg 4 iter 10 div_round 1 nid 0 fit_cur 364.00 fit_best_global 360.00 fit_best_segment 360.00
[ATS] seg 4 iter 11 div_round 1 nid 2 fit_cur 364.00 fit_best_global 360.00 fit_best_segment 360.00
[ATS] seg 4 iter 12 div_round 1 nid 0 fit_cur 364.00 fit_best_global 360.00 fit_best_segment 360.00
[ATS] seg 4 iter 13 div_round 1 nid 0 fit_cur 364.00 fit_best_global 360.00 fit_best_segment 360.00
[ATS] seg 4 iter 14 div_round 1 nid 0 fit_cur 364.00 fit_best_global 360.00 fit_best_segment 360.00
[ATS] seg 4 iter 15 div_round 1 nid 1 fit_cur 364.00 fit_best_global 360.00 fit_best_segment 360.00
[ATS] seg 4 iter 16 div_round 1 nid 2 fit_cur 364.00 fit_best_global 360.00 fit_best_segment 360.00
[ATS] seg 4 iter 17 div_round 1 nid 0 fit_cur 364.00 fit_best_global 360.00 fit_best_segment 360.00
[ATS] seg 4 iter 18 div_round 1 nid 1 fit_cur 364.00 fit_best_global 360.00 fit_best_segment 360.00
[ATS] seg 4 iter 19 div_round 1 nid 2 fit_cur 368.00 fit_best_global 360.00 fit_best_segment 360.00
[ATS] seg 5 iter 0 div_round 1 nid 2 fit_cur 364.00 fit_best_global 360.00 fit_best_segment 360.00
[ATS] seg 5 iter 1 div_round 1 nid 1 fit_cur 360.00 fit_best_global 360.00 fit_best_segment 360.00
[ATS] seg 5 iter 2 div_round 1 nid 0 fit_cur 360.00 fit_best_global 360.00 fit_best_segment 360.00
[ATS] seg 5 iter 3 div_round 1 nid 2 fit_cur 364.00 fit_best_global 360.00 fit_best_segment 360.00
[ATS] seg 5 iter 4 div_round 1 nid 1 fit_cur 360.00 fit_best_global 360.00 fit_best_segment 360.00
[ATS] seg 5 iter 5 div_round 1 nid 2 fit_cur 368.00 fit_best_global 360.00 fit_best_segment 360.00
[ATS] seg 5 iter 6 div_round 1 nid 2 fit_cur 368.00 fit_best_global 360.00 fit_best_segment 360.00
[ATS] seg 5 iter 7 div_round 1 nid 1 fit_cur 360.00 fit_best_global 360.00 fit_best_segment 360.00
[ATS] seg 5 iter 8 div_round 1 nid 0 fit_cur 360.00 fit_best_global 360.00 fit_best_segment 360.00
[ATS] seg 5 iter 9 div_round 1 nid 1 fit_cur 364.00 fit_best_global 360.00 fit_best_segment 360.00
[ATS] seg 5 iter 10 div_round 1 nid 0 fit_cur 360.00 fit_best_global 360.00 fit_best_segment 360.00
[ATS] seg 5 iter 11 div_round 1 nid 1 fit_cur 364.00 fit_best_global 360.00 fit_best_segment 360.00
[ATS] seg 5 iter 12 div_round 1 nid 0 fit_cur 360.00 fit_best_global 360.00 fit_best_segment 360.00
[ATS] seg 5 iter 13 div_round 1 nid 2 fit_cur 368.00 fit_best_global 360.00 fit_best_segment 360.00
[ATS] seg 5 iter 14 div_round 1 nid 1 fit_cur 364.00 fit_best_global 360.00 fit_best_segment 360.00
[ATS] seg 5 iter 15 div_round 1 nid 1 fit_cur 364.00 fit_best_global 360.00 fit_best_segment 360.00
[ATS] seg 5 iter 16 div_round 1 nid 1 fit_cur 364.00 fit_best_global 360.00 fit_best_segment 360.00
[ATS] seg 5 iter 17 div_round 1 nid 2 fit_cur 368.00 fit_best_global 360.00 fit_best_segment 360.00
[ATS] seg 5 iter 18 div_round 1 nid 1 fit_cur 364.00 fit_best_global 360.00 fit_best_segment 360.00
[ATS] seg 5 iter 19 div_round 1 nid 1 fit_cur 364.00 fit_best_global 360.00 fit_best_segment 360.00
[ATS] seg 6 iter 0 div_round 1 nid 2 fit_cur 364.00 fit_best_global 360.00 fit_best_segment 360.00
[ATS] seg 6 iter 1 div_round 1 nid 1 fit_cur 360.00 fit_best_global 360.00 fit_best_segment 360.00
[ATS] seg 6 iter 2 div_round 1 nid 1 fit_cur 360.00 fit_best_global 360.00 fit_best_segment 360.00
[ATS] seg 6 iter 3 div_round 1 nid 2 fit_cur 364.00 fit_best_global 360.00 fit_best_segment 360.00
[ATS] seg 6 iter 4 div_round 1 nid 0 fit_cur 360.00 fit_best_global 360.00 fit_best_segment 360.00
[ATS] seg 6 iter 5 div_round 1 nid 0 fit_cur 360.00 fit_best_global 360.00 fit_best_segment 360.00
[ATS] seg 6 iter 6 div_round 1 nid 1 fit_cur 360.00 fit_best_global 360.00 fit_best_segment 360.00
[ATS] seg 6 iter 7 div_round 1 nid 2 fit_cur 368.00 fit_best_global 360.00 fit_best_segment 360.00
[ATS] seg 6 iter 8 div_round 1 nid 2 fit_cur 368.00 fit_best_global 360.00 fit_best_segment 360.00
[ATS] seg 6 iter 9 div_round 1 nid 2 fit_cur 368.00 fit_best_global 360.00 fit_best_segment 360.00
[ATS] seg 6 iter 10 div_round 1 nid 2 fit_cur 368.00 fit_best_global 360.00 fit_best_segment 360.00
[ATS] seg 6 iter 11 div_round 1 nid 1 fit_cur 364.00 fit_best_global 360.00 fit_best_segment 360.00
[ATS] seg 6 iter 12 div_round 1 nid 0 fit_cur 360.00 fit_best_global 360.00 fit_best_segment 360.00
[ATS] seg 6 iter 13 div_round 1 nid 0 fit_cur 360.00 fit_best_global 360.00 fit_best_segment 360.00
[ATS] seg 6 iter 14 div_round 1 nid 2 fit_cur 368.00 fit_best_global 360.00 fit_best_segment 360.00
[ATS] seg 6 iter 15 div_round 1 nid 2 fit_cur 368.00 fit_best_global 360.00 fit_best_segment 360.00
[ATS] seg 6 iter 16 div_round 1 nid 0 fit_cur 360.00 fit_best_global 360.00 fit_best_segment 360.00
[ATS] seg 6 iter 17 div_round 1 nid 2 fit_cur 368.00 fit_best_global 360.00 fit_best_segment 360.00
[ATS] seg 7 iter 0 div_round 1 nid 1 fit_cur 360.00 fit_best_global 360.00 fit_best_segment 360.00
[ATS] seg 7 iter 1 div_round 1 nid 2 fit_cur 364.00 fit_best_global 360.00 fit_best_segment 360.00
[ATS] seg 7 iter 2 div_round 1 nid 1 fit_cur 360.00 fit_best_global 360.00 fit_best_segment 360.00
[ATS] seg 7 iter 3 div_round 1 nid 0 fit_cur 360.00 fit_best_global 360.00 fit_best_segment 360.00
[ATS] seg 7 iter 4 div_round 1 nid 2 fit_cur 364.00 fit_best_global 360.00 fit_best_segment 360.00
[ATS] seg 7 iter 5 div_round 1 nid 0 fit_cur 360.00 fit_best_global 360.00 fit_best_segment 360.00
[ATS] seg 7 iter 6 div_round 1 nid 1 fit_cur 360.00 fit_best_global 360.00 fit_best_segment 360.00
[ATS] seg 7 iter 7 div_round 1 nid 1 fit_cur 364.00 fit_best_global 360.00 fit_best_segment 360.00
[ATS] seg 7 iter 8 div_round 1 nid 0 fit_cur 360.00 fit_best_global 360.00 fit_best_segment 360.00
[ATS] seg 7 iter 9 div_round 1 nid 1 fit_cur 364.00 fit_best_global 360.00 fit_best_segment 360.00
[ATS] seg 7 iter 10 div_round 1 nid 0 fit_cur 360.00 fit_best_global 360.00 fit_best_segment 360.00
[ATS] seg 7 iter 11 div_round 1 nid 0 fit_cur 360.00 fit_best_global 360.00 fit_best_segment 360.00
[ATS] seg 7 iter 12 div_round 1 nid 2 fit_cur 368.00 fit_best_global 360.00 fit_best_segment 360.00
[ATS] seg 7 iter 13 div_round 1 nid 1 fit_cur 364.00 fit_best_global 360.00 fit_best_segment 360.00
[ATS] seg 7 iter 14 div_round 1 nid 0 fit_cur 360.00 fit_best_global 360.00 fit_best_segment 360.00
[ATS] seg 7 iter 15 div_round 1 nid 0 fit_cur 364.00 fit_best_global 360.00 fit_best_segment 360.00
[ATS] seg 7 iter 16 div_round 1 nid 2 fit_cur 368.00 fit_best_global 360.00 fit_best_segment 360.00
[ATS] seg 8 iter 0 div_round 1 nid 2 fit_cur 364.00 fit_best_global 360.00 fit_best_segment 360.00
[ATS] seg 8 iter 1 div_round 1 nid 1 fit_cur 360.00 fit_best_global 360.00 fit_best_segment 360.00
[ATS] seg 8 iter 2 div_round 1 nid 1 fit_cur 360.00 fit_best_global 360.00 fit_best_segment 360.00
[ATS] seg 8 iter 3 div_round 1 nid 2 fit_cur 364.00 fit_best_global 360.00 fit_best_segment 360.00
[ATS] seg 8 iter 4 div_round 1 nid 2 fit_cur 368.00 fit_best_global 360.00 fit_best_segment 360.00
[ATS] seg 8 iter 5 div_round 1 nid 2 fit_cur 368.00 fit_best_global 360.00 fit_best_segment 360.00
[ATS] seg 8 iter 6 div_round 1 nid 2 fit_cur 368.00 fit_best_global 360.00 fit_best_segment 360.00
[ATS] seg 8 iter 7 div_round 1 nid 0 fit_cur 360.00 fit_best_global 360.00 fit_best_segment 360.00
[ATS] seg 8 iter 8 div_round 1 nid 0 fit_cur 360.00 fit_best_global 360.00 fit_best_segment 360.00
[ATS] seg 8 iter 9 div_round 1 nid 2 fit_cur 368.00 fit_best_global 360.00 fit_best_segment 360.00
[ATS] seg 8 iter 10 div_round 1 nid 0 fit_cur 360.00 fit_best_global 360.00 fit_best_segment 360.00
[ATS] seg 8 iter 11 div_round 1 nid 2 fit_cur 368.00 fit_best_global 360.00 fit_best_segment 360.00
[ATS] seg 8 iter 12 div_round 1 nid 2 fit_cur 368.00 fit_best_global 360.00 fit_best_segment 360.00
[ATS] seg 8 iter 13 div_round 1 nid 1 fit_cur 360.00 fit_best_global 360.00 fit_best_segment 360.00
[ATS] seg 8 iter 14 div_round 1 nid 1 fit_cur 364.00 fit_best_global 360.00 fit_best_segment 360.00
[ATS] seg 8 iter 15 div_round 1 nid 2 fit_cur 368.00 fit_best_global 360.00 fit_best_segment 360.00
[ATS] seg 8 iter 16 div_round 1 nid 2 fit_cur 368.00 fit_best_global 360.00 fit_best_segment 360.00
[ATS] seg 8 iter 17 div_round 1 nid 0 fit_cur 360.00 fit_best_global 360.00 fit_best_segment 360.00
[ATS] seg 9 iter 0 div_round 1 nid 1 fit_cur 360.00 fit_best_global 360.00 fit_best_segment 360.00
[ATS] seg 9 iter 1 div_round 1 nid 0 fit_cur 360.00 fit_best_global 360.00 fit_best_segment 360.00
[ATS] seg 9 iter 2 div_round 1 nid 2 fit_cur 364.00 fit_best_global 360.00 fit_best_segment 360.00
[ATS] seg 9 iter 3 div_round 1 nid 0 fit_cur 360.00 fit_best_global 360.00 fit_best_segment 360.00
[ATS] seg 9 iter 4 div_round 1 nid 0 fit_cur 360.00 fit_best_global 360.00 fit_best_segment 360.00
[ATS] seg 9 iter 5 div_round 1 nid 2 fit_cur 364.00 fit_best_global 360.00 fit_best_segment 360.00
[ATS] seg 9 iter 6 div_round 1 nid 1 fit_cur 360.00 fit_best_global 360.00 fit_best_segment 360.00
[ATS] seg 9 iter 7 div_round 1 nid 2 fit_cur 368.00 fit_best_global 360.00 fit_best_segment 360.00
[ATS] seg 9 iter 8 div_round 1 nid 2 fit_cur 368.00 fit_best_global 360.00 fit_best_segment 360.00
[ATS] seg 9 iter 9 div_round 1 nid 0 fit_cur 360.00 fit_best_global 360.00 fit_best_segment 360.00
[ATS] seg 9 iter 10 div_round 1 nid 1 fit_cur 360.00 fit_best_global 360.00 fit_best_segment 360.00
[ATS] seg 9 iter 11 div_round 1 nid 1 fit_cur 364.00 fit_best_global 360.00 fit_best_segment 360.00
[ATS] seg 9 iter 12 div_round 1 nid 2 fit_cur 368.00 fit_best_global 360.00 fit_best_segment 360.00
[ATS] seg 9 iter 13 div_round 1 nid 2 fit_cur 368.00 fit_best_global 360.00 fit_best_segment 360.00
[ATS] seg 9 iter 14 div_round 1 nid 2 fit_cur 368.00 fit_best_global 360.00 fit_best_segment 360.00
[ATS] seg 9 iter 15 div_round 1 nid 1 fit_cur 364.00 fit_best_global 360.00 fit_best_segment 360.00
[ATS] seg 9 iter 16 div_round 1 nid 2 fit_cur 368.00 fit_best_global 360.00 fit_best_segment 360.00
[ATS] seg 9 iter 17 div_round 1 nid 0 fit_cur 360.00 fit_best_global 360.00 fit_best_segment 360.00
[ATS] seg 9 iter 18 div_round 1 nid 1 fit_cur 364.00 fit_best_global 360.00 fit_best_segment 360.00
[ATS] diversification round 1 best_fit 360.00
[ATS] seg 0 iter 0 div_round 2 nid 0 fit_cur 360.00 fit_best_global 360.00 fit_best_segment 360.00
[ATS] seg 0 iter 1 div_round 2 nid 0 fit_cur 360.00 fit_best_global 360.00 fit_best_segment 360.00
[ATS] seg 0 iter 2 div_round 2 nid 2 fit_cur 364.00 fit_best_global 360.00 fit_best_segment 360.00
[ATS] seg 0 iter 3 div_round 2 nid 0 fit_cur 360.00 fit_best_global 360.00 fit_best_segment 360.00
[ATS] seg 0 iter 4 div_round 2 nid 0 fit_cur 360.00 fit_best_global 360.00 fit_best_segment 360.00
[ATS] seg 0 iter 5 div_round 2 nid 1 fit_cur 360.00 fit_best_global 360.00 fit_best_segment 360.00
[ATS] seg 0 iter 6 div_round 2 nid 2 fit_cur 364.00 fit_best_global 360.00 fit_best_segment 360.00
[ATS] seg 0 iter 7 div_round 2 nid 0 fit_cur 360.00 fit_best_global 360.00 fit_best_segment 360.00
[ATS] seg 0 iter 8 div_round 2 nid 0 fit_cur 360.00 fit_best_global 360.00 fit_best_segment 360.00
[ATS] seg 0 iter 9 div_round 2 nid 1 fit_cur 360.00 fit_best_global 360.00 fit_best_segment 360.00
[ATS] seg 0 iter 10 div_round 2 nid 2 fit_cur 368.00 fit_best_global 360.00 fit_best_segment 360.00
[ATS] seg 1 iter 0 div_round 2 nid 1 fit_cur 360.00 fit_best_global 360.00 fit_best_segment 360.00
[ATS] seg 1 iter 1 div_round 2 nid 2 fit_cur 364.00 fit_best_global 360.00 fit_best_segment 360.00
[ATS] seg 1 iter 2 div_round 2 nid 2 fit_cur 364.00 fit_best_global 360.00 fit_best_segment 360.00
[ATS] seg 1 iter 3 div_round 2 nid 0 fit_cur 360.00 fit_best_global 360.00 fit_best_segment 360.00
[ATS] seg 1 iter 4 div_round 2 nid 0 fit_cur 360.00 fit_best_global 360.00 fit_best_segment 360.00
[ATS] seg 1 iter 5 div_round 2 nid 2 fit_cur 368.00 fit_best_global 360.00 fit_best_segment 360.00
[ATS] seg 1 iter 6 div_round 2 nid 1 fit_cur 360.00 fit_best_global 360.00 fit_best_segment 360.00
[ATS] seg 1 iter 7 div_round 2 nid 2 fit_cur 368.00 fit_best_global 360.00 fit_best_segment 360.00
[ATS] seg 1 iter 8 div_round 2 nid 0 fit_cur 360.00 fit_best_global 360.00 fit_best_segment 360.00
[ATS] seg 1 iter 9 div_round 2 nid 0 fit_cur 360.00 fit_best_global 360.00 fit_best_segment 360.00
[ATS] seg 1 iter 10 div_round 2 nid 2 fit_cur 368.00 fit_best_global 360.00 fit_best_segment 360.00
[ATS] seg 1 iter 11 div_round 2 nid 2 fit_cur 368.00 fit_best_global 360.00 fit_best_segment 360.00
[ATS] seg 1 iter 12 div_round 2 nid 1 fit_cur 360.00 fit_best_global 360.00 fit_best_segment 360.00
[ATS] seg 1 iter 13 div_round 2 nid 1 fit_cur 364.00 fit_best_global 360.00 fit_best_segment 360.00
[ATS] seg 1 iter 14 div_round 2 nid 2 fit_cur 368.00 fit_best_global 360.00 fit_best_segment 360.00
[ATS] seg 1 iter 15 div_round 2 nid 1 fit_cur 364.00 fit_best_global 360.00 fit_best_segment 360.00
[ATS] seg 1 iter 16 div_round 2 nid 0 fit_cur 360.00 fit_best_global 360.00 fit_best_segment 360.00
[ATS] seg 1 iter 17 div_round 2 nid 1 fit_cur 364.00 fit_best_global 360.00 fit_best_segment 360.00
[ATS] seg 2 iter 0 div_round 2 nid 1 fit_cur 360.00 fit_best_global 360.00 fit_best_segment 360.00
[ATS] seg 2 iter 1 div_round 2 nid 1 fit_cur 360.00 fit_best_global 360.00 fit_best_segment 360.00
[ATS] seg 2 iter 2 div_round 2 nid 1 fit_cur 360.00 fit_best_global 360.00 fit_best_segment 360.00
[ATS] seg 2 iter 3 div_round 2 nid 1 fit_cur 364.00 fit_best_global 360.00 fit_best_segment 360.00
[ATS] seg 2 iter 4 div_round 2 nid 0 fit_cur 360.00 fit_best_global 360.00 fit_best_segment 360.00
[ATS] seg 2 iter 5 div_round 2 nid 1 fit_cur 364.00 fit_best_global 360.00 fit_best_segment 360.00
[ATS] seg 2 iter 6 div_round 2 nid 1 fit_cur 364.00 fit_best_global 360.00 fit_best_segment 360.00
[ATS] seg 2 iter 7 div_round 2 nid 0 fit_cur 360.00 fit_best_global 360.00 fit_best_segment 360.00
[ATS] seg 2 iter 8 div_round 2 nid 1 fit_cur 364.00 fit_best_global 360.00 fit_best_segment 360.00
[ATS] seg 2 iter 9 div_round 2 nid 0 fit_cur 360.00 fit_best_global 360.00 fit_best_segment 360.00
[ATS] seg 2 iter 10 div_round 2 nid 0 fit_cur 360.00 fit_best_global 360.00 fit_best_segment 360.00
[ATS] seg 2 iter 11 div_round 2 nid 1 fit_cur 364.00 fit_best_global 360.00 fit_best_segment 360.00
[ATS] seg 2 iter 12 div_round 2 nid 0 fit_cur 360.00 fit_best_global 360.00 fit_best_segment 360.00
[ATS] seg 2 iter 13 div_round 2 nid 2 fit_cur 364.00 fit_best_global 360.00 fit_best_segment 360.00
[ATS] seg 2 iter 14 div_round 2 nid 2 fit_cur 364.00 fit_best_global 360.00 fit_best_segment 360.00
[ATS] seg 2 iter 15 div_round 2 nid 2 fit_cur 368.00 fit_best_global 360.00 fit_best_segment 360.00
[ATS] seg 2 iter 16 div_round 2 nid 0 fit_cur 360.00 fit_best_global 360.00 fit_best_segment 360.00
[ATS] seg 2 iter 17 div_round 2 nid 0 fit_cur 364.00 fit_best_global 360.00 fit_best_segment 360.00
[ATS] seg 2 iter 18 div_round 2 nid 1 fit_cur 364.00 fit_best_global 360.00 fit_best_segment 360.00
[ATS] seg 3 iter 0 div_round 2 nid 2 fit_cur 364.00 fit_best_global 360.00 fit_best_segment 360.00
[ATS] seg 3 iter 1 div_round 2 nid 2 fit_cur 364.00 fit_best_global 360.00 fit_best_segment 360.00
[ATS] seg 3 iter 2 div_round 2 nid 1 fit_cur 360.00 fit_best_global 360.00 fit_best_segment 360.00
[ATS] seg 3 iter 3 div_round 2 nid 1 fit_cur 360.00 fit_best_global 360.00 fit_best_segment 360.00
[ATS] seg 3 iter 4 div_round 2 nid 0 fit_cur 360.00 fit_best_global 360.00 fit_best_segment 360.00
[ATS] seg 3 iter 5 div_round 2 nid 0 fit_cur 360.00 fit_best_global 360.00 fit_best_segment 360.00
[ATS] seg 3 iter 6 div_round 2 nid 1 fit_cur 360.00 fit_best_global 360.00 fit_best_segment 360.00
[ATS] seg 3 iter 7 div_round 2 nid 1 fit_cur 364.00 fit_best_global 360.00 fit_best_segment 360.00
[ATS] seg 3 iter 8 div_round 2 nid 0 fit_cur 360.00 fit_best_global 360.00 fit_best_segment 360.00
[ATS] seg 3 iter 9 div_round 2 nid 2 fit_cur 368.00 fit_best_global 360.00 fit_best_segment 360.00
[ATS] seg 3 iter 10 div_round 2 nid 0 fit_cur 360.00 fit_best_global 360.00 fit_best_segment 360.00
[ATS] seg 3 iter 11 div_round 2 nid 1 fit_cur 364.00 fit_best_global 360.00 fit_best_segment 360.00
[ATS] seg 3 iter 12 div_round 2 nid 2 fit_cur 368.00 fit_best_global 360.00 fit_best_segment 360.00
[ATS] seg 3 iter 13 div_round 2 nid 0 fit_cur 360.00 fit_best_global 360.00 fit_best_segment 360.00
[ATS] seg 3 iter 14 div_round 2 nid 1 fit_cur 364.00 fit_best_global 360.00 fit_best_segment 360.00
[ATS] seg 3 iter 15 div_round 2 nid 1 fit_cur 364.00 fit_best_global 360.00 fit_best_segment 360.00
[ATS] seg 3 iter 16 div_round 2 nid 1 fit_cur 364.00 fit_best_global 360.00 fit_best_segment 360.00
[ATS] seg 3 iter 17 div_round 2 nid 1 fit_cur 364.00 fit_best_global 360.00 fit_best_segment 360.00
[ATS] seg 3 iter 18 div_round 2 nid 1 fit_cur 364.00 fit_best_global 360.00 fit_best_segment 360.00
[ATS] seg 4 iter 0 div_round 2 nid 1 fit_cur 360.00 fit_best_global 360.00 fit_best_segment 360.00
[ATS] seg 4 iter 1 div_round 2 nid 1 fit_cur 360.00 fit_best_global 360.00 fit_best_segment 360.00
[ATS] seg 4 iter 2 div_round 2 nid 2 fit_cur 364.00 fit_best_global 360.00 fit_best_segment 360.00
[ATS] seg 4 iter 3 div_round 2 nid 1 fit_cur 360.00 fit_best_global 360.00 fit_best_segment 360.00
[ATS] seg 4 iter 4 div_round 2 nid 2 fit_cur 364.00 fit_best_global 360.00 fit_best_segment 360.00
[ATS] seg 4 iter 5 div_round 2 nid 0 fit_cur 360.00 fit_best_global 360.00 fit_best_segment 360.00
[ATS] seg 4 iter 6 div_round 2 nid 0 fit_cur 360.00 fit_best_global 360.00 fit_best_segment 360.00
[ATS] seg 4 iter 7 div_round 2 nid 1 fit_cur 364.00 fit_best_global 360.00 fit_best_segment 360.00
[ATS] seg 4 iter 8 div_round 2 nid 1 fit_cur 364.00 fit_best_global 360.00 fit_best_segment 360.00
[ATS] seg 4 iter 9 div_round 2 nid 1 fit_cur 364.00 fit_best_global 360.00 fit_best_segment 360.00
[ATS] seg 4 iter 10 div_round 2 nid 2 fit_cur 368.00 fit_best_global 360.00 fit_best_segment 360.00
[ATS] seg 4 iter 11 div_round 2 nid 0 fit_cur 360.00 fit_best_global 360.00 fit_best_segment 360.00
[ATS] seg 4 iter 12 div_round 2 nid 1 fit_cur 364.00 fit_best_global 360.00 fit_best_segment 360.00
[ATS] seg 4 iter 13 div_round 2 nid 0 fit_cur 360.00 fit_best_global 360.00 fit_best_segment 360.00
[ATS] seg 4 iter 14 div_round 2 nid 2 fit_cur 368.00 fit_best_global 360.00 fit_best_segment 360.00
[ATS] seg 4 iter 15 div_round 2 nid 2 fit_cur 368.00 fit_best_global 360.00 fit_best_segment 360.00
[ATS] seg 4 iter 16 div_round 2 nid 0 fit_cur 360.00 fit_best_global 360.00 fit_best_segment 360.00
[ATS] seg 4 iter 17 div_round 2 nid 0 fit_cur 360.00 fit_best_global 360.00 fit_best_segment 360.00
[ATS] seg 5 iter 0 div_round 2 nid 0 fit_cur 360.00 fit_best_global 360.00 fit_best_segment 360.00
[ATS] seg 5 iter 1 div_round 2 nid 2 fit_cur 364.00 fit_best_global 360.00 fit_best_segment 360.00
[ATS] seg 5 iter 2 div_round 2 nid 2 fit_cur 364.00 fit_best_global 360.00 fit_best_segment 360.00
[ATS] seg 5 iter 3 div_round 2 nid 2 fit_cur 368.00 fit_best_global 360.00 fit_best_segment 360.00
[ATS] seg 5 iter 4 div_round 2 nid 2 fit_cur 368.00 fit_best_global 360.00 fit_best_segment 360.00
[ATS] seg 5 iter 5 div_round 2 nid 1 fit_cur 360.00 fit_best_global 360.00 fit_best_segment 360.00
[ATS] seg 5 iter 6 div_round 2 nid 0 fit_cur 360.00 fit_best_global 360.00 fit_best_segment 360.00
[ATS] seg 5 iter 7 div_round 2 nid 2 fit_cur 368.00 fit_best_global 360.00 fit_best_segment 360.00
[ATS] seg 5 iter 8 div_round 2 nid 1 fit_cur 360.00 fit_best_global 360.00 fit_best_segment 360.00
[ATS] seg 5 iter 9 div_round 2 nid 2 fit_cur 368.00 fit_best_global 360.00 fit_best_segment 360.00
[ATS] seg 5 iter 10 div_round 2 nid 0 fit_cur 360.00 fit_best_global 360.00 fit_best_segment 360.00
[ATS] seg 5 iter 11 div_round 2 nid 0 fit_cur 360.00 fit_best_global 360.00 fit_best_segment 360.00
[ATS] seg 5 iter 12 div_round 2 nid 0 fit_cur 360.00 fit_best_global 360.00 fit_best_segment 360.00
[ATS] seg 5 iter 13 div_round 2 nid 1 fit_cur 360.00 fit_best_global 360.00 fit_best_segment 360.00
[ATS] seg 5 iter 14 div_round 2 nid 1 fit_cur 364.00 fit_best_global 360.00 fit_best_segment 360.00
[ATS] seg 5 iter 15 div_round 2 nid 0 fit_cur 360.00 fit_best_global 360.00 fit_best_segment 360.00
[ATS] seg 5 iter 16 div_round 2 nid 2 fit_cur 368.00 fit_best_global 360.00 fit_best_segment 360.00
[ATS] seg 5 iter 17 div_round 2 nid 2 fit_cur 368.00 fit_best_global 360.00 fit_best_segment 360.00
[ATS] seg 5 iter 18 div_round 2 nid 1 fit_cur 364.00 fit_best_global 360.00 fit_best_segment 360.00
[ATS] seg 6 iter 0 div_round 2 nid 0 fit_cur 360.00 fit_best_global 360.00 fit_best_segment 360.00
[ATS] seg 6 iter 1 div_round 2 nid 0 fit_cur 360.00 fit_best_global 360.00 fit_best_segment 360.00
[ATS] seg 6 iter 2 div_round 2 nid 1 fit_cur 360.00 fit_best_global 360.00 fit_best_segment 360.00
[ATS] seg 6 iter 3 div_round 2 nid 0 fit_cur 360.00 fit_best_global 360.00 fit_best_segment 360.00
[ATS] seg 6 iter 4 div_round 2 nid 0 fit_cur 360.00 fit_best_global 360.00 fit_best_segment 360.00
[ATS] seg 6 iter 5 div_round 2 nid 1 fit_cur 360.00 fit_best_global 360.00 fit_best_segment 360.00
[ATS] seg 6 iter 6 div_round 2 nid 0 fit_cur 360.00 fit_best_global 360.00 fit_best_segment 360.00
[ATS] seg 6 iter 7 div_round 2 nid 1 fit_cur 360.00 fit_best_global 360.00 fit_best_segment 360.00
[ATS] seg 6 iter 8 div_round 2 nid 2 fit_cur 364.00 fit_best_global 360.00 fit_best_segment 360.00
[ATS] seg 6 iter 9 div_round 2 nid 0 fit_cur 360.00 fit_best_global 360.00 fit_best_segment 360.00
[ATS] seg 6 iter 10 div_round 2 nid 1 fit_cur 364.00 fit_best_global 360.00 fit_best_segment 360.00
[ATS] seg 6 iter 11 div_round 2 nid 2 fit_cur 364.00 fit_best_global 360.00 fit_best_segment 360.00
[ATS] seg 6 iter 12 div_round 2 nid 2 fit_cur 368.00 fit_best_global 360.00 fit_best_segment 360.00
[ATS] seg 6 iter 13 div_round 2 nid 2 fit_cur 368.00 fit_best_global 360.00 fit_best_segment 360.00
[ATS] seg 6 iter 14 div_round 2 nid 2 fit_cur 368.00 fit_best_global 360.00 fit_best_segment 360.00
[ATS] seg 6 iter 15 div_round 2 nid 0 fit_cur 364.00 fit_best_global 360.00 fit_best_segment 360.00
[ATS] seg 6 iter 16 div_round 2 nid 1 fit_cur 364.00 fit_best_global 360.00 fit_best_segment 360.00
[ATS] seg 6 iter 17 div_round 2 nid 1 fit_cur 364.00 fit_best_global 360.00 fit_best_segment 360.00
[ATS] seg 6 iter 18 div_round 2 nid 1 fit_cur 364.00 fit_best_global 360.00 fit_best_segment 360.00
[ATS] seg 7 iter 0 div_round 2 nid 2 fit_cur 364.00 fit_best_global 360.00 fit_best_segment 360.00
[ATS] seg 7 iter 1 div_round 2 nid 1 fit_cur 360.00 fit_best_global 360.00 fit_best_segment 360.00
[ATS] seg 7 iter 2 div_round 2 nid 2 fit_cur 364.00 fit_best_global 360.00 fit_best_segment 360.00
[ATS] seg 7 iter 3 div_round 2 nid 0 fit_cur 360.00 fit_best_global 360.00 fit_best_segment 360.00
[ATS] seg 7 iter 4 div_round 2 nid 0 fit_cur 360.00 fit_best_global 360.00 fit_best_segment 360.00
[ATS] seg 7 iter 5 div_round 2 nid 2 fit_cur 368.00 fit_best_global 360.00 fit_best_segment 360.00
[ATS] seg 7 iter 6 div_round 2 nid 0 fit_cur 360.00 fit_best_global 360.00 fit_best_segment 360.00
[ATS] seg 7 iter 7 div_round 2 nid 0 fit_cur 360.00 fit_best_global 360.00 fit_best_segment 360.00
[ATS] seg 7 iter 8 div_round 2 nid 2 fit_cur 368.00 fit_best_global 360.00 fit_best_segment 360.00
[ATS] seg 7 iter 9 div_round 2 nid 1 fit_cur 360.00 fit_best_global 360.00 fit_best_segment 360.00
[ATS] seg 7 iter 10 div_round 2 nid 1 fit_cur 360.00 fit_best_global 360.00 fit_best_segment 360.00
[ATS] seg 7 iter 11 div_round 2 nid 1 fit_cur 364.00 fit_best_global 360.00 fit_best_segment 360.00
[ATS] seg 7 iter 12 div_round 2 nid 2 fit_cur 368.00 fit_best_global 360.00 fit_best_segment 360.00
[ATS] seg 7 iter 13 div_round 2 nid 0 fit_cur 360.00 fit_best_global 360.00 fit_best_segment 360.00
[ATS] seg 7 iter 14 div_round 2 nid 0 fit_cur 360.00 fit_best_global 360.00 fit_best_segment 360.00
[ATS] seg 7 iter 15 div_round 2 nid 2 fit_cur 368.00 fit_best_global 360.00 fit_best_segment 360.00
[ATS] seg 7 iter 16 div_round 2 nid 1 fit_cur 364.00 fit_best_global 360.00 fit_best_segment 360.00
[ATS] seg 8 iter 0 div_round 2 nid 0 fit_cur 360.00 fit_best_global 360.00 fit_best_segment 360.00
[ATS] seg 8 iter 1 div_round 2 nid 2 fit_cur 364.00 fit_best_global 360.00 fit_best_segment 360.00
[ATS] seg 8 iter 2 div_round 2 nid 2 fit_cur 364.00 fit_best_global 360.00 fit_best_segment 360.00
[ATS] seg 8 iter 3 div_round 2 nid 1 fit_cur 360.00 fit_best_global 360.00 fit_best_segment 360.00
[ATS] seg 8 iter 4 div_round 2 nid 1 fit_cur 360.00 fit_best_global 360.00 fit_best_segment 360.00
[ATS] seg 8 iter 5 div_round 2 nid 1 fit_cur 360.00 fit_best_global 360.00 fit_best_segment 360.00
[ATS] seg 8 iter 6 div_round 2 nid 0 fit_cur 360.00 fit_best_global 360.00 fit_best_segment 360.00
[ATS] seg 8 iter 7 div_round 2 nid 0 fit_cur 360.00 fit_best_global 360.00 fit_best_segment 360.00
[ATS] seg 8 iter 8 div_round 2 nid 1 fit_cur 364.00 fit_best_global 360.00 fit_best_segment 360.00
[ATS] seg 8 iter 9 div_round 2 nid 1 fit_cur 364.00 fit_best_global 360.00 fit_best_segment 360.00
[ATS] seg 8 iter 10 div_round 2 nid 1 fit_cur 364.00 fit_best_global 360.00 fit_best_segment 360.00
[ATS] seg 8 iter 11 div_round 2 nid 0 fit_cur 360.00 fit_best_global 360.00 fit_best_segment 360.00
[ATS] seg 8 iter 12 div_round 2 nid 1 fit_cur 364.00 fit_best_global 360.00 fit_best_segment 360.00
[ATS] seg 8 iter 13 div_round 2 nid 2 fit_cur 368.00 fit_best_global 360.00 fit_best_segment 360.00
[ATS] seg 8 iter 14 div_round 2 nid 1 fit_cur 364.00 fit_best_global 360.00 fit_best_segment 360.00
[ATS] seg 8 iter 15 div_round 2 nid 1 fit_cur 364.00 fit_best_global 360.00 fit_best_segment 360.00
[ATS] seg 8 iter 16 div_round 2 nid 1 fit_cur 364.00 fit_best_global 360.00 fit_best_segment 360.00
[ATS] seg 8 iter 17 div_round 2 nid 1 fit_cur 364.00 fit_best_global 360.00 fit_best_segment 360.00
[ATS] seg 8 iter 18 div_round 2 nid 0 fit_cur 360.00 fit_best_global 360.00 fit_best_segment 360.00
[ATS] seg 9 iter 0 div_round 2 nid 2 fit_cur 364.00 fit_best_global 360.00 fit_best_segment 360.00
[ATS] seg 9 iter 1 div_round 2 nid 2 fit_cur 364.00 fit_best_global 360.00 fit_best_segment 360.00
[ATS] seg 9 iter 2 div_round 2 nid 2 fit_cur 368.00 fit_best_global 360.00 fit_best_segment 360.00
[ATS] seg 9 iter 3 div_round 2 nid 1 fit_cur 360.00 fit_best_global 360.00 fit_best_segment 360.00
[ATS] seg 9 iter 4 div_round 2 nid 2 fit_cur 368.00 fit_best_global 360.00 fit_best_segment 360.00
[ATS] seg 9 iter 5 div_round 2 nid 2 fit_cur 368.00 fit_best_global 360.00 fit_best_segment 360.00
[ATS] seg 9 iter 6 div_round 2 nid 1 fit_cur 360.00 fit_best_global 360.00 fit_best_segment 360.00
[ATS] seg 9 iter 7 div_round 2 nid 2 fit_cur 368.00 fit_best_global 360.00 fit_best_segment 360.00
[ATS] seg 9 iter 8 div_round 2 nid 2 fit_cur 368.00 fit_best_global 360.00 fit_best_segment 360.00
[ATS] seg 9 iter 9 div_round 2 nid 2 fit_cur 368.00 fit_best_global 360.00 fit_best_segment 360.00
[ATS] seg 9 iter 10 div_round 2 nid 2 fit_cur 368.00 fit_best_global 360.00 fit_best_segment 360.00
[ATS] seg 9 iter 11 div_round 2 nid 2 fit_cur 368.00 fit_best_global 360.00 fit_best_segment 360.00
[ATS] seg 9 iter 12 div_round 2 nid 2 fit_cur 368.00 fit_best_global 360.00 fit_best_segment 360.00
[ATS] seg 9 iter 13 div_round 2 nid 2 fit_cur 372.00 fit_best_global 360.00 fit_best_segment 360.00
[ATS] seg 9 iter 14 div_round 2 nid 1 fit_cur 360.00 fit_best_global 360.00 fit_best_segment 360.00
[ATS] seg 9 iter 15 div_round 2 nid 0 fit_cur 360.00 fit_best_global 360.00 fit_best_segment 360.00
[ATS] seg 9 iter 16 div_round 2 nid 0 fit_cur 360.00 fit_best_global 360.00 fit_best_segment 360.00
[ATS] diversification round 2 best_fit 360.00
[ATS] no multi-visit solution found during search
[ATS] log saved to ats_log_C101_0.5.dat.csv
--- After ATS ---
Fitness_full (makespan): 360.00
Truck 0: 0 -> 8 -> 9 -> 10 -> 31 -> 32 -> 12 -> 13 -> 14 -> 49 -> 48 -> 47 -> 46 -> 17 -> 16 -> 15 -> 4 -> 2 -> 3 -> 36 -> 35 -> 28 -> 37 -> 38 -> 27 -> 26 -> 25 -> 24 -> 23 -> 22 -> 0
Truck 1: 0 -> 11 -> 29 -> 30 -> 33 -> 34 -> 45 -> 44 -> 39 -> 21 -> 40 -> 41 -> 42 -> 43 -> 50 -> 20 -> 19 -> 18 -> 7 -> 5 -> 6 -> 1 -> 0
[LS] drone resupply is disabled in this build
--- After drone local search init ---
Truck 0: 0 -> 8 -> 9 -> 10 -> 31 -> 32 -> 12 -> 13 -> 14 -> 49 -> 48 -> 47 -> 46 -> 17 -> 16 -> 15 -> 4 -> 2 -> 3 -> 36 -> 35 -> 28 -> 37 -> 38 -> 27 -> 26 -> 25 -> 24 -> 23 -> 22 -> 0
Truck 1: 0 -> 11 -> 29 -> 30 -> 33 -> 34 -> 45 -> 44 -> 39 -> 21 -> 40 -> 41 -> 42 -> 43 -> 50 -> 20 -> 19 -> 18 -> 7 -> 5 -> 6 -> 1 -> 0
TRUCK 0 idx 0 city 0 arr 0.00 dep 0.00 wait 0.00
TRUCK 1 idx 0 city 0 arr 0.00 dep 0.00 wait 0.00
TRUCK 0 idx 1 city 8 arr 34.00 dep 34.00 wait 0.00
TRUCK 0 idx 2 city 9 arr 36.00 dep 36.00 wait 0.00
TRUCK 0 idx 3 city 10 arr 40.00 dep 40.00 wait 0.00
TRUCK 0 idx 4 city 31 arr 46.00 dep 46.00 wait 0.00
TRUCK 0 idx 5 city 32 arr 50.00 dep 50.00 wait 0.00
TRUCK 0 idx 6 city 12 arr 62.00 dep 62.00 wait 0.00
TRUCK 0 idx 7 city 13 arr 68.00 dep 68.00 wait 0.00
TRUCK 0 idx 8 city 14 arr 72.00 dep 72.00 wait 0.00
TRUCK 0 idx 9 city 49 arr 128.00 dep 128.00 wait 0.00
TRUCK 0 idx 10 city 48 arr 134.00 dep 134.00 wait 0.00
TRUCK 0 idx 11 city 47 arr 138.00 dep 138.00 wait 0.00
TRUCK 0 idx 12 city 46 arr 148.00 dep 148.00 wait 0.00
TRUCK 0 idx 13 city 17 arr 198.00 dep 198.00 wait 0.00
TRUCK 0 idx 14 city 16 arr 204.00 dep 204.00 wait 0.00
TRUCK 0 idx 15 city 15 arr 208.00 dep 208.00 wait 0.00
TRUCK 0 idx 16 city 4 arr 214.00 dep 214.00 wait 0.00
TRUCK 0 idx 17 city 2 arr 224.00 dep 224.00 wait 0.00
TRUCK 0 idx 18 city 3 arr 228.00 dep 228.00 wait 0.00
TRUCK 0 idx 19 city 36 arr 262.00 dep 262.00 wait 0.00
TRUCK 0 idx 20 city 35 arr 266.00 dep 266.00 wait 0.00
TRUCK 0 idx 21 city 28 arr 272.00 dep 272.00 wait 0.00
TRUCK 0 idx 22 city 37 arr 280.00 dep 280.00 wait 0.00
TRUCK 0 idx 23 city 38 arr 288.00 dep 288.00 wait 0.00
TRUCK 0 idx 24 city 27 arr 292.00 dep 292.00 wait 0.00
TRUCK 0 idx 25 city 26 arr 296.00 dep 296.00 wait 0.00
TRUCK 0 idx 26 city 25 arr 302.00 dep 302.00 wait 0.00
TRUCK 0 idx 27 city 24 arr 306.00 dep 306.00 wait 0.00
TRUCK 0 idx 28 city 23 arr 310.00 dep 310.00 wait 0.00
TRUCK 0 idx 29 city 22 arr 316.00 dep 316.00 wait 0.00
TRUCK 0 idx 30 city 0 arr 360.00 dep 360.00 wait 0.00
TRUCK 1 idx 1 city 11 arr 32.00 dep 32.00 wait 0.00
TRUCK 1 idx 2 city 29 arr 42.00 dep 42.00 wait 0.00
TRUCK 1 idx 3 city 30 arr 48.00 dep 48.00 wait 0.00
TRUCK 1 idx 4 city 33 arr 86.00 dep 86.00 wait 0.00
TRUCK 1 idx 5 city 34 arr 94.00 dep 94.00 wait 0.00
TRUCK 1 idx 6 city 45 arr 110.00 dep 110.00 wait 0.00
TRUCK 1 idx 7 city 44 arr 120.00 dep 120.00 wait 0.00
TRUCK 1 idx 8 city 39 arr 200.00 dep 200.00 wait 0.00
TRUCK 1 idx 9 city 21 arr 204.00 dep 204.00 wait 0.00
TRUCK 1 idx 10 city 40 arr 218.00 dep 218.00 wait 0.00
TRUCK 1 idx 11 city 41 arr 228.00 dep 228.00 wait 0.00
TRUCK 1 idx 12 city 42 arr 244.00 dep 244.00 wait 0.00
TRUCK 1 idx 13 city 43 arr 248.00 dep 248.00 wait 0.00
TRUCK 1 idx 14 city 50 arr 258.00 dep 258.00 wait 0.00
TRUCK 1 idx 15 city 20 arr 268.00 dep 268.00 wait 0.00
TRUCK 1 idx 16 city 19 arr 274.00 dep 274.00 wait 0.00
TRUCK 1 idx 17 city 18 arr 308.00 dep 308.00 wait 0.00
TRUCK 1 idx 18 city 7 arr 318.00 dep 318.00 wait 0.00
TRUCK 1 idx 19 city 5 arr 322.00 dep 322.00 wait 0.00
TRUCK 1 idx 20 city 6 arr 326.00 dep 326.00 wait 0.00
TRUCK 1 idx 21 city 1 arr 336.00 dep 336.00 wait 0.00
TRUCK 1 idx 22 city 0 arr 356.00 dep 356.00 wait 0.00
Makespan: 360.00 (truck max 360.00, drone max 0.00)
[SOL] best solution detail:
solution = [
    [
        [
            [0, [8, 9, 10, 31, 32, 12, 13, 14, 49, 48, 47, 46, 17, 16, 15, 4, 2, 3, 36, 35, 28, 37, 38, 27, 26, 25, 24, 23, 22]],
            [8, []],
            [9, []],
            [10, []],
            [31, []],
            [32, []],
            [12, []],
            [13, []],
            [14, []],
            [49, []],
            [48, []],
            [47, []],
            [46, []],
            [17, []],
            [16, []],
            [15, []],
            [4, []],
            [2, []],
            [3, []],
            [36, []],
            [35, []],
            [28, []],
            [37, []],
            [38, []],
            [27, []],
            [26, []],
            [25, []],
            [24, []],
            [23, []],
            [22, []]
        ],
        [
            [0, [11, 29, 30, 33, 34, 45, 44, 39, 21, 40, 41, 42, 43, 50, 20, 19, 18, 7, 5, 6, 1]],
            [11, []],
            [29, []],
            [30, []],
            [33, []],
            [34, []],
            [45, []],
            [44, []],
            [39, []],
            [21, []],
            [40, []],
            [41, []],
            [42, []],
            [43, []],
            [50, []],
            [20, []],
            [19, []],
            [18, []],
            [7, []],
            [5, []],
            [6, []],
            [1, []]
        ]
    ],
    [
    ]
]
[SOL] best solution file: ./sol_best_C101_0.5.dat_A4_L60_pid86887.txt
[SOL] best multi-visit solution file: (not found)
