instance,drone_capacity,drone_limit_time,theta,run,best_fitness,best_sol,best_multi_visit_fitness,best_multi_visit_sol,best_sol_avg_customers_per_drone_trip,best_sol_avg_demand_per_drone_trip,best_multi_visit_sol_avg_customers_per_drone_trip,best_multi_visit_sol_avg_demand_per_drone_trip,runtime_sec,status
test_data\data_demand_random\30\C201_0.5.dat,4,60,1,1,419.9857113690718,"[[[[0, [2, 1, 7, 3, 4, 10, 8, 30, 22, 5]], [5, []], [2, []], [1, []], [7, []], [3, []], [4, []], [11, [11]], [10, []], [8, []], [25, [25, 27, 20]], [30, []], [29, [29]], [27, []], [22, []], [20, []]], [[0, [26, 28, 13, 14, 18]], [21, [21, 16, 19, 23]], [9, [9, 12, 15, 17]], [13, []], [12, []], [14, []], [16, []], [15, []], [19, []], [18, []], [17, []], [23, []], [26, []], [28, []], [6, [6, 24]], [24, []]]], [[[21, [16, 23]]], [[11, [11]]], [[21, [21, 19]]], [[9, [15, 17]]], [[9, [9, 12]]], [[6, [6, 24]]], [[25, [25, 27, 20]]], [[29, [29]]]]]",,None,1.875,3.625,,,90.809,OK
test_data\data_demand_random\30\C201_0.5.dat,4,60,1,2,413.0,"[[[[0, [1, 5, 3]], [24, [24, 10]], [29, [29]], [6, [6, 8]], [27, [27, 25, 4]], [25, []], [8, []], [10, []], [11, [11]], [2, [2]], [1, []], [7, [7]], [3, []], [4, []], [5, []]], [[0, [14, 16, 13, 18, 23, 26, 28, 30, 19, 15, 17, 22]], [21, [21, 20]], [9, [9, 12]], [12, []], [14, []], [16, []], [15, []], [13, []], [17, []], [19, []], [18, []], [23, []], [26, []], [28, []], [30, []], [22, []], [20, []]]], [[[24, [24, 10]]], [[29, [29]]], [[21, [21, 20]]], [[6, [6, 8]]], [[27, [27, 25, 4]]], [[9, [9, 12]]], [[11, [11]]], [[2, [2]]], [[7, [7]]]]]",453.0,"[[[[0, [30, 11, 5, 7, 1]], [24, [24]], [29, [29]], [30, []], [25, [25, 9]], [9, []], [11, []], [2, [2]], [4, [4, 3, 10]], [3, []], [7, []], [1, []], [5, []], [10, []], [8, [8, 21, 20]], [21, []], [20, []]], [[0, [13, 14, 16, 18, 23, 26, 28, 22, 17, 6]], [22, []], [27, [27, 15, 12, 19]], [13, []], [15, []], [12, []], [14, []], [16, []], [19, []], [17, []], [18, []], [23, []], [26, []], [28, []], [6, []]]], [[[27, [27, 15]], [24, [24]]], [[29, [29]]], [[27, [12, 19]]], [[25, [25, 9]]], [[2, [2]]], [[4, [4, 10]]], [[4, [3]]], [[8, [8, 21, 20]]]]]",1.666667,3.333333,1.875,3.875,128.062,OK
test_data\data_demand_random\30\C201_0.5.dat,4,60,1,3,416.0,"[[[[0, [23, 26, 28, 30, 18, 13, 19, 22, 17, 20, 14]], [8, [8, 21, 15, 12, 16]], [13, []], [12, []], [14, []], [16, []], [15, []], [19, []], [17, []], [18, []], [23, []], [26, []], [28, []], [30, []], [21, []], [22, []], [20, []]], [[0, [5, 1]], [10, [10, 4, 3]], [5, []], [4, []], [3, []], [7, [7, 6]], [1, []], [2, [2]], [11, [11]], [9, [9, 25]], [25, []], [27, [27, 24]], [6, []], [29, [29]], [24, []]]], [[[10, [3]]], [[8, [8, 21, 15]]], [[10, [10, 4]]], [[8, [12, 16]]], [[7, [7, 6]]], [[2, [2]]], [[11, [11]]], [[9, [9, 25]]], [[27, [27, 24]]], [[29, [29]]]]]",,None,1.7,3.6,,,122.169,OK
test_data\data_demand_random\30\C201_0.5.dat,4,60,1,4,408.0,"[[[[0, [4, 5, 3, 2, 1]], [5, []], [2, []], [3, []], [4, []], [7, [7, 6, 21]], [1, []], [11, [11, 10, 24]], [10, []], [9, [9, 27]], [21, []], [27, []], [6, []], [29, [29]], [24, []]], [[0, [13, 19, 26, 28, 18, 30, 16, 14, 17, 22, 15, 20]], [8, [8, 23, 12, 25]], [25, []], [13, []], [17, []], [15, []], [16, []], [14, []], [12, []], [19, []], [18, []], [23, []], [26, []], [28, []], [30, []], [22, []], [20, []]]], [[[8, [23]]], [[8, [8, 12, 25]]], [[7, [7, 6, 21]]], [[11, [11]]], [[11, [10, 24]]], [[9, [9, 27]]], [[29, [29]]]]]",437.0,"[[[[0, [5, 1, 22, 30]], [5, []], [7, [7, 3, 4]], [3, []], [4, []], [1, []], [2, [2]], [11, [11]], [9, [9, 27]], [10, [10]], [21, [21]], [30, []], [27, []], [22, []]], [[0, [13, 19, 26, 28, 18, 16, 14]], [8, [8, 23, 15, 17]], [25, [25, 12, 6, 20]], [13, []], [17, []], [15, []], [16, []], [14, []], [12, []], [19, []], [18, []], [23, []], [26, []], [28, []], [6, []], [29, [29]], [24, [24]], [20, []]]], [[[7, [3]]], [[8, [8, 23, 15]]], [[8, [17]]], [[7, [7, 4]]], [[25, [25, 12, 6, 20]]], [[2, [2]]], [[11, [11]]], [[9, [9, 27]]], [[29, [29]]], [[10, [10]]], [[21, [21]], [24, [24]]]]]",1.857143,3.571429,1.727273,3.545455,145.85,OK
test_data\data_demand_random\30\C201_0.5.dat,4,60,1,5,408.0,"[[[[0, [28, 26, 18, 19, 30, 22, 15, 12, 14, 16, 23]], [22, []], [27, [27, 9]], [30, []], [28, []], [26, []], [23, []], [18, []], [19, []], [15, []], [16, []], [14, []], [12, []], [9, []], [8, [8, 21, 20]], [21, []], [20, []]], [[0, [11, 1, 5, 3, 13]], [24, [24, 10]], [29, [29]], [6, [6, 17]], [17, []], [13, []], [25, [25]], [10, []], [11, []], [2, [2, 4, 7]], [1, []], [7, []], [3, []], [4, []], [5, []]]], [[[24, [24, 10]]], [[29, [29]]], [[6, [6, 17]]], [[27, [27, 9]]], [[8, [8, 21, 20]]], [[25, [25]]], [[2, [2]]], [[2, [4, 7]]]]]",,None,1.75,3.5,,,142.546,OK
test_data\data_demand_random\30\C201_0.5.dat,4,60,2,1,408.0,"[[[[0, [5, 2, 1]], [5, []], [2, []], [7, [7, 4, 3]], [3, []], [4, []], [1, []], [9, [9]], [11, [11, 6, 21, 10]], [10, []], [8, [8, 20]], [21, []], [6, []], [29, [29]], [20, []]], [[0, [19, 22, 14, 18, 13, 16, 23, 26, 28, 30, 17, 15, 24]], [22, [12, 25, 27]], [12, []], [14, []], [16, []], [15, []], [19, []], [18, []], [17, []], [13, []], [25, []], [23, []], [26, []], [28, []], [30, []], [27, []], [24, []]]], [[[7, [3]]], [[22, [12, 25, 27]]], [[7, [7, 4]]], [[9, [9]]], [[11, [11]]], [[11, [6, 21, 10]]], [[8, [8, 20]]], [[29, [29]]]]]",,None,1.75,3.5,,,232.281,OK
test_data\data_demand_random\30\C201_0.5.dat,4,60,2,2,405.0,"[[[[0, [2, 1, 5]], [5, [3]], [4, [4, 10]], [3, []], [7, [7, 8]], [1, []], [2, []], [10, []], [11, [11, 9, 6, 20, 21]], [9, []], [8, []], [21, []], [6, []], [29, [29]], [20, []]], [[0, [28, 26, 18, 14, 16, 13, 22, 23, 30, 17, 12, 19, 27, 25, 24, 15]], [22, []], [30, []], [28, []], [26, []], [23, []], [18, []], [17, []], [19, []], [15, []], [16, []], [12, []], [14, []], [13, []], [25, []], [27, []], [24, []]]], [[[5, [3]]], [[4, [4, 10]]], [[7, [7, 8]]], [[11, [11]]], [[11, [6, 20, 21]]], [[11, [9]]], [[29, [29]]]]]",,None,1.571429,3.571429,,,196.368,OK
test_data\data_demand_random\30\C201_0.5.dat,4,60,2,3,408.0,"[[[[0, [18, 13, 19, 26, 28, 30, 10, 17, 20, 23, 22, 14]], [10, []], [9, [9, 12, 15, 16]], [13, []], [17, []], [16, []], [14, []], [12, []], [15, []], [19, []], [18, []], [23, []], [26, []], [28, []], [30, []], [22, []], [20, []]], [[0, [5, 2, 1]], [5, []], [4, [4, 7, 3]], [3, []], [7, []], [1, []], [2, []], [11, [11]], [25, [25, 27, 6, 21]], [27, []], [6, []], [29, [29, 24]], [24, []], [21, []], [8, [8]]]], [[[4, [3]]], [[4, [4, 7]]], [[11, [11]]], [[9, [15, 16]]], [[9, [9, 12]]], [[25, [25, 27, 6, 21]]], [[29, [29]]], [[29, [24]]], [[8, [8]]]]]",,None,1.666667,3.333333,,,217.902,OK
test_data\data_demand_random\30\C201_0.5.dat,4,60,2,4,414.0,"[[[[0, [29, 2, 1, 3, 5]], [24, [24, 10]], [21, [21, 6]], [6, []], [29, []], [25, [25, 7, 4]], [10, []], [11, [11]], [2, []], [1, []], [7, []], [3, []], [4, []], [5, []]], [[0, [28, 26, 23, 14, 13, 30, 18, 22, 9]], [20, [20, 17]], [22, []], [27, [27, 19]], [30, [15, 16, 12, 8]], [28, []], [26, []], [23, []], [17, []], [18, []], [19, []], [15, []], [16, []], [14, []], [12, []], [13, []], [9, []], [8, []]]], [[[24, [24, 10]]], [[21, [21, 6]]], [[20, [20, 17]]], [[27, [27, 19]]], [[30, [15, 16]]], [[30, [12, 8]]], [[25, [25, 7, 4]]], [[11, [11]]]]]",440.0,"[[[[0, [5]], [6, [6, 1, 10]], [27, [27, 20, 25]], [25, []], [10, []], [11, [11]], [2, [2]], [1, []], [7, [7, 3, 4]], [3, []], [4, []], [5, []], [20, []]], [[0, [26, 16, 14, 23, 28, 17, 15, 30, 18, 19, 22, 12, 8, 21, 13]], [24, [24]], [29, [29]], [30, []], [28, []], [26, []], [23, []], [18, []], [17, []], [19, []], [15, []], [16, []], [12, []], [14, []], [13, []], [9, [9]], [8, []], [21, []], [22, []]]], [[[6, [1]]], [[6, [6, 10]]], [[27, [27, 20, 25]], [24, [24]]], [[29, [29]]], [[9, [9]]], [[11, [11]]], [[2, [2]]], [[7, [3]]], [[7, [7, 4]]]]]",2.0,3.5,1.555556,3.777778,222.707,OK
test_data\data_demand_random\30\C201_0.5.dat,4,60,2,5,401.0,"[[[[0, [1, 5]], [24, [24, 10]], [29, [29]], [6, [6, 8]], [25, [25, 7, 4]], [10, []], [11, [11]], [2, [2, 3]], [1, []], [7, []], [3, []], [4, []], [5, []], [8, []]], [[0, [28, 26, 13, 30, 19, 22, 23, 17, 9, 18, 14, 16, 21, 27, 15, 12, 20]], [22, []], [27, []], [30, []], [28, []], [26, []], [23, []], [17, []], [18, []], [19, []], [15, []], [16, []], [14, []], [12, []], [13, []], [9, []], [21, []], [20, []]]], [[[24, [24, 10]]], [[29, [29]]], [[6, [6, 8]]], [[25, [25, 7, 4]]], [[11, [11]]], [[2, [2]]], [[2, [3]]]]]",,None,1.571429,3.857143,,,292.914,OK
test_data\data_demand_random\30\C201_0.5.dat,4,60,3,1,414.0,"[[[[0, [30, 28, 26, 23, 17, 16, 14, 13, 12, 22, 18, 19, 15, 10]], [22, []], [27, [27, 25, 8]], [30, []], [28, []], [26, []], [23, []], [18, []], [19, []], [15, []], [16, []], [14, []], [12, []], [13, []], [17, []], [25, []], [10, []], [8, []]], [[0, [1, 5, 4]], [6, [6, 24, 20]], [29, [29]], [24, []], [20, []], [21, [21, 9]], [9, []], [11, [11, 3]], [3, []], [4, []], [7, [7]], [1, []], [2, [2]], [5, []]]], [[[27, [27, 25, 8]]], [[6, [6, 24, 20]]], [[29, [29]]], [[21, [21, 9]]], [[11, [11]]], [[11, [3]]], [[7, [7]]], [[2, [2]]]]]",464.0,"[[[[0, [19, 14, 1, 4]], [20, [20, 24, 16, 12, 10]], [24, []], [9, [9, 15, 17]], [14, []], [12, []], [16, []], [15, []], [19, []], [17, []], [1, []], [7, [7, 3, 8]], [3, []], [4, []], [11, [11]], [10, []], [8, []]], [[0, [29, 28, 26, 23, 30, 22, 18, 13, 5]], [22, []], [21, [21]], [27, [27, 6, 25]], [30, []], [29, []], [6, []], [28, []], [26, []], [23, []], [18, []], [13, []], [25, []], [2, [2]], [5, []]]], [[[20, [10]]], [[20, [16, 12]]], [[20, [20, 24]]], [[9, [17]], [21, [21]]], [[9, [9, 15]]], [[27, [27, 6, 25]]], [[7, [3]]], [[7, [7, 8]]], [[2, [2]]], [[11, [11]]]]]",1.625,3.75,1.7,3.5,355.969,OK
test_data\data_demand_random\30\C201_0.5.dat,4,60,3,2,408.0,"[[[[0, [3, 10, 1, 4, 5, 22]], [5, [24, 7]], [2, [2]], [1, []], [7, []], [3, []], [4, []], [11, [11]], [10, []], [25, [25, 6, 27]], [27, []], [6, []], [29, [29]], [24, []], [22, []]], [[0, [16, 14, 19, 17, 18, 15, 23, 26, 28, 30, 13]], [8, [8, 12, 9, 21, 20]], [9, []], [13, []], [12, []], [14, []], [16, []], [15, []], [19, []], [18, []], [17, []], [23, []], [26, []], [28, []], [30, []], [21, []], [20, []]]], [[[5, [24, 7]]], [[2, [2]]], [[8, [8, 12, 21]]], [[8, [9, 20]]], [[11, [11]]], [[25, [25, 6, 27]]], [[29, [29]]]]]",,None,1.857143,3.857143,,,405.087,OK
test_data\data_demand_random\30\C201_0.5.dat,4,60,3,3,404.0,"[[[[0, [1, 5, 13]], [5, []], [4, [4, 7, 3]], [3, []], [7, []], [1, []], [2, [2]], [9, [9, 17, 27]], [17, []], [13, []], [25, [25, 6, 24]], [27, []], [6, []], [29, [29]], [24, []]], [[0, [14, 16, 15, 26, 28, 30, 23, 18, 19, 22]], [8, [8, 10]], [10, []], [11, [11, 12, 21, 20]], [12, []], [14, []], [16, []], [15, []], [19, []], [18, []], [23, []], [26, []], [28, []], [30, []], [21, []], [22, []], [20, []]]], [[[4, [3]]], [[8, [8, 10]]], [[4, [4, 7]]], [[11, [11]]], [[11, [12, 21, 20]]], [[2, [2]]], [[9, [17, 27]]], [[9, [9]]], [[25, [25, 6, 24]]], [[29, [29]]]]]",,None,1.7,3.7,,,346.029,OK
test_data\data_demand_random\30\C201_0.5.dat,4,60,3,4,412.0,"[[[[0, [1]], [2, [2, 3]], [1, []], [4, [4, 10, 7, 6, 21]], [3, []], [7, []], [11, [11, 8]], [10, []], [8, []], [9, [9]], [21, []], [6, []], [29, [29, 20, 24]], [24, []], [20, []]], [[0, [14, 19, 17, 18, 16, 13, 5, 22, 28, 26, 30, 23]], [5, []], [25, [25, 12, 15, 27]], [13, []], [12, []], [14, []], [16, []], [15, []], [19, []], [18, []], [17, []], [23, []], [26, []], [28, []], [30, []], [27, []], [22, []]]], [[[2, [2]]], [[2, [3]]], [[4, [4, 10]]], [[4, [7, 6, 21]]], [[25, [25, 12, 15, 27]]], [[11, [11]]], [[11, [8]]], [[9, [9]]], [[29, [29]]], [[29, [20, 24]]]]]",,None,1.7,3.5,,,366.525,OK
test_data\data_demand_random\30\C201_0.5.dat,4,60,3,5,408.0,"[[[[0, [3, 4, 1, 5, 13]], [5, []], [4, []], [3, []], [7, [7, 6]], [1, []], [2, [2]], [11, [11]], [9, [9, 17, 27]], [13, []], [17, []], [6, []], [29, [29, 20, 24]], [27, []], [24, []], [20, []]], [[0, [18, 28, 30, 23, 26, 10, 19, 22, 14]], [8, [8, 25, 21, 12, 15, 16]], [10, []], [25, []], [14, []], [12, []], [16, []], [15, []], [19, []], [18, []], [23, []], [26, []], [28, []], [30, []], [21, []], [22, []]]], [[[8, [12, 15, 16]]], [[8, [8, 25, 21]]], [[7, [7, 6]]], [[2, [2]]], [[11, [11]]], [[9, [9, 27]]], [[9, [17]]], [[29, [29]]], [[29, [20, 24]]]]]",450.0,"[[[[0, [13, 1, 5, 17, 3, 22, 30]], [21, [21]], [22, []], [30, []], [25, [25, 7, 4]], [13, []], [17, []], [1, []], [7, []], [3, []], [4, []], [5, []], [2, [2]]], [[0, [18, 19, 16, 14, 23, 26, 28]], [8, [8, 10]], [10, []], [11, [11]], [9, [9, 15, 12, 6, 27]], [18, []], [19, []], [15, []], [16, []], [14, []], [12, []], [23, []], [26, []], [28, []], [6, []], [29, [29, 20, 24]], [27, []], [24, []], [20, []]]], [[[8, [8, 10]]], [[11, [11]]], [[9, [9, 15]]], [[9, [12, 6, 27]], [21, [21]]], [[29, [29]]], [[29, [20, 24]]], [[25, [25, 7, 4]]], [[2, [2]]]]]",1.777778,3.666667,2.0,3.875,325.938,OK
test_data\data_demand_random\30\C201_0.5.dat,4,120,1,1,424.0,"[[[[0, [5, 2, 1, 13, 10, 7, 4, 30, 22, 17]], [5, []], [2, []], [1, []], [7, []], [3, [3, 21, 25, 27, 20]], [4, []], [10, []], [25, []], [13, []], [17, []], [30, []], [27, []], [22, []], [21, []], [20, []]], [[0, [28, 26, 23, 14, 18]], [24, [24, 16]], [29, [29]], [6, [6, 15, 8]], [28, []], [26, []], [23, []], [18, []], [19, [19]], [15, []], [16, []], [14, []], [12, [12, 9]], [9, []], [11, [11]], [8, []]]], [[[24, [24, 16]]], [[3, [3]]], [[29, [29]]], [[6, [6, 15, 8]]], [[3, [21, 25, 27, 20]]], [[19, [19]]], [[12, [12, 9]]], [[11, [11]]]]]",,None,1.875,3.875,,,134.47,OK
test_data\data_demand_random\30\C201_0.5.dat,4,120,1,2,404.0,"[[[[0, [5, 1]], [5, []], [3, [3, 7, 4]], [4, []], [7, []], [1, []], [2, [2, 24, 10]], [9, [9, 27]], [11, [11, 21, 8, 6]], [10, []], [8, []], [21, []], [27, []], [29, [29]], [6, []], [24, []]], [[0, [13, 17, 19, 14, 30, 28, 26, 23, 18, 16, 22]], [20, [20, 15, 25, 12]], [22, []], [30, []], [28, []], [26, []], [23, []], [18, []], [17, []], [19, []], [15, []], [16, []], [12, []], [14, []], [13, []], [25, []]]], [[[3, [3]]], [[20, [20, 15, 25, 12]]], [[3, [7, 4]]], [[2, [2]]], [[2, [24, 10]]], [[9, [9, 27]]], [[11, [11]]], [[11, [21, 8, 6]]], [[29, [29]]]]]",,None,1.888889,3.888889,,,138.475,OK
test_data\data_demand_random\30\C201_0.5.dat,4,120,1,3,413.0,"[[[[0, [19, 18, 13, 14, 16, 17, 23, 26, 28, 30, 10, 22]], [8, [8, 15]], [10, []], [9, [9, 12]], [13, []], [14, []], [12, []], [16, []], [15, []], [19, []], [18, []], [17, []], [23, []], [26, []], [28, []], [30, []], [22, []]], [[0, [1, 5]], [5, []], [7, [7, 4, 3]], [3, []], [4, []], [1, []], [2, [2]], [11, [11]], [25, [25, 6, 27, 21]], [6, []], [29, [29, 20, 24]], [24, []], [27, []], [21, []], [20, []]]], [[[7, [3]]], [[8, [8, 15]]], [[7, [7, 4]]], [[9, [9, 12]]], [[2, [2]]], [[11, [11]]], [[25, [25, 6, 27, 21]]], [[29, [29]]], [[29, [20, 24]]]]]",,None,1.777778,3.666667,,,109.59,OK
test_data\data_demand_random\30\C201_0.5.dat,4,120,1,4,415.0,"[[[[0, [28, 10, 11, 9, 26, 8, 23, 30, 22]], [8, []], [10, []], [11, []], [9, []], [23, []], [26, []], [28, []], [6, [6, 27, 20]], [29, [29]], [30, []], [27, []], [24, [24]], [22, []], [20, []]], [[0, [5, 14, 16, 1, 18, 19, 13]], [5, []], [2, [2, 7, 4]], [7, []], [4, []], [3, [3]], [1, []], [12, [12, 15, 25, 17, 21]], [14, []], [16, []], [15, []], [19, []], [18, []], [17, []], [13, []], [25, []], [21, []]]], [[[2, [2]]], [[2, [7, 4]]], [[3, [3]]], [[12, [17, 21]]], [[12, [12, 15, 25]]], [[6, [6, 27, 20]]], [[29, [29]]], [[24, [24]]]]]",,None,1.75,3.375,,,149.172,OK
test_data\data_demand_random\30\C201_0.5.dat,4,120,1,5,422.0,"[[[[0, [3, 7, 1, 2, 29, 24, 5]], [8, [8, 4]], [5, []], [4, []], [3, []], [7, []], [1, []], [2, []], [11, [11, 20, 9]], [9, []], [25, [25]], [29, []], [6, [6]], [24, []], [20, []]], [[0, [28, 26, 23, 18, 19, 15, 16, 12, 22, 30, 14, 17, 13]], [21, [21, 27, 10]], [22, []], [27, []], [30, []], [28, []], [26, []], [23, []], [17, []], [18, []], [19, []], [15, []], [16, []], [14, []], [12, []], [13, []], [10, []]]], [[[8, [8, 4]]], [[11, [11]]], [[11, [20, 9]]], [[21, [21, 27, 10]]], [[25, [25]]], [[6, [6]]]]]",,None,1.666667,2.833333,,,101.116,OK
test_data\data_demand_random\30\C201_0.5.dat,4,120,2,1,404.0,"[[[[0, [29, 1, 5]], [5, []], [4, [4, 7]], [3, [3]], [7, []], [1, []], [2, [2, 9]], [10, [10, 24]], [11, [11, 21, 27, 6]], [9, []], [21, []], [27, []], [6, []], [29, []], [24, []]], [[0, [18, 26, 28, 13, 23, 30, 15, 19, 17, 16, 22, 20, 14]], [8, [8, 25, 12]], [25, []], [13, []], [12, []], [14, []], [16, []], [15, []], [19, []], [17, []], [18, []], [23, []], [26, []], [28, []], [30, []], [22, []], [20, []]]], [[[4, [4, 7]]], [[8, [8, 25, 12]]], [[3, [3]]], [[2, [9]]], [[2, [2]]], [[10, [10, 24]]], [[11, [11]]], [[11, [21, 27, 6]]]]]",437.0,"[[[[0, [5]], [2, [2, 10, 4, 1]], [1, []], [4, []], [3, [3]], [7, [7]], [5, []], [10, []], [11, [11, 9, 27]], [9, []], [27, []], [29, [29, 20, 6, 21]], [6, []], [21, []], [20, []]], [[0, [18, 26, 28, 13, 23, 30, 15, 14, 19, 17, 22, 16]], [22, []], [24, [24]], [25, [25, 8, 12]], [13, []], [14, []], [12, []], [16, []], [15, []], [19, []], [17, []], [18, []], [23, []], [26, []], [28, []], [30, []], [8, []]]], [[[2, [1]]], [[2, [2]]], [[2, [10, 4]]], [[3, [3]]], [[7, [7]], [24, [24]]], [[25, [25, 8, 12]]], [[11, [11]]], [[11, [9, 27]]], [[29, [29]]], [[29, [20, 6, 21]]]]]",1.75,3.625,1.7,3.8,325.644,OK
test_data\data_demand_random\30\C201_0.5.dat,4,120,2,2,408.0,"[[[[0, [5, 1]], [5, []], [4, [4, 10, 7, 24]], [3, [3]], [7, []], [1, []], [2, [2]], [9, [9, 20, 21, 27]], [11, [11]], [10, []], [8, [8, 6]], [21, []], [27, []], [6, []], [29, [29]], [24, []], [20, []]], [[0, [26, 28, 19, 22, 23, 13, 18, 30, 14, 16, 15, 17]], [22, []], [25, [25, 12]], [17, []], [13, []], [12, []], [14, []], [16, []], [15, []], [19, []], [18, []], [23, []], [26, []], [28, []], [30, []]]], [[[4, [4, 10]]], [[4, [7, 24]]], [[3, [3]]], [[2, [2]]], [[25, [25, 12]]], [[9, [9, 20]]], [[9, [21, 27]]], [[11, [11]]], [[8, [8, 6]]], [[29, [29]]]]]",,None,1.6,3.4,,,428.75,OK
test_data\data_demand_random\30\C201_0.5.dat,4,120,2,3,410.0,"[[[[0, [30, 28, 26, 23, 19, 13, 18, 17, 16, 22, 15, 14, 12, 21]], [20, [20, 9]], [21, []], [30, []], [28, []], [26, []], [23, []], [17, []], [18, []], [19, []], [15, []], [16, []], [12, []], [14, []], [13, []], [9, []], [22, []]], [[0, [29, 2, 5, 1]], [24, [24, 10]], [29, []], [6, [6, 4, 7]], [27, [27, 25, 8]], [25, []], [11, [11]], [2, []], [1, []], [7, []], [3, [3]], [4, []], [5, []], [10, []], [8, []]]], [[[20, [20, 9]]], [[24, [24, 10]]], [[6, [6, 4, 7]]], [[27, [27, 25, 8]]], [[11, [11]]], [[3, [3]]]]]",437.52277622223573,"[[[[0, [3, 1, 4, 22, 5]], [4, []], [3, []], [7, [7, 21]], [1, []], [2, [2]], [11, [11, 10]], [5, []], [10, []], [8, [8, 24]], [21, []], [20, [20, 6, 27]], [27, []], [6, []], [29, [29]], [24, []], [22, []]], [[0, [26, 28, 23, 19, 14, 16, 18, 30, 13]], [9, [9, 25, 15, 17]], [25, []], [17, []], [13, []], [15, []], [14, []], [12, [12]], [16, []], [19, []], [18, []], [23, []], [26, []], [28, []], [30, []]]], [[[7, [7, 21]]], [[9, [15, 17]]], [[9, [9, 25]]], [[2, [2]]], [[11, [11]]], [[12, [12]], [11, [10]]], [[8, [8, 24]]], [[20, [20, 6, 27]]], [[29, [29]]]]]",2.0,4.0,1.777778,3.666667,297.201,OK
test_data\data_demand_random\30\C201_0.5.dat,4,120,2,4,408.0,"[[[[0, [5, 1]], [5, []], [2, [2, 4, 24]], [1, []], [7, [7, 10]], [3, [3, 6, 27, 20]], [4, []], [11, [11, 21, 9]], [10, []], [9, []], [21, []], [27, []], [24, []], [29, [29]], [6, []], [20, []]], [[0, [19, 30, 28, 26, 22, 23, 18, 13, 17, 14, 16, 15]], [22, []], [30, []], [28, []], [26, []], [23, []], [18, []], [19, []], [12, [12, 8, 25]], [14, []], [16, []], [15, []], [17, []], [13, []], [25, []], [8, []]]], [[[2, [2]]], [[2, [4, 24]]], [[7, [7, 10]]], [[3, [3]]], [[3, [6, 27, 20]]], [[11, [11]]], [[11, [21, 9]]], [[12, [12, 8, 25]]], [[29, [29]]]]]",441.0,"[[[[0, [5, 11, 1]], [5, []], [7, [7, 10]], [3, [3]], [4, [4, 9]], [1, []], [2, [2, 21, 27]], [11, []], [9, []], [25, [25, 8, 6]], [10, []], [8, []], [21, []], [27, []], [6, []], [29, [29, 20, 24]], [24, []], [20, []]], [[0, [22, 13, 28, 19, 26, 18, 16, 14, 30, 23]], [22, []], [17, [17]], [18, []], [13, []], [16, []], [14, []], [12, [12, 15]], [15, []], [19, []], [23, []], [26, []], [28, []], [30, []]]], [[[7, [7, 10]]], [[3, [3]]], [[4, [4, 9]]], [[2, [2]]], [[17, [17]]], [[2, [21, 27]], [12, [12, 15]]], [[25, [25, 8, 6]]], [[29, [29]]], [[29, [20, 24]]]]]",1.777778,3.777778,1.888889,3.777778,307.903,OK
test_data\data_demand_random\30\C201_0.5.dat,4,120,2,5,404.0,"[[[[0, [5, 1]], [5, []], [4, [4, 10]], [3, [3, 7, 24]], [7, []], [1, []], [2, [2]], [9, [9, 21]], [11, [11, 8, 27, 6]], [10, []], [8, []], [21, []], [27, []], [6, []], [29, [29]], [24, []]], [[0, [14, 19, 17, 15, 18, 13, 16, 23, 26, 28, 22, 30]], [25, [25, 12, 20]], [13, []], [14, []], [12, []], [16, []], [15, []], [19, []], [17, []], [18, []], [23, []], [26, []], [28, []], [30, []], [22, []], [20, []]]], [[[4, [4, 10]]], [[3, [3]]], [[3, [7, 24]]], [[25, [25, 12, 20]]], [[2, [2]]], [[9, [9, 21]]], [[11, [11]]], [[11, [8, 27, 6]]], [[29, [29]]]]]",464.3793203340211,"[[[[0, [1, 5, 30, 10, 7]], [5, []], [4, [4]], [3, [3]], [7, []], [1, []], [2, [2]], [10, []], [11, [11]], [25, [25, 24]], [8, [8, 21, 27]], [21, []], [27, []], [30, []], [24, []]], [[0, [18, 19, 22, 16, 13, 14, 23, 26, 28]], [22, []], [9, [9, 12, 17]], [12, []], [16, []], [15, [15, 6, 20]], [19, []], [18, []], [17, []], [13, []], [14, []], [23, []], [26, []], [28, []], [6, []], [29, [29]], [20, []]]], [[[9, [17]], [4, [4]]], [[9, [9, 12]]], [[3, [3]]], [[15, [15, 6, 20]]], [[29, [29]]], [[2, [2]]], [[11, [11]]], [[25, [25, 24]]], [[8, [8, 21, 27]]]]]",1.777778,3.777778,1.777778,3.777778,364.553,OK
test_data\data_demand_random\30\C201_0.5.dat,4,120,3,1,423.0,"[[[[0, [18, 13, 23, 28, 19, 26, 17, 30, 14]], [8, [8, 25, 15, 12, 16]], [25, []], [13, []], [17, []], [12, []], [14, []], [16, []], [15, []], [19, []], [18, []], [23, []], [26, []], [28, []], [30, []]], [[0, [22, 3, 4, 1, 5]], [5, []], [2, [2]], [1, []], [3, []], [4, []], [7, [7, 21, 9]], [10, [10]], [11, [11, 6, 27, 24]], [9, []], [21, []], [22, []], [27, []], [6, []], [29, [29, 20]], [24, []], [20, []]]], [[[2, [2]]], [[8, [8, 12]]], [[8, [25, 15, 16]]], [[7, [7, 21]]], [[7, [9]]], [[10, [10]]], [[11, [11]]], [[11, [6, 27, 24]]], [[29, [29]]], [[29, [20]]]]]",436.0,"[[[[0, [18, 14, 13, 23, 26, 28]], [21, [21, 16, 17, 20]], [9, [9, 12, 15, 24]], [13, []], [16, []], [14, []], [12, []], [15, []], [19, [19]], [17, []], [18, []], [23, []], [26, []], [28, []], [6, [6]], [24, []], [20, []]], [[0, [5, 10, 1, 7, 4, 30, 22]], [5, []], [2, [2]], [1, []], [7, []], [4, []], [3, [3]], [11, [11]], [10, []], [25, [25, 8]], [30, []], [29, [29, 27]], [27, []], [22, []], [8, []]]], [[[21, [21, 16]]], [[2, [2]]], [[21, [17, 20]]], [[9, [15, 24]]], [[9, [9, 12]]], [[3, [3]]], [[11, [11]]], [[19, [19]]], [[6, [6]], [25, [25, 8]]], [[29, [29]]], [[29, [27]]]]]",1.6,3.2,1.545455,3.454545,374.882,OK
test_data\data_demand_random\30\C201_0.5.dat,4,120,3,2,415.0,"[[[[0, [5, 1, 4, 23, 28, 22]], [5, []], [4, []], [3, [3, 7, 10]], [7, []], [1, []], [2, [2]], [11, [11, 26]], [10, []], [23, []], [26, []], [28, []], [27, [27, 20]], [22, []], [20, []]], [[0, [14, 16, 19, 17, 12, 9, 13, 30, 18, 15, 8, 24]], [21, [21, 25, 6]], [8, []], [9, []], [12, []], [14, []], [16, []], [15, []], [19, []], [18, []], [17, []], [13, []], [25, []], [30, []], [6, []], [29, [29]], [24, []]]], [[[21, [21, 25, 6]]], [[3, [3]]], [[3, [7, 10]]], [[2, [2]]], [[11, [11]]], [[11, [26]]], [[27, [27, 20]]], [[29, [29]]]]]",442.0,"[[[[0, [16, 14, 22, 18, 26, 28, 13, 30, 24, 12, 19]], [20, [20, 17, 27, 21, 15]], [24, []], [22, []], [27, []], [12, []], [16, []], [14, []], [15, []], [13, []], [17, []], [18, []], [19, []], [26, []], [28, []], [30, []], [21, []]], [[0, [11, 1, 5]], [29, [29]], [6, [6]], [23, [23]], [25, [25, 9]], [9, []], [11, []], [2, [2]], [1, []], [7, [7, 4]], [3, [3]], [4, []], [5, []], [10, [10]], [8, [8]]]], [[[29, [29]]], [[6, [6]]], [[20, [17]], [23, [23]]], [[20, [20, 27, 21, 15]]], [[25, [25, 9]]], [[2, [2]]], [[7, [7, 4]]], [[3, [3]]], [[10, [10]]], [[8, [8]]]]]",1.5,3.5,1.6,3.2,547.192,OK
test_data\data_demand_random\30\C201_0.5.dat,4,120,3,3,410.0,"[[[[0, [1, 5]], [2, [2]], [1, []], [7, [7, 4]], [3, [3]], [4, []], [5, []], [11, [11]], [10, [10, 24]], [8, [8, 21, 20]], [21, []], [20, []], [29, [29, 27, 6]], [6, []], [24, []], [27, []]], [[0, [14, 17, 19, 18, 16, 26, 28, 30, 12, 15, 22, 13, 23]], [22, []], [9, [9, 25]], [12, []], [14, []], [16, []], [15, []], [19, []], [18, []], [17, []], [13, []], [25, []], [23, []], [26, []], [28, []], [30, []]]], [[[2, [2]]], [[7, [7, 4]]], [[9, [9, 25]]], [[3, [3]]], [[11, [11]]], [[10, [10, 24]]], [[8, [8, 21, 20]]], [[29, [29]]], [[29, [27, 6]]]]]",,None,1.666667,3.666667,,,537.449,OK
test_data\data_demand_random\30\C201_0.5.dat,4,120,3,4,410.0,"[[[[0, [28, 17, 16, 13, 22, 26, 23, 14, 30, 19, 18]], [22, []], [25, [25, 12, 15]], [13, []], [12, []], [14, []], [16, []], [15, []], [19, []], [17, []], [18, []], [23, []], [26, []], [28, []], [30, []]], [[0, [1, 5]], [5, []], [4, [4]], [3, [3, 10, 7]], [7, []], [1, []], [2, [2]], [9, [9, 20]], [11, [11, 6, 8, 27]], [10, []], [8, [24, 21]], [21, []], [27, []], [24, []], [29, [29]], [6, []], [20, []]]], [[[4, [4]]], [[3, [3]]], [[3, [10, 7]]], [[25, [25, 12, 15]]], [[2, [2]]], [[9, [9, 20]]], [[11, [11]]], [[11, [6, 8, 27]]], [[8, [24, 21]]], [[29, [29]]]]]",433.0,"[[[[0, [1, 30, 27, 13, 5, 22]], [24, [24, 7]], [22, []], [27, []], [30, []], [25, [25]], [17, [17, 4]], [13, []], [1, []], [7, []], [4, []], [3, [3]], [2, [2]], [5, []]], [[0, [14, 16, 18, 23, 26, 28]], [21, [21, 19]], [8, [8, 10]], [10, []], [11, [11]], [9, [9]], [12, [12, 15, 6]], [14, []], [16, []], [15, []], [19, []], [18, []], [23, []], [26, []], [28, []], [6, []], [29, [29]], [20, [20]]]], [[[21, [21, 19]]], [[24, [24, 7]]], [[8, [8, 10]]], [[11, [11]]], [[9, [9]], [25, [25]]], [[12, [12, 15, 6]]], [[17, [17, 4]]], [[3, [3]]], [[29, [29]]], [[2, [2]]], [[20, [20]]]]]",1.7,3.5,1.636364,3.636364,390.284,OK
test_data\data_demand_random\30\C201_0.5.dat,4,120,3,5,404.0,"[[[[0, [23, 26, 30, 28, 19, 9, 22, 15, 17, 13, 18, 16, 14]], [21, [21, 12, 27]], [9, []], [13, []], [12, []], [14, []], [16, []], [15, []], [19, []], [18, []], [17, []], [23, []], [26, []], [28, []], [30, []], [27, []], [22, []]], [[0, [5, 4, 1]], [5, []], [4, []], [3, [3]], [7, [7, 24]], [1, []], [2, [2, 25, 6, 20]], [11, [11]], [8, [8, 10]], [10, []], [25, []], [6, []], [29, [29]], [24, []], [20, []]]], [[[21, [21, 12, 27]]], [[3, [3]]], [[7, [7, 24]]], [[2, [2]]], [[2, [25, 6, 20]]], [[11, [11]]], [[8, [8, 10]]], [[29, [29]]]]]",556.0,"[[[[0, [14, 26, 28, 18, 13, 16]], [9, [9, 12]], [11, [11]], [2, [2]], [12, []], [14, []], [16, []], [26, []], [28, []], [18, []], [17, [17, 25]], [13, []], [25, []], [10, [10, 20]], [8, [8]], [20, []]], [[0, [4, 1, 5, 7, 22, 30]], [5, []], [4, []], [3, [3]], [7, []], [1, []], [15, [15, 6, 21, 27]], [19, [19, 23]], [23, []], [6, []], [21, []], [22, []], [29, [29]], [27, []], [30, []], [24, [24]]]], [[[3, [3]]], [[9, [9, 12]]], [[11, [11]]], [[2, [2]]], [[15, [15, 6, 21, 27]]], [[19, [19, 23]]], [[29, [29]]], [[17, [17, 25]]], [[10, [10, 20]]], [[8, [8]], [24, [24]]]]]",1.75,3.75,1.8,3.9,368.191,OK
test_data\data_demand_random\30\C201_0.5.dat,8,60,1,1,374.74524290015296,"[[[[0, [26, 23]], [6, [6, 28, 21, 20]], [28, []], [26, []], [23, []], [25, [25, 27, 30]], [30, []], [29, [29]], [27, []], [24, [24, 22]], [22, []], [21, []], [20, []]], [[0, [1]], [5, [5, 2, 19, 4, 10, 11]], [4, [3]], [3, []], [7, [7, 18]], [1, []], [2, []], [9, [14, 15, 12, 16, 13, 9, 17, 8]], [12, []], [14, []], [16, []], [15, []], [19, []], [18, []], [17, []], [13, []], [11, []], [10, []], [8, []]]], [[[5, [2, 19, 4]]], [[5, [5, 10]]], [[5, [11]]], [[4, [3]]], [[6, [6, 28, 21, 20]]], [[7, [7, 18]]], [[9, [14, 15]]], [[9, [9, 17, 8]]], [[9, [12, 16, 13]]], [[25, [25, 27, 30]]], [[29, [29]]], [[24, [24, 22]]]]]",399.0689005266564,"[[[[0, [23, 26]], [29, [29]], [24, [24, 18]], [6, [6, 28]], [25, [21, 20, 17, 19, 30, 25, 27]], [17, []], [18, []], [19, []], [23, []], [26, []], [28, []], [30, []], [27, []], [21, []], [20, []]], [[0, [1]], [22, [22, 10, 16, 2, 13, 4]], [8, [8, 14, 11, 15, 7]], [10, []], [11, []], [9, [9, 12, 5, 3]], [12, []], [14, []], [16, []], [15, []], [13, []], [1, []], [7, []], [4, []], [3, []], [2, []], [5, []]]], [[[22, [16, 13]]], [[29, [29]], [22, [2]]], [[22, [22, 10, 4]]], [[24, [24, 18]]], [[8, [14, 15, 7]]], [[8, [8, 11]]], [[6, [6, 28]]], [[9, [9, 3]]], [[9, [12, 5]]], [[25, [20, 17, 19]]], [[25, [21, 30, 27]]], [[25, [25]]]]]",2.25,6.5,2.25,6.5,140.321,OK
test_data\data_demand_random\30\C201_0.5.dat,8,60,1,2,389.03999404456897,"[[[[0, [29, 16, 10, 19, 11]], [24, [24, 22]], [22, []], [27, [27, 6, 15, 18]], [6, []], [29, [14, 12, 9, 17, 8]], [17, []], [18, []], [19, []], [15, []], [16, []], [14, []], [12, []], [9, []], [11, []], [10, []], [8, []]], [[0, [1, 23]], [5, [5, 4]], [2, [2, 26, 3, 13]], [3, []], [4, []], [7, [7]], [1, []], [13, []], [25, [25, 28, 21, 20]], [23, []], [26, []], [28, []], [30, [30]], [21, []], [20, []]]], [[[5, [5, 4]]], [[2, [26, 13]]], [[2, [2, 3]]], [[24, [24, 22]]], [[7, [7]]], [[27, [27, 6, 15, 18]]], [[29, [14]]], [[29, [17, 8]]], [[29, [12, 9]]], [[25, [25, 28, 21, 20]]], [[30, [30]]]]]",428.298221281347,"[[[[0, [13, 26]], [29, [29, 16, 23]], [24, [24, 28, 14, 18]], [6, [12, 6, 17, 19, 15, 30, 21]], [17, []], [13, []], [12, []], [14, []], [16, []], [15, []], [19, []], [18, []], [23, []], [26, []], [28, []], [30, []], [21, []]], [[0, [2]], [8, [8, 11, 4, 10]], [11, []], [9, [9, 25, 27, 20]], [10, [1, 3]], [4, []], [3, []], [7, [7, 5, 22]], [1, []], [2, []], [5, []], [25, []], [27, []], [22, []], [20, []]]], [[[29, [29, 16, 23]]], [[8, [10]], [24, [18]]], [[24, [24, 14]]], [[24, [28]]], [[8, [8, 11, 4]]], [[6, [6, 17, 19, 21]]], [[6, [12, 15, 30]]], [[9, [9, 25, 27, 20]]], [[10, [1, 3]]], [[7, [7, 22]]], [[7, [5]]]]]",2.090909,6.0,2.454545,6.727273,147.015,OK
test_data\data_demand_random\30\C201_0.5.dat,8,60,1,3,386.6619037896906,"[[[[0, [1]], [5, [5, 13]], [2, [2, 3]], [7, [7, 17, 4, 24]], [3, []], [4, []], [1, []], [17, []], [13, []], [25, [25, 29]], [30, [30]], [29, []], [27, [27, 22]], [24, []], [22, []], [21, [21, 20]], [20, []]], [[0, [18, 26, 10, 14, 23]], [8, [8, 11, 16]], [10, []], [11, []], [9, [9, 12, 15, 19, 28, 6]], [12, []], [14, []], [16, []], [15, []], [19, []], [18, []], [23, []], [26, []], [28, []], [6, []]]], [[[5, [13]]], [[5, [5]]], [[2, [2, 3]]], [[7, [7, 17, 4, 24]]], [[8, [8, 11, 16]]], [[9, [28, 6]]], [[9, [9, 12, 15, 19]]], [[25, [25, 29]]], [[30, [30]]], [[27, [27, 22]]], [[21, [21, 20]]]]]",438.0,"[[[[0, []], [2, [2, 11]], [11, []], [21, [21]], [27, [27, 22, 23]], [22, []], [9, [9, 25, 26, 28, 6, 24, 13]], [13, []], [25, []], [23, []], [26, []], [28, []], [6, []], [30, [30, 20]], [29, [29]], [24, []], [20, []]], [[0, [1]], [5, [5]], [10, [10, 4]], [8, [8, 17, 15, 14, 12, 16, 19, 18, 7, 3]], [17, []], [15, []], [14, []], [12, []], [16, []], [19, []], [18, []], [1, []], [7, []], [3, []], [4, []]]], [[[5, [5]]], [[2, [2, 11]]], [[10, [10, 4]]], [[8, [18, 7]]], [[21, [21]], [8, [14, 16]]], [[8, [8, 17, 15]]], [[8, [12, 19, 3]]], [[27, [27, 22, 23]]], [[9, [13]]], [[9, [28, 6, 24]]], [[9, [9, 25, 26]]], [[30, [30, 20]]], [[29, [29]]]]]",2.181818,6.0,2.230769,6.307692,132.822,OK
test_data\data_demand_random\30\C201_0.5.dat,8,60,1,4,379.74524290015296,"[[[[0, [13]], [5, [5, 2, 1, 10, 11, 16]], [4, [4, 3, 7]], [3, []], [7, []], [1, []], [2, []], [10, []], [11, []], [9, [9, 12, 14, 15, 27, 22, 25, 24, 20]], [12, []], [14, []], [16, []], [15, []], [13, []], [25, []], [27, []], [22, []], [24, []], [20, []]], [[0, [29, 23]], [6, [6, 28, 19, 18]], [29, []], [30, [30, 26, 17, 8, 21]], [28, []], [26, []], [23, []], [18, []], [19, []], [17, []], [8, []], [21, []]]], [[[5, [1, 11]]], [[5, [5, 10]]], [[5, [2, 16]]], [[4, [4, 3, 7]]], [[6, [28, 19]]], [[6, [6, 18]]], [[30, [17, 8, 21]]], [[30, [30, 26]]], [[9, [9, 14]]], [[9, [27, 22]]], [[9, [12, 15, 25, 24, 20]]]]]",,None,2.454545,6.909091,,,197.03,OK
test_data\data_demand_random\30\C201_0.5.dat,8,60,1,5,377.13274595042157,"[[[[0, [1]], [5, [5, 16, 13]], [4, [3, 19, 4]], [3, []], [7, [7, 15, 2]], [1, []], [2, [12, 14, 17, 18, 20]], [9, [9, 25, 27]], [12, []], [14, []], [16, []], [15, []], [19, []], [18, []], [17, []], [13, []], [25, []], [27, []], [20, []]], [[0, [26, 23]], [6, [6, 28, 8]], [23, []], [26, []], [28, []], [30, [30, 10]], [29, [29, 11]], [24, [24, 21, 22]], [22, []], [21, []], [8, []], [11, []], [10, []]]], [[[5, [13]]], [[5, [5, 16]]], [[6, [6, 28, 8]]], [[4, [3, 19, 4]]], [[7, [7, 15, 2]]], [[2, [14, 17]]], [[2, [12, 18, 20]]], [[9, [9, 25, 27]]], [[30, [30, 10]]], [[29, [29, 11]]], [[24, [24, 21, 22]]]]]",,None,2.454545,7.090909,,,204.227,OK
test_data\data_demand_random\30\C201_0.5.dat,8,60,2,1,378.6619037896906,"[[[[0, [1]], [2, [3, 2]], [1, []], [7, [7, 28, 4]], [3, []], [4, []], [25, [25, 26, 23]], [23, []], [26, []], [28, []], [30, [30, 27, 24]], [27, []], [24, []], [20, [20, 22]], [22, []]], [[0, [13]], [5, [5, 16, 11, 29]], [21, [21, 10, 14, 19, 8]], [8, []], [10, []], [11, []], [9, [17, 12, 15, 9, 18, 6]], [13, []], [14, []], [12, []], [16, []], [15, []], [19, []], [18, []], [17, []], [6, []], [29, []]]], [[[5, [11, 29]]], [[5, [5, 16]]], [[2, [3, 2]]], [[7, [7, 28, 4]]], [[21, [14, 19]]], [[21, [21, 10, 8]]], [[9, [17, 18]]], [[9, [12, 15, 9, 6]]], [[25, [25, 26, 23]]], [[30, [30, 27, 24]]], [[20, [20, 22]]]]]",449.0,"[[[[0, [23, 26]], [5, [5, 3, 1, 4]], [7, [7, 2]], [4, []], [3, []], [1, []], [2, []], [25, [25, 28, 24]], [23, []], [26, []], [28, []], [30, [30, 27]], [24, []], [27, []], [22, [22]]], [[0, []], [29, [29, 11]], [20, [20, 10, 18]], [21, [21, 19, 13, 8, 14]], [11, []], [8, []], [10, []], [9, [17, 9, 12, 6, 16, 15]], [17, []], [18, []], [19, []], [15, []], [14, []], [16, []], [12, []], [13, []], [6, []]]], [[[29, [29, 11]]], [[5, [1]]], [[5, [3, 4]]], [[20, [20, 10, 18]], [5, [5]]], [[21, [19, 13]]], [[21, [21, 8, 14]]], [[7, [7, 2]]], [[9, [17, 9, 6, 15]]], [[9, [12, 16]]], [[25, [25, 28, 24]]], [[30, [30, 27]]], [[22, [22]]]]]",2.545455,7.0,2.333333,6.833333,373.587,OK
test_data\data_demand_random\30\C201_0.5.dat,8,60,2,2,374.6619037896906,"[[[[0, [13, 19]], [21, [21, 8, 14, 15, 17, 16, 24]], [8, []], [9, [9, 18, 6, 29, 12]], [13, []], [12, []], [14, []], [16, []], [15, []], [19, []], [18, []], [17, []], [6, []], [29, []], [24, []]], [[0, []], [5, [5, 2, 3, 11, 1, 26]], [2, []], [1, []], [7, [7, 4, 10, 23, 20]], [3, []], [4, []], [11, []], [10, [28]], [25, [25, 30, 27]], [23, []], [26, []], [28, []], [30, []], [27, []], [22, [22]], [20, []]]], [[[5, [3, 11]]], [[5, [2, 1]]], [[5, [5, 26]]], [[7, [7, 4, 10, 23, 20]]], [[21, [15, 17, 16, 24]]], [[21, [21, 8, 14]]], [[9, [18, 12]]], [[9, [9, 6, 29]]], [[10, [28]]], [[25, [25, 30, 27]]], [[22, [22]]]]]",377.13274595042157,"[[[[0, [13, 16]], [11, [11]], [8, [8, 15, 17, 6, 19, 14, 20]], [9, [9, 18, 12, 29, 24]], [13, []], [16, []], [14, []], [12, []], [15, []], [19, []], [18, []], [17, []], [6, []], [29, []], [24, []], [20, []]], [[0, [1, 23]], [5, [5, 2, 10, 3, 4]], [2, []], [1, []], [7, [7, 28, 21]], [3, []], [4, []], [10, []], [25, [25, 26]], [23, []], [26, []], [28, []], [30, [30, 27]], [27, []], [22, [22]], [21, []]]], [[[5, [3]], [11, [11]]], [[5, [2, 10, 4]]], [[5, [5]]], [[7, [7, 28, 21]]], [[8, [8, 14, 20]]], [[8, [15, 17, 6, 19]]], [[9, [18, 24]]], [[9, [9, 12, 29]]], [[25, [25, 26]]], [[30, [30, 27]]], [[22, [22]]]]]",2.545455,7.090909,2.363636,6.727273,367.248,OK
test_data\data_demand_random\30\C201_0.5.dat,8,60,2,3,372.13274595042157,"[[[[0, [1]], [5, [5, 2, 26]], [1, []], [7, [4, 23, 7, 3]], [4, []], [3, []], [2, []], [9, [9, 28]], [23, []], [26, []], [28, []], [27, [27, 20, 22]], [22, []], [20, []]], [[0, [13, 16, 11]], [24, [24, 10, 19]], [6, [6, 29]], [29, []], [30, [30, 25, 21, 15]], [25, [12, 8, 17, 14, 18]], [13, []], [17, []], [18, []], [19, []], [15, []], [16, []], [14, []], [12, []], [11, []], [10, []], [8, []], [21, []]]], [[[24, [24, 10, 19]]], [[5, [5]]], [[5, [2, 26]]], [[7, [4, 23, 7, 3]]], [[6, [6, 29]]], [[30, [30, 25, 21, 15]]], [[25, [17, 14]]], [[25, [12, 8, 18]]], [[9, [9, 28]]], [[27, [27, 20, 22]]]]]",444.0,"[[[[0, [1]], [2, [2, 11, 4, 3, 23]], [1, []], [7, [7, 29]], [4, []], [3, []], [11, [26, 28, 6, 20, 17, 13, 21, 22]], [13, []], [17, []], [23, []], [26, []], [28, []], [6, []], [29, []], [24, [24]], [22, []], [21, []], [20, []]], [[0, []], [5, [5, 16]], [8, [8, 12, 10, 19, 18, 15]], [18, []], [19, []], [15, []], [30, [30, 25, 27, 9]], [27, []], [25, [14]], [16, []], [14, []], [12, []], [9, []], [10, []]]], [[[2, [4, 3, 23]]], [[5, [5, 16]]], [[2, [2, 11]]], [[7, [7, 29]]], [[8, [12, 18, 15]]], [[8, [8, 10, 19]]], [[11, [26, 13]]], [[11, [28, 6, 20, 21]]], [[11, [17, 22]]], [[30, [27, 9]], [24, [24]]], [[30, [30, 25]]], [[25, [14]]]]]",2.6,7.1,2.416667,6.833333,405.707,OK
test_data\data_demand_random\30\C201_0.5.dat,8,60,2,4,388.6619037896906,"[[[[0, [1]], [2, [2, 11]], [1, []], [7, [7, 3, 16]], [3, []], [4, [4, 10, 13]], [10, []], [25, [25, 15, 14, 9, 8, 12]], [13, []], [15, []], [16, []], [12, []], [14, []], [9, []], [11, []], [8, []]], [[0, [23]], [5, [5, 26, 29, 19]], [21, [21, 24, 28, 18, 17]], [24, []], [29, []], [6, [6, 30, 27, 20]], [28, []], [26, []], [23, []], [19, []], [18, []], [17, []], [30, []], [27, []], [22, [22]], [20, []]]], [[[5, [29, 19]]], [[5, [5, 26]]], [[2, [2, 11]]], [[21, [28, 17]]], [[21, [21, 24, 18]]], [[7, [7, 3, 16]]], [[4, [4, 10, 13]]], [[6, [6, 30, 27, 20]]], [[22, [22]]], [[25, [15, 14]]], [[25, [25, 9, 8, 12]]]]]",420.6619037896906,"[[[[0, [1]], [2, [2, 4, 3, 10]], [4, []], [7, [7, 11]], [3, []], [1, []], [10, []], [11, []], [9, [9, 30, 27, 18, 13]], [13, []], [18, []], [25, [25, 22]], [30, []], [27, []], [22, []]], [[0, []], [5, [16, 5, 23, 29]], [21, [21, 15, 14]], [20, [20, 24, 28, 8, 6, 26]], [24, []], [29, []], [6, [17, 19, 12]], [28, []], [26, []], [23, []], [17, []], [19, []], [15, []], [16, []], [14, []], [12, []], [8, []]]], [[[2, [3]], [5, [29]]], [[5, [16, 5, 23]]], [[2, [2, 4, 10]]], [[21, [21, 15, 14]]], [[20, [28, 8]]], [[20, [20, 24, 6, 26]]], [[7, [7, 11]]], [[9, [13]]], [[6, [17, 19, 12]]], [[9, [30, 27]]], [[9, [9, 18]]], [[25, [25, 22]]]]]",2.545455,7.363636,2.416667,6.833333,327.891,OK
test_data\data_demand_random\30\C201_0.5.dat,8,60,2,5,377.6476151587624,"[[[[0, [13, 16, 26, 23]], [10, [10, 11]], [11, []], [8, [8, 14, 19, 15, 28]], [9, [12, 18, 9, 17, 27, 24]], [13, []], [14, []], [12, []], [16, []], [15, []], [19, []], [17, []], [18, []], [23, []], [26, []], [28, []], [27, []], [24, []]], [[0, [1]], [5, [5, 2, 3]], [2, []], [1, []], [7, [7, 4, 29]], [3, []], [4, []], [25, [25, 6, 21, 22]], [30, [30]], [29, []], [6, []], [22, []], [21, []], [20, [20]]]], [[[10, [10, 11]]], [[5, [2, 3]]], [[5, [5]]], [[8, [14, 19]]], [[8, [8, 15, 28]]], [[7, [7, 4, 29]]], [[9, [9, 17, 27]]], [[9, [12, 18, 24]]], [[25, [25, 6, 21, 22]]], [[30, [30]]], [[20, [20]]]]]",428.6619037896906,"[[[[0, []], [5, [5, 1, 16]], [2, [2, 3]], [3, []], [4, [12, 4, 30, 29, 6, 17]], [7, [15, 7, 14]], [1, []], [12, []], [14, []], [16, []], [15, []], [17, []], [30, []], [29, []], [6, []]], [[0, []], [11, [11]], [8, [8, 21, 10, 24, 23, 18, 19]], [21, []], [10, []], [25, [25, 13]], [13, []], [9, [9, 28, 26, 22]], [18, []], [19, []], [23, []], [26, []], [28, []], [27, [27, 20]], [24, []], [22, []], [20, []]]], [[[5, [1]], [11, [11]]], [[5, [5, 16]]], [[2, [2, 3]]], [[8, [18, 19]]], [[8, [8, 21, 10, 24, 23]]], [[4, [4, 29, 17]]], [[4, [12, 30, 6]]], [[7, [15, 7, 14]]], [[25, [25, 13]]], [[9, [9, 22]]], [[9, [28, 26]]], [[27, [27, 20]]]]]",2.272727,6.454545,2.5,7.166667,478.744,OK
test_data\data_demand_random\30\C201_0.5.dat,8,60,3,1,371.6619037896906,"[[[[0, [11, 16, 13]], [5, [5, 19]], [8, [8, 18, 15, 17, 6, 24, 20]], [11, []], [9, [9, 12, 14, 29, 27]], [12, []], [14, []], [16, []], [15, []], [19, []], [18, []], [17, []], [13, []], [27, []], [29, []], [6, []], [24, []], [20, []]], [[0, [1]], [2, [2, 3, 26]], [1, []], [7, [7, 4, 10, 23]], [3, []], [4, []], [10, []], [25, [25, 28, 21]], [23, []], [26, []], [28, []], [30, [30]], [21, []], [22, [22]]]], [[[2, [26]]], [[5, [5, 19]]], [[2, [2, 3]]], [[7, [7, 4, 10, 23]]], [[8, [18, 15, 24]]], [[8, [8, 17, 6, 20]]], [[9, [14, 27]]], [[9, [9, 12, 29]]], [[25, [25, 28, 21]]], [[30, [30]]], [[22, [22]]]]]",435.16552506059645,"[[[[0, [26, 29]], [22, [22, 13, 14, 12, 16, 15, 19, 18, 23, 28, 20, 24]], [13, []], [14, []], [12, []], [16, []], [15, []], [19, []], [18, []], [23, []], [26, []], [28, []], [6, [6, 30, 27]], [29, []], [30, []], [27, []], [24, []], [20, []]], [[0, [1]], [5, [5]], [21, [21]], [9, [9, 17, 4]], [25, [25, 3, 10]], [17, []], [1, []], [4, []], [3, []], [7, [7, 2]], [2, []], [10, []], [11, [11]], [8, [8]]]], [[[22, [13, 16, 23]]], [[5, [5]]], [[22, [22, 19]]], [[22, [28, 24]]], [[22, [14, 15, 20]], [21, [21]]], [[22, [12, 18]]], [[9, [9, 17, 4]]], [[6, [6, 30, 27]]], [[25, [25, 3, 10]]], [[7, [7, 2]]], [[11, [11]]], [[8, [8]]]]]",2.363636,6.454545,2.25,6.25,971.729,OK
test_data\data_demand_random\30\C201_0.5.dat,8,60,3,2,378.13274595042157,"[[[[0, [1]], [5, [5, 23]], [2, [2, 3]], [1, []], [7, [7, 4, 10, 26]], [3, []], [4, []], [10, []], [25, [25, 28, 21]], [23, []], [26, []], [28, []], [30, [30]], [21, []], [22, [22]]], [[0, [13, 16]], [11, [11, 19]], [8, [8, 18, 20]], [9, [9, 17, 12, 27, 14, 15, 24]], [13, []], [14, []], [12, []], [16, []], [15, []], [19, []], [18, []], [17, []], [6, [6, 29]], [29, []], [27, []], [24, []], [20, []]]], [[[5, [5, 23]]], [[11, [11, 19]]], [[2, [2, 3]]], [[8, [8, 18, 20]]], [[7, [7, 4, 10, 26]]], [[9, [14, 15, 24]]], [[9, [9, 17, 12, 27]]], [[6, [29]]], [[6, [6]]], [[25, [25, 28, 21]]], [[30, [30]]], [[22, [22]]]]]",411.6619037896906,"[[[[0, [1, 16]], [11, [11]], [8, [8, 21, 14]], [21, []], [9, [9, 12, 3]], [14, []], [16, []], [12, []], [1, []], [4, [4, 7, 2]], [3, []], [7, []], [2, []]], [[0, [26, 13, 23]], [5, [5, 19, 29]], [10, [10, 18]], [25, [25, 15, 17, 28, 24]], [13, []], [15, []], [17, []], [19, []], [18, []], [23, []], [26, []], [28, []], [6, [6, 22, 30, 27, 20]], [29, []], [30, []], [27, []], [22, []], [24, []], [20, []]]], [[[5, [29]], [11, [11]]], [[5, [5, 19]]], [[10, [10, 18]]], [[8, [8, 21, 14]]], [[25, [28, 24]]], [[25, [25, 15, 17]]], [[9, [9, 12, 3]]], [[6, [30, 27, 20]]], [[4, [4, 7, 2]]], [[6, [6, 22]]]]]",2.25,6.25,2.5,7.1,696.65,OK
test_data\data_demand_random\30\C201_0.5.dat,8,60,3,3,371.0,"[[[[0, [1]], [5, [5, 2, 26, 23, 11, 4, 3, 10]], [4, []], [3, []], [7, [7, 28]], [1, []], [2, []], [11, []], [10, []], [8, [8, 25, 30, 27, 22]], [25, []], [23, []], [26, []], [28, []], [30, []], [27, []], [22, []]], [[0, [13, 16, 19]], [21, [21, 18, 15, 14, 24, 20]], [9, [9, 12, 17, 6]], [12, []], [14, []], [16, []], [19, []], [15, []], [13, []], [17, []], [18, []], [6, []], [29, [29]], [24, []], [20, []]]], [[[5, [2, 3]]], [[5, [5, 4, 10]]], [[5, [26, 23, 11]]], [[7, [7, 28]]], [[21, [14, 24, 20]]], [[21, [21, 18, 15]]], [[9, [9, 12, 17, 6]]], [[29, [29]]], [[8, [30, 27]]], [[8, [8, 25, 22]]]]]",,None,2.6,7.2,,,399.449,OK
test_data\data_demand_random\30\C201_0.5.dat,8,60,3,4,374.0,"[[[[0, [23]], [5, [5, 26, 29]], [10, [10, 11]], [11, []], [8, [8, 6, 28]], [24, [24, 22]], [29, []], [6, []], [28, []], [26, []], [23, []], [25, [25, 30, 27, 20]], [30, []], [27, []], [22, []], [20, []]], [[0, [1]], [1, []], [4, [4, 7, 14, 3, 2]], [3, []], [7, []], [2, []], [9, [9, 12, 18, 17, 13, 15, 21, 19, 16]], [12, []], [14, []], [16, []], [15, []], [19, []], [18, []], [17, []], [13, []], [21, []]]], [[[5, [29]]], [[5, [5, 26]]], [[10, [10, 11]]], [[4, [3, 2]]], [[8, [8, 6, 28]]], [[4, [4, 7, 14]]], [[24, [24, 22]]], [[9, [18, 15, 16]]], [[9, [17, 13]]], [[9, [9, 12, 21, 19]]], [[25, [25, 30, 27, 20]]]]]",395.6619037896906,"[[[[0, [23]], [11, [11, 26]], [10, [10]], [8, [8, 28, 6]], [24, [24, 29]], [6, []], [28, []], [26, []], [23, []], [25, [25, 21, 30, 27]], [29, []], [30, []], [27, []], [21, []]], [[0, [1]], [5, [5, 3, 4, 2]], [1, []], [3, []], [4, []], [7, [7, 14, 12, 19]], [2, []], [9, [9, 18, 17, 13, 15, 16, 22]], [12, []], [14, []], [16, []], [15, []], [19, []], [18, []], [17, []], [13, []], [22, []], [20, [20]]]], [[[11, [11, 26]]], [[5, [5, 4]], [10, [10]]], [[5, [3, 2]]], [[8, [8, 28, 6]]], [[7, [7, 14]]], [[24, [24, 29]]], [[7, [12, 19]]], [[9, [18, 15, 16]]], [[9, [17, 13]]], [[9, [9, 22]]], [[20, [20]]], [[25, [25, 21, 30, 27]]]]]",2.545455,7.363636,2.333333,6.75,583.343,OK
test_data\data_demand_random\30\C201_0.5.dat,8,60,3,5,375.6619037896906,"[[[[0, [1]], [5, [5, 2, 3, 11, 4]], [2, []], [1, []], [4, []], [3, []], [7, [7, 8, 10]], [11, []], [10, []], [8, []], [30, [30, 27, 20, 6]], [6, []], [27, []], [22, [22]], [20, []]], [[0, [13, 19, 16, 23, 26, 29]], [21, [21, 15, 28, 24, 14, 18]], [9, [25, 9, 17, 12]], [12, []], [14, []], [16, []], [15, []], [19, []], [18, []], [17, []], [13, []], [25, []], [23, []], [26, []], [28, []], [29, []], [24, []]]], [[[5, [11, 4]]], [[5, [5]]], [[5, [2, 3]]], [[21, [18]]], [[21, [28, 24]]], [[21, [21, 15, 14]]], [[9, [9, 17, 12]]], [[9, [25]]], [[7, [7, 8, 10]]], [[30, [30, 27, 20, 6]]], [[22, [22]]]]]",378.6476151587624,"[[[[0, [1]], [5, [5, 3, 4, 2, 10]], [3, []], [4, []], [7, [7, 11]], [1, []], [2, []], [11, []], [10, []], [8, [8]], [30, [30, 27, 6]], [6, []], [27, []], [22, [22]]], [[0, [18, 13, 19, 16, 23, 26, 29, 24]], [21, [21, 14, 15, 20]], [9, [12, 25, 9, 17, 28]], [12, []], [14, []], [16, []], [15, []], [19, []], [18, []], [17, []], [13, []], [25, []], [23, []], [26, []], [28, []], [29, []], [24, []], [20, []]]], [[[5, [5, 4, 10]]], [[5, [3, 2]]], [[21, [21, 14, 15, 20]]], [[7, [7, 11]]], [[8, [8]], [9, [9, 17]]], [[9, [12, 25, 28]]], [[30, [30, 27, 6]]], [[22, [22]]]]]",2.090909,5.818182,2.625,7.125,407.363,OK
test_data\data_demand_random\30\C201_0.5.dat,8,120,1,1,374.33479468189466,"[[[[0, [1]], [5, [5, 2, 16]], [2, []], [7, [7, 4, 3, 24, 22]], [4, []], [3, []], [1, []], [12, [12, 15, 20, 14]], [16, []], [14, []], [15, []], [25, [25, 30, 27]], [30, []], [27, []], [24, []], [22, []], [20, []]], [[0, []], [29, [29, 19, 23]], [6, [6, 28, 10]], [28, [9, 21, 8, 26, 13]], [26, []], [23, []], [19, []], [18, [18]], [17, [17, 11]], [13, []], [9, []], [11, []], [10, []], [8, []], [21, []]]], [[[5, [2, 16]]], [[29, [29, 19, 23]]], [[5, [5]]], [[7, [4, 22]]], [[7, [7, 3, 24]]], [[6, [6, 28, 10]]], [[28, [26, 13]]], [[28, [9, 21, 8]]], [[12, [12, 15, 20, 14]]], [[18, [18]]], [[17, [17, 11]]], [[25, [25, 30, 27]]]]]",,None,2.416667,6.833333,,,244.469,OK
test_data\data_demand_random\30\C201_0.5.dat,8,120,1,2,376.6844118355856,"[[[[0, [23, 26]], [5, [5, 14, 19, 16, 13]], [13, []], [14, []], [12, [12, 15, 17, 27, 24]], [16, []], [15, []], [19, []], [18, [18]], [17, []], [25, [25, 28, 20]], [23, []], [26, []], [28, []], [30, [30]], [27, []], [24, []], [22, [22]], [20, []]], [[0, [1]], [1, []], [3, [3, 4, 7, 11, 10]], [4, []], [7, []], [2, [2, 8, 21, 6]], [9, [9, 29]], [11, []], [10, []], [8, []], [21, []], [29, []], [6, []]]], [[[5, [13]]], [[5, [14, 19]]], [[5, [5, 16]]], [[3, [3, 4]]], [[3, [7, 11, 10]]], [[12, [12, 15, 17, 27, 24]]], [[2, [2, 8, 21, 6]]], [[18, [18]]], [[9, [9, 29]]], [[25, [25, 28, 20]]], [[30, [30]]], [[22, [22]]]]]",409.6703027083876,"[[[[0, []], [5, [5, 26]], [2, [2, 10]], [9, [9, 22]], [11, [11, 29]], [10, [20, 6]], [8, [8, 21, 28]], [21, []], [22, []], [20, []], [29, []], [26, []], [28, []], [6, []]], [[0, [1]], [4, [4, 3, 19]], [3, []], [7, [7, 14, 23]], [1, []], [12, [12, 16, 15, 17, 13, 24]], [14, []], [16, []], [15, []], [19, []], [18, [18]], [17, []], [13, []], [23, []], [25, [25, 30, 27]], [30, []], [24, []], [27, []]]], [[[4, [4, 3, 19]]], [[5, [5, 26]]], [[2, [2, 10]]], [[7, [7, 14, 23]]], [[9, [9, 22]]], [[11, [11, 29]]], [[10, [20, 6]], [12, [15, 17, 24]]], [[8, [8, 21, 28]]], [[12, [12, 16, 13]]], [[18, [18]]], [[25, [25, 30, 27]]]]]",2.25,6.5,2.636364,7.454545,172.24,OK
test_data\data_demand_random\30\C201_0.5.dat,8,120,1,3,381.0,"[[[[0, [5, 2, 1, 13, 29]], [5, []], [2, []], [7, [7, 3, 4]], [3, []], [4, []], [1, []], [13, []], [17, [17, 25, 6, 24, 20]], [25, []], [29, []], [6, []], [24, []], [20, []]], [[0, [14, 26, 28, 19, 18, 16, 23]], [8, [8, 10, 11, 12, 15, 30, 27]], [10, []], [11, []], [9, [9, 22]], [12, []], [14, []], [16, []], [15, []], [19, []], [18, []], [23, []], [26, []], [28, []], [30, []], [27, []], [22, []], [21, [21]]]], [[[7, [7, 3, 4]]], [[8, [12, 15, 30, 27]]], [[8, [8, 10, 11]]], [[9, [9, 22]]], [[17, [17, 25, 6, 24, 20]]], [[21, [21]]]]]",414.6476151587624,"[[[[0, []], [5, [5, 16]], [10, [10, 13]], [8, [8, 15, 18, 14]], [9, [9, 12, 19]], [12, []], [14, []], [16, []], [15, []], [19, []], [18, []], [17, [17, 6, 21, 29, 30, 27]], [13, []], [30, []], [21, []], [27, []], [6, []], [29, []]], [[0, [1]], [11, [11, 4, 26, 23]], [4, []], [7, [7, 3, 24, 2, 20]], [3, []], [1, []], [2, []], [25, [25, 22]], [23, []], [26, []], [28, [28]], [22, []], [24, []], [20, []]]], [[[5, [5, 16]]], [[10, [10, 13]], [11, [23]]], [[11, [11, 4, 26]]], [[8, [14]]], [[8, [8, 15, 18]]], [[7, [7, 3, 24]]], [[7, [2, 20]]], [[9, [9, 12, 19]]], [[17, [6, 21, 30, 27]]], [[17, [17, 29]]], [[25, [25, 22]]], [[28, [28]]]]]",3.0,6.666667,2.416667,6.833333,137.94,OK
test_data\data_demand_random\30\C201_0.5.dat,8,120,1,4,377.6155281280883,"[[[[0, [1]], [2, [2, 3, 13]], [3, []], [4, [4, 7, 14]], [7, []], [1, []], [12, [12, 15, 25, 19, 18, 16]], [14, []], [16, []], [15, []], [19, []], [18, []], [17, [17, 30]], [13, []], [25, []], [30, []], [27, [27, 22]], [22, []]], [[0, [23]], [5, [5]], [8, [8, 28, 6]], [11, [11, 29]], [10, [10, 26]], [9, [9, 20, 21, 24]], [23, []], [26, []], [28, []], [6, []], [29, []], [24, []], [21, []], [20, []]]], [[[2, [13]]], [[2, [2, 3]]], [[5, [5]]], [[4, [4, 7, 14]]], [[8, [8, 28, 6]]], [[11, [11, 29]]], [[10, [10, 26]]], [[9, [9, 20, 21, 24]]], [[12, [12, 19, 16]]], [[12, [15, 25, 18]]], [[17, [17, 30]]], [[27, [27, 22]]]]]",,None,2.333333,6.75,,,233.124,OK
test_data\data_demand_random\30\C201_0.5.dat,8,120,1,5,381.809310032716,"[[[[0, [1, 13, 16]], [5, [5, 4]], [2, [2, 3]], [3, []], [4, []], [7, [7, 14, 15]], [1, []], [12, [12, 25, 30, 27]], [14, []], [16, []], [15, []], [13, []], [25, []], [30, []], [29, [29]], [27, []], [24, [24]]], [[0, [11]], [22, [22, 10]], [6, [6, 9, 8, 21, 20, 18]], [28, [28, 17]], [26, [26, 23, 19]], [23, []], [18, []], [19, []], [17, []], [9, []], [11, []], [10, []], [8, []], [21, []], [20, []]]], [[[22, [22, 10]]], [[5, [5, 4]]], [[2, [2, 3]]], [[6, [18]]], [[6, [6, 9, 8, 21, 20]]], [[7, [7, 14, 15]]], [[28, [28, 17]]], [[12, [12, 25, 30, 27]]], [[26, [26, 23, 19]]], [[29, [29]]], [[24, [24]]]]]",,None,2.363636,6.454545,,,150.106,OK
test_data\data_demand_random\30\C201_0.5.dat,8,120,2,1,381.02854651508335,"[[[[0, [1]], [2, [2, 3]], [7, [7, 4, 13]], [4, []], [3, []], [1, []], [13, []], [25, [25, 11]], [9, [9]], [11, []], [8, [8, 21, 30, 22, 27]], [21, []], [30, []], [27, []], [22, []]], [[0, [23]], [5, [5, 26, 29, 16]], [10, [10, 19, 24]], [12, [12, 15, 17, 28, 20, 14]], [14, []], [16, []], [15, []], [19, []], [18, [18]], [17, []], [23, []], [26, []], [28, []], [6, [6]], [29, []], [24, []], [20, []]]], [[[2, [2, 3]]], [[5, [26, 29]]], [[5, [5, 16]]], [[7, [7, 4, 13]]], [[10, [10, 19, 24]]], [[12, [17, 28]]], [[12, [12, 15, 20, 14]]], [[18, [18]]], [[6, [6]]], [[25, [25, 11]]], [[9, [9]]], [[8, [8, 21, 22]]], [[8, [30, 27]]]]]",401.6155281280883,"[[[[0, [1]], [2, [2, 3, 26]], [1, []], [7, [7, 4, 5]], [3, []], [4, []], [5, []], [8, [8, 21, 30]], [21, []], [30, []], [28, [28]], [26, []], [25, [25, 20, 22]], [22, []], [20, []]], [[0, [16, 23]], [10, [10, 19]], [11, [11, 29]], [9, [9, 13]], [13, []], [15, [15, 17, 6, 27]], [19, []], [16, []], [12, [12, 14, 24]], [14, []], [17, []], [18, [18]], [23, []], [6, []], [29, []], [27, []], [24, []]]], [[[10, [10, 19]], [2, [26]]], [[2, [2, 3]]], [[7, [7, 4, 5]]], [[11, [11, 29]]], [[9, [9, 13]]], [[15, [15, 17, 6, 27]]], [[12, [12, 14, 24]]], [[8, [8, 21, 30]]], [[18, [18]]], [[28, [28]]], [[25, [25, 20, 22]]]]]",2.153846,6.230769,2.454545,7.181818,390.112,OK
test_data\data_demand_random\30\C201_0.5.dat,8,120,2,2,381.0812802655035,"[[[[0, [1]], [4, [4, 3]], [3, []], [7, [7, 2, 10]], [1, []], [2, []], [9, [9, 6, 29]], [10, []], [8, [8, 24, 20]], [21, [21, 22]], [22, []], [6, []], [29, []], [24, []], [20, []]], [[0, [23]], [5, [5, 16, 13, 26]], [11, [11, 19]], [17, [17, 18]], [18, []], [19, []], [14, [14, 25]], [12, [12, 15, 28]], [16, []], [15, []], [13, []], [25, []], [23, []], [26, []], [28, []], [30, [30, 27]], [27, []]]], [[[5, [16, 13]]], [[5, [5, 26]]], [[11, [11, 19]]], [[4, [4, 3]]], [[7, [7, 2, 10]]], [[17, [17, 18]]], [[14, [14, 25]]], [[12, [12, 15, 28]]], [[9, [9, 6, 29]]], [[8, [8, 24, 20]]], [[30, [30, 27]]], [[21, [21, 22]]]]]",425.298221281347,"[[[[0, [26]], [29, [29, 2, 23]], [6, [6, 24, 22]], [24, []], [21, [21, 5, 25, 27]], [5, []], [2, []], [9, [9, 30, 20, 28]], [25, []], [23, []], [26, []], [28, []], [30, []], [27, []], [22, []], [20, []]], [[0, [16, 1]], [11, [11]], [17, [17, 18]], [16, []], [12, [12, 14, 15, 4]], [14, []], [15, []], [19, [19, 13]], [18, []], [13, []], [1, []], [7, [7, 3, 10]], [3, []], [4, []], [10, []], [8, [8]]]], [[[11, [11]], [29, [2]]], [[29, [29, 23]]], [[6, [6, 24, 22]]], [[17, [17, 18]]], [[12, [12, 14, 15, 4]]], [[19, [19, 13]]], [[21, [21, 5, 25, 27]]], [[9, [20, 28]]], [[7, [7, 3, 10]]], [[9, [9, 30]]], [[8, [8]]]]]",2.333333,6.75,2.454545,7.0,340.27,OK
test_data\data_demand_random\30\C201_0.5.dat,8,120,2,3,376.0,"[[[[0, [26, 13]], [5, [5, 23]], [10, [10, 11]], [11, []], [8, [8, 29]], [25, [25, 28, 6, 20]], [13, []], [18, [18]], [23, []], [26, []], [28, []], [6, []], [29, []], [30, [30, 27, 24]], [27, []], [24, []], [20, []]], [[0, [1]], [2, [2]], [3, [3, 4, 19]], [4, []], [7, [7, 14, 15]], [1, []], [12, [12, 21, 9, 17, 16, 22]], [14, []], [16, []], [15, []], [19, []], [17, []], [9, []], [21, []], [22, []]]], [[[5, [5, 23]]], [[2, [2]]], [[10, [10, 11]]], [[3, [3, 4, 19]]], [[8, [8, 29]]], [[7, [7, 14, 15]]], [[25, [25, 28, 6, 20]]], [[18, [18]]], [[12, [21, 9, 17]]], [[12, [12, 16, 22]]], [[30, [30, 27, 24]]]]]",,None,2.454545,6.727273,,,601.668,OK
test_data\data_demand_random\30\C201_0.5.dat,8,120,2,4,380.84646652248966,"[[[[0, []], [2, [2, 4, 16, 19, 22]], [4, []], [3, [3, 1]], [7, [7, 18, 15]], [1, []], [12, [12, 14, 20, 30]], [14, []], [16, []], [15, []], [19, []], [18, []], [17, [17, 13]], [13, []], [30, []], [22, []], [20, []]], [[0, [29, 26, 23]], [5, [5, 10]], [21, [21, 24, 11]], [24, []], [27, [27, 6, 28]], [29, []], [6, []], [28, []], [26, []], [23, []], [25, [25, 9, 8]], [9, []], [11, []], [10, []], [8, []]]], [[[5, [5, 10]]], [[2, [19, 22]]], [[2, [2, 4, 16]]], [[3, [3, 1]]], [[21, [21, 24, 11]]], [[7, [7, 18, 15]]], [[27, [27, 6, 28]]], [[12, [30]]], [[12, [12, 14, 20]]], [[17, [17, 13]]], [[25, [25, 9, 8]]]]]",431.0,"[[[[0, [5, 2, 11, 16]], [2, [1, 3]], [1, []], [7, [7, 4, 10, 9, 8, 21]], [3, []], [4, []], [5, []], [10, []], [11, []], [12, [12, 14]], [14, []], [16, []], [9, []], [8, []], [22, [22]], [21, []]], [[0, [26, 23, 13]], [29, [29, 19]], [6, [6, 24]], [28, [28, 17]], [26, [20, 18, 15]], [23, []], [19, []], [18, []], [17, []], [15, []], [13, []], [25, [25, 27, 30]], [24, []], [27, []], [30, []], [20, []]]], [[[2, [1, 3]]], [[29, [29, 19]]], [[6, [6, 24]], [7, [7, 4, 10]]], [[7, [9, 8, 21]]], [[28, [28, 17]]], [[26, [20, 18, 15]]], [[12, [12, 14]]], [[22, [22]]], [[25, [25, 27, 30]]]]]",2.454545,7.090909,2.555556,6.888889,336.036,OK
test_data\data_demand_random\30\C201_0.5.dat,8,120,2,5,377.0,"[[[[0, []], [5, [5, 13, 2, 4]], [4, []], [3, [3, 1]], [7, [7, 14]], [1, []], [2, []], [9, [9, 15, 27, 17]], [12, [12, 16, 19, 18, 20, 24]], [14, []], [16, []], [15, []], [19, []], [18, []], [17, []], [13, []], [27, []], [24, []], [20, []]], [[0, [26, 23]], [26, []], [28, [28, 6, 10]], [30, [30, 25, 8]], [29, [29, 11]], [6, []], [23, []], [25, []], [11, []], [10, []], [8, []], [21, [21, 22]], [22, []]]], [[[5, [2, 4]]], [[5, [5]]], [[5, [13]]], [[3, [3, 1]]], [[7, [7, 14]]], [[28, [28, 6, 10]]], [[30, [30, 25, 8]]], [[29, [29, 11]]], [[9, [9, 15, 27, 17]]], [[12, [19, 18]]], [[12, [12, 16, 20, 24]]], [[21, [21, 22]]]]]",393.3690199940605,"[[[[0, [1]], [2, [2, 11, 3, 4]], [1, []], [7, [7, 5, 14]], [3, []], [4, []], [5, []], [10, [10, 18, 19, 16, 20, 17, 15, 12]], [11, []], [17, []], [18, []], [19, []], [15, []], [16, []], [14, []], [12, []], [9, [9, 22]], [22, []], [20, []]], [[0, [26, 29, 13]], [24, [24, 23]], [6, [6, 28, 21]], [28, []], [26, []], [23, []], [25, [25, 30, 27]], [13, []], [27, []], [29, []], [30, []], [21, []], [8, [8]]]], [[[2, [2, 11]]], [[2, [3, 4]]], [[7, [14]], [24, [24, 23]]], [[7, [7, 5]]], [[6, [6, 28, 21]]], [[10, [19, 16]]], [[10, [10, 18]]], [[10, [20, 17, 15, 12]]], [[25, [25, 30, 27]]], [[8, [8]]], [[9, [9, 22]]]]]",2.333333,6.833333,2.363636,6.363636,528.902,OK
test_data\data_demand_random\30\C201_0.5.dat,8,120,3,1,382.0,"[[[[0, [26]], [29, [29, 11]], [28, [28, 10]], [26, []], [23, [12, 19, 23, 16]], [17, [17, 18]], [18, []], [19, []], [14, [14, 15]], [12, []], [16, []], [15, [13]], [13, []], [25, [25, 9]], [9, []], [11, []], [10, []]], [[0, [1]], [4, [4, 3]], [3, []], [7, [7, 2, 24]], [1, []], [2, []], [5, [5]], [8, [8, 22]], [22, []], [27, [27, 30, 6]], [30, []], [6, []], [24, []], [20, [20, 21]], [21, []]]], [[[29, [29, 11]]], [[4, [4, 3]]], [[28, [28, 10]]], [[7, [7, 2, 24]]], [[23, [12, 19, 23, 16]]], [[17, [17, 18]]], [[5, [5]]], [[8, [8, 22]]], [[14, [14, 15]]], [[15, [13]]], [[27, [27, 30, 6]]], [[20, [20, 21]]], [[25, [25, 9]]]]]",468.20937271229855,"[[[[0, []], [2, [2, 26, 23]], [5, [5]], [8, [8, 27, 28]], [27, []], [26, []], [28, []], [23, []], [25, [25, 30, 21]], [21, []], [30, []], [6, [6, 29]], [29, []], [22, [22]]], [[0, []], [24, [24, 1]], [20, [20, 14]], [9, [9, 15, 17, 4]], [12, [12, 13, 16]], [14, []], [16, []], [15, []], [19, [19, 18]], [18, []], [17, []], [13, []], [11, [11, 3]], [10, [10, 7]], [7, []], [3, []], [4, []], [1, []]]], [[[24, [1]]], [[2, [2, 26, 23]]], [[24, [24]], [5, [5]]], [[20, [20, 14]]], [[8, [8, 27, 28]]], [[9, [9, 15, 17, 4]]], [[12, [12, 13, 16]]], [[25, [25, 30, 21]]], [[19, [19, 18]]], [[11, [11, 3]]], [[10, [10, 7]]], [[6, [6, 29]]], [[22, [22]]]]]",2.153846,6.076923,2.307692,6.615385,634.361,OK
test_data\data_demand_random\30\C201_0.5.dat,8,120,3,2,377.08318915758457,"[[[[0, [1]], [4, [4, 3, 16]], [3, []], [7, [7, 19]], [1, []], [12, [12, 14, 15]], [14, []], [16, []], [15, []], [19, []], [9, [9, 11, 10, 8, 21]], [11, []], [10, []], [8, []], [21, []]], [[0, [13, 23, 26]], [5, [5]], [2, [2, 29]], [25, [25, 28, 6, 20]], [13, []], [17, [17, 18]], [18, []], [23, []], [26, []], [28, []], [6, []], [29, []], [30, [30, 24]], [27, [27, 22]], [24, []], [22, []], [20, []]]], [[[4, [4, 3, 16]]], [[5, [5]]], [[2, [2, 29]]], [[7, [7, 19]]], [[25, [25, 28, 6, 20]]], [[17, [17, 18]]], [[30, [30, 24]]], [[12, [12, 14, 15]]], [[9, [11, 10]]], [[9, [9, 8, 21]]], [[27, [27, 22]]]]]",447.3238075793812,"[[[[0, [1]], [1, [19]], [7, [7, 3, 4]], [3, []], [4, []], [10, [10, 13]], [13, []], [15, [15, 14, 16]], [19, []], [14, []], [16, []], [30, [30, 29, 27, 21, 20]], [29, []], [24, [24, 22]], [27, []], [22, []], [21, []], [20, []]], [[0, [23, 26]], [5, [5]], [2, [2, 11]], [11, []], [9, [9, 12, 17]], [12, [25, 18]], [17, []], [18, []], [23, []], [26, []], [28, [28, 6, 8]], [6, []], [25, []], [8, []]]], [[[5, [5]], [1, [19]]], [[7, [7, 3, 4]]], [[2, [2, 11]]], [[9, [9, 12, 17]]], [[12, [25, 18]]], [[10, [10, 13]]], [[15, [15, 14, 16]]], [[28, [28, 6, 8]]], [[30, [29]]], [[30, [30, 27, 21, 20]]], [[24, [24, 22]]]]]",2.363636,6.636364,2.454545,7.090909,562.975,OK
test_data\data_demand_random\30\C201_0.5.dat,8,120,3,3,378.0,"[[[[0, [1]], [4, [4, 3, 19]], [3, []], [7, [7, 2, 16]], [1, []], [2, []], [9, [9, 12, 15, 27]], [12, []], [14, [14, 20, 17, 18]], [16, []], [15, []], [19, []], [18, []], [17, []], [13, [13]], [25, [25, 22]], [27, []], [22, []], [20, []]], [[0, [23]], [5, [5, 29, 10, 26]], [10, []], [21, [21, 6, 11]], [24, [24, 28]], [30, [30, 8]], [29, []], [6, []], [28, []], [26, []], [23, []], [11, []], [8, []]]], [[[5, [29, 10]]], [[4, [4, 3, 19]]], [[5, [5, 26]]], [[7, [7, 2, 16]]], [[21, [21, 6, 11]]], [[24, [24, 28]]], [[30, [30, 8]]], [[9, [9, 12, 15, 27]]], [[14, [14, 20]]], [[14, [17, 18]]], [[13, [13]]], [[25, [25, 22]]]]]",408.6619037896906,"[[[[0, []], [5, [5, 13, 16]], [8, [8, 19, 17, 29]], [27, [27, 25, 12, 14]], [25, []], [13, [15, 18, 6, 24, 22]], [12, []], [14, []], [16, []], [15, []], [19, []], [17, []], [18, []], [6, []], [29, []], [24, []], [22, []]], [[0, [1]], [2, [2, 4, 23]], [1, []], [3, [3, 11]], [7, [7, 26]], [4, []], [10, [10]], [11, []], [9, [9, 28]], [23, []], [26, []], [28, []], [30, [30, 21, 20]], [21, []], [20, []]]], [[[5, [13, 16]]], [[2, [2, 4, 23]]], [[5, [5]]], [[8, [19, 29]]], [[3, [3, 11]]], [[8, [8, 17]]], [[7, [7, 26]]], [[27, [27, 25, 12, 14]]], [[13, [15, 18]], [10, [10]]], [[13, [6, 24, 22]]], [[9, [9, 28]]], [[30, [30, 21, 20]]]]]",2.333333,6.75,2.416667,6.833333,624.277,OK
test_data\data_demand_random\30\C201_0.5.dat,8,120,3,4,369.0,"[[[[0, [23]], [5, [5, 29, 26]], [21, [21, 22, 24]], [22, []], [27, [27, 6, 28]], [6, []], [28, []], [26, []], [23, []], [25, [25, 30, 20]], [30, []], [29, []], [24, []], [20, []]], [[0, [1, 13]], [2, [2, 19, 4]], [7, [7, 3, 16, 14, 10]], [3, []], [4, []], [1, []], [12, [12, 18, 17, 8, 15, 9, 11]], [14, []], [16, []], [15, []], [19, []], [18, []], [17, []], [13, []], [9, []], [11, []], [10, []], [8, []]]], [[[5, [29, 26]]], [[5, [5]]], [[2, [2, 19, 4]]], [[7, [14, 10]]], [[7, [7, 3, 16]]], [[21, [21, 22, 24]]], [[27, [27, 6, 28]]], [[12, [18]]], [[12, [15, 9, 11]]], [[12, [12, 17, 8]]], [[25, [25, 30, 20]]]]]",390.7708432922931,"[[[[0, []], [26, [26, 23]], [28, [28, 10]], [6, [6, 30, 8]], [29, [29, 11, 9, 21]], [30, []], [23, []], [25, [25, 22]], [9, []], [11, []], [10, []], [8, []], [21, []], [22, []]], [[0, [1]], [5, [5, 4, 19, 16]], [2, [2, 3]], [7, [7, 14]], [3, []], [4, []], [1, [20, 12, 13, 15]], [13, []], [14, []], [12, []], [16, []], [15, []], [19, []], [18, [18, 24]], [17, [17, 27]], [27, []], [24, []], [20, []]]], [[[5, [4, 19]], [26, [26, 23]]], [[5, [5, 16]]], [[2, [2, 3]]], [[7, [7, 14]]], [[28, [28, 10]]], [[1, [20, 12, 13, 15]]], [[6, [6, 30, 8]]], [[29, [29, 11]]], [[29, [9, 21]]], [[25, [25, 22]]], [[18, [18, 24]]], [[17, [17, 27]]]]]",2.454545,6.909091,2.416667,6.833333,633.036,OK
test_data\data_demand_random\30\C201_0.5.dat,8,120,3,5,383.6124969497314,"[[[[0, []], [5, [5, 1, 19, 23, 26]], [4, [7, 3, 4]], [3, []], [7, []], [1, []], [17, [17, 18]], [19, []], [18, []], [23, []], [26, []], [28, [28]], [27, [27, 22]], [22, []]], [[0, []], [2, [2, 11]], [11, []], [10, [10, 14]], [8, [8, 15, 13]], [21, [21, 12, 30, 6]], [9, [9, 16, 25, 29, 24, 20]], [12, []], [14, []], [16, []], [15, []], [13, []], [25, []], [30, []], [6, []], [29, []], [24, []], [20, []]]], [[[5, [5, 19]]], [[2, [2, 11]]], [[5, [1, 23, 26]]], [[4, [7, 3, 4]]], [[10, [10, 14]]], [[8, [8, 15, 13]]], [[21, [21, 12, 30, 6]]], [[9, [16, 29]]], [[9, [9, 25, 24, 20]]], [[17, [17, 18]]], [[28, [28]]], [[27, [27, 22]]]]]",415.8980941733875,"[[[[0, []], [29, [29, 3]], [6, [6, 1]], [30, [30, 7, 4]], [25, [25, 13]], [13, []], [1, []], [7, []], [3, []], [4, []], [8, [8, 21, 20]], [21, []], [20, []]], [[0, []], [5, [5, 16, 23]], [2, [2, 11]], [11, []], [10, [10, 24]], [9, [9, 15, 19]], [17, [17, 14]], [16, []], [12, [12]], [14, []], [15, []], [19, []], [18, [18, 26, 28]], [23, []], [26, []], [28, []], [27, [27, 22]], [22, []], [24, []]]], [[[29, [29, 3]]], [[5, [5, 16, 23]]], [[2, [2, 11]]], [[10, [10, 24]]], [[6, [6, 1]]], [[9, [9, 15, 19]]], [[30, [30, 7, 4]]], [[17, [17, 14]]], [[12, [12]], [25, [25, 13]]], [[18, [18, 26]]], [[18, [28]]], [[8, [8, 21, 20]]], [[27, [27, 22]]]]]",2.5,7.166667,2.307692,6.615385,670.736,OK
test_data\data_demand_random\30\C201_3.dat,4,60,1,1,801.0,"[[[[0, [19, 27, 18, 16, 17, 13]], [21, [21, 22]], [9, [9, 25, 15, 14, 12]], [17, []], [18, []], [19, []], [15, []], [16, []], [12, []], [14, []], [13, []], [25, []], [27, []], [22, []]], [[0, [3, 7, 23]], [5, [5, 2, 1, 29]], [4, [4, 28, 26]], [3, []], [7, []], [1, []], [2, []], [11, [11]], [10, [10]], [8, [8]], [23, []], [26, []], [28, []], [6, [6, 30]], [30, []], [29, []], [24, [24]], [20, [20]]]], [[[5, [1]]], [[5, [5]]], [[5, [2, 29]]], [[4, [26]]], [[4, [4]]], [[4, [28]]], [[11, [11]]], [[10, [10]]], [[8, [8]]], [[21, [21, 22]]], [[9, [15, 14, 12]]], [[9, [9, 25]]], [[6, [6, 30]]], [[24, [24]]], [[20, [20]]]]]",827.0831891575846,"[[[[0, [23, 26, 28, 9, 27]], [21, [21, 6, 30]], [9, []], [23, []], [26, []], [28, []], [30, []], [6, []], [27, []]], [[0, [2, 16, 1, 3, 7, 5, 18, 19]], [4, [4, 11, 13]], [3, []], [7, []], [1, []], [2, [15, 29]], [5, []], [8, [8]], [10, [10]], [11, []], [25, [25, 12, 14, 17]], [13, []], [17, []], [18, []], [19, []], [12, []], [14, []], [16, []], [15, []], [29, []], [24, [24]], [22, [22]], [20, [20]]]], [[[21, [21, 6]]], [[4, [4, 13]]], [[4, [11]]], [[2, [15, 29]]], [[8, [8]]], [[10, [10]]], [[21, [30]], [25, [12, 14]]], [[25, [25, 17]]], [[24, [24]]], [[22, [22]]], [[20, [20]]]]]",1.4,3.6,1.545455,3.636364,313.418,OK
test_data\data_demand_random\30\C201_3.dat,4,60,1,2,803.9857113690719,"[[[[0, [26, 23, 1, 3, 7]], [5, [5, 28]], [4, [4]], [3, []], [7, []], [1, []], [2, [2, 29, 21, 11]], [11, []], [10, [10]], [23, []], [26, []], [28, []], [30, [30]], [29, []], [6, [6]], [24, [24]], [22, [22]], [21, []], [20, [20]]], [[0, [19, 13, 17, 18, 27, 15, 16]], [8, [8]], [9, [9, 25, 12, 14]], [17, []], [18, []], [19, []], [15, []], [16, []], [12, []], [14, []], [13, []], [25, []], [27, []]]], [[[5, [5]]], [[5, [28]]], [[4, [4]]], [[2, [2, 29]]], [[2, [21, 11]]], [[10, [10]]], [[8, [8]]], [[30, [30]]], [[9, [12, 14]]], [[9, [9, 25]]], [[6, [6]]], [[24, [24]]], [[22, [22]]], [[20, [20]]]]]",,None,1.285714,3.214286,,,303.356,OK
test_data\data_demand_random\30\C201_3.dat,4,60,1,3,791.0,"[[[[0, [23, 26, 16, 1, 19, 2]], [5, [5, 28, 13, 18]], [1, []], [2, []], [11, [11]], [10, [10]], [23, []], [26, []], [28, []], [22, [22, 14, 15, 24]], [24, []], [21, [21, 6]], [29, [29]], [6, []], [30, [30, 9, 12]], [25, [25, 17]], [13, []], [17, []], [18, []], [19, []], [15, []], [16, []], [14, []], [12, []], [9, []]], [[0, [7, 4, 3, 27]], [20, [20]], [27, []], [8, [8]], [4, []], [3, []], [7, []]]], [[[5, [28, 18]]], [[5, [5, 13]]], [[11, [11]]], [[10, [10]]], [[22, [22, 14]]], [[22, [15, 24]]], [[21, [21, 6]]], [[20, [20]]], [[29, [29]]], [[8, [8]]], [[30, [30, 9, 12]]], [[25, [25, 17]]]]]",919.0,"[[[[0, [23, 19, 26, 16, 3]], [5, [5, 28, 29, 13, 1]], [1, []], [4, [4]], [23, []], [26, []], [28, []], [21, [21, 18, 15]], [24, [24, 14]], [29, []], [6, [6, 17]], [30, [30]], [25, [25]], [13, []], [17, []], [18, []], [19, []], [15, []], [16, []], [14, []], [3, []], [8, [8]]], [[0, [27, 11, 7]], [20, [20]], [22, [22]], [27, []], [9, [9, 12]], [11, []], [2, [2]], [7, []], [12, []], [10, [10]]]], [[[5, [1]]], [[5, [28, 29]]], [[5, [5, 13]]], [[20, [20]]], [[4, [4]]], [[21, [21, 18, 15]]], [[24, [24, 14]]], [[6, [6, 17]]], [[30, [30]], [22, [22]]], [[25, [25]]], [[8, [8]]], [[9, [9, 12]]], [[2, [2]]], [[10, [10]]]]]",1.666667,3.75,1.571429,3.642857,298.05,OK
test_data\data_demand_random\30\C201_3.dat,4,60,1,4,817.0,"[[[[0, [5, 27, 7, 21, 3, 2]], [5, []], [7, []], [3, []], [2, []], [25, [25, 30]], [30, []], [27, []], [21, []], [20, [20]]], [[0, [11, 26, 23, 19, 13, 16, 1]], [4, [4]], [1, []], [11, []], [10, [10]], [24, [24]], [22, [22, 28, 29, 14]], [26, []], [28, []], [6, [6, 17]], [29, [18, 15, 12, 9]], [23, []], [18, []], [17, []], [19, []], [15, []], [16, []], [12, []], [14, []], [13, []], [9, []], [8, [8]]]], [[[4, [4]]], [[10, [10]]], [[24, [24]]], [[22, [22, 14]]], [[22, [28, 29]]], [[6, [6, 17]]], [[29, [18, 15]]], [[29, [12, 9]]], [[8, [8]]], [[25, [25, 30]]], [[20, [20]]]]]",,None,1.545455,3.636364,,,328.344,OK
test_data\data_demand_random\30\C201_3.dat,4,60,1,5,801.0,"[[[[0, [26, 23, 29, 28, 27, 6]], [29, []], [27, []], [30, [30, 24]], [23, []], [26, []], [28, []], [6, []], [24, []], [20, [20]]], [[0, [11, 18, 7, 1, 3, 19]], [4, [4, 16, 13]], [3, []], [7, []], [1, []], [2, [2, 5, 15, 17]], [5, []], [10, [10]], [8, [8]], [11, []], [9, [9, 14, 12]], [13, []], [12, []], [14, []], [16, []], [15, []], [19, []], [18, []], [17, []], [25, [25, 21]], [21, []], [22, [22]]]], [[[4, [16, 13]]], [[4, [4]]], [[2, [2, 15, 17]]], [[2, [5]]], [[10, [10]]], [[30, [30, 24]]], [[8, [8]]], [[9, [9, 14, 12]]], [[20, [20]]], [[25, [25, 21]]], [[22, [22]]]]]",835.0,"[[[[0, [14, 16, 29, 27, 6]], [21, [21, 15]], [25, [30, 25]], [14, []], [16, []], [15, []], [30, []], [29, []], [6, []], [27, []], [22, [22]], [20, [20]]], [[0, [1, 23, 26, 19, 18, 7, 3]], [5, [5, 11, 13]], [4, [4]], [3, []], [7, []], [1, []], [2, [2, 17, 28]], [11, []], [10, [10]], [8, [8]], [9, [9, 24, 12]], [12, []], [13, []], [17, []], [18, []], [19, []], [23, []], [26, []], [28, []], [24, []]]], [[[5, [11, 13]]], [[5, [5]]], [[4, [4]]], [[2, [2]]], [[2, [17, 28]]], [[10, [10]]], [[8, [8]]], [[9, [9, 24]]], [[9, [12]], [21, [21, 15]]], [[25, [30, 25]]], [[22, [22]]], [[20, [20]]]]]",1.636364,3.727273,1.5,3.5,390.73,OK
test_data\data_demand_random\30\C201_3.dat,4,60,2,1,807.7630546142402,"[[[[0, [23, 26, 3, 19, 1, 16]], [1, []], [4, [4, 13]], [3, []], [11, [11]], [10, [10, 28, 29]], [23, []], [26, []], [28, []], [6, [6, 21, 18, 15, 14]], [29, []], [21, [17, 12]], [13, []], [17, []], [18, []], [19, []], [15, []], [16, []], [14, []], [12, []], [8, [8]]], [[0, [22, 7, 5, 2, 27]], [20, [20]], [24, [24]], [22, []], [27, []], [30, [30, 25]], [25, []], [9, [9]], [7, []], [2, []], [5, []]]], [[[4, [4, 13]]], [[11, [11]]], [[10, [10]]], [[10, [28, 29]]], [[6, [18, 15, 14]]], [[20, [20]]], [[6, [6, 21]]], [[24, [24]]], [[21, [17, 12]]], [[8, [8]]], [[30, [30, 25]]], [[9, [9]]]]]",833.0710678118655,"[[[[0, [3, 1, 23, 26, 19, 16]], [11, [11]], [1, []], [3, []], [4, [4]], [2, [2, 29]], [5, [5]], [10, [10, 28, 18]], [23, []], [26, []], [28, []], [6, [6, 14]], [30, [30, 17]], [29, [12, 15, 9]], [17, []], [18, []], [19, []], [16, []], [12, []], [14, []], [15, []], [9, []], [8, [8]]], [[0, [7, 27, 22]], [20, [20]], [21, [21]], [22, []], [24, [24]], [27, []], [25, [25, 13]], [13, []], [7, []]]], [[[11, [11]]], [[4, [4]]], [[2, [2, 29]]], [[5, [5]]], [[10, [10]]], [[10, [28, 18]]], [[6, [6, 14]]], [[20, [20]]], [[21, [21]], [30, [30, 17]]], [[24, [24]]], [[29, [12, 15, 9]]], [[8, [8]]], [[25, [25, 13]]]]]",1.583333,3.5,1.615385,3.615385,831.114,OK
test_data\data_demand_random\30\C201_3.dat,4,60,2,2,806.0,"[[[[0, [23, 26, 19, 3]], [4, [4]], [3, []], [10, [10, 18, 29]], [11, [11]], [2, [2]], [5, [5, 28, 15, 14]], [21, [21, 16, 17, 9, 12]], [8, [8]], [9, []], [12, []], [14, []], [16, []], [15, []], [19, []], [17, []], [18, []], [23, []], [26, []], [28, []], [30, [30, 6]], [6, []], [29, []], [20, [20]]], [[0, [7, 27, 1]], [7, [25, 13]], [1, []], [13, []], [25, []], [27, []], [24, [24]], [22, [22]]]], [[[4, [4]]], [[10, [10]]], [[10, [18, 29]]], [[11, [11]]], [[2, [2]]], [[5, [5, 15]]], [[5, [28, 14]]], [[21, [17, 9, 12]]], [[21, [21, 16]]], [[8, [8]]], [[7, [25, 13]]], [[24, [24]]], [[22, [22]]], [[30, [30, 6]]], [[20, [20]]]]]",,None,1.533333,3.533333,,,944.015,OK
test_data\data_demand_random\30\C201_3.dat,4,60,2,3,805.0831891575846,"[[[[0, [28, 29, 26, 23, 27, 6]], [27, []], [25, [25, 30]], [23, []], [26, []], [28, []], [30, []], [6, []], [29, []], [20, [20]]], [[0, [1, 19, 18, 7, 22, 3, 2]], [5, [5, 13, 14, 4]], [3, []], [4, []], [7, []], [1, []], [2, [15, 16]], [11, [11]], [8, [8]], [10, [10, 17, 12, 21]], [13, []], [17, []], [18, []], [19, []], [15, []], [16, []], [14, []], [12, []], [9, [9, 24]], [21, []], [22, []], [24, []]]], [[[5, [5, 13]]], [[5, [14, 4]]], [[2, [15, 16]]], [[11, [11]]], [[8, [8]]], [[10, [10]]], [[10, [17, 12, 21]]], [[25, [25, 30]]], [[9, [9, 24]]], [[20, [20]]]]]",,None,1.7,3.9,,,719.751,OK
test_data\data_demand_random\30\C201_3.dat,4,60,2,4,801.0,"[[[[0, [28, 27, 29, 6, 26, 24, 22]], [27, []], [26, []], [28, []], [30, [30]], [29, []], [6, []], [24, []], [22, []], [20, [20]]], [[0, [7, 3, 19, 23, 16, 2]], [5, [5, 13, 1]], [4, [4]], [3, []], [7, []], [1, []], [2, []], [11, [11]], [10, [10]], [8, [8]], [9, [9, 17, 15, 12, 14, 18]], [13, []], [14, []], [12, []], [16, []], [15, []], [19, []], [18, []], [17, []], [23, []], [25, [25, 21]], [21, []]]], [[[5, [1]]], [[5, [5, 13]]], [[4, [4]]], [[11, [11]]], [[10, [10]]], [[8, [8]]], [[9, [17, 15, 18]]], [[9, [9, 12, 14]]], [[30, [30]]], [[20, [20]]], [[25, [25, 21]]]]]",850.9857113690719,"[[[[0, [23, 26, 27]], [22, [22]], [8, [8, 28, 29]], [23, []], [26, []], [28, []], [30, [30]], [29, []], [6, [6]], [27, []]], [[0, [3, 4, 7, 1, 19, 16, 24, 5]], [10, [10, 2]], [5, []], [3, []], [4, []], [7, []], [1, []], [2, []], [11, [11, 13]], [21, [21]], [9, [12, 18, 17, 9, 15, 14]], [13, []], [15, []], [16, []], [12, []], [14, []], [19, []], [18, []], [17, []], [25, [25]], [24, []], [20, [20]]]], [[[10, [2]]], [[10, [10]]], [[11, [11, 13]]], [[22, [22]]], [[8, [28, 29]]], [[8, [8]]], [[21, [21]], [30, [30]]], [[9, [17, 9, 15, 14]]], [[9, [12, 18]]], [[6, [6]]], [[25, [25]]], [[20, [20]]]]]",1.545455,3.545455,1.583333,3.416667,888.975,OK
test_data\data_demand_random\30\C201_3.dat,4,60,2,5,788.0,"[[[[0, [20, 29, 28, 26, 27]], [20, []], [6, [6, 30, 24]], [29, []], [30, []], [26, []], [28, []], [27, []], [24, []]], [[0, [7, 3, 19, 16, 4, 18, 23]], [5, [5, 1, 13, 2]], [4, []], [3, []], [7, []], [1, []], [2, []], [11, [11, 9, 15, 21, 17, 14, 12]], [9, []], [13, []], [14, []], [12, []], [16, []], [15, []], [19, []], [18, []], [17, []], [23, []], [25, [25]], [10, [10]], [8, [8]], [21, []], [22, [22]]]], [[[5, [1]]], [[5, [5, 13]]], [[5, [2]]], [[11, [15, 21, 17, 14]]], [[11, [9, 12]]], [[11, [11]]], [[6, [6]]], [[6, [30, 24]]], [[25, [25]]], [[10, [10]]], [[8, [8]]], [[22, [22]]]]]",,None,1.5,3.416667,,,810.608,OK
test_data\data_demand_random\30\C201_3.dat,4,60,3,1,795.7630546142402,"[[[[0, [26, 23, 19, 1, 3]], [5, [5, 13, 16]], [3, []], [4, [4]], [1, []], [11, [11]], [10, [10, 28, 29]], [23, []], [26, []], [28, []], [6, [6, 18, 15, 17, 14, 24]], [24, []], [29, []], [30, [30, 21, 9]], [25, [25, 12]], [13, []], [17, []], [18, []], [19, []], [15, []], [16, []], [14, []], [12, []], [9, []], [21, []]], [[0, [27, 7, 2]], [7, []], [2, []], [8, [8]], [27, []], [22, [22]], [20, [20]]]], [[[5, [16]]], [[5, [5, 13]]], [[4, [4]]], [[11, [11]]], [[10, [10]]], [[10, [28, 29]]], [[6, [14, 24]]], [[6, [18, 15]]], [[6, [6, 17]]], [[30, [30, 21, 9]]], [[25, [12]]], [[25, [25]]], [[8, [8]]], [[22, [22]]], [[20, [20]]]]]",804.0,"[[[[0, [6, 29, 28, 23, 27, 26]], [21, [21]], [25, [25]], [23, []], [26, []], [28, []], [6, []], [29, []], [27, []], [20, [20]]], [[0, [19, 13, 16, 7, 22, 1, 3]], [5, [5, 18, 2, 24]], [2, []], [1, []], [7, []], [4, [4]], [3, []], [11, [11]], [10, [10]], [8, [8]], [9, [9, 17, 15, 30, 14, 12]], [13, []], [14, []], [12, []], [16, []], [15, []], [19, []], [18, []], [17, []], [30, []], [22, []], [24, []]]], [[[5, [5]]], [[5, [24]]], [[5, [18, 2]]], [[4, [4]]], [[11, [11]]], [[10, [10]]], [[8, [8]]], [[9, [17, 15, 14]], [21, [21]]], [[9, [9, 30, 12]]], [[25, [25]]], [[20, [20]]]]]",1.466667,3.4,1.545455,3.545455,863.162,OK
test_data\data_demand_random\30\C201_3.dat,4,60,3,2,780.0,"[[[[0, [23, 26, 1, 19, 13, 16]], [5, [5]], [2, [2, 29, 28, 30, 9, 15, 14, 12]], [1, []], [11, [11]], [9, []], [10, [10]], [23, []], [26, []], [28, []], [6, [6, 17, 18, 21]], [29, []], [30, []], [17, []], [18, []], [19, []], [15, []], [16, []], [12, []], [14, []], [13, []], [25, [25]], [8, [8]], [21, []], [20, [20]]], [[0, [7, 22, 3, 4, 27]], [7, []], [3, []], [4, []], [22, []], [27, []], [24, [24]]]], [[[5, [5]]], [[2, [28, 15, 14]]], [[2, [30, 9, 12]]], [[2, [2, 29]]], [[11, [11]]], [[10, [10]]], [[6, [17, 18]]], [[6, [6, 21]]], [[25, [25]]], [[24, [24]]], [[8, [8]]], [[20, [20]]]]]",839.6155281280883,"[[[[0, [1, 3, 7, 19, 18]], [5, [5, 13]], [10, [10]], [11, [11]], [1, []], [3, []], [4, [4, 15, 17, 2]], [7, []], [2, [14, 12, 16, 9]], [13, []], [14, []], [12, []], [16, []], [15, []], [19, []], [18, []], [17, []], [9, []], [8, [8]], [21, [21]], [20, [20]]], [[0, [27, 26, 23, 28, 29]], [27, []], [25, [25, 30]], [23, []], [26, []], [28, []], [6, [6]], [30, []], [29, []], [22, [22]], [24, [24]]]], [[[5, [5, 13]]], [[10, [10]]], [[11, [11]]], [[4, [4]]], [[4, [15, 17, 2]]], [[2, [14, 16]]], [[2, [12, 9]]], [[25, [25, 30]]], [[6, [6]]], [[22, [22]]], [[8, [8]]], [[21, [21]], [24, [24]]], [[20, [20]]]]]",1.583333,3.583333,1.538462,3.615385,1182.369,OK
test_data\data_demand_random\30\C201_3.dat,4,60,3,3,797.0,"[[[[0, [28, 6, 26, 23, 27]], [27, []], [6, []], [28, []], [26, []], [23, []], [25, [25, 21]], [21, []]], [[0, [1, 2, 5, 11, 19, 7, 3]], [4, [4, 13]], [3, []], [7, []], [1, []], [2, [15, 29]], [5, []], [10, [10]], [8, [8, 22]], [11, []], [9, [14, 16, 9, 12, 30, 18, 17]], [12, []], [14, []], [16, []], [15, []], [19, []], [18, []], [17, []], [13, []], [30, []], [29, []], [24, [24]], [22, []], [20, [20]]]], [[[4, [4, 13]]], [[2, [15, 29]]], [[10, [10]]], [[8, [8]]], [[8, [22]]], [[9, [30, 18]]], [[9, [14, 16]]], [[9, [9, 12, 17]]], [[24, [24]]], [[25, [25, 21]]], [[20, [20]]]]]",860.0,"[[[[0, [17, 13, 27]], [20, [20, 18]], [22, [22]], [27, []], [30, [30, 24]], [25, [25]], [13, []], [18, []], [17, []], [6, [6]], [29, [29]], [24, []]], [[0, [11, 26, 1, 7, 3, 19, 16, 23]], [5, [5]], [10, [10]], [11, []], [2, [2]], [1, []], [7, []], [3, []], [4, [4]], [21, [21, 28, 15, 14, 12, 9]], [28, []], [26, []], [23, []], [19, []], [15, []], [16, []], [14, []], [12, []], [9, []], [8, [8]]]], [[[5, [5]]], [[10, [10]]], [[20, [18]]], [[2, [2]]], [[20, [20]]], [[4, [4]]], [[22, [22]], [21, [14]]], [[21, [21, 28, 15]]], [[21, [12, 9]]], [[8, [8]]], [[30, [30, 24]]], [[25, [25]]], [[6, [6]]], [[29, [29]]]]]",1.636364,3.636364,1.357143,3.214286,784.655,OK
test_data\data_demand_random\30\C201_3.dat,4,60,3,4,802.0,"[[[[0, [23, 26, 27, 28, 29]], [21, [21, 6]], [25, [25]], [23, []], [26, []], [28, []], [6, []], [29, []], [27, []], [22, [22]]], [[0, [19, 18, 7, 16, 3, 13]], [5, [5, 1, 14, 2]], [2, []], [1, []], [7, []], [3, []], [4, [4]], [10, [10, 11]], [8, [8]], [11, []], [9, [15, 30, 9, 12, 17]], [12, []], [16, []], [14, []], [15, []], [19, []], [18, []], [17, []], [13, []], [30, []], [24, [24]], [20, [20]]]], [[[5, [1]]], [[5, [5]]], [[5, [14, 2]]], [[4, [4]]], [[10, [10]]], [[10, [11]]], [[8, [8]]], [[21, [21, 6]]], [[9, [15, 30]]], [[9, [9, 12, 17]]], [[25, [25]]], [[22, [22]]], [[24, [24]]], [[20, [20]]]]]",,None,1.357143,3.357143,,,1155.094,OK
test_data\data_demand_random\30\C201_3.dat,4,60,3,5,801.0,"[[[[0, [26, 28, 23, 6, 29, 27, 24]], [27, []], [23, []], [26, []], [28, []], [30, [30]], [29, []], [6, []], [24, []]], [[0, [19, 1, 3, 7, 16]], [5, [5, 18, 22, 15, 2, 13]], [2, []], [3, []], [4, [4, 14, 11]], [7, []], [1, []], [8, [8]], [10, [10]], [11, []], [9, [9, 12, 17]], [12, []], [14, []], [16, []], [15, []], [19, []], [18, []], [17, []], [13, []], [25, [25, 21]], [21, []], [22, []], [20, [20]]]], [[[5, [5, 15]]], [[5, [22, 13]]], [[5, [18, 2]]], [[4, [4]]], [[4, [14, 11]]], [[8, [8]]], [[30, [30]]], [[10, [10]]], [[9, [9, 12, 17]]], [[25, [25, 21]]], [[20, [20]]]]]",,None,1.636364,3.636364,,,942.988,OK
test_data\data_demand_random\30\C201_3.dat,4,120,1,1,814.0,"[[[[0, [24, 29, 26, 27, 28]], [24, []], [27, []], [29, []], [6, [6, 21]], [30, [30, 22]], [26, []], [28, []], [21, []], [22, []], [20, [20]]], [[0, [23, 19, 16, 7, 11, 1, 3]], [5, [5, 12, 13, 14]], [1, []], [3, [18, 2, 15, 4]], [4, []], [7, []], [2, []], [11, []], [10, [10]], [23, []], [18, []], [17, [17, 25]], [19, []], [15, []], [12, []], [14, []], [16, []], [13, [9]], [25, []], [9, []], [8, [8]]]], [[[5, [12, 14]]], [[5, [5, 13]]], [[3, [18, 2]]], [[3, [15, 4]]], [[10, [10]]], [[17, [17, 25]]], [[6, [6, 21]]], [[30, [30, 22]]], [[20, [20]]], [[13, [9]]], [[8, [8]]]]]",,None,1.636364,3.636364,,,290.638,OK
test_data\data_demand_random\30\C201_3.dat,4,120,1,2,787.0,"[[[[0, [23, 16, 13, 1, 19, 3]], [2, [2]], [1, []], [3, []], [4, [4]], [10, [10]], [20, [20, 6, 15]], [24, [24]], [29, [29]], [6, []], [28, [28, 14]], [26, [26, 18, 17]], [23, []], [18, []], [17, []], [19, []], [15, []], [16, []], [12, [12, 9]], [14, []], [13, []], [25, [25]], [9, []], [22, [22]]], [[0, [27, 5, 7, 11]], [27, []], [30, [30, 21]], [21, []], [8, [8]], [11, []], [7, []], [5, []]]], [[[2, [2]]], [[4, [4]]], [[10, [10]]], [[20, [6, 15]]], [[20, [20]]], [[24, [24]]], [[29, [29]]], [[28, [28, 14]]], [[26, [26]]], [[26, [18, 17]]], [[30, [30, 21]]], [[8, [8]]], [[12, [12, 9]]], [[25, [25]]], [[22, [22]]]]]",,None,1.333333,3.133333,,,451.285,OK
test_data\data_demand_random\30\C201_3.dat,4,120,1,3,801.298221281347,"[[[[0, [27, 2, 11, 7]], [27, []], [29, [29, 30]], [30, []], [21, [21, 9]], [9, []], [11, []], [7, []], [2, []]], [[0, [23, 16, 3, 1, 19]], [1, []], [4, [4, 13]], [3, []], [5, [5]], [10, [10]], [22, [22, 14]], [20, [20]], [24, [24]], [6, [6, 15]], [28, [28, 18]], [26, [26]], [23, []], [18, []], [19, []], [12, [12, 17]], [14, []], [16, []], [15, []], [17, []], [13, []], [25, [25]], [8, [8]]]], [[[4, [4, 13]]], [[5, [5]]], [[10, [10]]], [[22, [22, 14]]], [[20, [20]]], [[24, [24]]], [[6, [6, 15]]], [[28, [28, 18]]], [[26, [26]]], [[29, [29, 30]]], [[21, [21, 9]]], [[12, [12, 17]]], [[25, [25]]], [[8, [8]]]]]",894.0,"[[[[0, [23, 19]], [10, [10]], [23, []], [18, [18, 29]], [19, []], [26, [26]], [28, [28]], [8, [8]], [22, [22]], [20, [20]], [6, [6, 30]], [30, []], [29, []], [24, [24]], [21, [21]], [9, [9, 11]], [11, []], [4, [4]]], [[0, [3, 2, 7, 16, 13, 27, 14, 1]], [5, [5]], [2, []], [7, []], [3, []], [1, []], [15, [15, 12, 17]], [12, []], [14, []], [16, []], [17, []], [13, []], [25, [25]], [27, []]]], [[[5, [5]]], [[10, [10]]], [[18, [18, 29]]], [[26, [26]]], [[28, [28]]], [[8, [8]]], [[22, [22]]], [[20, [20]]], [[6, [6, 30]]], [[24, [24]]], [[21, [21]], [15, [15, 12, 17]]], [[9, [9, 11]]], [[4, [4]]], [[25, [25]]]]]",1.5,3.5,1.428571,3.571429,289.041,OK
test_data\data_demand_random\30\C201_3.dat,4,120,1,4,786.0,"[[[[0, [7, 27, 2, 5]], [5, []], [7, []], [2, []], [9, [9, 25]], [25, []], [30, [30, 24]], [27, []], [24, []], [20, [20]]], [[0, [3, 4, 1, 23, 16, 19]], [4, []], [3, []], [1, []], [11, [11, 13]], [10, [10]], [23, []], [26, [26]], [28, [28, 18]], [6, [6, 17]], [29, [29]], [13, []], [17, []], [18, []], [19, []], [15, [15, 12, 21]], [16, []], [14, [14, 22]], [12, []], [8, [8]], [21, []], [22, []]]], [[[11, [11, 13]]], [[10, [10]]], [[26, [26]]], [[28, [28, 18]]], [[6, [6, 17]]], [[29, [29]]], [[9, [9, 25]]], [[15, [15, 12, 21]]], [[14, [14, 22]]], [[30, [30, 24]]], [[20, [20]]], [[8, [8]]]]]",971.0,"[[[[0, [7, 4, 3, 5, 13, 16, 19, 26]], [7, []], [4, []], [3, []], [5, []], [13, []], [16, []], [19, []], [29, [29]], [6, [6, 15]], [28, [28, 14, 21]], [26, []], [15, []], [14, []], [12, [12, 9]], [9, []], [21, []], [20, [20]]], [[0, [23, 27]], [10, [10, 2]], [2, [1]], [1, []], [11, [11]], [8, [8]], [22, [22]], [24, [24]], [30, [30, 18]], [23, []], [18, []], [17, [17, 25]], [25, []], [27, []]]], [[[10, [2]], [29, [29]]], [[10, [10]]], [[2, [1]]], [[6, [6, 15]]], [[11, [11]]], [[28, [28, 14, 21]]], [[8, [8]]], [[22, [22]]], [[24, [24]]], [[30, [30, 18]]], [[17, [17, 25]]], [[12, [12, 9]]], [[20, [20]]]]]",1.666667,3.833333,1.538462,3.615385,384.49,OK
test_data\data_demand_random\30\C201_3.dat,4,120,1,5,805.0,"[[[[0, [2, 23, 19, 26, 13]], [5, [5]], [11, [11]], [2, []], [10, [10]], [23, []], [19, []], [18, [18]], [26, [28, 29]], [28, []], [6, [6]], [24, [24, 14]], [29, []], [21, [21, 9, 12, 30, 17]], [9, []], [12, []], [14, []], [16, [16, 25]], [15, [15, 22]], [17, []], [13, []], [25, []], [30, []], [22, []], [20, [20]]], [[0, [3, 7, 1, 27]], [4, [4]], [3, []], [7, []], [1, []], [8, [8]], [27, []]]], [[[4, [4]]], [[5, [5]]], [[11, [11]]], [[10, [10]]], [[18, [18]]], [[26, [28, 29]]], [[6, [6]]], [[24, [24, 14]]], [[21, [21, 9, 12]]], [[21, [30, 17]]], [[16, [16]]], [[16, [25]]], [[15, [15, 22]]], [[8, [8]]], [[20, [20]]]]]",,None,1.4,3.333333,,,404.124,OK
test_data\data_demand_random\30\C201_3.dat,4,120,2,1,794.0831891575846,"[[[[0, [27, 7, 4, 3, 5]], [4, []], [3, []], [7, []], [5, []], [21, [21]], [27, []], [20, [20]]], [[0, [19, 13, 23, 1]], [2, [2, 29]], [1, []], [11, [11]], [10, [10]], [22, [22, 14]], [24, [24]], [29, []], [28, [28, 18]], [26, [26]], [23, []], [6, [6, 15]], [30, [30, 16]], [25, [25, 17]], [13, []], [17, []], [18, []], [19, []], [15, []], [16, []], [14, []], [12, [12, 9]], [9, []], [8, [8]]]], [[[2, [2, 29]]], [[11, [11]]], [[10, [10]]], [[22, [22, 14]]], [[24, [24]]], [[28, [28, 18]]], [[26, [26]]], [[21, [21]]], [[6, [6, 15]]], [[30, [30, 16]]], [[25, [25, 17]]], [[12, [12, 9]]], [[20, [20]]], [[8, [8]]]]]",831.6619037896907,"[[[[0, [29, 26, 23, 27]], [24, [24]], [27, []], [29, []], [6, [6, 9]], [28, [28]], [26, []], [23, []], [9, []], [11, [11]], [10, [10]]], [[0, [7, 19, 1, 3, 16]], [4, [4, 2, 13]], [3, []], [7, []], [1, []], [2, []], [5, [5]], [8, [8]], [21, [21, 30, 17, 14]], [30, []], [18, [18, 15, 12]], [17, []], [19, []], [16, []], [14, []], [12, []], [15, []], [13, []], [25, [25]], [22, [22]], [20, [20]]]], [[[4, [2, 13]]], [[4, [4]]], [[5, [5]]], [[8, [8]]], [[21, [21, 30, 17, 14]]], [[24, [24]]], [[18, [18, 15]]], [[6, [6, 9]]], [[18, [12]], [28, [28]]], [[11, [11]]], [[10, [10]]], [[25, [25]]], [[22, [22]]], [[20, [20]]]]]",1.5,3.571429,1.5,3.428571,660.031,OK
test_data\data_demand_random\30\C201_3.dat,4,120,2,2,797.0,"[[[[0, [1, 23, 19, 7, 3]], [5, [5, 13]], [4, [4]], [3, []], [7, []], [1, []], [2, [2, 15]], [10, [10]], [11, [11]], [9, [9, 14, 17]], [13, []], [17, []], [14, []], [12, [12, 18]], [16, [16]], [15, []], [19, []], [18, []], [23, []], [25, [25]], [8, [8]]], [[0, [26, 28, 29, 27, 6, 24, 21]], [27, []], [30, [30, 22]], [28, []], [26, []], [6, []], [29, []], [24, []], [22, []], [21, []], [20, [20]]]], [[[5, [5, 13]]], [[4, [4]]], [[2, [2, 15]]], [[10, [10]]], [[11, [11]]], [[9, [9, 14, 17]]], [[30, [30, 22]]], [[12, [12, 18]]], [[16, [16]]], [[20, [20]]], [[25, [25]]], [[8, [8]]]]]",,None,1.5,3.5,,,633.234,OK
test_data\data_demand_random\30\C201_3.dat,4,120,2,3,792.0,"[[[[0, [5, 9, 21, 27, 7]], [27, []], [30, [30, 4]], [21, []], [9, []], [7, []], [4, []], [5, []]], [[0, [23, 26, 29, 19, 3, 1]], [3, []], [1, []], [2, [2, 13]], [11, [11]], [10, [10]], [20, [20]], [22, [22, 14]], [24, [24]], [29, []], [6, [6, 16]], [28, [28, 18]], [26, []], [23, []], [18, [17, 12, 15]], [17, []], [16, []], [14, []], [12, []], [19, []], [15, []], [13, []], [25, [25]], [8, [8]]]], [[[2, [2, 13]]], [[11, [11]]], [[10, [10]]], [[20, [20]]], [[22, [22, 14]]], [[24, [24]]], [[6, [6]]], [[6, [16]]], [[28, [28, 18]]], [[18, [17, 12, 15]]], [[30, [30, 4]]], [[25, [25]]], [[8, [8]]]]]",814.0,"[[[[0, [7, 16, 19, 1, 3, 13]], [5, [5, 18, 4, 15, 2]], [2, []], [1, []], [7, []], [3, []], [4, []], [10, [10]], [8, [8]], [11, [11]], [9, [9, 17, 12]], [12, []], [14, [14, 24]], [16, []], [15, []], [19, []], [18, []], [17, []], [13, []], [25, [25, 21]], [24, []], [21, []]], [[0, [26, 23, 27, 29, 28, 6]], [22, [22]], [27, []], [30, [30]], [29, []], [28, []], [26, []], [23, []], [6, []], [20, [20]]]], [[[5, [4, 15]]], [[5, [5]]], [[5, [18, 2]]], [[22, [22]]], [[10, [10]]], [[8, [8]]], [[30, [30]], [11, [11]]], [[9, [9, 17, 12]]], [[14, [14, 24]]], [[20, [20]]], [[25, [25, 21]]]]]",1.461538,3.538462,1.636364,3.818182,774.55,OK
test_data\data_demand_random\30\C201_3.dat,4,120,2,4,786.0,"[[[[0, [3, 2, 23, 26, 13, 19, 1]], [5, [5, 16]], [4, [4]], [3, []], [1, []], [2, []], [23, []], [26, []], [28, [28, 29, 18, 17, 15]], [6, [6, 21]], [29, []], [22, [22, 14]], [21, []], [13, [12, 9]], [17, []], [18, []], [19, []], [15, []], [16, []], [14, []], [12, []], [9, []], [8, [8]]], [[0, [27, 7, 11]], [7, []], [11, []], [10, [10, 30, 25]], [25, []], [30, []], [27, []], [24, [24]], [20, [20]]]], [[[5, [16]]], [[5, [5]]], [[4, [4]]], [[28, [18, 17, 15]]], [[28, [28, 29]]], [[6, [6, 21]]], [[10, [10]]], [[22, [22, 14]]], [[13, [12, 9]]], [[10, [30, 25]]], [[8, [8]]], [[24, [24]]], [[20, [20]]]]]",,None,1.538462,3.615385,,,746.873,OK
test_data\data_demand_random\30\C201_3.dat,4,120,2,5,798.0,"[[[[0, [29, 26, 2, 7, 3, 1, 23]], [5, [5]], [4, [4]], [3, []], [7, []], [1, []], [2, []], [11, [11]], [10, [10]], [8, [8]], [21, [21, 30, 28]], [30, []], [28, []], [26, []], [23, []], [6, [6]], [29, []], [20, [20]]], [[0, [16, 27, 14, 13, 19, 24]], [22, [22]], [9, [9, 15, 25, 17]], [12, [12, 18]], [14, []], [16, []], [15, []], [19, []], [18, []], [17, []], [13, []], [25, []], [27, []], [24, []]]], [[[5, [5]]], [[4, [4]]], [[11, [11]]], [[10, [10]]], [[8, [8]]], [[22, [22]]], [[21, [21, 30, 28]]], [[9, [9, 15, 17]]], [[9, [25]]], [[12, [12, 18]]], [[6, [6]]], [[20, [20]]]]]",936.0,"[[[[0, [27, 20, 22, 26]], [22, []], [29, [29]], [24, [24]], [26, []], [28, [28, 21]], [6, [6]], [21, []], [8, [8, 30, 25]], [25, []], [30, []], [27, []], [20, []]], [[0, [10, 5, 23, 19, 7, 3, 13]], [10, []], [5, []], [23, []], [19, []], [16, [16, 1]], [13, []], [11, [11]], [2, [2]], [7, []], [3, []], [4, [4]], [1, [14, 18, 15]], [18, []], [17, [17, 12, 9]], [15, []], [14, []], [12, []], [9, []]]], [[[16, [1]]], [[16, [16]]], [[11, [11]]], [[2, [2]], [29, [29]]], [[24, [24]]], [[28, [28, 21]]], [[4, [4]]], [[1, [14, 18, 15]]], [[6, [6]]], [[17, [17, 12, 9]]], [[8, [8]]], [[8, [30, 25]]]]]",1.416667,3.416667,1.583333,3.5,644.344,OK
test_data\data_demand_random\30\C201_3.dat,4,120,3,1,794.298221281347,"[[[[0, [24, 5, 9, 27, 7, 11]], [5, []], [7, []], [11, []], [9, []], [8, [8]], [27, []], [24, []]], [[0, [23, 26, 19, 16, 3, 1]], [2, [2, 29]], [3, []], [4, [4]], [1, []], [10, [10]], [22, [22]], [20, [20]], [29, []], [6, [6, 28, 15, 13, 21]], [28, []], [26, []], [23, []], [18, [18, 14, 17, 12, 30]], [17, []], [19, []], [15, []], [16, []], [12, []], [14, []], [13, []], [25, [25]], [30, []], [21, []]]], [[[2, [2, 29]]], [[4, [4]]], [[10, [10]]], [[22, [22]]], [[20, [20]]], [[6, [28, 15, 13]]], [[6, [6, 21]]], [[18, [18, 14]]], [[18, [17, 12, 30]]], [[25, [25]]], [[8, [8]]]]]",,None,1.636364,3.636364,,,1126.312,OK
test_data\data_demand_random\30\C201_3.dat,4,120,3,2,800.298221281347,"[[[[0, [16, 1, 3, 23, 19]], [3, []], [4, [4, 13]], [1, [11]], [11, []], [10, [10]], [8, [8, 14, 28]], [22, [22]], [20, [20]], [6, [6, 15, 17, 18]], [28, []], [26, [26]], [23, []], [17, []], [18, []], [19, []], [14, []], [12, [12]], [16, []], [15, []], [13, []], [25, [25]], [24, [24]]], [[0, [5, 7, 27, 2, 29]], [5, []], [2, []], [7, []], [9, [9, 30, 21]], [21, []], [27, []], [30, []], [29, []]]], [[[4, [4, 13]]], [[1, [11]]], [[10, [10]]], [[8, [8]]], [[8, [14, 28]]], [[22, [22]]], [[20, [20]]], [[6, [15, 17, 18]]], [[6, [6]]], [[26, [26]]], [[9, [9, 30, 21]]], [[12, [12]]], [[25, [25]]], [[24, [24]]]]]",821.0,"[[[[0, [27, 18, 14, 13, 15, 19, 16, 22]], [9, [9, 30, 12]], [13, []], [18, []], [17, [17]], [19, []], [15, []], [16, []], [14, []], [12, []], [30, []], [27, []], [22, []]], [[0, [23, 7, 3]], [5, [5]], [3, []], [4, [4, 1, 29, 2]], [7, []], [1, []], [2, []], [11, [11]], [10, [10]], [8, [8]], [21, [21, 28]], [25, [25]], [23, []], [26, [26]], [28, []], [6, [6]], [29, []], [24, [24]], [20, [20]]]], [[[5, [5]]], [[4, [1]]], [[4, [29, 2]]], [[4, [4]]], [[11, [11]]], [[10, [10]]], [[8, [8]]], [[9, [9, 30, 12]]], [[21, [21, 28]]], [[17, [17]], [25, [25]]], [[26, [26]]], [[6, [6]]], [[24, [24]]], [[20, [20]]]]]",1.428571,3.357143,1.357143,3.571429,761.985,OK
test_data\data_demand_random\30\C201_3.dat,4,120,3,3,794.0,"[[[[0, [5, 7, 2, 29, 27]], [5, []], [7, []], [2, []], [25, [25, 30]], [30, []], [27, []], [29, []], [20, [20]]], [[0, [11, 23, 26, 16, 19, 13, 1, 3]], [4, [4]], [3, []], [1, []], [11, []], [10, [10]], [23, []], [26, []], [28, [28, 18]], [6, [6, 14, 17, 21, 12]], [24, [24, 15]], [13, []], [17, [9, 22]], [18, []], [19, []], [15, []], [16, []], [14, []], [12, []], [9, []], [22, []], [21, []], [8, [8]]]], [[[4, [4]]], [[10, [10]]], [[28, [28, 18]]], [[6, [14, 21, 12]]], [[6, [6, 17]]], [[24, [24, 15]]], [[17, [9, 22]]], [[25, [25, 30]]], [[20, [20]]], [[8, [8]]]]]",861.0,"[[[[0, [27, 26, 28, 23, 7, 3]], [27, []], [30, [30, 25]], [28, []], [26, []], [23, []], [25, []], [7, []], [3, []], [4, [4]]], [[0, [1, 19]], [5, [5, 13]], [2, [2, 29]], [1, []], [8, [8]], [21, [21, 6]], [20, [20]], [22, [22, 14]], [24, [24]], [29, []], [6, []], [18, [18, 15]], [19, []], [16, [16]], [14, []], [12, [12, 17, 9]], [15, []], [17, []], [13, []], [9, []], [11, [11]], [10, [10]]]], [[[5, [5, 13]]], [[2, [2, 29]]], [[8, [8]]], [[21, [21, 6]]], [[20, [20]]], [[22, [22, 14]]], [[24, [24]]], [[18, [18, 15]]], [[30, [25]]], [[30, [30]], [16, [16]]], [[12, [12, 17, 9]]], [[4, [4]]], [[11, [11]]], [[10, [10]]]]]",1.7,3.9,1.571429,3.642857,1268.5,OK
test_data\data_demand_random\30\C201_3.dat,4,120,3,4,804.0,"[[[[0, [19, 23, 18, 24, 1, 22, 3, 7]], [5, [5, 29, 13, 2]], [2, []], [3, []], [4, [4]], [7, []], [1, []], [13, []], [17, [17, 28]], [19, []], [18, []], [23, []], [26, [26]], [28, []], [30, [30, 6]], [6, []], [29, []], [24, []], [22, []], [20, [20]]], [[0, [27, 10, 16, 14]], [21, [21, 15, 12]], [27, [25]], [25, [9, 11]], [15, []], [16, []], [14, []], [12, []], [9, []], [11, []], [10, []], [8, [8]]]], [[[5, [29, 2]]], [[5, [5, 13]]], [[4, [4]]], [[21, [21, 15, 12]]], [[17, [17, 28]]], [[27, [25]]], [[26, [26]]], [[25, [9, 11]]], [[30, [30, 6]]], [[20, [20]]], [[8, [8]]]]]",,None,1.636364,3.727273,,,791.878,OK
test_data\data_demand_random\30\C201_3.dat,4,120,3,5,794.0831891575846,"[[[[0, [23, 26, 3, 19, 1]], [5, [5, 13]], [4, [4]], [3, []], [1, []], [2, [2]], [10, [10]], [23, []], [26, []], [28, [28, 18]], [6, [6, 14]], [29, [15, 29, 24]], [24, []], [30, [30, 16]], [25, [25, 21]], [13, []], [17, [17, 9, 12]], [18, []], [19, []], [15, []], [16, []], [14, []], [12, []], [9, []], [21, []], [20, [20]]], [[0, [22, 7, 11, 27]], [22, []], [27, []], [11, []], [7, []], [8, [8]]]], [[[5, [5, 13]]], [[4, [4]]], [[2, [2]]], [[10, [10]]], [[28, [28, 18]]], [[6, [6, 14]]], [[29, [29]]], [[29, [15, 24]]], [[30, [30, 16]]], [[25, [25, 21]]], [[17, [17, 9, 12]]], [[20, [20]]], [[8, [8]]]]]",952.0,"[[[[0, [27]], [5, [5]], [11, [11]], [25, [25, 30]], [30, []], [6, [6]], [29, [29]], [27, []]], [[0, [7, 1, 3, 23, 19, 22]], [7, []], [1, []], [4, [4, 13]], [3, []], [2, [2, 15, 17]], [10, [10]], [8, [8]], [21, [21, 14]], [28, [28, 18]], [26, [26]], [23, []], [19, []], [18, []], [12, [12]], [14, []], [16, [16, 9, 24]], [15, []], [17, []], [13, []], [9, []], [22, []], [24, []], [20, [20]]]], [[[5, [5]]], [[4, [4, 13]]], [[2, [2, 15, 17]]], [[10, [10]]], [[8, [8]]], [[11, [11]]], [[21, [21, 14]]], [[28, [28, 18]]], [[26, [26]]], [[25, [25, 30]]], [[6, [6]]], [[12, [12]], [29, [29]]], [[16, [16]]], [[16, [9, 24]]], [[20, [20]]]]]",1.615385,3.615385,1.533333,3.6,881.757,OK
test_data\data_demand_random\30\C201_3.dat,8,60,1,1,665.02243426836,"[[[[0, [1]], [1, []], [5, [5, 26, 23]], [23, []], [26, []], [10, [10, 24]], [7, [7, 22]], [22, []], [24, [6, 28]], [6, []], [28, []], [30, [30, 20]], [20, []]], [[0, [16]], [2, [2]], [4, [4, 3, 13, 14, 18, 29]], [3, []], [11, [11, 19, 9, 17, 25, 12, 15]], [14, []], [12, []], [16, []], [15, []], [19, []], [18, []], [29, []], [21, [21, 8]], [8, []], [9, []], [13, []], [17, []], [25, []], [27, [27]]]], [[[5, [23]]], [[5, [5, 26]]], [[2, [2]]], [[4, [13, 14, 18, 29]]], [[4, [4, 3]]], [[11, [9, 17, 25, 12, 15]]], [[11, [11, 19]]], [[10, [10, 24]]], [[7, [7, 22]]], [[21, [21, 8]]], [[24, [6, 28]]], [[27, [27]]], [[30, [30, 20]]]]]",,None,2.153846,6.076923,,,321.157,OK
test_data\data_demand_random\30\C201_3.dat,8,60,1,2,688.6619037896905,"[[[[0, [23]], [23, []], [5, [5]], [4, [4, 3]], [3, []], [2, [2, 10, 29]], [10, []], [22, [22, 28, 24]], [28, []], [6, [6, 20]], [29, []], [20, []], [27, [27, 30]], [25, [25]], [30, []], [24, []]], [[0, [26, 13, 16, 1]], [26, []], [11, [11, 19]], [13, []], [19, []], [16, []], [1, []], [7, [7, 18, 14]], [8, [8, 17, 12, 21, 9, 15]], [9, []], [17, []], [18, []], [15, []], [14, []], [12, []], [21, []]]], [[[5, [5]]], [[11, [11, 19]]], [[4, [4, 3]]], [[2, [2, 10, 29]]], [[22, [22, 28, 24]]], [[7, [7, 18, 14]]], [[8, [17, 12, 21, 9, 15]]], [[8, [8]]], [[6, [6, 20]]], [[27, [27, 30]]], [[25, [25]]]]]",705.6619037896905,"[[[[0, [23, 26]], [23, []], [26, []], [11, [11, 13, 19, 16]], [13, []], [19, []], [16, []], [7, [7, 14, 18]], [8, [8, 12, 9, 15, 17, 24, 29]], [9, []], [12, []], [14, []], [15, []], [17, []], [18, []], [27, [27]], [29, []], [24, []]], [[0, [1]], [1, []], [5, [5, 2]], [2, [3]], [3, []], [4, [4]], [10, [10, 22]], [22, [28]], [28, []], [6, [6, 21, 20]], [30, [25, 30]], [25, []], [21, []], [20, []]]], [[[5, [5, 2]]], [[11, [11, 13, 16]]], [[11, [19]]], [[2, [3]]], [[4, [4]]], [[10, [10, 22]]], [[22, [28]]], [[7, [7, 14, 18]]], [[8, [12, 9, 15, 17, 24]]], [[8, [8, 29]]], [[6, [6, 21, 20]]], [[27, [27]], [30, [30]]], [[30, [25]]]]]",2.272727,6.272727,2.076923,5.615385,242.816,OK
test_data\data_demand_random\30\C201_3.dat,8,60,1,3,630.7630546142402,"[[[[0, []], [29, [29, 28, 26, 9, 25, 14, 16, 12, 30, 17, 23, 24]], [11, [11]], [25, []], [9, []], [12, []], [14, []], [16, []], [17, []], [23, []], [26, []], [28, []], [30, []], [24, []], [20, [20, 21, 6]], [6, []], [27, [27, 22]], [22, []], [21, []]], [[0, [3, 4, 1]], [3, []], [4, []], [2, [2, 5]], [1, []], [7, [7, 13]], [5, []], [10, [10, 15, 18, 19]], [18, []], [19, []], [15, []], [13, []], [8, [8]]]], [[[29, [26, 16]]], [[29, [28, 14, 24]]], [[29, [9, 25, 12, 30, 17]]], [[29, [29, 23]]], [[11, [11]]], [[2, [2, 5]]], [[7, [7, 13]]], [[10, [19]]], [[10, [10, 15, 18]]], [[8, [8]]], [[20, [20, 21, 6]]], [[27, [27, 22]]]]]",,None,2.25,6.166667,,,390.57,OK
test_data\data_demand_random\30\C201_3.dat,8,60,1,4,680.0831891575846,"[[[[0, [1]], [1, []], [11, [11, 23]], [23, []], [2, [2, 10]], [10, [3, 4]], [3, []], [7, [7, 22]], [4, []], [21, [21, 28]], [22, []], [24, [24, 6]], [6, []], [28, []], [30, [30, 27]], [27, []]], [[0, [26]], [26, []], [5, [5, 12, 15, 17, 19, 29, 13, 9, 14, 16]], [9, []], [19, []], [20, [20, 18]], [29, []], [13, []], [15, []], [18, []], [17, []], [12, []], [14, []], [16, []], [25, [25, 8]], [8, []]]], [[[11, [11, 23]]], [[5, [19, 29]]], [[5, [12, 15, 17, 9, 14]]], [[5, [5, 13, 16]]], [[2, [2, 10]]], [[10, [3, 4]]], [[7, [7, 22]]], [[20, [20, 18]]], [[21, [21, 28]]], [[24, [24, 6]]], [[25, [25, 8]]], [[30, [30, 27]]]]]",708.4265113591986,"[[[[0, [4, 1, 3]], [1, []], [3, []], [4, []], [7, [7, 22]], [22, []], [2, [2, 13]], [9, [9]], [13, []], [25, [25, 27]], [27, []]], [[0, [23]], [11, [11, 26]], [5, [5, 16, 28, 12, 14, 15, 18, 17, 30, 29, 24]], [26, []], [28, []], [30, []], [29, [19]], [23, []], [18, []], [19, []], [16, []], [12, []], [14, []], [15, []], [17, []], [21, [21, 10]], [10, []], [8, [8, 6]], [6, []], [24, []], [20, [20]]]], [[[11, [11, 26]]], [[5, [28, 14, 18, 24]]], [[5, [12, 15, 17, 30, 29]]], [[5, [5, 16]]], [[29, [19]]], [[7, [7, 22]]], [[2, [2, 13]]], [[21, [21, 10]]], [[8, [8, 6]], [9, [9]]], [[20, [20]]], [[25, [25, 27]]]]]",2.333333,6.5,2.363636,6.272727,226.211,OK
test_data\data_demand_random\30\C201_3.dat,8,60,1,5,680.0831891575846,"[[[[0, [1]], [1, []], [11, [11, 12, 9, 17, 19, 14, 15, 28, 26]], [17, []], [29, [16, 22, 29]], [28, []], [26, []], [19, []], [16, []], [14, []], [12, []], [9, []], [15, []], [6, [6, 30, 20]], [30, []], [22, []], [20, []]], [[0, [13, 23]], [13, []], [23, []], [10, [10, 5]], [5, [3, 2]], [3, []], [4, [4]], [7, [7, 18]], [2, []], [18, []], [21, [21, 8, 24]], [8, []], [25, [25, 27]], [27, []], [24, []]]], [[[11, [19]]], [[11, [12, 9, 17, 14, 15, 28]]], [[11, [11, 26]]], [[10, [10, 5]]], [[29, [16, 22, 29]]], [[5, [3, 2]]], [[4, [4]]], [[7, [7, 18]]], [[21, [21, 8, 24]]], [[6, [6, 30, 20]]], [[25, [25, 27]]]]]",,None,2.454545,6.909091,,,294.245,OK
test_data\data_demand_random\30\C201_3.dat,8,60,2,1,629.2310562561765,"[[[[0, [16, 23, 1]], [23, []], [16, []], [10, [10, 29]], [4, [4, 3]], [1, []], [3, []], [7, [7, 18]], [11, [11]], [18, []], [27, [27, 24]], [29, []], [24, []], [20, [20]]], [[0, []], [5, [5, 13, 26]], [2, [2, 15, 14, 12, 22, 28, 30, 9, 19, 17, 25]], [9, []], [12, []], [14, []], [13, []], [19, []], [17, []], [15, []], [25, []], [26, []], [28, []], [30, []], [6, [6, 8, 21]], [22, []], [21, []], [8, []]]], [[[5, [5, 13, 26]]], [[2, [15, 14, 22, 28]]], [[2, [12, 30, 9, 17, 25]]], [[2, [2, 19]]], [[10, [10, 29]]], [[4, [4, 3]]], [[7, [7, 18]]], [[11, [11]]], [[6, [6, 8, 21]]], [[27, [27, 24]]], [[20, [20]]]]]",,None,2.454545,6.727273,,,857.545,OK
test_data\data_demand_random\30\C201_3.dat,8,60,2,2,640.3238075793812,"[[[[0, []], [5, [5, 13, 11, 16]], [11, []], [10, [10, 19, 12, 17, 9, 22, 25]], [9, [23, 14, 18]], [13, []], [17, []], [18, []], [19, []], [16, []], [12, []], [14, []], [25, []], [23, []], [22, []], [27, [27, 30, 21]], [30, []], [21, []]], [[0, []], [2, [2, 7, 1, 29, 15, 28, 26]], [7, [3]], [3, []], [4, [4]], [1, []], [15, []], [26, []], [28, []], [6, [6, 20]], [29, [24]], [20, []], [24, []], [8, [8]]]], [[[2, [1, 26]]], [[5, [13, 11, 16]]], [[5, [5]]], [[2, [29]]], [[2, [7, 15, 28]]], [[2, [2]]], [[7, [3]]], [[4, [4]]], [[10, [10, 22]]], [[10, [12, 17, 9, 25]]], [[10, [19]]], [[9, [23, 14, 18]]], [[6, [6, 20]]], [[29, [24]]], [[8, [8]]], [[27, [27, 30, 21]]]]]",,None,1.875,5.375,,,743.833,OK
test_data\data_demand_random\30\C201_3.dat,8,60,2,3,631.6155281280883,"[[[[0, [13, 16]], [13, []], [16, []], [11, [11, 25, 17, 12, 15, 9, 19]], [22, [22, 14, 18]], [9, []], [12, []], [14, []], [15, []], [19, []], [18, []], [17, []], [25, []], [30, [30, 27]], [27, []], [20, [20]]], [[0, [1]], [1, []], [5, [5, 23]], [2, [2, 7, 28, 29, 26, 21]], [7, []], [4, [3, 4]], [3, []], [10, [10, 24]], [21, []], [28, []], [23, []], [26, []], [6, [6, 8]], [29, []], [24, []], [8, []]]], [[[5, [5, 23]]], [[2, [7, 28, 21]]], [[2, [2, 29, 26]]], [[4, [3, 4]]], [[11, [25, 17, 12, 15, 9]]], [[10, [10, 24]]], [[11, [11, 19]]], [[22, [22, 14, 18]]], [[6, [6, 8]]], [[30, [30, 27]]], [[20, [20]]]]]",,None,2.454545,7.090909,,,714.23,OK
test_data\data_demand_random\30\C201_3.dat,8,60,2,4,680.0831891575846,"[[[[0, [1]], [1, []], [10, [10, 5]], [5, []], [2, [2, 4, 22]], [4, []], [7, [7, 24, 3]], [3, []], [8, [8, 21, 28]], [22, []], [20, [20]], [24, []], [28, []], [30, [30]], [21, []]], [[0, [23, 13]], [23, []], [13, []], [11, [11, 16, 19, 29, 26]], [16, []], [19, []], [26, []], [29, []], [6, [6, 17, 12, 18, 15, 14]], [18, []], [17, []], [15, []], [14, []], [12, []], [9, [9]], [25, [25, 27]], [27, []]]], [[[11, [26]]], [[11, [11, 16, 29]]], [[11, [19]]], [[10, [10, 5]]], [[2, [2, 4, 22]]], [[7, [3]]], [[7, [7, 24]]], [[6, [6, 17, 12, 15, 14]]], [[6, [18]]], [[8, [8, 21, 28]]], [[20, [20]]], [[9, [9]]], [[25, [25, 27]]], [[30, [30]]]]]",,None,1.928571,5.428571,,,551.066,OK
test_data\data_demand_random\30\C201_3.dat,8,60,2,5,627.2937654087771,"[[[[0, [1]], [4, [4, 11, 3, 2, 22, 5, 16, 13]], [3, []], [2, []], [10, [10]], [5, []], [1, []], [7, [7, 14, 18]], [11, [12, 17, 25, 20, 9, 15]], [9, []], [12, []], [14, []], [16, []], [15, []], [18, []], [17, []], [13, []], [25, []], [22, []], [20, []]], [[0, [26, 23, 19]], [26, []], [23, []], [19, []], [24, [24, 28, 29]], [28, []], [6, [6, 30, 8, 21, 27]], [27, []], [29, []], [30, []], [21, []], [8, []]]], [[[4, [2, 22, 5]]], [[4, [3, 16]]], [[4, [4, 11, 13]]], [[10, [10]]], [[24, [24, 28, 29]]], [[7, [7, 14, 18]]], [[11, [12, 17, 25, 9, 15]]], [[6, [30, 21, 27]]], [[11, [20]]], [[6, [6, 8]]]]]",691.6619037896907,"[[[[0, [1]], [1, []], [4, [4, 6, 3, 18, 28, 10, 19]], [3, []], [19, []], [18, []], [28, []], [6, []], [10, []], [8, [8, 30]], [25, [25, 27]], [30, []], [27, []]], [[0, []], [2, [2, 26, 29, 13, 5, 16, 23]], [23, []], [26, []], [29, []], [24, [24, 22]], [22, [14]], [5, []], [7, [7, 11]], [11, [15, 12, 17, 9, 20, 21]], [9, []], [12, []], [14, []], [16, []], [15, []], [17, []], [13, []], [21, []], [20, []]]], [[[2, [29, 13, 5]]], [[4, [18, 28, 10]]], [[2, [26, 16]]], [[2, [2, 23]]], [[4, [6, 3]]], [[4, [4, 19]]], [[24, [24, 22]]], [[22, [14]]], [[7, [7, 11]]], [[8, [8, 30]], [11, [12, 9]]], [[11, [15, 17, 20, 21]]], [[25, [25, 27]]]]]",2.6,6.8,2.416667,6.833333,478.298,OK
test_data\data_demand_random\30\C201_3.dat,8,60,3,1,669.6619037896905,"[[[[0, []], [5, [5, 16]], [4, [4, 3, 19, 13, 17, 12, 30, 25, 15]], [3, []], [19, []], [16, []], [13, []], [30, []], [25, [18, 14, 24]], [18, []], [17, []], [15, []], [14, []], [12, []], [9, [9, 27]], [24, []], [27, []], [20, [20]]], [[0, [26, 23]], [23, []], [26, []], [22, [22, 1]], [1, []], [7, [7, 2]], [2, []], [11, [11, 10]], [10, []], [8, [8, 21, 28]], [21, []], [28, []], [6, [6, 29]], [29, []]]], [[[5, [5, 16]]], [[4, [17, 12, 30, 25, 15]]], [[4, [19, 13]]], [[4, [4, 3]]], [[22, [22, 1]]], [[25, [18, 14, 24]]], [[7, [7, 2]]], [[11, [11, 10]]], [[8, [8, 21, 28]]], [[6, [6, 29]]], [[9, [9, 27]]], [[20, [20]]]]]",697.745242900153,"[[[[0, [23, 1]], [23, []], [5, [5, 26]], [1, []], [10, [10, 29]], [11, [11]], [29, []], [22, [22, 28, 24]], [6, [6, 21, 20]], [28, []], [26, []], [30, [30, 27]], [21, []], [27, []], [24, []], [20, []]], [[0, [16]], [4, [4, 3, 12, 17, 18, 13, 19]], [3, []], [9, [9, 14, 7, 2, 15]], [13, []], [14, []], [12, []], [16, []], [7, []], [2, []], [15, []], [19, []], [17, []], [18, []], [25, [25, 8]], [8, []]]], [[[4, [13, 19]]], [[5, [5, 26]]], [[4, [12, 17, 18]]], [[4, [4, 3]]], [[9, [9, 14, 7, 15]]], [[9, [2]], [10, [10, 29]]], [[11, [11]]], [[22, [22, 28, 24]]], [[6, [6, 21, 20]]], [[30, [30, 27]]], [[25, [25, 8]]]]]",2.333333,6.416667,2.454545,6.727273,498.844,OK
test_data\data_demand_random\30\C201_3.dat,8,60,3,2,618.265491900843,"[[[[0, [4, 3, 2, 1, 10]], [2, []], [3, []], [4, []], [7, [7, 22]], [1, []], [8, [8, 21]], [21, []], [22, []], [20, [20]], [10, []]], [[0, [13, 26]], [11, [11, 16, 23]], [5, [5, 15, 9, 17, 12, 25, 30, 28, 14, 19, 18]], [9, []], [13, []], [15, []], [14, []], [16, []], [12, []], [19, []], [18, []], [23, []], [17, []], [25, []], [26, []], [28, []], [6, [6, 29, 24]], [30, []], [29, []], [27, [27]], [24, []]]], [[[11, [23]]], [[11, [11, 16]]], [[5, [15, 28, 14, 18]]], [[5, [9, 17, 12, 25, 30]]], [[5, [5, 19]]], [[7, [7, 22]]], [[8, [8, 21]]], [[6, [6, 29, 24]]], [[20, [20]]], [[27, [27]]]]]",685.4681522645564,"[[[[0, [1]], [2, [2, 11, 4]], [11, []], [10, [10]], [1, []], [5, [5, 3]], [4, []], [3, []], [7, [7, 12, 14, 9, 15, 17, 13]], [9, [18, 20]], [14, []], [12, []], [15, []], [18, []], [17, []], [13, []], [25, [25]], [20, []]], [[0, [26, 23, 19, 16]], [26, []], [23, []], [19, []], [16, []], [24, [28, 24, 22]], [28, []], [6, [6, 29]], [29, []], [22, []], [21, [21, 30, 8, 27]], [30, []], [27, []], [8, []]]], [[[2, [2, 11, 4]]], [[24, [28, 24, 22]]], [[10, [10]]], [[5, [5, 3]]], [[7, [12, 9, 15, 17, 13]]], [[7, [7, 14]]], [[9, [18, 20]]], [[6, [6, 29]]], [[21, [27]], [25, [25]]], [[21, [21, 30, 8]]]]]",2.3,6.3,2.5,6.5,648.869,OK
test_data\data_demand_random\30\C201_3.dat,8,60,3,3,635.3486810584277,"[[[[0, [1, 13]], [13, []], [1, []], [4, [4, 3]], [3, []], [5, [19, 5, 17, 18, 9, 25, 15, 12, 14, 30, 24]], [9, []], [17, []], [18, []], [19, []], [15, []], [12, []], [14, []], [25, [28]], [28, []], [30, []], [27, [27]], [24, []]], [[0, [16, 26, 23]], [26, []], [23, []], [16, []], [22, [22, 10]], [10, []], [7, [7, 2]], [2, []], [11, [11, 29]], [8, [8, 20]], [21, [21, 6]], [20, []], [6, []], [29, []]]], [[[4, [4, 3]]], [[22, [22, 10]]], [[5, [18, 15, 14, 24]]], [[5, [17, 9, 25, 12, 30]]], [[5, [19, 5]]], [[7, [7, 2]]], [[11, [11, 29]]], [[25, [28]]], [[8, [8, 20]]], [[21, [21, 6]]], [[27, [27]]]]]",,None,2.272727,6.272727,,,414.091,OK
test_data\data_demand_random\30\C201_3.dat,8,60,3,4,680.0831891575846,"[[[[0, [1]], [1, []], [2, [2, 5]], [5, [4, 3]], [4, []], [3, []], [10, [10, 28, 17, 18, 30, 21]], [17, []], [18, []], [28, []], [6, [6, 22]], [22, []], [27, [27]], [30, []], [25, [25]], [21, []]], [[0, [13, 23, 26]], [23, []], [26, []], [29, [29, 19, 11, 16]], [7, [7, 14]], [11, []], [8, [8, 12, 15, 20, 24, 9]], [9, []], [13, []], [14, []], [12, []], [16, []], [19, []], [15, []], [24, []], [20, []]]], [[[29, [11, 16]]], [[2, [2, 5]]], [[5, [4, 3]]], [[10, [28, 17, 18, 30, 21]]], [[29, [29, 19]]], [[10, [10]]], [[7, [7, 14]]], [[8, [8, 12, 15, 9]]], [[8, [20, 24]]], [[6, [6, 22]]], [[27, [27]]], [[25, [25]]]]]",,None,2.166667,6.0,,,464.409,OK
test_data\data_demand_random\30\C201_3.dat,8,60,3,5,680.0831891575846,"[[[[0, []], [5, [19, 5, 26, 2]], [26, []], [19, []], [2, []], [22, [22, 24, 28]], [24, []], [6, [6]], [28, []], [30, [30, 21, 27]], [27, []], [21, []]], [[0, [1]], [29, [29, 16, 13]], [11, [11, 7, 3, 8, 12, 14, 15, 9, 17]], [8, []], [10, [10, 4]], [7, []], [3, []], [4, [18, 23]], [1, []], [13, []], [9, []], [12, []], [14, []], [16, []], [15, []], [18, []], [17, []], [23, []], [25, [25, 20]], [20, []]]], [[[29, [29, 16, 13]]], [[5, [26, 2]]], [[5, [19, 5]]], [[11, [7, 14, 15]]], [[11, [8, 12, 9, 17]]], [[11, [11, 3]]], [[10, [10, 4]]], [[4, [18, 23]]], [[22, [22, 24, 28]]], [[6, [6]]], [[30, [30, 21, 27]]], [[25, [25, 20]]]]]",,None,2.416667,6.833333,,,398.038,OK
test_data\data_demand_random\30\C201_3.dat,8,120,1,1,701.0788655293195,"[[[[0, [26]], [19, [19, 5]], [5, []], [4, [4, 22, 29]], [20, [20, 24]], [22, []], [24, []], [29, []], [6, [6, 28]], [28, []], [26, []], [25, [25, 30]], [30, []], [27, [27]]], [[0, [1]], [13, [13, 23, 16]], [23, []], [3, [3]], [10, [10, 2]], [1, []], [7, [7, 11]], [2, []], [11, []], [21, [21]], [18, [18, 15, 14, 17]], [17, []], [15, []], [14, []], [16, []], [12, [12, 9, 8]], [9, []], [8, []]]], [[[13, [13, 23]]], [[13, [16]]], [[3, [3]]], [[19, [19, 5]]], [[4, [4, 22, 29]]], [[10, [10, 2]]], [[7, [7, 11]]], [[20, [20, 24]]], [[21, [21]]], [[18, [18, 15, 14, 17]]], [[6, [6, 28]]], [[12, [12, 9, 8]]], [[25, [25, 30]]], [[27, [27]]]]]",,None,2.0,5.571429,,,147.019,OK
test_data\data_demand_random\30\C201_3.dat,8,120,1,2,701.0788655293195,"[[[[0, []], [29, [29]], [26, [26, 5]], [5, []], [28, [28, 16]], [23, [23]], [17, [17, 19]], [18, [18, 15, 14, 22]], [19, []], [15, []], [16, []], [14, []], [12, [12, 9, 20]], [9, []], [22, []], [20, []]], [[0, []], [13, [13, 2, 1]], [4, [4, 10]], [1, []], [7, [7, 11]], [3, [3, 24]], [2, []], [11, []], [10, []], [8, [8, 21, 6]], [21, []], [6, []], [25, [25, 30]], [30, []], [27, [27]], [24, []]]], [[[13, [1]]], [[29, [29]]], [[26, [26, 5]]], [[13, [13, 2]]], [[4, [4, 10]]], [[7, [7, 11]]], [[3, [3, 24]]], [[28, [28, 16]]], [[23, [23]]], [[8, [8, 21, 6]]], [[17, [17, 19]]], [[18, [18, 15, 14, 22]]], [[12, [12, 9, 20]]], [[25, [25, 30]]], [[27, [27]]]]]",714.298221281347,"[[[[0, []], [5, [5]], [13, [13, 26]], [26, []], [28, [28, 29, 16]], [29, []], [6, [6, 18, 15, 14]], [18, []], [17, [17, 22]], [15, []], [16, []], [14, []], [12, [12, 9]], [9, []], [22, []]], [[0, [1]], [19, [19]], [23, [23, 11]], [4, [4]], [3, [3, 2]], [11, []], [2, []], [7, [7, 24]], [1, [21, 10]], [10, []], [8, [8, 20]], [21, [27, 30]], [25, [25]], [30, []], [24, []], [27, []], [20, []]]], [[[19, [19]], [5, [5]]], [[13, [13, 26]]], [[23, [23, 11]]], [[4, [4]]], [[3, [3, 2]]], [[7, [7, 24]]], [[28, [28, 29, 16]]], [[1, [21, 10]]], [[6, [6, 18, 15, 14]]], [[8, [8, 20]]], [[17, [17, 22]]], [[12, [12, 9]]], [[21, [27, 30]]], [[25, [25]]]]]",2.0,5.733333,2.071429,5.857143,160.123,OK
test_data\data_demand_random\30\C201_3.dat,8,120,1,3,701.0788655293195,"[[[[0, []], [13, [13]], [11, [11, 29, 16]], [29, []], [28, [28, 18, 14, 22]], [15, [15, 17, 19]], [17, []], [18, []], [19, []], [16, []], [14, []], [12, [12, 9]], [9, []], [22, []]], [[0, [1]], [26, [26]], [23, [23]], [1, []], [3, [3, 4]], [4, []], [5, [5]], [7, [7, 2]], [2, []], [10, [10, 24]], [8, [8, 21, 20, 6, 30]], [21, []], [20, []], [6, []], [30, []], [25, [25, 27]], [27, []], [24, []]]], [[[13, [13]]], [[26, [26]]], [[23, [23]]], [[11, [11, 29, 16]]], [[3, [3, 4]]], [[5, [5]]], [[7, [7, 2]]], [[10, [10, 24]]], [[28, [28, 18, 14, 22]]], [[15, [15, 17, 19]]], [[8, [8, 21, 30]]], [[8, [20, 6]]], [[25, [25, 27]]], [[12, [12, 9]]]]]",,None,2.071429,5.857143,,,210.323,OK
test_data\data_demand_random\30\C201_3.dat,8,120,1,4,701.0788655293195,"[[[[0, []], [19, [19, 13]], [26, [26, 16]], [13, []], [24, [24, 22]], [22, []], [20, [20, 28, 18]], [28, []], [18, []], [17, [17, 15, 14, 21]], [15, []], [16, []], [14, []], [12, [12]], [21, []]], [[0, [1]], [23, [23]], [1, [11]], [11, []], [10, [10, 2, 29]], [2, []], [3, [3, 4]], [4, []], [7, [7, 5]], [5, []], [29, []], [6, [6]], [27, [27, 9, 30]], [30, []], [25, [25, 8]], [9, []], [8, []]]], [[[19, [19, 13]]], [[23, [23]]], [[1, [11]]], [[26, [26, 16]]], [[10, [10, 2, 29]]], [[3, [3, 4]]], [[24, [24, 22]]], [[7, [7, 5]]], [[20, [20, 28, 18]]], [[6, [6]]], [[17, [17, 15, 14, 21]]], [[27, [27, 9, 30]]], [[12, [12]]], [[25, [25, 8]]]]]",720.0,"[[[[0, []], [26, [26, 13, 16]], [19, [19, 24]], [13, []], [24, []], [20, [20, 28, 18]], [28, []], [18, []], [17, [17, 15, 14, 21]], [15, []], [16, []], [14, []], [12, [12]], [21, []]], [[0, [1]], [23, [23, 11]], [1, []], [11, []], [10, [10, 2, 29]], [2, []], [3, [3, 4]], [4, []], [7, [7, 5]], [5, []], [22, [22]], [6, [6]], [29, [27, 9]], [27, []], [30, [30, 25, 8]], [25, []], [9, []], [8, []]]], [[[23, [23, 11]]], [[26, [26, 13, 16]]], [[10, [10, 2, 29]]], [[3, [3, 4]]], [[19, [19, 24]]], [[7, [7, 5]]], [[22, [22]]], [[20, [20, 28, 18]]], [[6, [6]]], [[17, [17, 15, 14, 21]]], [[29, [27, 9]], [12, [12]]], [[30, [30, 25, 8]]]]]",2.071429,5.857143,2.416667,6.833333,183.623,OK
test_data\data_demand_random\30\C201_3.dat,8,120,1,5,701.0788655293195,"[[[[0, []], [19, [19, 5]], [16, [16, 2, 11]], [5, []], [2, []], [7, [7]], [11, []], [10, [10, 18, 14]], [18, []], [17, [17, 15, 8]], [15, []], [14, []], [12, [12, 9]], [9, []], [8, []]], [[0, [1]], [26, [26]], [13, [13, 23]], [1, []], [3, [3, 4]], [4, []], [23, []], [28, [28, 22, 29]], [21, [21]], [20, [20, 6, 30, 25, 24]], [24, []], [22, []], [25, []], [30, []], [6, []], [29, []], [27, [27]]]], [[[26, [26]]], [[19, [19, 5]]], [[13, [13, 23]]], [[16, [16, 2, 11]]], [[3, [3, 4]]], [[7, [7]]], [[10, [10, 18, 14]]], [[28, [28, 22, 29]]], [[21, [21]]], [[20, [30, 25, 24]]], [[20, [20, 6]]], [[17, [17, 15, 8]]], [[27, [27]]], [[12, [12, 9]]]]]",,None,2.071429,5.857143,,,192.397,OK
test_data\data_demand_random\30\C201_3.dat,8,120,2,1,641.5628066838034,"[[[[0, []], [3, [3, 4, 1]], [4, []], [5, [5, 19]], [19, []], [14, [14, 2, 22]], [1, []], [7, [7, 24]], [2, [21, 8]], [8, []], [21, []], [24, []], [22, []]], [[0, []], [13, [13, 23]], [11, [11, 12, 25, 9, 17, 16, 15]], [12, []], [17, []], [9, []], [10, [10]], [25, []], [23, []], [16, []], [15, []], [18, [18, 28, 26]], [26, []], [28, []], [6, [6, 29]], [29, []], [30, [30, 20]], [27, [27]], [20, []]]], [[[3, [1]]], [[13, [13, 23]]], [[3, [3, 4]]], [[11, [12, 25, 9, 17, 15]]], [[11, [11, 16]]], [[5, [5, 19]]], [[10, [10]]], [[18, [18, 28, 26]]], [[14, [14, 2, 22]]], [[7, [7, 24]]], [[2, [21, 8]]], [[6, [6, 29]]], [[30, [30, 20]]], [[27, [27]]]]]",663.6468827043885,"[[[[0, []], [26, [26, 13]], [13, []], [23, [23, 29]], [29, []], [22, [22]], [19, [24, 19]], [28, [28]], [6, [6, 20]], [24, []], [30, [30, 21, 27]], [21, []], [27, []], [20, []]], [[0, [1]], [11, [11, 9, 12, 25, 17, 15, 16]], [12, []], [9, [2, 4]], [2, []], [5, [5, 3]], [10, [10]], [1, []], [3, [7, 18, 14]], [7, []], [4, []], [25, []], [17, []], [18, []], [15, []], [16, []], [14, []], [8, [8]]]], [[[26, [26, 13]]], [[11, [9, 12, 25, 17, 15]]], [[11, [11, 16]]], [[23, [23, 29]]], [[9, [2, 4]]], [[5, [5, 3]]], [[22, [22]], [10, [10]]], [[19, [24, 19]]], [[3, [7, 18, 14]]], [[28, [28]]], [[8, [8]]], [[6, [6, 20]]], [[30, [30, 21, 27]]]]]",2.142857,6.142857,2.230769,6.307692,572.472,OK
test_data\data_demand_random\30\C201_3.dat,8,120,2,2,701.0788655293195,"[[[[0, []], [5, [5, 13, 2, 29]], [2, []], [13, []], [24, [24, 23]], [23, []], [19, [19]], [18, [18, 26]], [26, []], [28, [28]], [6, [6]], [29, []], [30, [30, 27]], [27, []], [25, [25, 8]], [8, []]], [[0, []], [1, [1, 11]], [22, [22, 3]], [3, []], [7, [7, 4]], [4, []], [11, []], [10, [10, 16]], [17, [17, 15, 14, 21, 20]], [15, []], [16, []], [14, []], [12, [12, 9]], [9, []], [21, []], [20, []]]], [[[1, [1, 11]]], [[5, [5, 13, 2, 29]]], [[22, [22, 3]]], [[24, [24, 23]]], [[19, [19]]], [[18, [18, 26]]], [[7, [7, 4]]], [[10, [10, 16]]], [[28, [28]]], [[17, [17, 15, 14, 21, 20]]], [[6, [6]]], [[30, [30, 27]]], [[25, [25, 8]]], [[12, [12, 9]]]]]",708.3573373083088,"[[[[0, [1]], [5, [5]], [13, [13, 2, 4]], [1, []], [4, []], [3, [3, 22]], [7, [7, 11]], [2, []], [11, []], [21, [21, 10]], [8, [8, 17]], [10, []], [17, []], [15, [15, 14]], [14, [12, 9]], [12, []], [9, []], [22, []]], [[0, []], [19, [19]], [26, [26]], [23, [23]], [29, [29, 16]], [16, []], [18, [18, 28, 20]], [28, []], [6, [6, 24]], [30, [30, 25]], [25, []], [27, [27]], [24, []], [20, []]]], [[[5, [5]], [19, [19]]], [[13, [13, 2, 4]]], [[26, [26]]], [[23, [23]]], [[29, [29, 16]]], [[3, [3, 22]]], [[18, [18, 28, 20]]], [[7, [7, 11]]], [[21, [21, 10]]], [[8, [8, 17]]], [[15, [15, 14]]], [[14, [12, 9]]], [[6, [6, 24]]], [[30, [30, 25]]], [[27, [27]]]]]",2.142857,6.142857,1.933333,5.466667,303.355,OK
test_data\data_demand_random\30\C201_3.dat,8,120,2,3,701.0788655293195,"[[[[0, []], [13, [13, 29, 23]], [29, []], [23, []], [19, [19, 22]], [26, [26]], [28, [28, 24, 18]], [24, []], [6, [6, 20]], [18, []], [25, [25, 30]], [30, []], [27, [27]], [22, []], [20, []]], [[0, [1]], [1, []], [2, [2, 11, 4]], [11, []], [4, []], [10, [10, 16]], [3, [3]], [7, [7, 5]], [5, []], [8, [8, 17, 15, 14, 21]], [17, []], [15, []], [16, []], [14, []], [12, [12, 9]], [9, []], [21, []]]], [[[2, [2, 11, 4]]], [[13, [13, 29, 23]]], [[10, [10, 16]]], [[19, [19, 22]]], [[26, [26]]], [[3, [3]]], [[28, [28, 24, 18]]], [[7, [7, 5]]], [[8, [8, 17, 15, 14, 21]]], [[6, [6, 20]]], [[25, [25, 30]]], [[27, [27]]], [[12, [12, 9]]]]]",,None,2.230769,6.307692,,,311.995,OK
test_data\data_demand_random\30\C201_3.dat,8,120,2,4,701.0788655293195,"[[[[0, [1]], [26, [26, 13]], [23, [23]], [13, []], [3, [3]], [1, []], [18, [18, 29, 22]], [29, []], [28, [28]], [6, [6, 24]], [22, []], [24, []], [25, [25, 30]], [30, []], [27, [27]]], [[0, []], [5, [5, 2, 11]], [2, []], [19, [19]], [11, []], [10, [10]], [4, [4, 16]], [7, [7]], [8, [8, 17, 15, 14, 21]], [17, []], [15, []], [16, []], [14, []], [12, [12, 9, 20]], [9, []], [21, []], [20, []]]], [[[26, [26, 13]]], [[23, [23]]], [[5, [5, 2, 11]]], [[3, [3]]], [[19, [19]]], [[10, [10]]], [[18, [18, 29, 22]]], [[4, [4, 16]]], [[7, [7]]], [[28, [28]]], [[8, [8, 17, 15, 14, 21]]], [[6, [6, 24]]], [[25, [25, 30]]], [[27, [27]]], [[12, [12, 9, 20]]]]]",,None,1.933333,5.466667,,,335.746,OK
test_data\data_demand_random\30\C201_3.dat,8,120,2,5,678.298221281347,"[[[[0, []], [13, [13]], [2, [2]], [4, [4, 3]], [3, []], [5, [5]], [7, [7, 16]], [10, [10, 14, 12, 18, 25, 9, 17, 15]], [18, []], [17, []], [15, []], [14, []], [16, []], [12, []], [25, []], [9, []]], [[0, []], [26, [26, 11, 1]], [23, [23, 29]], [11, []], [1, []], [19, [19, 22]], [28, [28, 24]], [6, [6, 8, 21]], [8, []], [21, []], [22, []], [27, [27, 30]], [30, []], [29, []], [24, []], [20, [20]]]], [[[26, [1]]], [[13, [13]]], [[26, [26, 11]]], [[2, [2]]], [[23, [23, 29]]], [[4, [4, 3]]], [[5, [5]]], [[19, [19, 22]]], [[28, [28, 24]]], [[7, [7, 16]]], [[10, [12, 25, 9, 17, 15]]], [[10, [10, 14, 18]]], [[6, [6, 8, 21]]], [[27, [27, 30]]], [[20, [20]]]]]",704.352626830295,"[[[[0, []], [13, [13, 16, 26]], [16, []], [26, []], [3, [3, 22]], [7, [7, 24]], [5, [5]], [10, [10, 29]], [22, []], [24, []], [27, [27, 30]], [29, []], [30, []], [25, [25, 8]], [8, []]], [[0, []], [1, [1]], [2, [2, 23]], [11, [11, 19]], [4, [4, 9, 28, 6, 18]], [9, []], [28, []], [6, []], [23, []], [18, []], [17, [17, 15, 14, 20, 21]], [19, []], [15, []], [14, []], [12, [12]], [21, []], [20, []]]], [[[13, [13, 16, 26]]], [[1, [1]]], [[2, [2, 23]]], [[11, [11, 19]]], [[3, [3, 22]]], [[4, [9, 28, 6, 18]]], [[4, [4]]], [[7, [7, 24]]], [[5, [5]]], [[10, [10, 29]]], [[17, [17, 15, 14, 20, 21]]], [[12, [12]], [27, [27, 30]]], [[25, [25, 8]]]]]",2.0,5.733333,2.307692,6.615385,299.002,OK
test_data\data_demand_random\30\C201_3.dat,8,120,3,1,701.0788655293195,"[[[[0, []], [11, [11, 13, 2, 1]], [13, []], [1, []], [4, [4, 3]], [3, []], [7, [7, 5]], [2, []], [5, []], [21, [21, 22, 24]], [22, []], [20, [20, 6]], [24, []], [6, []], [27, [27, 30]], [30, []], [25, [25, 10]], [10, []]], [[0, []], [19, [19, 29]], [29, []], [16, [16, 23]], [23, []], [26, [26]], [28, [28, 18, 15, 14]], [18, []], [17, [17]], [15, []], [14, []], [12, [12, 9, 8]], [9, []], [8, []]]], [[[11, [1]]], [[11, [11, 13, 2]]], [[4, [4, 3]]], [[19, [19, 29]]], [[16, [16, 23]]], [[26, [26]]], [[7, [7, 5]]], [[28, [28, 18, 15, 14]]], [[21, [21, 22, 24]]], [[20, [20, 6]], [17, [17]]], [[12, [12, 9, 8]]], [[27, [27, 30]]], [[25, [25, 10]]]]]",701.0788655293195,"[[[[0, []], [11, [11, 13, 2, 1]], [13, []], [1, []], [4, [4, 3]], [3, []], [7, [7, 5]], [2, []], [5, []], [21, [21, 22, 24]], [22, []], [20, [20, 6]], [24, []], [6, []], [27, [27, 30]], [30, []], [25, [25, 10]], [10, []]], [[0, []], [19, [19, 29]], [29, []], [16, [16, 23]], [23, []], [26, [26]], [28, [28, 18, 15, 14]], [18, []], [17, [17]], [15, []], [14, []], [12, [12, 9, 8]], [9, []], [8, []]]], [[[11, [1]]], [[11, [11, 13, 2]]], [[4, [4, 3]]], [[19, [19, 29]]], [[16, [16, 23]]], [[26, [26]]], [[7, [7, 5]]], [[28, [28, 18, 15, 14]]], [[21, [21, 22, 24]]], [[20, [20, 6]], [17, [17]]], [[12, [12, 9, 8]]], [[27, [27, 30]]], [[25, [25, 10]]]]]",2.307692,6.615385,2.307692,6.615385,418.266,OK
test_data\data_demand_random\30\C201_3.dat,8,120,3,2,701.0788655293195,"[[[[0, [11]], [23, [23, 29]], [5, [5, 10]], [2, [2, 22]], [10, []], [11, []], [28, [28, 24]], [24, []], [29, []], [6, [6, 21, 20]], [20, []], [21, []], [22, []], [27, [27, 30]], [25, [25]], [30, []]], [[0, []], [13, [13, 16, 26, 1]], [16, []], [26, []], [3, [3]], [1, []], [7, [7, 4]], [4, []], [14, [14, 15, 18]], [15, []], [17, [17, 19]], [18, []], [19, []], [12, [12, 9, 8]], [9, []], [8, []]]], [[[13, [1]]], [[23, [23, 29]]], [[13, [13, 16, 26]]], [[3, [3]]], [[5, [5, 10]]], [[2, [2, 22]]], [[7, [7, 4]]], [[14, [14, 15, 18]]], [[28, [28, 24]]], [[6, [6, 21, 20]]], [[17, [17, 19]]], [[27, [27, 30]]], [[12, [12, 9, 8]]], [[25, [25]]]]]",,None,2.071429,5.928571,,,495.147,OK
test_data\data_demand_random\30\C201_3.dat,8,120,3,3,693.0831891575846,"[[[[0, [1]], [4, [4, 16]], [1, []], [11, [11, 12, 7, 3, 14]], [10, [10, 5]], [5, []], [7, []], [3, []], [16, []], [14, []], [17, [17, 15]], [15, []], [12, [9, 8]], [9, []], [8, []]], [[0, []], [26, [26, 13]], [2, [2, 19, 29]], [13, []], [19, []], [18, [18, 23]], [23, []], [28, [28, 22, 24]], [29, []], [6, [6, 20, 21]], [24, []], [20, []], [21, []], [22, []], [25, [25, 30]], [30, []], [27, [27]]]], [[[26, [26, 13]]], [[2, [29]]], [[4, [4, 16]]], [[2, [2, 19]]], [[11, [12, 7, 14]]], [[11, [11, 3]]], [[10, [10, 5]]], [[18, [18, 23]]], [[28, [28, 22, 24]]], [[6, [6, 20, 21]]], [[17, [17, 15]]], [[12, [9, 8]]], [[25, [25, 30]]], [[27, [27]]]]]",719.05551275464,"[[[[0, []], [26, [26]], [11, [11, 19, 2, 13]], [2, []], [13, []], [19, []], [18, [18, 23]], [23, []], [28, [28, 29, 22]], [29, []], [6, [6, 24]], [24, []], [20, [20, 21]], [21, []], [22, []], [25, [25, 30]], [30, []], [27, [27]]], [[0, [1]], [5, [5, 10]], [10, []], [4, [4, 3]], [1, []], [7, [7, 16]], [3, []], [16, []], [14, [14, 15, 8]], [17, [17]], [15, [12, 9]], [12, []], [9, []], [8, []]]], [[[5, [5, 10]]], [[26, [26]]], [[11, [2, 13]]], [[11, [11, 19]]], [[4, [4, 3]]], [[18, [18, 23]]], [[7, [7, 16]]], [[14, [14, 15, 8]]], [[28, [28, 29, 22]]], [[6, [6, 24]]], [[20, [20, 21]], [17, [17]]], [[15, [12, 9]]], [[25, [25, 30]]], [[27, [27]]]]]",2.071429,5.857143,2.071429,5.857143,598.987,OK
test_data\data_demand_random\30\C201_3.dat,8,120,3,4,701.0788655293195,"[[[[0, []], [16, [16, 23]], [23, []], [26, [26, 29]], [18, [18, 24, 22]], [19, [19]], [28, [28]], [6, [6, 20]], [29, []], [24, []], [20, []], [21, [21, 27, 30]], [27, []], [25, [25]], [30, []], [22, []]], [[0, [1]], [2, [2, 5, 11]], [5, []], [11, []], [10, [10, 4, 13]], [1, []], [4, []], [3, [3]], [7, [7]], [17, [17, 15, 14, 8]], [13, []], [15, []], [14, []], [12, [12, 9]], [9, []], [8, []]]], [[[16, [16, 23]]], [[26, [26, 29]]], [[2, [2, 5, 11]]], [[10, [10, 4, 13]]], [[3, [3]]], [[18, [18, 24, 22]]], [[19, [19]]], [[7, [7]]], [[28, [28]]], [[6, [6, 20]]], [[17, [17, 15, 14, 8]]], [[21, [21, 27, 30]]], [[25, [25]]], [[12, [12, 9]]]]]",,None,2.071429,5.857143,,,461.553,OK
test_data\data_demand_random\30\C201_3.dat,8,120,3,5,680.0831891575846,"[[[[0, [1]], [23, [23, 13]], [2, [2, 3]], [3, []], [4, [4, 5]], [10, [10]], [11, [11]], [5, []], [7, [7, 15]], [1, []], [15, []], [13, [27]], [25, [25, 24]], [27, []], [24, []]], [[0, []], [26, [26, 16]], [29, [29, 17, 12, 9, 30, 28, 14]], [30, []], [28, []], [17, [19]], [12, []], [9, []], [18, [18]], [19, []], [16, []], [14, []], [8, [8, 21, 6]], [21, []], [6, []], [22, [22]], [20, [20]]]], [[[26, [26, 16]]], [[23, [23, 13]]], [[2, [2, 3]]], [[29, [17, 12, 9, 30, 28, 14]]], [[29, [29]]], [[4, [4, 5]]], [[17, [19]]], [[10, [10]]], [[11, [11]]], [[18, [18]]], [[7, [7, 15]]], [[8, [8, 21, 6]]], [[13, [27]]], [[25, [25, 24]]], [[22, [22]]], [[20, [20]]]]]",707.8509121897596,"[[[[0, []], [26, [26]], [23, [23, 5, 11]], [11, []], [5, []], [28, [28, 24, 22]], [22, []], [20, [20, 29]], [29, []], [6, [6, 21]], [30, [30, 27]], [25, [25]], [27, []], [24, []], [21, []]], [[0, [1]], [1, []], [13, [13, 9, 15, 8, 17, 14, 16]], [17, []], [16, []], [19, [19]], [15, [2, 10]], [9, [4, 3]], [2, []], [3, []], [7, [7, 18]], [4, []], [8, []], [18, []], [14, []], [12, [12]], [10, []]]], [[[26, [26]]], [[23, [11]]], [[23, [23, 5]]], [[13, [9, 15, 8, 17, 14]]], [[13, [13, 16]]], [[19, [19]]], [[15, [2, 10]]], [[9, [4, 3]]], [[28, [28, 24, 22]]], [[7, [7, 18]]], [[20, [20, 29]]], [[6, [6, 21]]], [[30, [30, 27]], [12, [12]]], [[25, [25]]]]]",1.8125,5.125,2.071429,5.857143,584.108,OK
